total_movement,avg_speed,n_events,mean_dt,idle_ratio,turn_angle_mean,speed_std,speed_max,dist_std,efficiency_sub,turn_angle_std,vh_ratio,dir_change_rate,xy_corr,accel_cv,step_autocorr,userId,gameId,is_bot,bot_type
9919.180586119142,0.054997745731811605,11276,15.962504728862294,0.7961156438453352,0.2869540756649918,0.13182723587965992,1.9082298626719851,2.168999749295278,0.769613457705907,0.6351363905340645,1.1977388981416948,0.08194395175594182,0.00462606354291819,3.0837764314842264,0.8464964716940843,-1,csgo_stitch_0,1,stitch
11373.532204196114,0.06298794696148374,11292,15.939845659949437,0.7877258235919234,0.28577625096620296,0.1566258051091468,1.9578577348066484,2.5663648302457647,0.7231938644982461,0.6163294706275076,1.2997383136323764,0.07518597236981935,0.04573913852228511,3.2973318852061126,0.8252197224477313,-1,csgo_stitch_1,1,stitch
9383.8498652803,0.05528326766556826,10576,17.01920766528469,0.813161875945537,0.27793769411840885,0.14974908501983777,2.3199642415289476,2.449548169762049,0.7481405863016988,0.6249859970087089,1.0983655994747028,0.0680786686838124,0.0557403395197931,3.709838664186972,0.7767314219495933,-1,csgo_stitch_2,1,stitch
9879.36159336814,0.05579618790136917,10984,16.386180673713834,0.8136380189366351,0.2786180268823781,0.1464205207054399,1.9299942679915354,2.4298614671585392,0.7180352991884303,0.630162745745124,1.4772861301575462,0.07164967225054625,0.0043177341274457355,3.4514456728577656,0.7650927758696009,-1,csgo_stitch_3,1,stitch
8852.951406870226,0.0497321325662619,11090,16.23017724387014,0.8339044183949504,0.2460594182852797,0.144409829750868,1.8867623130680042,2.373388276812652,0.7456061274610878,0.5915693581634512,1.046910668805349,0.06519386834986474,-0.02843692479429501,3.6756922087663773,0.8095073508977526,-1,csgo_stitch_4,1,stitch
8125.633223730554,0.04831141861732542,10460,17.207282697388543,0.8191204588910134,0.2613800431891958,0.12434759197834254,1.838832106224979,2.0817532890709285,0.6935846856256234,0.5896535356174467,1.6532331920759038,0.07208413001912047,0.005049176677752785,3.8342601732148665,0.7752175301570059,-1,csgo_stitch_5,1,stitch
9104.818786253561,0.05377037604568407,10467,17.196958607079445,0.820674500812076,0.2852020166573926,0.14921468437285307,1.9964863991699067,2.4896993200255193,0.7366394818587391,0.6287892314245905,1.4706942898329116,0.06687685105569886,0.02397573344214224,3.6150454103354996,0.7767631744684815,-1,csgo_stitch_6,1,stitch
7592.014631545712,0.045190943671304905,10569,17.030543754982624,0.8403822499763459,0.27521264451441435,0.12721879297278196,1.9389807206100422,2.0517652634251866,0.7256169346913404,0.6146898592412139,1.7392602875277567,0.06935377046078153,-0.037242594370688824,3.9914668633271204,0.7719818990860301,-1,csgo_stitch_7,1,stitch
8471.903050035524,0.04976993938533578,10475,17.183022817395216,0.834653937947494,0.2883337287404065,0.1376421861958213,1.907811942856042,2.327125899605359,0.7513129436259053,0.634584815630709,1.4464212550289273,0.07589498806682578,0.012833320453761293,3.737214246034227,0.7489020413847557,-1,csgo_stitch_8,1,stitch
9354.649309394546,0.053547189071238434,10960,16.422740593448996,0.8130474452554745,0.2512884082096346,0.14765657050685907,1.9137360747677492,2.3944918888494873,0.739032055334222,0.6050059072204749,1.181886868203277,0.06368613138686131,0.011401133425960351,3.65681406520304,0.7944026393769786,-1,csgo_stitch_9,1,stitch
10428.158937281498,0.06012306756552095,10782,16.693304694471045,0.7955852346503431,0.2773164481421145,0.15119262501533323,1.9418601526200776,2.5040382361060343,0.7099130514870963,0.6250824547819699,1.2629980582447469,0.08013355592654424,-0.060036534225916774,3.594330075029794,0.7542635811603251,-1,csgo_stitch_10,1,stitch
7819.755568407668,0.046716421455108445,10493,17.153860755556412,0.8333174497283904,0.24590881518590293,0.1285885560511328,1.931911610265026,2.091599794598809,0.7801930015378069,0.5933025596591136,1.4135796780554002,0.06490040979700754,-0.026746315799277907,3.5465684205296233,0.8310656922030795,-1,csgo_stitch_11,1,stitch
9832.726372444526,0.061447762659124314,9925,18.1347738352719,0.794256926952141,0.2791796508717078,0.15897072293225056,2.016484138110085,2.623366195136495,0.7428017605742732,0.6316745935330806,1.2230506533549765,0.07244332493702771,-0.01099178590459419,3.5268461013278314,0.8015154742496823,-1,csgo_stitch_12,1,stitch
11320.866755863706,0.06428244904317124,10975,16.400602173637015,0.7845102505694761,0.2811193343737863,0.16077392773336416,2.464592743164219,2.6387019281113298,0.7167990277595937,0.6190785529483722,1.453356517010356,0.07252847380410023,0.015136487527163943,3.36941813183891,0.7893849197952505,-1,csgo_stitch_13,1,stitch
10142.894247260203,0.05711880459920641,10995,16.370742825947133,0.8218281036834925,0.26977573500628543,0.16013543382403922,2.04296050625193,2.648448396870071,0.7259849705592477,0.6203514970439888,1.0062145470211876,0.06721236925875398,-0.05585344526681164,3.5520662928021505,0.7878584583901083,-1,csgo_stitch_14,1,stitch
9937.492554262928,0.057249728760803247,10797,16.6706778601632,0.8087431693989071,0.2609130047121203,0.151571742840287,1.937336731388484,2.5043158688058598,0.7383687872521902,0.6041727471261323,0.9895052260343339,0.06937112160785404,-0.0257570329010276,3.6027022310978105,0.7669924601224607,-1,csgo_stitch_15,1,stitch
9349.509866113169,0.05189924540864373,11183,16.095881243057665,0.8412769382097827,0.2601714476116258,0.15320579552390046,1.941215232853765,2.5133387620258705,0.7225100204300225,0.6082082925997401,1.253828308300367,0.06652955378699812,0.00669896072437919,3.754505124437524,0.7903495904895086,-1,csgo_stitch_16,1,stitch
8532.102856945618,0.04809244436247517,11027,16.322433060250507,0.8410265711435567,0.26756967715673385,0.14214503990754593,1.8741227208255506,2.359558081579007,0.758480705609786,0.6458975037896975,1.145162804252724,0.05568150902330643,0.07788195019192933,3.829921803959577,0.7708628147631758,-1,csgo_stitch_17,1,stitch
8798.109424125287,0.04969551386486256,11126,16.177032029812434,0.8213194319611721,0.2861785674615451,0.13639700708504712,1.959875662721613,2.2180545186897476,0.7204637720514633,0.6616748271858376,1.0990373556808095,0.07289232428545749,0.04695203552844277,3.860685153624968,0.7518088206517741,-1,csgo_stitch_18,1,stitch
8032.125287266411,0.04545096067136061,10986,16.384387727955424,0.8304205352266522,0.26188326363803266,0.1264611956418453,1.967832260939252,2.106277680359249,0.7707564606184547,0.6028999438923088,1.5073797583405681,0.07928272346622975,0.04477968006185873,3.9740392729166825,0.7167588581259055,-1,csgo_stitch_19,1,stitch
9466.106325758738,0.05237144667314123,11349,15.859387253770798,0.8144329896907216,0.27568556131628424,0.13693357376280604,1.8731695248194526,2.214978522043193,0.7264355143585961,0.6135317183232603,1.2267586791729563,0.07974270860868798,-0.011656849519729652,3.3973652183361107,0.8342349675785724,-1,csgo_stitch_20,1,stitch
8794.295892769353,0.04926798175211084,11195,16.078137928379196,0.8323358642251005,0.2806097031278737,0.13526762689868932,1.818553141661926,2.209533848301213,0.7335702519635504,0.6257900309916437,1.2983236387504575,0.07056721750781599,-0.01849395408153072,3.511623410960828,0.83218123002191,-1,csgo_stitch_21,1,stitch
8770.151161290727,0.05023410287937132,10822,16.631587491096294,0.8131583810755868,0.28400583690092607,0.13263126326303482,2.034061619903404,2.227542355943667,0.7364558526623691,0.6396355030130736,1.5121476982466047,0.0766032156717797,-0.028286402565103265,3.4551502042237416,0.7352960139991351,-1,csgo_stitch_22,1,stitch
8681.361387460236,0.05036792464216208,10771,16.710895582684525,0.8284281867978832,0.26108048780443405,0.1329122061830287,1.8864679265540794,2.184934504217568,0.7463600972518577,0.6141935964661372,1.5149623454164005,0.06861015690279454,0.012460146895508393,3.657945923025301,0.7797138083441599,-1,csgo_stitch_23,1,stitch
7875.966806694005,0.04611314904633876,10697,16.72311410854668,0.8336916892586707,0.26938745634621336,0.13046566997278095,1.8396335138738864,2.136081477667362,0.7681455014744427,0.6063073031071652,1.0612735957728756,0.06973917920912405,0.02141009273293358,3.565524690964314,0.8240166381451104,-1,csgo_stitch_24,1,stitch
9246.849189685065,0.05136815046849488,11150,16.142445309716614,0.8248430493273543,0.2703839157995537,0.14267006894791553,2.011796865129593,2.3743365234774734,0.7237497809397851,0.6073199336002216,1.1990350094162645,0.06977578475336323,-0.024786932094118124,3.6622156164723423,0.8020775692292306,-1,csgo_stitch_25,1,stitch
11209.488231116162,0.061679820822620406,11375,15.824156943162818,0.7993846153846154,0.28067320342663316,0.1555201895387852,1.8119937689079662,2.532474687446377,0.761361065199926,0.6293862707249435,0.9297812044073313,0.06698901098901099,-0.005955640086441795,3.313544064303052,0.8085508094906724,-1,csgo_stitch_26,1,stitch
8863.066237078365,0.05192725004709521,10557,17.0499920988247,0.8363171355498721,0.2816057283730177,0.1519794361920585,1.9660786193092687,2.530632637742102,0.7048853263813072,0.6294188075111458,1.1122184603486476,0.06801174576110637,0.038326576134384935,3.6480849737609056,0.8048179266334303,-1,csgo_stitch_27,1,stitch
10598.973028054028,0.06266165962103976,10468,17.19480732633872,0.7990064959877723,0.2807550567161206,0.1639109422700922,2.464592743164219,2.7205438236328603,0.6919084341477288,0.6199014279458416,1.1488749277586863,0.07202904088651127,0.01954605709627497,3.514831268001516,0.7565323588461779,-1,csgo_stitch_28,1,stitch
10438.445353379746,0.06276293327686101,10388,17.327132813315718,0.7740662302656912,0.25903356256432036,0.15339599745361976,1.9125229642862,2.511937033918755,0.771167540463806,0.6011104611613696,1.3208292400029953,0.07017712745475549,0.03430128537204113,3.139447120508365,0.8287281242207207,-1,csgo_stitch_29,1,stitch
7296.749546435082,0.04185623916245011,10856,16.580063055049134,0.8519712601326456,0.24352157780045525,0.12581771401760863,1.9084592901393969,2.086524482781868,0.7552825109949266,0.597910644943171,1.1864072699883677,0.06319086219602063,-0.04380476552267925,3.6459958539887403,0.8252081114486516,-1,csgo_stitch_30,1,stitch
9540.193779185276,0.05291369135930477,11277,15.960738081130735,0.8234459519375721,0.2730177782520741,0.13990126294839034,1.9660786193092687,2.295682617303559,0.7355302195744154,0.6189519214016488,1.3161746915387085,0.07165026159439568,-0.04929754310728825,3.6813347113151833,0.7948736773606251,-1,csgo_stitch_31,1,stitch
9717.715849394346,0.0544240955552786,11198,16.073201054314083,0.8084479371316307,0.2413845563208315,0.14504994016070977,1.8830905178697848,2.338937391348912,0.7122595440642752,0.5811196343826412,1.223315290670585,0.07349526701196642,0.0604377027181997,3.5359173862474824,0.8189216857114905,-1,csgo_stitch_32,1,stitch
9410.109094435327,0.05290043268625776,10945,16.44463992102375,0.8241206030150754,0.2685877603503594,0.14378432747789843,2.4045881402759646,2.4426334208869993,0.7654103907651267,0.622180925870972,1.0435281415481552,0.0706258565555048,-0.020017140066181122,3.692307319779245,0.8023139113735791,-1,csgo_stitch_33,1,stitch
9833.885615544745,0.05751145698479585,10572,17.025508931138702,0.7964434354899735,0.27162847244818555,0.14686497253586178,1.8215569713211597,2.46501181599604,0.7174020687280396,0.6119567832739217,1.1293604567545272,0.07169882709042755,-0.03037667532484046,3.381742468346405,0.767060024393718,-1,csgo_stitch_34,1,stitch
8720.600847986343,0.04731227801425624,11474,15.68656049928187,0.8474812619836152,0.26614425197591546,0.1398179296226356,1.9699840980853707,2.3013224505664023,0.6953167675769741,0.6261241337117869,1.2004988774899967,0.0625762593690082,0.040291002901057756,3.8956311262718835,0.7906032989253835,-1,csgo_stitch_35,1,stitch
7917.141541484603,0.04794508312719365,10343,17.403210632902613,0.8254858358309968,0.26329709831648623,0.13286843612734,1.8117234719212856,2.1662434841631133,0.7099005765818235,0.6096879804453872,0.9938530667340727,0.06883882819298076,-0.031163874032290824,3.621715423264052,0.788922743017942,-1,csgo_stitch_36,1,stitch
7432.231668021042,0.042943850367633575,10774,16.706545044924532,0.8490811212177465,0.27335594480703557,0.12273481672696604,1.913227563774479,2.024163312506109,0.7364212840354363,0.6203343930741977,1.2852660793049615,0.06599220345275664,0.03194762675976705,3.7474504907052535,0.7953299513055891,-1,csgo_stitch_37,1,stitch
9750.017297169321,0.060831234409436545,9975,18.045268091350756,0.7796491228070176,0.2868007479636728,0.14829568254805006,1.919142036946787,2.4482927340967264,0.7248875394408448,0.628601819354361,1.3335906836681617,0.07979949874686716,0.03602740580339641,3.3811963571824872,0.7920023357185899,-1,csgo_stitch_38,1,stitch
9996.432943041487,0.056593133046574186,10998,16.36586218804944,0.7908710674668121,0.28661015585570826,0.1384986607411608,1.910110776271172,2.298011861875123,0.7750731669362773,0.6486821061561735,1.1474395095151884,0.06746681214766322,0.004527797866534033,3.105096073865263,0.8437408991359694,-1,csgo_stitch_39,1,stitch
7826.761347665364,0.04596125694274525,10526,17.09922860838107,0.8423902717081513,0.2662180889405483,0.13391110286985583,2.039541939524812,2.244263607302207,0.7706290835249524,0.6074991095656128,1.5981708583696819,0.0703971119133574,-0.012899089115466745,3.6443468173232483,0.7522563803640616,-1,csgo_stitch_40,1,stitch
8499.742474556822,0.05192028399902536,10219,17.614406281162175,0.8129954007241413,0.25911848382858044,0.14093779682312385,2.4846660082059446,2.313229431308146,0.7529384171082287,0.6119330801227835,1.0464416270862025,0.06830413934827283,0.010739923834427284,3.436864785672092,0.7943878367975423,-1,csgo_stitch_41,1,stitch
7159.65787277015,0.043303045641102225,10381,17.338865398577937,0.8366246026394374,0.25849984183079194,0.11178615829670525,1.3639475830410752,1.8488529426597737,0.7456841393732111,0.5890676456385125,1.6253467733892033,0.07138040651189674,0.06176135549803068,3.212100368128137,0.8343253707196434,-1,csgo_stitch_42,1,stitch
8596.980486510714,0.048602980297779555,11001,16.361598385883465,0.8319243705117717,0.26299947924419426,0.13665663279592163,1.7745220318328623,2.2717681629133604,0.7315281195889941,0.6217085020118206,1.373522742834828,0.0680847195709481,-0.021632015646774767,3.7933441810426607,0.7776179757407503,-1,csgo_stitch_43,1,stitch
8473.599565170338,0.04758482008810753,11135,16.16493105417441,0.827031881454872,0.2662862637641793,0.1326526442881217,1.88681655206024,2.1830854646030553,0.7548543244449462,0.6210032929979931,1.3394542206580202,0.06699595868881904,-0.01819918859979399,3.5637110584505547,0.7901686893905424,-1,csgo_stitch_44,1,stitch
8717.443187153585,0.04966100954970779,11011,16.34602766344057,0.8319861956225593,0.2765129530299728,0.13511247104049967,1.8924791963166943,2.1848244608432332,0.7391549559360504,0.6356753254062667,1.4135280088797362,0.06793206793206794,-0.03786491709423989,3.654330032278573,0.7900943420547624,-1,csgo_stitch_45,1,stitch
9331.536720864791,0.05533574391720396,10499,16.854222780480995,0.798361748737975,0.2837235750606729,0.1352865775128043,1.8166781567939991,2.2331897528101767,0.7484145618592506,0.6271573246661758,1.2267758453361108,0.06876845413848938,0.010027565435757729,3.2929684239601116,0.844483116005344,-1,csgo_stitch_46,1,stitch
11110.448751075468,0.0643905473249658,10796,16.67225909682712,0.7915894775842904,0.2784156812101612,0.1624279574099293,1.931911610265026,2.659835957620805,0.7151400736031829,0.6341275571029406,1.2831112364743822,0.0731752500926269,-0.05815006524724296,3.5395576377434654,0.7788910006535938,-1,csgo_stitch_47,1,stitch
8708.930503169058,0.04966025850415067,10995,16.37064012120053,0.8265575261482492,0.28498231721847356,0.12967917379254013,1.8572442449231696,2.1289662338850808,0.7322424547298774,0.6169373687381269,1.5183640326723915,0.08512960436562074,-0.013898710749581739,3.6788686516467433,0.7915329976969236,-1,csgo_stitch_48,1,stitch
10765.540045542992,0.061889736275515375,10774,16.706200628250524,0.7924633376647485,0.27373587021146567,0.15551032517654098,1.905023204285143,2.5910378212621334,0.7405023881262974,0.6046956360415859,1.6638896802206957,0.07369593465750882,0.019274250042126302,3.325720823119077,0.7945332840516443,-1,csgo_stitch_49,1,stitch
8684.263314694766,0.0501758343987919,10746,16.74921288191805,0.8203982877349711,0.28999483062232106,0.13241327410782838,1.9418601526200776,2.2068387296083722,0.7133316644208747,0.6449378662135138,1.4376257996880641,0.07211985855201936,0.027858684544058206,3.8336137840404088,0.7193905364221471,-1,csgo_stitch_50,1,stitch
7951.573577365028,0.04524915724647096,10905,16.505443995763255,0.844566712517194,0.2614666465876462,0.13002944198117417,1.8861342101330523,2.16228557024725,0.7422263917931808,0.6024005468710892,1.2980199492060953,0.07308574048601559,0.016721636265625284,4.039479556473832,0.7697136208737573,-1,csgo_stitch_51,1,stitch
9295.369278698196,0.05240910080810991,11118,16.18984857435417,0.8179528692210829,0.24869298475228474,0.13899605244567692,1.8496584057195358,2.2765511739332918,0.7373040565322843,0.5831855212463508,1.3958990644056688,0.0702464472027343,0.016564272423105594,3.515222407143169,0.8273355298300268,-1,csgo_stitch_52,1,stitch
10135.463493453564,0.05825911730866964,10863,16.568744722890102,0.7998711221577833,0.27398947986648375,0.1506629499101219,1.9010670136429442,2.455713497358918,0.7161555917153216,0.6110135248308411,1.2734566945795653,0.08091687379177023,0.0057007277132486555,3.6094477957327116,0.8066800985495362,-1,csgo_stitch_53,1,stitch
8978.730531149611,0.049387438353472285,11272,15.967418790989422,0.8284244144783535,0.2880998692962426,0.13599984132342308,1.829476518256958,2.2844696160211413,0.7587026909350998,0.6474890634766285,1.4200084354047333,0.07336763662171752,-0.023908216577823972,3.5785463046834556,0.7902335912683547,-1,csgo_stitch_54,1,stitch
11084.389748792182,0.060966794969513925,11389,15.804190262584727,0.7953288260602336,0.2624604112702011,0.15446203428100572,1.848051365341118,2.521836126797548,0.7553486432328406,0.6007804405270256,1.133073709011135,0.07033102116076917,-0.02016130364307364,3.322838094099193,0.85303232251971,-1,csgo_stitch_55,1,stitch
7110.392158622502,0.041995197864341395,10575,17.019977342254048,0.8471867612293145,0.22397675357490057,0.12471145024580664,1.9065917722877903,2.043653405163629,0.7869234280471268,0.5693331351341507,1.3107059830103267,0.0616548463356974,0.022344073518952807,3.819146223970105,0.8305760965026694,-1,csgo_stitch_56,1,stitch
8195.37804060321,0.04769555349039379,10712,16.802271034075755,0.8445668409260643,0.2578258663868687,0.13938827368422546,1.9032523316397956,2.277292895210332,0.7274012782043772,0.6018467918710577,1.3210316367814283,0.06796116504854369,0.043643175531131166,3.918806996203281,0.7947981680595382,-1,csgo_stitch_57,1,stitch
10405.225189587549,0.06054693943611523,10705,16.813818690420128,0.7947687996263428,0.2921125284025786,0.1554668508230018,1.880668999892413,2.5370645608329543,0.7297555853845086,0.6453764077716388,1.1456962474366363,0.07314339093881364,0.01590258910800639,3.693488089820333,0.7638329292190237,-1,csgo_stitch_58,1,stitch
7834.335923468454,0.04341452783797697,11145,16.15017872849551,0.853835800807537,0.29365752964260433,0.12720025182169212,1.9583730378020672,2.1414698532684744,0.7572766601896109,0.6532845590034596,1.1374684076254187,0.06496186630776132,0.032261927911825534,3.7005793148944353,0.7880642457930032,-1,csgo_stitch_59,1,stitch
10326.818570360083,0.05949238696064372,10786,16.687019722271824,0.8083626923790098,0.3003309724938616,0.16224893904928056,1.9332662883181861,2.6753088976638075,0.7287562533266133,0.6466398740374365,1.350264424369852,0.0769516039310217,0.052817952003290855,3.503560066983589,0.7625357023845472,-1,csgo_stitch_60,1,stitch
8069.800774874338,0.04490979811084561,11090,16.229791915191452,0.8345356176735798,0.24886661936533908,0.12517998210842268,1.915885194047015,2.120851818453492,0.7506394453686399,0.5884722723881787,1.5346161634693234,0.06465284039675383,0.06320248068421219,3.6947425167818584,0.7615309521424072,-1,csgo_stitch_61,1,stitch
9736.8860986842,0.05613333841476385,10907,16.50313715258885,0.8115888878701751,0.29256127709013574,0.14729849816837393,1.9173549095105058,2.3758049541223842,0.7288768508901796,0.6568514671332772,1.0616539724088654,0.08279086824974786,-0.018703284850755633,3.430257150168461,0.8195852872576793,-1,csgo_stitch_62,1,stitch
8302.856614908,0.047746246703557677,10802,16.662371239446777,0.8247546750601741,0.2815551449224351,0.12663356248157176,1.9098171831086455,2.1243360209434115,0.7574412505521948,0.6534748958617727,1.181167807789822,0.06609887057952231,0.012703562342957029,3.517479131002163,0.8005354571042279,-1,csgo_stitch_63,1,stitch
8787.061100323874,0.05070374348754067,10681,16.85118835457789,0.8332553131729239,0.2762297814094642,0.14543264220690091,1.915314838752355,2.4264132170097445,0.729028928341493,0.6225462739341857,1.0910220977215146,0.06600505570639453,-0.05494871678785165,3.6803081798068717,0.7387711711802809,-1,csgo_stitch_64,1,stitch
9051.751919437185,0.04956011471566657,11304,15.922907745492974,0.8314755838641189,0.2883845588448458,0.1372645314680491,1.9572612390001067,2.3056515401612603,0.7131290025585524,0.6371306209288616,1.2689554222859734,0.07218683651804671,-0.06416198080007354,3.9449972303972776,0.7415213094269741,-1,csgo_stitch_65,1,stitch
10265.040002287275,0.05900620024948521,10894,16.52162717684313,0.7852946576096934,0.2896602671886301,0.14003113709379483,1.8744199111902378,2.3069695112068893,0.7653582561582248,0.6260560789166327,1.2710017852061146,0.07490361666972646,0.035747985531551965,3.02832294788252,0.8121833197546677,-1,csgo_stitch_66,1,stitch
9338.293611802608,0.05380671939867493,10885,16.535189800553262,0.8069820854386771,0.2690080932280504,0.1361928246943552,1.8852322191685515,2.2170686173654017,0.73907658765866,0.6262433028401843,1.2342215928361577,0.06862655029857602,0.020825236662213177,3.436055545114412,0.8252489589021126,-1,csgo_stitch_67,1,stitch
7415.977061967848,0.04383484046121329,10518,17.11303040247905,0.8435063700323255,0.2531129277223365,0.12730288494562134,1.770019115145571,2.1141803908627095,0.7372632404004273,0.5932617465695225,1.1839232052053963,0.06636242631679026,0.05287940551896592,3.550976930700629,0.8257112401491193,-1,csgo_stitch_68,1,stitch
8040.6619607725825,0.04403985463661744,11343,15.868308889257928,0.842193423256634,0.2696074071404209,0.12274031436514127,1.794377005892311,2.0448955574761287,0.7506911365407328,0.6071320782094877,1.2838484848104086,0.07714008639689676,0.049177743962775515,3.4983577418703096,0.8345861648449038,-1,csgo_stitch_69,1,stitch
8903.025820692408,0.05023401749281193,11064,16.268237724048664,0.8088394793926247,0.26267488980788356,0.1296389526046198,1.931911610265026,2.1181784197560103,0.7568223276248642,0.6070675422238497,1.3422104166169455,0.06462400578452639,0.04215312350247705,3.5800472117617828,0.7991042160496409,-1,csgo_stitch_70,1,stitch
9823.42530914082,0.05743716826060043,10690,16.83759081721752,0.8090739008419083,0.3328321210125142,0.15435433289337705,1.8803292290577687,2.5140969300481104,0.7333754991775742,0.6879590411098178,1.1907131103630104,0.07605238540692236,0.012644669546946812,3.4489007105779343,0.765469873494995,-1,csgo_stitch_71,1,stitch
7566.982564973984,0.041960034528914794,11286,15.947722203020355,0.8531809321283006,0.24090589627969058,0.12640612698749787,1.8341819808429976,2.0624199473443854,0.735784625182544,0.587439650529732,1.2290349759355543,0.059099769626085416,0.016015476778165998,3.8387746664346856,0.7901996955057504,-1,csgo_stitch_72,1,stitch
9486.700817663357,0.05319495322056852,11125,16.17847771345627,0.8138426966292135,0.280968581365046,0.14105758619720907,2.1555242489186037,2.328941704943976,0.7394058057504329,0.6338717096320075,1.625806950183021,0.06948314606741574,0.022465386615470605,3.438886749471323,0.7909892755094541,-1,csgo_stitch_73,1,stitch
9891.547343149505,0.056804261247548164,10867,16.563256837736024,0.8071224809054937,0.293351046842835,0.14581505059109315,1.9169194730121941,2.3950379991364428,0.7350139227889159,0.6336353613606431,1.3744962905383473,0.07278917824606607,0.01056703469802893,3.516898158038996,0.7879943786149155,-1,csgo_stitch_74,1,stitch
8356.103972303717,0.0462134236792411,11212,16.053641411626128,0.8386550124866214,0.26673253627623644,0.13198484689417114,1.9511704101039435,2.191287626110341,0.7590795883480318,0.6069547500054504,1.5405082890964863,0.06430610060649304,-0.04653466083338661,3.77550655850769,0.7940824573102319,-1,csgo_stitch_75,1,stitch
9567.568774081745,0.056942825318051775,10483,17.16932203240085,0.8130306210054373,0.24982378042908704,0.1523667112768328,1.9192130513525858,2.499798937805029,0.7538656965719847,0.5816565096870016,0.970138073436413,0.07068587236478108,0.009834755201208143,3.416241844325316,0.846956885312711,-1,csgo_stitch_76,1,stitch
9303.411778986509,0.05437432416240756,10572,17.02582569469971,0.815550510783201,0.24490239179637785,0.14315474329640424,1.961741232513669,2.402601690447883,0.72682772447486,0.5870163248103623,1.4065649944782517,0.07169882709042755,0.03133684661347746,3.509282973466096,0.786657210293414,-1,csgo_stitch_77,1,stitch
10123.142345203165,0.05865912227594606,10680,16.85285021251985,0.7945692883895131,0.27481086508398134,0.15237803641334985,1.8837625749700524,2.552247282433628,0.7545873068983143,0.6137798139179304,1.3174177312833664,0.07228464419475655,-0.03544170611480139,3.410052934852098,0.7867425697716914,-1,csgo_stitch_78,1,stitch
8805.817589896804,0.04876000487516078,11179,16.1006509134891,0.8389838089274533,0.27217773865237493,0.13419058474406026,1.838196777290635,2.247514485853093,0.7284252776485266,0.623673930056028,1.456632168752637,0.07487252884873423,-0.05051032740005592,3.8692992061551297,0.7950795066768199,-1,csgo_stitch_79,1,stitch
8905.730479334288,0.05045070369826613,11076,16.250149680176808,0.8332430480317804,0.23929645695414095,0.14448432576178824,1.9153975620133294,2.3431870569528046,0.7691004211555018,0.5994299298773538,1.1932032701149942,0.0552546045503792,-0.03476183032081985,3.86170321830211,0.8224389449681928,-1,csgo_stitch_80,1,stitch
8428.22531169078,0.05353865914303816,9885,18.208218693233157,0.8171977744056651,0.31764841374656133,0.1362458454053422,1.8493826211322704,2.2135608448739266,0.7541840092493715,0.6895036711445044,1.2585593098591839,0.07253414264036419,0.00939887081166544,3.2226369037992715,0.8052676839681784,-1,csgo_stitch_81,1,stitch
9234.421239988033,0.05197938814443169,11052,16.285976037252127,0.8221136445892147,0.26648248664407054,0.14180150570459563,1.8879444859406371,2.3539700303561597,0.7117630361105176,0.6174376136969199,1.0558709863132527,0.061617806731813246,0.01701125788776532,3.495411353685111,0.815806343462071,-1,csgo_stitch_82,1,stitch
8894.04874600645,0.05351249569174609,10393,17.319418030381865,0.807562782642163,0.2575205190816454,0.13998355708917593,1.870215847552732,2.298209449528305,0.7466181570467672,0.608805800122553,1.3465769308382294,0.07052824016164726,0.024581054900858268,3.2877996678736023,0.7909208540727497,-1,csgo_stitch_83,1,stitch
8867.888689635789,0.051397006584793126,10732,16.771307520144774,0.8230525531121878,0.2637186750838941,0.14142873435809694,2.126301860496206,2.346197398310159,0.7376617746544434,0.6109473129148172,1.2307459310912983,0.07668654491241148,0.05737222572425669,3.479217505357025,0.8151033270399797,-1,csgo_stitch_84,1,stitch
8182.623603237385,0.046918921693917696,10724,16.784720296604018,0.8271167474822827,0.2464917864014754,0.13220263700201035,1.9079387042417904,2.2575891248075797,0.7595657818200295,0.5873651361509309,1.363845764302516,0.061823946288698244,-0.041843610908075535,3.859925825752163,0.7332148810506167,-1,csgo_stitch_85,1,stitch
9515.338555936461,0.05447038694460276,10891,16.527287868916915,0.8156275824074924,0.27523046545293317,0.1500692092399207,1.8674041642479193,2.4559184804677723,0.7462786053149143,0.6204590639683151,1.059977776285394,0.06307960701496648,-0.021679999446326655,3.6142751872771712,0.7755953820631982,-1,csgo_stitch_86,1,stitch
11396.474944544321,0.06572932505078963,10705,16.814665197433506,0.7900980850070061,0.286826455600248,0.16302478735533216,2.159883915108064,2.7301895001195513,0.719708788709021,0.6247257810701379,1.340443813784378,0.07753386268099019,0.026425137153915267,3.2049059629393,0.7919397206706682,-1,csgo_stitch_87,1,stitch
10363.582189201843,0.05865691937547736,10954,16.43137090712381,0.7973343071024284,0.2761448316660838,0.1528511178519279,1.8859668094741986,2.5314121966689083,0.7358049304105636,0.616049711474084,1.3603131247194176,0.07513237173635202,0.020800188391921947,3.350716676892021,0.795280019021755,-1,csgo_stitch_88,1,stitch
9581.386593341205,0.05439263506388124,10889,16.525597090746793,0.8103590779685922,0.2782211804690173,0.1472766008446873,2.159883915108064,2.485599253098455,0.7249778516236868,0.6212598457714712,1.202437534809733,0.06759114702911195,0.01564393526714705,3.525850883074665,0.7579528546109715,-1,csgo_stitch_89,1,stitch
9644.00958570356,0.05434699104230624,11028,16.3209686853815,0.8070366340224883,0.26431270205656493,0.13793914091473058,1.8625525799512144,2.306375564777052,0.7347988281008222,0.5966183715088775,1.2338101417450613,0.06465360899528473,0.07647403714505482,3.285963945277284,0.8381004523993241,-1,csgo_stitch_90,1,stitch
9019.936075652193,0.05247112283442083,10813,16.646072028692853,0.8123554980116526,0.28419284402406064,0.13678990847479894,1.9207877642174822,2.231568310107619,0.7424910423061448,0.6330193410433625,1.154306377132464,0.0700083233145288,0.003781527655197154,3.32954915114251,0.8406928890724911,-1,csgo_stitch_91,1,stitch
9696.18605233702,0.05309308818082851,11381,15.814962309038563,0.8175907213777348,0.28098851707416056,0.14057725465976814,1.8901526466187506,2.3209952535199423,0.7434863672941971,0.6349389977021916,1.307357109267933,0.07108338458834901,-0.019940305246111047,3.193514785635355,0.8503279824063045,-1,csgo_stitch_92,1,stitch
8706.24098118311,0.05209368193852297,10321,17.439470793448795,0.8151341924232148,0.23223788071061147,0.13492597984123314,1.9200638453483025,2.2755747247758036,0.7170252665953163,0.5684502608106984,1.3859982414013254,0.0654006394729193,0.025898989180845506,3.5909533477302706,0.8053134482576291,-1,csgo_stitch_93,1,stitch
8350.739635442967,0.0485764872150641,10663,16.87956956229789,0.8265028603582482,0.23936341929643595,0.13627655927684382,1.8260493769187918,2.258466977126648,0.77306438048651,0.5770043281399125,1.2306533817798144,0.056644471537090874,-0.004900616208463345,3.4771369922336803,0.8385740809133145,-1,csgo_stitch_94,1,stitch
9683.633965999012,0.057658217332171975,10497,17.14770995102397,0.7957511670000953,0.2939977150469887,0.1469622655672357,1.7511050252245666,2.41703872151939,0.7477803353332175,0.6494509136864958,1.2103404999475529,0.08783461941507097,0.01545217415753423,3.419873821898151,0.8308915692547824,-1,csgo_stitch_95,1,stitch
10514.623246185216,0.05794637645863272,11390,15.802395647877383,0.8164179104477612,0.27914084933718436,0.15719032002840028,1.9072466259983076,2.524837867519548,0.7493573738606234,0.6145448806681161,1.5610295127859763,0.07848990342405619,0.0031611734356669216,3.698274208002788,0.7661619337416381,-1,csgo_stitch_96,1,stitch
8183.745430575504,0.0460241676621223,11036,16.309120353123948,0.8397970279086625,0.3012944582636219,0.12517217018966997,1.59210004871296,2.0941299779319626,0.7389139973877129,0.6662388932528309,1.1281198872594034,0.07312432040594419,0.028854032269033054,3.35910318031317,0.8100158128732113,-1,csgo_stitch_97,1,stitch
8473.964192783968,0.047882362571862826,11015,16.341239732150683,0.8378574670903314,0.26714670784986944,0.13548885220961715,1.9179483196984544,2.231283055941866,0.7486481954880992,0.61219175180277,1.1898069475793767,0.07353608715388107,0.0041223149362561145,3.612639421662959,0.8497988174499679,-1,csgo_stitch_98,1,stitch
9663.323073674826,0.054562023751331255,11091,16.213487026297702,0.805517987557479,0.24112087005417496,0.14046520985403632,1.937336731388484,2.2989034514665225,0.7357937044593911,0.5851978043074998,1.0678830420775467,0.0627535839870165,-0.03134833406987713,3.3988715259228983,0.8349275946151817,-1,csgo_stitch_99,1,stitch
9779.729695139082,0.0551403085884597,11072,16.256596958520554,0.818099710982659,0.2580411872433909,0.14734216595790342,1.9243718726638654,2.4078722822037375,0.7600107827883991,0.5922698964152355,1.0694633938621931,0.06900289017341041,0.0415230897677113,3.3352649100293195,0.837608954461756,-1,csgo_stitch_100,1,stitch
7794.6579643714085,0.04771268404002435,10156,17.723356731208412,0.8394052776683734,0.25061266655240716,0.13515792330239706,2.228763883660163,2.237208900080204,0.7693422435741559,0.5892624265883482,1.2950674293208233,0.06439543127215439,-0.011889400810281222,4.031146382077649,0.7646126404911036,-1,csgo_stitch_101,1,stitch
9579.488316984156,0.05566036212456252,10744,16.752222305361112,0.8159903201787044,0.25877496010128404,0.1478893898970281,1.92055687898513,2.442166888251539,0.7282809791909376,0.6042790746191721,1.4522632094758128,0.0680379746835443,0.03622568837758548,3.7637037333724406,0.7857360539221072,-1,csgo_stitch_102,1,stitch
8638.525104256836,0.04852637174478754,11073,16.255775173401208,0.8283211415153978,0.2883701010736129,0.13204976694580348,1.760452299175012,2.1817246605411276,0.7479520944301722,0.6389876519804938,1.2878455215021802,0.07206719046328908,-0.018495255091311044,3.4809257614731592,0.8010912568944599,-1,csgo_stitch_103,1,stitch
8095.668337753198,0.04708083203620751,10708,16.809922149214938,0.8349831901382144,0.2452185313052279,0.13601662235278805,1.8708439214112536,2.249914838674516,0.7476672783492443,0.5973741108904373,1.1300877509552243,0.060328726186029136,-0.014713945006494476,3.744104264279755,0.7977075388918891,-1,csgo_stitch_104,1,stitch
6374.969919465841,0.0378607941385838,10549,17.061996252449248,0.8634941700635131,0.23242388511214843,0.11601688568649872,1.9062838768357986,1.8836342408519098,0.7625637035559973,0.5894294467155229,1.2027478911266645,0.06047966631908238,0.0425069255321699,4.293144922994605,0.7803218615681657,-1,csgo_stitch_105,1,stitch
10037.790825489123,0.058247223413394264,10756,16.73485688793649,0.791837114168836,0.30292842247014995,0.14465241698322112,1.8079666962753955,2.381590945223661,0.7319648490958934,0.6602781690479534,1.2920268456367454,0.07744514689475641,-0.005094499663956973,3.355342411832553,0.772181275537964,-1,csgo_stitch_106,1,stitch
9000.74265615118,0.05111911280538198,10998,16.365435487044767,0.8224222585924713,0.2566780303273318,0.14056727972354088,1.9819190343976076,2.3032302527616584,0.7541262532492699,0.6034523907055693,1.0487950099438077,0.06855791962174941,0.0476499823790961,3.613540714536803,0.7811647567118655,-1,csgo_stitch_107,1,stitch
8732.957906333068,0.049674472366277624,10975,16.399650013017084,0.8209567198177676,0.2668431817665498,0.13698923188648535,1.8865237586969679,2.272627753474406,0.7229666323580567,0.6134061308335061,1.167006480449549,0.07225512528473804,0.026250871590134332,3.5450561356640145,0.7866952842018891,-1,csgo_stitch_108,1,stitch
8128.602525653743,0.046564746356292784,10887,16.53215198188103,0.8319096169743732,0.2423656134241832,0.12818279315512945,2.010148926483379,2.113060156250308,0.7807190150954791,0.5866993118402806,1.4101586761328693,0.05777532837328924,-0.01654691860058055,3.8261839069019934,0.7580799533607463,-1,csgo_stitch_109,1,stitch
9837.969341134634,0.055065264203123195,11191,16.084390342076908,0.8084174783308016,0.24234996328088376,0.14709924102340666,1.8090346368220018,2.3999716236481436,0.7629773550644249,0.5917499371498298,1.0535879991659083,0.06701813957644535,-0.05201347410631892,3.3724464685438496,0.8501195556637353,-1,csgo_stitch_110,1,stitch
8217.432241756056,0.04624524108106219,11012,16.344727948743746,0.8320014529604068,0.27057250487735346,0.1282501456134349,1.9087111269418366,2.135785751663981,0.7253377681187408,0.6051347767281855,1.5546340121469004,0.0713766799854704,0.004316187516573249,3.903417112205371,0.7704438461904313,-1,csgo_stitch_111,1,stitch
12950.52553014995,0.07258008465610817,10901,16.511698181345132,0.7593798734061096,0.28191539044995684,0.17438991091137648,2.002585511705445,2.970362045546299,0.7320492309482386,0.6175845639005785,1.068244363549514,0.07604806898449684,0.01700220069358082,3.215652674154466,0.7213520672481384,-1,csgo_stitch_112,1,stitch
8588.020793143472,0.050331072333660326,10591,16.995118672534037,0.8212633367953923,0.2776975116375513,0.13867579657420734,2.013978329237384,2.2954402315818476,0.7483964877698027,0.6289415757997571,1.2304663445505197,0.07185346048531772,-0.04192107665154787,3.4500421483956227,0.8011684566999403,-1,csgo_stitch_113,1,stitch
8190.648807921136,0.04637473499059133,11093,16.225973382322707,0.8273686108356622,0.24234256815012498,0.11998090583872746,1.8791838580553908,1.969620858287155,0.758931038379603,0.5818008851757571,1.5238487172006336,0.06517623726674479,-0.006554183528391608,3.572882414562857,0.829331684270233,-1,csgo_stitch_114,1,stitch
8021.576532243536,0.04555569745271857,10896,16.51925029497881,0.8520558002936858,0.2819078482759874,0.1323264178555952,2.0627924808135667,2.2035884035337734,0.770898325751967,0.6372586326896338,1.266916462439602,0.07094346549192364,0.029533529804881564,3.7908699288483385,0.7844593006292386,-1,csgo_stitch_115,1,stitch
9435.649498932058,0.056179524630800656,10500,17.14153795679745,0.8144761904761905,0.28731429333061215,0.15176989481809847,2.034061619903404,2.478873064407793,0.7091106348516758,0.6409798074559018,1.2028057951985114,0.07152380952380952,0.03253926374828009,3.4568845383394815,0.8131484928735484,-1,csgo_stitch_116,1,stitch
10278.735537749593,0.06260767445111243,10164,17.7090050893412,0.7804998032270759,0.27861053585211126,0.1522592034202296,1.890737129142267,2.5471985313470316,0.7378863106127935,0.6335335112696867,1.0951977892774154,0.06818181818181818,-0.008827885095633823,3.2808538331218644,0.7957733562026731,-1,csgo_stitch_117,1,stitch
8975.11668388189,0.053675639985609154,10541,17.07536601220883,0.8216487999241059,0.23993629858531387,0.1507694715897864,1.9169194730121941,2.415535181032716,0.7418465670390819,0.5839681014489635,1.0294863371972727,0.06365619960155583,-0.012838015353191895,4.027320924911988,0.806295669315288,-1,csgo_stitch_118,1,stitch
9717.147907441067,0.05558814661911292,10811,16.649703336687626,0.8083433539913052,0.30134616468956676,0.14292336183804524,2.018416299331528,2.4019059470566164,0.7086721655665795,0.6399574101742255,1.5005055607235822,0.07621866617334197,-0.024525199269886097,3.339457050639273,0.741366231970946,-1,csgo_stitch_119,1,stitch
10173.859509204101,0.056319797668706185,11376,15.821495961055358,0.7937763713080169,0.29352336335935114,0.1399998530317739,1.9167796064529083,2.277100911556877,0.7467445520920775,0.6641640027203413,0.9141227760194753,0.06918073136427567,0.005083099982480387,3.187907798864556,0.8435525160622499,-1,csgo_stitch_120,1,stitch
9497.744860278324,0.05579577363003889,10614,16.957955793721418,0.80912003014886,0.23580463935263649,0.14737124522047823,2.005772300832646,2.4119547456611765,0.7403971505737323,0.5769006038393204,1.351511208071399,0.06161673261729791,-0.0008603720025935923,3.7218090607722645,0.7941324563250556,-1,csgo_stitch_121,1,stitch
8845.708103163906,0.048921332948138496,11120,16.185848960452727,0.8345323741007195,0.24583616996576285,0.14061794063350777,1.8992614803719563,2.3575347498545067,0.7602839433348549,0.6054457141236871,1.1865413566806695,0.06438848920863309,-0.02538278004941104,3.6659746416116286,0.7691955142132929,-1,csgo_stitch_122,1,stitch
9014.590688920442,0.0525382744139776,10753,16.738188649854038,0.8138193992374221,0.2651595845943294,0.14350149903612858,1.9067477522371077,2.3340187370155787,0.7740130495620621,0.6184993154196675,1.151907814685309,0.06091323351622803,0.013000697344903101,3.5575705054140387,0.8265195779639007,-1,csgo_stitch_123,1,stitch
9753.704573791852,0.057168415011288845,10597,16.98600571071344,0.7998490138718505,0.28952479734555253,0.14303719347320146,1.8836712301973373,2.380194595308071,0.7397789328614522,0.632853677500326,1.1540735869161658,0.0774747570067,0.02675119684872112,3.1569754979770575,0.813679631408868,-1,csgo_stitch_124,1,stitch
8969.314679427578,0.0532465760498338,10400,17.306564651753824,0.8251923076923077,0.28253958760879966,0.15133068915613224,2.0442876075334597,2.5260727808509933,0.7246208042044718,0.6339412668354705,1.0290575194290348,0.06798076923076923,-0.029671670188140806,3.560222742074593,0.7687848287920587,-1,csgo_stitch_125,1,stitch
9798.014070436693,0.05498140135246815,11103,16.211331719616155,0.8120327839322705,0.2679043925559157,0.1456418997207777,1.8653758650740877,2.386818807125081,0.7707839470931903,0.6148170296097619,1.4187466705002048,0.06926056020895253,0.06207949177588917,3.6307042493449813,0.7899313467702263,-1,csgo_stitch_126,1,stitch
6928.678652330374,0.03922826135370259,11054,16.28315527734172,0.8492853265786141,0.2583182168099205,0.11154570162172674,1.8827539783930416,1.8327035358806307,0.7239810006422193,0.6147088489779959,1.3237332522622476,0.06730595259634521,-0.03992889318657381,3.7623576680587885,0.7923745561162574,-1,csgo_stitch_127,1,stitch
9587.419164592011,0.05393615647841661,11072,16.25668100879848,0.805635838150289,0.26574701163932707,0.14204973004007904,1.825380107694566,2.338827910640906,0.7399689819154437,0.604748579014856,1.1899140870004021,0.07089956647398844,0.0409508397198708,3.4700605461691,0.7905172210735367,-1,csgo_stitch_128,1,stitch
7767.321768013779,0.044964412163513455,10804,16.659237624638273,0.8333024805627546,0.27990776048998056,0.12248810205578714,1.8572442449231696,2.0231653655420585,0.7500219641732725,0.6372349411754308,1.0505029179639431,0.07645316549426139,-0.03467069447092906,3.51871094370085,0.8238079510913143,-1,csgo_stitch_129,1,stitch
9579.018884215679,0.05416903510882647,11071,16.257424493272406,0.8132056724776443,0.25512203244021986,0.14303472611173496,1.9180234357552168,2.3273352962412024,0.7366040227890644,0.5973046673975516,1.46892739251151,0.06900912293379098,0.04183801359634074,3.4308513469461137,0.8353228100247362,-1,csgo_stitch_130,1,stitch
11517.519228532345,0.06656679387423375,10764,16.72116318159466,0.7761055369751022,0.28533107388122525,0.16290338215932795,1.9207877642174822,2.6766305811888507,0.7549805612856381,0.6164518256974493,1.4874940746493888,0.07525083612040134,0.03881490951821283,3.218797517147339,0.7955798532014186,-1,csgo_stitch_131,1,stitch
8604.737139040248,0.0500069597084167,10557,17.04984205566039,0.8387799564270153,0.2649482703834937,0.14283650759551336,1.8952441810393974,2.4148933912624844,0.731982282576671,0.6173802744773693,1.4905658643178683,0.06033911149000663,0.033959218762374954,3.8779527075249187,0.7413289079720271,-1,csgo_stitch_132,1,stitch
7605.099182012944,0.04744977038923333,10016,17.97045594381848,0.8279752396166135,0.29896722985698754,0.12391455587714767,1.88681655206024,2.019495064236733,0.7198857200121284,0.6517280004381513,1.3341049042892335,0.07587859424920128,0.037919026819212054,3.6060916430556182,0.7713423015533489,-1,csgo_stitch_133,1,stitch
8717.866284510543,0.049658838780492195,10902,16.51017964028552,0.8198495688864429,0.27836368739905515,0.13488210537877507,1.8404253036224933,2.2580798984633756,0.7476573292405287,0.6306210492714616,1.185999809852068,0.06310768666299761,-0.025370326525950115,3.4515709024249284,0.7886639818211384,-1,csgo_stitch_134,1,stitch
9918.446514008989,0.06192193780658864,9933,18.120840635726488,0.7885835095137421,0.28502063211615963,0.15438751247086338,1.8972054794340705,2.584341424382463,0.7296589085787151,0.6374799153485055,1.1729283050734056,0.07429779522802779,0.010467702119951128,3.06082993533484,0.8009233425135909,-1,csgo_stitch_135,1,stitch
9341.586561064141,0.05546033939399471,10529,17.095441327043805,0.8132776142083769,0.24341216891845877,0.14713734295827866,1.837098208795115,2.4085950422331934,0.7202721603227056,0.5743523952285537,1.3798457374951907,0.06182923354544591,-0.004413783696479282,3.380320667812507,0.8327252378788099,-1,csgo_stitch_136,1,stitch
9346.894328707269,0.05443888179176959,10720,16.790457448809523,0.8103544776119403,0.2701189943502106,0.14375255382160157,2.2670118345338848,2.363216461258199,0.7641925737818679,0.6271631975489598,1.2298971715986555,0.07145522388059701,0.03172495999611154,3.6630444569861225,0.8074472009277668,-1,csgo_stitch_137,1,stitch
8330.049410961663,0.046309492329257934,11172,16.11082965289366,0.8397780164697458,0.2421670467638745,0.13035597732513082,1.886500704353134,2.180840175689657,0.7632074236745261,0.5881092753151699,1.375636393119798,0.06068743286788399,0.0014669484405148909,3.7428421773811213,0.7998596251161671,-1,csgo_stitch_138,1,stitch
8507.683228208492,0.04950879525598165,10699,16.823321176830593,0.8324142443218993,0.2779947483913544,0.13797028503521414,1.9290269533594213,2.268635534956711,0.7133074502549617,0.6089845328976318,1.2155393105075987,0.07299747639966352,0.053078252345924906,3.3626384335660253,0.8394982428390672,-1,csgo_stitch_139,1,stitch
10145.63932605254,0.05654866553561729,11056,16.280137259089624,0.7945007235890015,0.25954442029668373,0.14501788645229333,1.916857800387464,2.4552257978329557,0.7504713634035908,0.6027925306340477,1.4110191122911457,0.07588639652677279,0.013852526692113188,3.3963160836672963,0.7937737272901839,-1,csgo_stitch_140,1,stitch
8375.516107523947,0.04815546111827161,10943,16.447621212838236,0.8310335374211825,0.25740153418780565,0.12974435272996682,1.820921278356237,2.092196995986985,0.7435252654213813,0.6057103043709462,1.0800061177047529,0.06424198117518048,-0.06531647716420381,3.4091094507607234,0.8560211671036202,-1,csgo_stitch_141,1,stitch
9347.059174204525,0.054109662660992805,10662,16.882111936893864,0.8202963796661039,0.2614206806019374,0.14693193070306107,1.8808198841971746,2.465557826259635,0.7420159892245897,0.591491892320338,1.353980246365239,0.07296942412305384,0.029023564539567826,3.4480888959531306,0.8035769733908835,-1,csgo_stitch_142,1,stitch
7930.064149927868,0.05111827706261618,9604,18.74236022521619,0.8341316118284048,0.2822279912298653,0.14431139033552215,1.83933538765259,2.4119538411981347,0.7595436373456897,0.6236585356592909,1.0660933845090996,0.07038733860891296,0.009339286119272766,3.7423436450578755,0.7319677685833641,-1,csgo_stitch_143,1,stitch
7090.2082732451,0.03998422390065878,10989,16.378882489082855,0.8578578578578578,0.27378696424872134,0.1198506836056555,1.968731090050643,2.010066993416036,0.7539200512938026,0.6158876595493629,1.5878088934168892,0.0727090727090727,-0.0034096451952670783,3.817976640801372,0.7860521145591148,-1,csgo_stitch_144,1,stitch
8773.445947401244,0.0497038251515943,11079,16.24659925857221,0.821102987634263,0.24658738604221433,0.12963441548495835,1.9877229465049786,2.1168035257606452,0.724330626325615,0.5859740498162869,1.6978173054619865,0.06959111833197942,-0.04461400514679372,3.6039679985582818,0.8042054135238341,-1,csgo_stitch_145,1,stitch
9382.505445236558,0.053881433027395356,10830,16.620199895800766,0.817174515235457,0.2364283157183874,0.14672297173868962,1.907811942856042,2.430913916297269,0.7494184167784732,0.5704173895907354,1.476162813616069,0.0713758079409049,-0.058184728767920045,3.3563295379945153,0.8400490394170728,-1,csgo_stitch_146,1,stitch
7258.190442341083,0.04267948083991826,10553,17.056359608384003,0.8541646925045011,0.28047513155481085,0.12408275490751275,1.7871503960337687,2.0689501687515075,0.7454785456825743,0.6298290211182505,1.3220119026828838,0.07258599450393254,0.04154551971126014,3.5834267723692967,0.7911721075913185,-1,csgo_stitch_147,1,stitch
9341.51903233002,0.052453191591019376,11029,16.31992223658283,0.8212893281349171,0.30198354958883705,0.13766907861500943,1.8148019984977424,2.305803577568652,0.7465514408045717,0.6539383693989087,1.107206684300964,0.0772508840330039,-0.03694545486049763,3.404964070158117,0.7852454748369484,-1,csgo_stitch_148,1,stitch
9368.31782658678,0.05363212569405861,10851,16.587131631195213,0.8073910238687678,0.2878519337704406,0.13457776664172885,2.0627924808135667,2.2414637114724876,0.7313806828395554,0.6137257386898848,1.5815644561032653,0.07713574785734034,-0.0001670419420972037,3.4867353262785805,0.7413952193264679,-1,csgo_stitch_149,1,stitch
7300.4024586964915,0.04374818854882676,10276,17.516184820645208,0.8474114441416893,0.2967653873857256,0.12710483976896722,1.8999956990024314,2.152421497870132,0.7243289048979312,0.6515988743002726,1.3191788636046562,0.07629427792915532,0.07401402133984528,4.173924482974922,0.7027102158720596,-1,csgo_stitch_150,1,stitch
9638.924938294072,0.0562513857517323,10739,16.761257698392455,0.8039854735077754,0.2613345869629905,0.1441981177193552,1.8787819761964435,2.3631724870708473,0.766741491659986,0.61593554238444,1.2020309135603355,0.06359996275258403,0.010839660023588417,3.3682967362875043,0.8343479317704195,-1,csgo_stitch_151,1,stitch
10461.008579305053,0.06295710447194891,10261,17.542334193487324,0.7823798850014618,0.27281313914730304,0.15644616818036833,1.9180214335411898,2.6177479195611,0.7158609391128397,0.6320179742669316,1.0482137945823098,0.06851184095117435,0.02075229449630732,3.1465883370290357,0.817362284385569,-1,csgo_stitch_152,1,stitch
8024.981027232913,0.04676536774873833,10595,16.701830048373402,0.8413402548371873,0.27909199494321735,0.13075162492600537,1.859458863206435,2.213348590286977,0.7687319285594696,0.6192457407332861,1.2208707250309407,0.073147711184521,0.0016542230310472145,3.725586147640617,0.7914645512430882,-1,csgo_stitch_153,1,stitch
10057.123645040607,0.05830657068187411,10770,16.712486299141837,0.78347260909935,0.3089185220738254,0.14133539599063086,1.9613552834028947,2.329288075231879,0.7166043088795259,0.6637105410180928,1.2897009623776527,0.08040854224698236,-0.015502521809307912,3.70113376741353,0.7400440852349413,-1,csgo_stitch_154,1,stitch
7022.960018816177,0.040004440490674954,10980,16.393014773657395,0.8529143897996357,0.24909729303976944,0.1143931335682255,1.7643923043221525,1.8974235016118157,0.7535650708639895,0.6204471348312924,1.0180042657167863,0.06402550091074681,0.010839424508531138,3.657297475693987,0.8429995137589272,-1,csgo_stitch_155,1,stitch
9711.096630524702,0.053694284262751295,11237,16.017277884029884,0.8062650173533862,0.2741826441806772,0.1449554015197112,2.3199642415289476,2.410737776972395,0.7341998227357563,0.6524100255406525,1.1501422479731187,0.06656580937972768,0.017477372730564437,3.52143810829207,0.7470521863340751,-1,csgo_stitch_156,1,stitch
9110.060186019105,0.05228481509794657,10952,16.434734792578332,0.8026844411979547,0.28426405746817485,0.137863934542771,2.228763883660163,2.2205868904822386,0.7425075821955841,0.6472940234956426,1.2853754475831343,0.06893718042366691,0.059328161161413304,3.8596907925765467,0.7941449951767173,-1,csgo_stitch_157,1,stitch
9634.322891201198,0.05575997075960403,10675,16.861829166793363,0.8172365339578455,0.2908184138101492,0.14670075133610483,1.9140630129433152,2.4608499149338523,0.7075899536168362,0.638542833927959,1.2120491581822328,0.074192037470726,-0.07057085770247422,3.305893707621302,0.8088333486185446,-1,csgo_stitch_158,1,stitch
10502.957141700135,0.06127341285446266,10675,16.860628180401896,0.7962529274004684,0.2691532681859718,0.1581223589582912,1.8764554932682629,2.6068072217685456,0.7059930478915125,0.6159233323422393,0.9472944599630166,0.06988290398126464,0.013996914949479905,3.2109805742186506,0.8113584300962786,-1,csgo_stitch_159,1,stitch
8890.377346958805,0.04954818139108753,11251,15.997966957276583,0.8295262643320593,0.26313314267650245,0.14534966179270772,2.0511221201443584,2.3760217724822614,0.7787948317221455,0.6404765580097802,0.9664254163801376,0.06186116789618701,0.039518570167209534,3.9539600023359407,0.7951693168785359,-1,csgo_stitch_160,1,stitch
8760.982296087783,0.04980584432999132,11093,16.225185833077305,0.823762733255206,0.26779350871981705,0.13244538979282122,1.8901526466187506,2.14500360278081,0.7629282041389964,0.6159061907034579,1.5553477755873852,0.06661858829892725,0.017824184762655806,3.569055811076576,0.8401733201230664,-1,csgo_stitch_161,1,stitch
8814.462530902845,0.05158408142039641,10685,16.846159064418984,0.8189050070191858,0.26151117755351816,0.13488805414878127,1.8587725649921247,2.2258661929131187,0.7345503745788895,0.6167821403887458,1.4291590856796024,0.06832007487131493,0.01401481255984025,3.7119681944137946,0.7763703741802812,-1,csgo_stitch_162,1,stitch
9132.514709935876,0.05087706574835088,11159,16.129356160636927,0.829196164530872,0.2939055458112036,0.1384907886522437,1.9900877730933275,2.2877225058040667,0.7559143857951809,0.6342177179763641,1.5354439306768235,0.07581324491441885,0.030971465646945435,3.6096761077450186,0.8000789066669416,-1,csgo_stitch_163,1,stitch
12502.515216477674,0.06938252530225283,11147,16.147466860575193,0.7798510810083431,0.3003436501053286,0.1725060473315502,1.8728220860978977,2.8656245281542634,0.7303308582422626,0.6398454518287933,1.1681197355149147,0.08064950210819054,0.011259375125969652,3.0861059346468562,0.8285124401474268,-1,csgo_stitch_164,1,stitch
10693.728346640723,0.059785843610343316,11132,16.169161821216495,0.7875494071146245,0.27879220536834315,0.1522054419975439,1.8813334051370507,2.503085326924953,0.7453301612287201,0.6294305205620396,1.166166623851279,0.07276320517427237,0.022310554748221086,3.2458594161726655,0.8161378142007968,-1,csgo_stitch_165,1,stitch
9213.368093837964,0.059378763523018546,9684,18.58765691484321,0.8074142916150351,0.29271760615981707,0.1553091173196653,1.910743997083453,2.551008316919645,0.7154007121162836,0.660298698371151,1.206444621616096,0.07063197026022305,0.07904277085548157,3.646460172681925,0.7994273222046213,-1,csgo_stitch_166,1,stitch
7467.27418859852,0.04156464040951377,11210,16.056511587401772,0.8409455842997324,0.2967517401538017,0.1150102070053763,1.9016352250825805,1.9137501332235671,0.7323951266502221,0.6475938542562322,1.674154987114461,0.08278322925958966,-0.014302110890992252,3.689811366700829,0.7907416255720939,-1,csgo_stitch_167,1,stitch
8450.965904048076,0.04763976507632941,11123,16.18142086000244,0.8394318079654769,0.25580832661979896,0.1395779698231017,2.4464816210197164,2.2593622293091458,0.7415914154262984,0.5949027325859378,1.2042111922230723,0.07066438910365909,0.059247160022077285,3.887735678333485,0.7679699300869988,-1,csgo_stitch_168,1,stitch
8096.8490137021345,0.04860826208219345,10508,17.12846332079522,0.8385991625428245,0.2692905131320552,0.13620336555023577,1.997550192704875,2.1932073113251684,0.7659492608364454,0.6276291131664069,1.429202926297743,0.06385610963075752,0.004583839255675131,3.4115476089316195,0.8595192566522498,-1,csgo_stitch_169,1,stitch
11277.87112937435,0.06403397611421681,10933,16.46395664512946,0.8057257843226928,0.31100009780646787,0.1641528469733642,1.8572442449231696,2.708233120259023,0.7159266410388273,0.6701361854591458,1.4432755703281526,0.08058172505259306,-0.004236702326178404,3.2770445853389454,0.7881472432559342,-1,csgo_stitch_170,1,stitch
10750.26952898524,0.06200874682733618,10663,16.87975479272767,0.7918034324298978,0.31017255550810985,0.160953824997511,2.159883915108064,2.7001505261315493,0.744291895425553,0.6753768740327243,1.1665691743884783,0.07662008815530338,0.018642998596206165,3.471825330377595,0.7553320911567595,-1,csgo_stitch_171,1,stitch
9482.487717523816,0.05590021329206843,10425,17.266205164274968,0.7958752997601919,0.2761116202063888,0.14516777426827762,1.9236226134837653,2.476365766136342,0.7804051655777018,0.6305384983755071,0.9960122587016093,0.06695443645083933,0.05191517798501369,3.5044014425351335,0.7610099733832902,-1,csgo_stitch_172,1,stitch
9502.02586165088,0.0545049661720371,10847,16.593737921814537,0.8175532405273348,0.28133836287580094,0.1419519126721366,1.9378753975815801,2.3507456823482475,0.7571106333830379,0.6310427879436354,1.2209964456427147,0.07615008758181986,0.05093405298781069,3.250142191177678,0.8291125491649531,-1,csgo_stitch_173,1,stitch
8357.804930330823,0.0486009920559758,10765,16.72087407900506,0.8076172782164421,0.2950996452062781,0.12081371727211868,1.7643493555210918,2.0040953361078166,0.738804977563432,0.6294860208590864,1.4829609883996486,0.07607988852763586,0.026870581023387116,3.4425240405218127,0.7867651134749138,-1,csgo_stitch_174,1,stitch
8595.285268328305,0.05318709018122998,10156,17.722912964727097,0.8101614808979913,0.28560666274114277,0.13733362252724216,1.7245436259213096,2.226414112463001,0.7328632403837192,0.6390124342729988,1.2360556455150575,0.07168176447420244,0.04144846431736501,3.3669595742778182,0.8227860419152018,-1,csgo_stitch_175,1,stitch
9422.124377118791,0.05444308179734345,10795,16.67361457758498,0.8125057897174618,0.3033383017957853,0.1410500003940982,1.8341069930919813,2.326845865997141,0.6987671797655586,0.6521956133449922,1.040430745162114,0.07596109309865678,0.059174832499975315,3.0269818626468386,0.8276727376528612,-1,csgo_stitch_176,1,stitch
8155.987384246453,0.045614830188321555,11073,16.254731858191075,0.8459315452000361,0.2694495830634482,0.12995373085961825,1.86000776772729,2.1736438533492706,0.7680460831754111,0.6030388011710209,1.3998948012231378,0.06710015352659622,0.005236175126308831,3.779786940493303,0.790817168010739,-1,csgo_stitch_177,1,stitch
8364.89655386381,0.0486247930553387,10631,16.931028980196942,0.8156335245978742,0.27630243430398865,0.12798884973523733,1.9964863991699067,2.1598290700758,0.7277562830948193,0.627688132911084,1.0672160131673358,0.06283510488194902,0.028575070786644532,3.73728498586844,0.7616462686384957,-1,csgo_stitch_178,1,stitch
7605.215529911409,0.045921635942053576,10321,17.43969185091278,0.8331557019668637,0.2595435525409008,0.12433720186563328,2.034061619903404,2.0573928777449746,0.7625136107074517,0.5953742364659655,1.689574336180836,0.07024513128572812,-0.02769608884314165,3.7930719170369005,0.7916936822474032,-1,csgo_stitch_179,1,stitch
8224.37413657807,0.049931947133115835,10357,17.379103306631805,0.8260113932605967,0.2749662409163376,0.1371589517619276,1.9180234357552168,2.218910449238614,0.7298011852326661,0.6466119066815021,1.2663856371845679,0.06806990441247465,0.04277786702556569,3.8896448367753482,0.7713969506125693,-1,csgo_stitch_180,1,stitch
9676.99203568403,0.05502673433913015,10946,16.44399464145361,0.8107071076192216,0.24208761092884845,0.14990128192189303,1.8901526466187506,2.459743700260196,0.7193460362807971,0.5725709424307763,1.3749122831006302,0.062488580303307145,0.025822232994689793,4.013175175586536,0.7662078555402775,-1,csgo_stitch_181,1,stitch
8909.371056158037,0.049639304706232484,11293,15.938609673331653,0.8171433631453112,0.2700845276813081,0.1312790798226356,1.6454823518110986,2.1376130479428963,0.7363527254661657,0.6212881753563638,1.3299952483176782,0.07199149915877091,0.0002910385009012372,3.283907480129274,0.826760336113028,-1,csgo_stitch_182,1,stitch
7390.11931708088,0.042103772416842565,10966,16.413889234059106,0.8488053985044683,0.2617913551681741,0.12369785355259177,1.8361174115173071,2.0328671937880918,0.7173110383608771,0.6176839610211945,1.408877597137695,0.07349990880904614,-0.028816246465993123,3.9779106981052443,0.7777940073577279,-1,csgo_stitch_183,1,stitch
8120.341737030861,0.04613705555208581,10982,16.38979439284912,0.8217993079584776,0.2689392345222228,0.1205110379560041,1.7118160756212508,2.0011050855268886,0.7423380044199339,0.6255594200544167,1.284003495651572,0.06865780367874703,-0.017915350207939225,3.674801020209634,0.799088622870516,-1,csgo_stitch_184,1,stitch
9542.99017193172,0.055087868215956126,10823,16.630614337088897,0.8169638732329298,0.29844444231751727,0.1491405160993456,1.9065441808247585,2.4474894721836224,0.7390207010523007,0.6428884532930823,0.9967617004489119,0.0677261387785272,-0.0013134215449590037,3.4109064311856145,0.8151755803178422,-1,csgo_stitch_185,1,stitch
8617.72347964775,0.04811097818123999,11190,16.084722925247075,0.8333333333333334,0.2740216847655239,0.13830069860835617,2.1555242489186037,2.2514048861936127,0.7637386517902576,0.6142313404360252,1.444289810319191,0.06997319034852546,0.03483979740148807,3.578355796290537,0.8185260398305283,-1,csgo_stitch_186,1,stitch
8829.896956622026,0.051124015187213066,10704,16.815118839920355,0.8053998505231689,0.29146538190588744,0.13334760386039626,1.910639437333462,2.229756602845934,0.7271649191575746,0.6337565162492357,1.351212636217638,0.0757660687593423,-0.03281568182574868,3.687422385380754,0.7837951909381045,-1,csgo_stitch_187,1,stitch
9263.492315372738,0.05252529594688063,11059,16.275678762073536,0.8154444343973234,0.2530864370474081,0.14041331324641956,2.04296050625193,2.282113895549293,0.7487837030723015,0.601690746569953,1.123399523532829,0.06917442806763723,-0.02468515984043996,3.5682863902627293,0.8223609619353422,-1,csgo_stitch_188,1,stitch
8885.64676530275,0.05115783284967511,10690,16.83824547589284,0.8260056127221702,0.2839338929726281,0.14008383257614793,1.8786977428932818,2.356307500905221,0.765921172350886,0.6440998063364131,1.2821853239932943,0.07521047708138447,-0.00741432768428556,3.5618319014844473,0.7916884084166629,-1,csgo_stitch_189,1,stitch
9669.709944211347,0.0569602592182338,10536,17.083867927942233,0.8036256643887624,0.25151761931662003,0.14732323652439713,1.9144505222195913,2.452870090861766,0.7545327591400771,0.5835972946325787,1.1927644019663535,0.0670083523158694,0.034063175259155094,3.5122691502929864,0.7774809780223566,-1,csgo_stitch_190,1,stitch
8693.47215262556,0.04929338802888952,11078,16.247215280858107,0.8343563820184149,0.24769181808269453,0.13684243334583962,1.9083097435532572,2.2082580739921363,0.7412267116457958,0.6012484898416013,1.0353724461229075,0.07077089727387616,0.039514779321244274,3.6092309895923407,0.819182039218272,-1,csgo_stitch_191,1,stitch
9308.812876003005,0.051584156085907794,11260,15.984490016339233,0.8168738898756661,0.28129886238577934,0.13885026567016015,1.9156184694496494,2.285334582573798,0.7404612459422001,0.6320270750445113,1.1843167803701682,0.07069271758436944,0.009207575233993829,3.7966703925144034,0.7845276309581684,-1,csgo_stitch_192,1,stitch
8000.82568954709,0.04436948771830654,11314,15.908954908875835,0.8470920982853102,0.2705708005954649,0.12738566645805602,1.9173549095105058,2.091213129355099,0.7335615470020231,0.62628437520961,1.6040406204379947,0.06522891992222025,0.053998262741708145,3.778558822611044,0.8127063293841355,-1,csgo_stitch_193,1,stitch
10123.38777354515,0.05706287750455717,11099,16.216552506460246,0.8036760068474638,0.2371105009911301,0.15429098733552835,1.884161514292273,2.527636933972657,0.7428024629465922,0.5663232961186083,1.1783426669079229,0.06847463735471664,-0.026848578020693133,3.792230823594015,0.7705992287527379,-1,csgo_stitch_194,1,stitch
10237.694334884116,0.05641855448583109,11212,16.05306236593806,0.8073492686407421,0.28290468386977713,0.14684014898863043,2.011796865129593,2.469881606605768,0.7255554363368067,0.6414283664946928,1.103956633745693,0.07438458794149126,-0.039496323835323977,3.443978029313321,0.796282583110963,-1,csgo_stitch_195,1,stitch
8463.594189312556,0.04857438110779491,11023,16.329107437587194,0.8284496053705888,0.28408531744954635,0.12628656258813117,1.6394282064774337,2.025374726311943,0.7687810241908741,0.6236398891841838,1.3731129418430705,0.07865372403157035,-0.03222254755350508,3.276078610511885,0.8485390548306577,-1,csgo_stitch_196,1,stitch
9489.438646343182,0.05249627692673235,11195,16.077341309202062,0.8267083519428317,0.26669263564579576,0.14492431055834318,1.9016352250825805,2.404655851520489,0.7550283194688845,0.6091764579678911,1.289927254747879,0.0682447521214828,0.0249964785939592,3.7107333145705743,0.7848035513783128,-1,csgo_stitch_197,1,stitch
8985.848199484222,0.05125438606181355,10880,16.543526143423456,0.8306985294117647,0.2626770857740151,0.1452003830099754,2.018416299331528,2.384767148712369,0.7481790254639464,0.6028633311220337,1.3587708704425068,0.0671875,0.0019812774139512804,3.737280982350025,0.7837861481334927,-1,csgo_stitch_198,1,stitch
9838.47366505839,0.05603776906415303,10854,16.582502644613037,0.8138013635526073,0.2968758616472818,0.14825152797939262,1.8837625749700524,2.4742630339188865,0.7070241552563915,0.6257770851995178,1.4124353175772169,0.07831214298875991,-0.012749655033726352,3.3192064999300954,0.7918932357037338,-1,csgo_stitch_199,1,stitch
9300.722026527474,0.05370549950316688,10727,16.779841345162907,0.8153258133681365,0.3062949713111635,0.14156302069646362,1.873834474825499,2.3721141205044214,0.7384286288786266,0.6562387188627848,1.286007019705167,0.07532394891395544,0.016208474963428608,3.3185562670049955,0.8416161689092683,-1,csgo_stitch_200,1,stitch
9533.091158582849,0.05724533302910947,10352,17.388043390835858,0.8031298299845441,0.29215020219917487,0.1458421140854077,1.911083088360988,2.4230076143343298,0.7689448887895494,0.6147733333266545,1.3329704380084213,0.08404173106646058,0.05101777826395839,3.6086509224492676,0.7681299234471173,-1,csgo_stitch_201,1,stitch
7439.686815545419,0.04107215105821291,11185,16.09176860978386,0.8359409924005364,0.2626107452373755,0.11585025871932826,1.7641622743445216,1.9669620348277825,0.7550109924609939,0.6213687020388288,1.3248744038748375,0.06329906124273581,0.003501482399553072,3.6020627794936426,0.7792451713862536,-1,csgo_stitch_202,1,stitch
9169.78440772417,0.05139783757216347,11221,16.040916665249487,0.819178326352375,0.2642462406770076,0.1354174801831281,2.013978329237384,2.1888240384713775,0.7506573521329405,0.5976217305943519,1.2989153932986301,0.06710631850993673,0.013401768312256267,3.280251223581497,0.8190787280043244,-1,csgo_stitch_203,1,stitch
11387.608207086902,0.06465683574161024,10997,16.367192717633593,0.7944894062016914,0.25482524879515817,0.16741627271803644,1.8883759296933145,2.7326910944544873,0.7487941351649753,0.5980265725504081,1.195601444865517,0.0672910793852869,0.00933988289994608,3.3885258661406006,0.8259980428537143,-1,csgo_stitch_204,1,stitch
7988.304975245874,0.046218233216601734,10813,16.645337377578297,0.8423194303153612,0.29316731032440235,0.13424568625707095,1.9194831608556306,2.189323623083691,0.7617621956663738,0.6520467707308124,1.30839745364804,0.0699158420419865,0.0037922326764994766,3.9503485549146173,0.7780004120026232,-1,csgo_stitch_205,1,stitch
9209.039692633283,0.053439835669327494,10776,16.702723640240517,0.8113400148478099,0.30022715400812533,0.1407355719098301,1.9017816170502473,2.3022333154773538,0.7499174094625448,0.6589965656476048,1.2084943180716192,0.07340386043058648,0.0005799711049790906,3.4781230090943893,0.82181859593489,-1,csgo_stitch_206,1,stitch
8674.859127760603,0.04902052930897433,11122,16.182875636981304,0.8316849487502248,0.28155309306124127,0.13799637284042857,1.907811942856042,2.2303923897024953,0.7583672667523883,0.6363360479047612,1.2621047728749326,0.07022118324042438,0.02283867091532621,3.5804367815325575,0.8318453175283201,-1,csgo_stitch_207,1,stitch
8319.31701184285,0.047695889047691134,10911,16.49586402062176,0.8285216753734763,0.2671723957240763,0.13202484006883805,1.89514745671173,2.162774627852183,0.7487954440309745,0.6263839883071722,1.23248576126333,0.06708825955457795,0.033173888341839104,3.504601512592611,0.8186320013328361,-1,csgo_stitch_208,1,stitch
7517.65985386436,0.043935708285926724,10599,16.925388134595273,0.8447966789319747,0.2829195712370336,0.12713958900979508,2.1757328838532892,2.117853810130891,0.7655959565497695,0.639606778392589,1.1660652752557152,0.07491272761581282,0.029030905386946058,3.896388103064637,0.7620219238785488,-1,csgo_stitch_209,1,stitch
9258.574900004147,0.054056114334243587,10693,16.832151695998558,0.8046385485831853,0.26468640925981446,0.14181715926372865,1.9532595449388008,2.336922076345508,0.7588540381016249,0.6133231520256838,1.1373228197878598,0.07051341999438886,-0.026413472566279517,3.6656881628090616,0.747582376697999,-1,csgo_stitch_210,1,stitch
9884.416082346703,0.05579660395283336,11027,16.323198001997852,0.8113720866962909,0.27309837551049543,0.14576087211633237,1.8705457349558454,2.407266533342764,0.7219493394738101,0.630011366906331,1.3474292462344786,0.06747075360478824,-0.01017016214385982,3.4400250175055254,0.806358609706983,-1,csgo_stitch_211,1,stitch
10268.392040224988,0.05911660346487452,10801,16.664687762345572,0.80899916674382,0.2613674101950341,0.1595866930386932,1.8949351249911486,2.6240884573304286,0.7523066365569494,0.6111406663434876,1.2412667025869313,0.06573465419868531,-0.04074670886010442,3.468645437304482,0.7956240828031875,-1,csgo_stitch_212,1,stitch
9910.393674243765,0.05476582493165081,11269,15.972515452408008,0.8061052444759961,0.2652051877149114,0.1453471091698458,1.905367938537716,2.4076548910578417,0.7520931889321846,0.6054848516029256,1.1210040272051107,0.06770787115094506,0.02100571775921281,3.803777239237824,0.7547174861893104,-1,csgo_stitch_213,1,stitch
9754.063658559131,0.05679844162535386,10760,16.727333988871067,0.8070631970260222,0.2884010977573901,0.15217926720643918,1.8011774840482007,2.473891880287077,0.7467571693372376,0.637787894354139,1.2277826653265917,0.07053903345724907,0.0043340190874249975,3.398607902254769,0.8329642337307765,-1,csgo_stitch_214,1,stitch
7208.796624661189,0.04260057674581181,10474,17.18511953239595,0.8356883712048883,0.2493077458812971,0.11917464361121413,1.820832919347385,2.007536574004549,0.7343299961866744,0.589813870682967,1.0429868811205845,0.06434981859843422,-0.011056886750087097,3.710431460943799,0.8018531700424959,-1,csgo_stitch_215,1,stitch
10423.350968501341,0.058038218750655145,11143,16.153601693955505,0.7966436327739388,0.2702034272677677,0.1462986718077471,1.8294738260776864,2.4316405242938632,0.7495250517936417,0.6106761496352935,1.1813316967466911,0.07260163331239343,0.0189607068688786,3.1552839308950573,0.8344388902286136,-1,csgo_stitch_216,1,stitch
8090.986751619813,0.04643145975639087,10881,16.542113620773673,0.8299788622369267,0.270117793864307,0.12303566327716477,1.807523352292032,2.0360389371253396,0.7474587584492127,0.6031327524858212,1.313525088654194,0.06957081150629538,-0.014332641037293672,3.414449743389068,0.8336277266932184,-1,csgo_stitch_217,1,stitch
7754.524218448135,0.044116986810535705,10893,16.52318018091662,0.8592674194436795,0.27128919092716186,0.13751366732037223,1.9299942679915354,2.2572209721650798,0.7181133532713393,0.6300207260302307,1.3053697171409906,0.06811713944735151,0.06241807482467482,4.140600456053801,0.7543563879729491,-1,csgo_stitch_218,1,stitch
11250.688609777506,0.06570463938859032,10577,17.017667519014974,0.7761179918691501,0.26701247293046365,0.16014044580503564,1.8234121947683686,2.68196629939589,0.6972956335678953,0.6117267204294318,1.4044148504744565,0.06967949324004917,0.03207473587146187,3.263936387642749,0.7970540276938507,-1,csgo_stitch_219,1,stitch
10673.077906182018,0.06222435896764981,10660,16.885626075087554,0.7953095684803002,0.26499436404892207,0.16060365196810877,1.8926565235533122,2.6602569849950797,0.7460780370895772,0.6375133158386543,1.0529365002475137,0.06810506566604127,0.08064356765744521,3.155467903838591,0.8286376485541993,-1,csgo_stitch_220,1,stitch
9647.665579944372,0.05249303432828696,11479,15.679518248313789,0.8173185817579929,0.2713207582614211,0.13709461132801531,1.8528432048040606,2.2633463063811465,0.7585333037876275,0.6227199402426247,1.1031032430672374,0.06977959752591689,-0.03682404046883269,3.3535514608880206,0.8183677210713758,-1,csgo_stitch_221,1,stitch
8686.167697289446,0.05045890477509269,10765,16.72040055141349,0.819321876451463,0.2639043255334692,0.13075019199272334,1.8958017447905278,2.168279532364157,0.7735005742513676,0.5979958440227862,1.2985374275380603,0.07422201579191826,0.006344141886609644,3.563864540303497,0.8221585861763628,-1,csgo_stitch_222,1,stitch
11223.693189609483,0.06618741924132202,10623,16.943232381717273,0.7781229407888544,0.30423938893819696,0.163632925683891,1.879772934598953,2.6795659827906624,0.7438482268175163,0.6484445278222881,1.2919792821397897,0.0765320530923468,0.0091611362218577,3.3184105587065496,0.8024183094238542,-1,csgo_stitch_223,1,stitch
8933.856262325571,0.054792784666543096,10078,17.8609043842697,0.8111728517563008,0.2889811692940537,0.15006901407558768,1.9167796064529083,2.489290059174295,0.7160877834928252,0.6463534648933141,1.1595429794339194,0.06965667791228418,0.08009909806277059,3.3726158037443823,0.8016306060291867,-1,csgo_stitch_224,1,stitch
10685.110083670112,0.06274784884153009,10672,16.865398656775017,0.8058470764617691,0.2814180043209474,0.1657107981412185,1.9578577348066484,2.6881044747708005,0.7105756983100401,0.6336026343743534,1.1516196376055026,0.07730509745127437,0.03753610934537692,3.580493355630949,0.8190108655231578,-1,csgo_stitch_225,1,stitch
10428.886925657363,0.06085539287311523,10682,16.85015333315484,0.7979779067590339,0.2944848737927762,0.1524624139612461,2.04296050625193,2.512135145671011,0.7222227642446548,0.6347077311811544,1.2781473857086232,0.08416026961243213,-0.050456063030205625,3.2361995035373012,0.7958779595240943,-1,csgo_stitch_226,1,stitch
9889.830242274898,0.057188125521907614,10743,16.754425628773095,0.8053616308293773,0.28564820203927926,0.15105376550274302,2.257827588899263,2.5000169308862126,0.7471264500068944,0.6403906012901482,1.0708028415612527,0.07381550777250302,0.05578765434245595,3.3681967734783806,0.8035602189411339,-1,csgo_stitch_227,1,stitch
10820.400842167452,0.060472728022986685,11057,16.27806599409894,0.8117029935787284,0.275596481953529,0.1626622568778605,2.0627924808135667,2.7224620974921923,0.7446168851933941,0.6087927468839099,1.2654945258418782,0.07000090440444967,0.021842476858859407,3.4511704210249072,0.7913986245120312,-1,csgo_stitch_228,1,stitch
7568.911204158547,0.043951602275953086,10761,16.725925505928128,0.8485270885605427,0.28326820789119955,0.12869310185546287,1.8395034391722473,2.1107559881326234,0.7366644961408226,0.6430122254534612,1.2360647433131788,0.06746584889880122,-0.02803915572564157,3.775714470458915,0.801309686852604,-1,csgo_stitch_229,1,stitch
8536.736588812793,0.0493348840247986,10747,16.747595195373265,0.8206941472038708,0.27912404083595727,0.1342003893790482,2.013978329237384,2.235904503479007,0.7150603686103908,0.6177427247649563,1.4037941792609863,0.06969386805620173,-0.030527648911373932,3.5192815001839213,0.7929046184986922,-1,csgo_stitch_230,1,stitch
7586.116712280343,0.0447552737217968,10562,17.042160629229183,0.8424540806665404,0.2586382664416475,0.12273089911369568,1.8667210246018944,2.0376783160307124,0.7479872368727083,0.5909109902276409,1.4161650180916039,0.07195606892633971,-0.00010235128601771957,3.495529123629508,0.8370790167712978,-1,csgo_stitch_231,1,stitch
7909.702576881522,0.0455854233527838,10932,16.46548941908488,0.8392791803878522,0.2464970301111213,0.12479496487902439,1.8617667337577644,2.0203230230889986,0.7545518332379061,0.581666909606816,1.2444221015432637,0.0650384193194292,-0.11669991578586418,3.5450165329848984,0.8292751285476254,-1,csgo_stitch_232,1,stitch
8475.45537865853,0.049878504885592874,10511,17.124308163251797,0.8187612976881362,0.29303562667921934,0.1361754864522722,1.89514745671173,2.2747559468661955,0.737625174931529,0.6657384442288785,1.0322008839796122,0.07011702026448483,-0.018495519155373133,3.58592699168814,0.7955713283343997,-1,csgo_stitch_233,1,stitch
9254.484180930718,0.053043224259226425,10899,16.5145940619127,0.8124598587026333,0.274637924501806,0.14303687185811298,1.9614357735097365,2.3376372619962025,0.7711100544005002,0.6481390789579332,1.07807553029981,0.05817047435544545,-0.03411190040681469,3.669530568768611,0.7869289992011115,-1,csgo_stitch_234,1,stitch
9345.56456208798,0.05776783743281594,10123,17.78070039899007,0.8006519806381508,0.2828416032690171,0.14422593927340138,2.04296050625193,2.351356482856714,0.7301956207263814,0.6297379056030346,1.4344214850619652,0.08426355823372518,0.03801692100868671,3.3065841604783563,0.7960631946583265,-1,csgo_stitch_235,1,stitch
9369.93671235799,0.05416541138907844,10755,16.73524478016989,0.8141329614132962,0.2571151235022672,0.14270161464440465,1.9101814828100976,2.3735820134294805,0.7565832215671706,0.601930492133218,1.2517425792453691,0.06861924686192468,-0.01520332166875147,3.507070203255093,0.8071004657252647,-1,csgo_stitch_236,1,stitch
22968.385197495696,0.13247601299208014,10820,16.63564100194103,0.017005545286506468,0.1639262733911052,0.08888652709899812,0.4375,1.4221112258751505,0.8178400068181986,0.4460951601203985,1.711716341212744,0.009149722735674676,0.1019389527973396,2.2848772116462635,0.9488949056956929,-2,csgo_smooth_0,1,smooth
22978.66472531265,0.13483401003565387,10642,16.912790151301568,0.01371922570945311,0.16892471158998607,0.08819869870516744,0.4419417382415922,1.41077009794271,0.7813040388370517,0.46684854819081084,1.7942659105229994,0.010148468333020109,0.07409949634576811,2.263600276737513,0.9491382085542723,-2,csgo_smooth_1,1,smooth
21928.840578685657,0.13532116321263196,10102,17.81783981783982,0.018709166501682833,0.19001816896584736,0.09206342119080617,0.4419417382415922,1.4720094871485916,0.7800803610939075,0.4840279815250122,2.0756210423770094,0.010690952286675905,0.01682436913578929,2.271189521608715,0.943992842399193,-2,csgo_smooth_2,1,smooth
23992.683473206314,0.14042259807616458,10661,16.8828330206379,0.010505581089954037,0.15312654202440043,0.09178253609408697,0.4419417382415922,1.4679528193757183,0.791537093319771,0.42160725907084884,1.8527809190911895,0.009661382609511302,-0.005885359779535778,2.2068801196025105,0.9505680393591627,-2,csgo_smooth_3,1,smooth
23460.94795375704,0.1378345809952772,10621,16.94642184557439,0.012616514452499764,0.1604180992605773,0.09036539794036955,0.4192627457812106,1.4456745602191108,0.7721888899197882,0.4543996159174628,1.7324788932967146,0.011015911872705019,0.007266581379809824,2.2952688805029813,0.949344019498332,-2,csgo_smooth_4,1,smooth
21875.9569658529,0.13104494732506583,10409,17.292755572636434,0.01882985877605918,0.18114930342184757,0.08647363571538645,0.40019526483955303,1.3845434594422958,0.7783850763380645,0.4839785851315157,1.9122048164601355,0.008454222307618407,-0.011492660333655098,2.283399534704968,0.9476728939979767,-2,csgo_smooth_5,1,smooth
20884.466650274284,0.12339332880208492,10558,17.04830917874396,0.01401780640272779,0.15230328375106486,0.07824739645359072,0.39528470752104744,1.2524670086720007,0.7987440770074611,0.4342654554598622,1.841921081211536,0.010513354802045842,-0.021973811645614814,2.3323226496809952,0.9468345144032895,-2,csgo_smooth_6,1,smooth
18962.013515100993,0.12891921314758864,9166,19.636552100381888,0.01920139646519747,0.1784449970658778,0.08175069157247647,0.4419417382415922,1.3070764761655644,0.754499981719629,0.4769306733762195,1.9804384017758048,0.00992799476325551,0.07398371480756197,2.1767136832167817,0.9440612545619906,-2,csgo_smooth_7,1,smooth
22770.525589901783,0.1331195485262273,10667,16.874273392087005,0.016968219743133027,0.1718474103985882,0.08823018179084655,0.4419417382415922,1.4115409297891266,0.7951918178036227,0.45756721214896773,1.9382256791793484,0.009374707040404988,0.08085565039430738,2.239448065828724,0.9449590710328277,-2,csgo_smooth_8,1,smooth
20377.56719500089,0.11947514510233118,10635,16.92514575888659,0.019652092148566055,0.17229527193128583,0.07684040848165268,0.4375,1.2287437823592207,0.7988721191518138,0.47379355588517835,1.9667820956778248,0.008274565115185708,0.014750525030856826,2.2348049559841408,0.943080338322642,-2,csgo_smooth_9,1,smooth
22557.08471619228,0.13001527149826556,10830,16.62037122541324,0.011172668513388734,0.15925442093753872,0.08917747131956973,0.4419417382415922,1.4265116924251195,0.7752285094907302,0.44239566205002046,2.133097042287949,0.009972299168975069,-0.042548159275018774,2.338982317397468,0.9432060332947562,-2,csgo_smooth_10,1,smooth
25557.262962715486,0.1424885305007303,11185,16.09200643776824,0.013857845328565042,0.16490704742760307,0.09331778200616957,0.45069390943299864,1.4925147723452095,0.7792217601354272,0.4502388295617702,1.8242475865985235,0.009655789003129191,0.09846833121481806,2.2975931677894668,0.9513520530978199,-2,csgo_smooth_11,1,smooth
21794.80895398093,0.13009175626757,10425,17.265828856485033,0.014964028776978418,0.15252264688734235,0.08468082018571318,0.4192627457812106,1.3538872693846062,0.7920398914560529,0.41320083465959406,1.7608985765124556,0.010647482014388488,-0.06503628293138076,2.2592641231584287,0.948293313863033,-2,csgo_smooth_12,1,smooth
22259.511764382158,0.13318647478273557,10422,17.27108722771327,0.01602379581654193,0.16143644793819767,0.09106737801738823,0.4419417382415922,1.456089810257248,0.8134308649602839,0.45221544875127107,1.8194583751253761,0.009499136442141624,0.01897357246386581,2.3398932880863486,0.9524852988786094,-2,csgo_smooth_13,1,smooth
20950.994128009414,0.1323108791724879,9875,18.227567348592263,0.017721518987341773,0.16052256386994818,0.08685987378384989,0.4192627457812106,1.3878663705496654,0.7788890724962959,0.45207780423539506,1.899758162031439,0.009518987341772152,0.039534689794413255,2.3983715648352706,0.9472416693360224,-2,csgo_smooth_14,1,smooth
22602.3587731163,0.13020204026789273,10837,16.609265411590993,0.013749192580972593,0.16651652783174864,0.08314594595581251,0.4192627457812106,1.3298774380026035,0.7933743018416409,0.4624773436959977,1.7445617740232313,0.010611792931623143,-0.061252351662547,2.3617574562427093,0.9497132806409059,-2,csgo_smooth_15,1,smooth
19838.64908822442,0.12634195515671803,9781,18.401840490797547,0.021367958286473775,0.18705407251638276,0.08414667331518558,0.4550068680800324,1.3429272180860203,0.7910827459122355,0.48359749114060674,2.0157887753748174,0.010121664451487577,0.05188227834734375,2.213639691266043,0.9416649540024156,-2,csgo_smooth_16,1,smooth
23130.829540771716,0.1297627931525302,11120,16.18670743771922,0.015557553956834532,0.16451716081112153,0.08230193865379631,0.4375,1.3166858389231582,0.7835695010113105,0.44816631477370206,1.8277968281183026,0.009622302158273381,0.0480421462688391,2.294669307773239,0.9472128076497517,-2,csgo_smooth_17,1,smooth
22314.624348211073,0.1346858193733908,10336,17.414900822447994,0.00890092879256966,0.14093837622551836,0.08375702928689083,0.4375,1.3388490136539408,0.8109286833893782,0.40131616830080374,1.9103784273736688,0.009094427244582043,0.023464470626533555,2.203095740786299,0.9486363104907427,-2,csgo_smooth_18,1,smooth
22242.215501125975,0.13549063881472528,10239,17.579800742332488,0.014063873425139173,0.14854679443044855,0.08643368395164977,0.40019526483955303,1.382686940597928,0.7773552100275306,0.44138967072438046,2.0076463560334528,0.010450239281179803,0.008974251355036048,2.3769012646927807,0.9495654483388807,-2,csgo_smooth_19,1,smooth
21606.045062929996,0.12735376644639723,10564,17.03843605036448,0.017322983718288526,0.16985911405516343,0.08266410302641207,0.4375,1.3217011372764758,0.7869352821147791,0.44599976047807655,2.070457663050256,0.0088034835289663,-0.003220261265848714,2.1414761086938805,0.9425856513756681,-2,csgo_smooth_20,1,smooth
24306.470569438305,0.13553968879576914,11180,16.09947222470704,0.01440071556350626,0.14543462914883334,0.08829668615887099,0.4419417382415922,1.4138729819521376,0.7889217986614483,0.41876646516421184,2.1340464269458352,0.009838998211091235,-0.06676694029319266,2.311649684334914,0.9482256409464602,-2,csgo_smooth_21,1,smooth
20585.040310297816,0.12506708523648088,10265,17.534976617303197,0.015586945932781296,0.1634879719088248,0.0805518762338777,0.40019526483955303,1.2888121997081965,0.7900836555787215,0.4350404582326686,2.096898197242842,0.010228933268387726,0.03530776055119849,2.2498561280743274,0.9422420934865607,-2,csgo_smooth_22,1,smooth
22658.81901542667,0.13648446442714332,10356,17.380685659101882,0.01544998068752414,0.16376711720342474,0.08814890416849737,0.4192627457812106,1.4079775486338988,0.7868561721497636,0.4583476098854095,1.8013361077647574,0.009945925067593666,0.05313910250490382,2.2183062141132948,0.9488389210381762,-2,csgo_smooth_23,1,smooth
21263.441864198874,0.12772961196768545,10379,17.34264790903835,0.01946237595144041,0.17969504577053305,0.08728999277213102,0.45069390943299864,1.3972023537054241,0.7821011884054246,0.4603888088490639,1.4453376205787782,0.009442142788322574,0.075293921548038,2.2932524372100613,0.9461988076565575,-2,csgo_smooth_24,1,smooth
18770.777487740474,0.13106153162345244,8924,20.257312563039335,0.014231286418646348,0.16903929828900507,0.08983851232731144,0.4375,1.43878026596421,0.7846777477588527,0.46739155258951215,1.7507170795306388,0.008964589870013447,-0.03408714389004906,2.4079439349401714,0.9510509628517312,-2,csgo_smooth_25,1,smooth
23357.129956964356,0.13563906907409987,10742,16.755330043757564,0.012939862223049712,0.15264730793539782,0.08306413779814525,0.4375,1.3287160483378422,0.7945458632480986,0.44552731203530027,1.9081956450377504,0.00968162353379259,0.05201707001905513,2.350270543870713,0.9462570276396152,-2,csgo_smooth_26,1,smooth
24620.72218748955,0.1369548371712054,11230,16.02725086828747,0.01861086375779163,0.16145741998811622,0.09163230506756648,0.4419417382415922,1.4656158475887255,0.7670980877526757,0.45728059379000696,1.6983234901886073,0.00917186108637578,0.05895096287050104,2.4108444713523784,0.9512379310265033,-2,csgo_smooth_27,1,smooth
24221.465899604435,0.13710093365662224,11029,16.31936887921654,0.018678030646477467,0.17032060991753623,0.08506102189960062,0.4192627457812106,1.3612164728903622,0.7855142145719607,0.46927955105380736,1.775153281736858,0.009248345271556805,-0.01983048722506153,2.3343737128995645,0.9527984946754048,-2,csgo_smooth_28,1,smooth
22440.706926925217,0.12919380335550215,10845,16.597196606418297,0.016044260027662516,0.1650397965270589,0.08667758385115702,0.4550068680800324,1.3867982984060645,0.7715272752735421,0.4623305996199512,1.9463874827427519,0.008852005532503458,0.07332674915334246,2.339442473320763,0.9490326094045436,-2,csgo_smooth_29,1,smooth
22125.502286268646,0.12782028734539755,10780,16.732257166713055,0.016233766233766232,0.15796083774538244,0.0810360626048406,0.4375,1.2974688313761744,0.7935631428848383,0.4454869829372455,1.785292832167832,0.00974025974025974,0.05128776385739477,2.3495846477032654,0.9487672283521735,-2,csgo_smooth_30,1,smooth
23670.51847309756,0.13596920983206787,10870,16.5582850308216,0.011039558417663294,0.16127505667581,0.08913958566575567,0.4419417382415922,1.425263734762913,0.7894666986751139,0.42321947903914164,1.7089685210849337,0.010027598896044158,-0.07176518684579862,2.2017245365721725,0.947505507697519,-2,csgo_smooth_31,1,smooth
21252.38271096994,0.13023442063258342,10180,17.68140288829944,0.013948919449901767,0.15706578678119307,0.08277784657418329,0.40019526483955303,1.3226618746528036,0.8039594478785734,0.4571385635901563,1.5798194370685077,0.009037328094302554,-0.06394257582416742,2.2714716135227775,0.9481437613039843,-2,csgo_smooth_32,1,smooth
23073.682808005582,0.1302787857568733,11057,16.27903400868307,0.024057158361219137,0.19638314951156163,0.09160492204268084,0.4192627457812106,1.4657148329069594,0.779979581499192,0.5163041911505075,1.6939946710391474,0.010129329836302794,0.03853343299647443,2.233953280304455,0.9507519733796139,-2,csgo_smooth_33,1,smooth
22735.833432219948,0.1309887799806644,10834,16.613865042001294,0.016798966217463542,0.17777962038612838,0.08638020732266281,0.4375,1.3823105527705204,0.7636439293249344,0.47517058166776943,1.8072185001080614,0.008768691157467232,0.08752158956267807,2.2631752601426665,0.9472476891895351,-2,csgo_smooth_34,1,smooth
20188.490306077016,0.12148533745913757,10355,17.381881398493334,0.014389183969097054,0.1527425236314863,0.08165295825757513,0.40019526483955303,1.3060337612544453,0.7886103634565255,0.44198733667348555,1.9720343392299688,0.008981168517624337,-0.0015615169098500829,2.390111390762952,0.9503083438575437,-2,csgo_smooth_35,1,smooth
23780.57510697159,0.13959122093813006,10637,16.922151184655885,0.011187364858512738,0.14968971388965088,0.08761735216863527,0.4375,1.4018961744593363,0.7713623609738257,0.43744347236943715,1.996440489432703,0.00940114693992667,0.018767997173857527,2.3079016750422436,0.9505053257833675,-2,csgo_smooth_36,1,smooth
21693.123210347363,0.12269624603804247,11045,16.29663165519739,0.019103666817564507,0.18534083172155144,0.08132915678435469,0.39528470752104744,1.3010858820957958,0.7611918820810598,0.4826224640478727,1.7842645381984037,0.009868718877320054,-0.04922771206836603,2.250355716949737,0.9419310903349816,-2,csgo_smooth_37,1,smooth
23511.01780928012,0.1373715392763459,10671,16.867197750702907,0.017805266610439508,0.1495806855033042,0.08747354275816474,0.4375,1.3986233654373574,0.8116611807773679,0.4330775290286401,1.458196121478229,0.009746040670977415,0.06034525585011931,2.2985245742556732,0.9539849711414952,-2,csgo_smooth_38,1,smooth
22676.707025657553,0.12880123275446526,10994,16.37169107613936,0.019010369292341275,0.15993381223867348,0.0844690764295503,0.4192627457812106,1.3515980275005897,0.7917805047651444,0.4494180497852502,1.9586402266288951,0.008368200836820083,-0.08562450518832052,2.3632411788261334,0.9497939922867303,-2,csgo_smooth_39,1,smooth
22208.538892495377,0.12512953382802805,11071,16.258084914182476,0.015807063499232228,0.16321141205865092,0.08166308517171052,0.3801726581436387,1.3058045449929587,0.800266862014204,0.4646300948157135,1.8510015755120415,0.008851955559570048,0.03213601324502877,2.3195370380939644,0.949409535165476,-2,csgo_smooth_40,1,smooth
25377.12327820916,0.1426803895742719,11102,16.212863705972435,0.013601152945415241,0.15236526442465498,0.09547752627830532,0.4375,1.5274341989189066,0.7930303472319009,0.42557989584441114,1.8156881616939364,0.009187533777697713,0.09509809092809808,2.2896562941117526,0.9523760965864021,-2,csgo_smooth_41,1,smooth
24561.890993653724,0.1432289078465158,10683,16.84787492978843,0.01497706636712534,0.18036917430042532,0.09801232369386728,0.4419417382415922,1.5673098464011777,0.775485197193573,0.4735631268538241,1.6056788094585959,0.010671159786576805,-0.014817121354572726,2.295130233030811,0.9518046550276436,-2,csgo_smooth_42,1,smooth
21763.22570944579,0.1263404943126031,10742,16.75672656177265,0.01768758145596723,0.16859988182076296,0.09044929082437289,0.45069390943299864,1.4466185321361318,0.7857583332131688,0.46376548819936697,2.190149060272197,0.007633587786259542,0.07224129282509985,2.370664776957807,0.9449799998111383,-2,csgo_smooth_43,1,smooth
23762.097977445803,0.13225425213881076,11219,16.043858085220183,0.01693555575363223,0.1672631396758049,0.08552994897103405,0.4419417382415922,1.36796183262351,0.7881983479501409,0.4670468584373988,1.7793160450459757,0.010072198948212853,-0.026559276006568013,2.3681366231159755,0.9470340954068661,-2,csgo_smooth_44,1,smooth
22208.654733530435,0.12818643651690792,10801,16.664814814814815,0.01657253957966855,0.1557919769914577,0.08457677734007012,0.4419417382415922,1.3529281330191814,0.803128142892592,0.42683260747435176,1.8075593711673543,0.009165817979816684,0.022716052660581226,2.3154817937615744,0.9499538607680462,-2,csgo_smooth_45,1,smooth
20913.16960462673,0.12989023015107368,10036,17.934828101644246,0.014149063371861299,0.1476342541766469,0.08391064615747207,0.4419417382415922,1.3437564597070006,0.773370682973743,0.4506311913078431,2.2248745422487453,0.008868074930251097,-0.026296377507048427,2.3570253827298426,0.9465301935306683,-2,csgo_smooth_46,1,smooth
24120.608793687585,0.1441908668946681,10438,17.244802146210596,0.009580379383023568,0.13481255709607995,0.09175455173061567,0.4419417382415922,1.468125661837876,0.779064360166733,0.40175048557306114,1.9613326051338067,0.009388771795363097,0.017979615234660712,2.4087747988212023,0.9521109332642635,-2,csgo_smooth_47,1,smooth
24742.221760225508,0.14018323387789064,11016,16.33953699500681,0.012073347857661584,0.15446025233538244,0.09244607771958496,0.39528470752104744,1.4791067327037932,0.7705257840545601,0.4422082562134122,1.9318658280922432,0.008896151053013798,0.11750806632321742,2.444273569951554,0.9506289883232626,-2,csgo_smooth_48,1,smooth
24711.70889199325,0.138365285347822,11155,16.13537744306975,0.008516360376512775,0.14713100183277847,0.0880232131407609,0.4419417382415922,1.4081808889956648,0.766229230595899,0.42463780410157925,1.6354040168145727,0.011385029134917077,0.06326095939900254,2.3708567415604813,0.9505155565538633,-2,csgo_smooth_49,1,smooth
21825.06391156416,0.13085376608972396,10406,17.296395963479096,0.015471843167403422,0.1648272829807705,0.08701750324274427,0.4419417382415922,1.3907148887537362,0.767527934411817,0.4612957764389825,1.6443157894736842,0.008937151643282721,0.08413998057981688,2.3488023398749616,0.9475736339355929,-2,csgo_smooth_50,1,smooth
21651.930790181694,0.12908826489324926,10460,17.207189979921598,0.01615678776290631,0.16501238996184167,0.0916928875374568,0.4375,1.4673000569560817,0.8110802575218327,0.4672208867609286,1.7717160424818335,0.010707456978967494,-0.04643082531603574,2.439304558832453,0.9498414049452046,-2,csgo_smooth_51,1,smooth
20651.69878489524,0.14171710589371594,9082,19.81962338949455,0.013763488218454085,0.17196200492879,0.09385993907684091,0.4419417382415922,1.501111167865205,0.7992876808999901,0.4545958612661653,1.7647397512666974,0.008698524554062982,-0.10110585877305792,2.3516765485297477,0.9503121049804848,-2,csgo_smooth_52,1,smooth
23649.79270014722,0.1327349462118467,11123,16.18171192231613,0.013665378045491325,0.1687673236288646,0.086411401823911,0.4419417382415922,1.3822789553680224,0.7638402398935543,0.4337854519770791,1.9082871751171708,0.009260091701878989,0.013043393570128426,2.2767331890222726,0.9459757099322506,-2,csgo_smooth_53,1,smooth
21827.215081280665,0.12783408640989505,10650,16.901117475819326,0.01887323943661972,0.17224551802437552,0.08173464646283662,0.4192627457812106,1.3079044825994475,0.7721492946932051,0.4718553793821426,1.579565351735503,0.009577464788732394,0.1288107967408746,2.170442763223849,0.9471973608054411,-2,csgo_smooth_54,1,smooth
24005.892987107312,0.1383178604336781,10836,16.610613751730504,0.006644518272425249,0.1307143316619138,0.0917437294491994,0.4419417382415922,1.467651265687846,0.7925657631767824,0.40094253294687404,1.5807521076063276,0.008305647840531562,0.08794014194553872,2.3629952774191554,0.9545067002950772,-2,csgo_smooth_55,1,smooth
22017.136705576806,0.13915080065435523,9866,18.244602128737963,0.009730387188323536,0.15127590198068533,0.08906880524295957,0.4192627457812106,1.4234353666474349,0.7733937100405693,0.4294511719725711,2.2063492063492065,0.010439894587472126,0.03302379402320406,2.252088076417171,0.9465267746535688,-2,csgo_smooth_56,1,smooth
23830.532915839354,0.1348527127107076,11036,16.30946986859991,0.015132294309532439,0.16599522107574666,0.08820918344317517,0.40019526483955303,1.4112841555244706,0.7762948752304077,0.4438344114221097,1.71249498596069,0.010148604566872055,0.0030656705633656947,2.3283240614857945,0.9489143922609795,-2,csgo_smooth_57,1,smooth
22126.83869119696,0.1307628863019749,10553,17.05562926459439,0.018667677437695443,0.170213940906667,0.08774998664107068,0.4419417382415922,1.4030430493570223,0.7733205792750475,0.46222841360994293,1.9620677276534642,0.008528380555292333,-0.047266630840488724,2.228357309890081,0.9457386259477507,-2,csgo_smooth_58,1,smooth
22841.6018474174,0.12930380265469185,11027,16.323598766551786,0.014509839484900698,0.17956788664520448,0.08805441711052762,0.45069390943299864,1.409085106212268,0.786081555004764,0.46178997098013497,1.6190287019565002,0.009068649678062937,-0.013129288724352591,2.270790056402855,0.9488805865205854,-2,csgo_smooth_59,1,smooth
23074.18618914478,0.1283816992670533,11222,16.039746903128062,0.013812154696132596,0.16798881329882315,0.08407010453015847,0.4375,1.3451652175427455,0.7920613258322774,0.4499150978136657,2.197249366630474,0.008376403493138477,-0.055513255757470965,2.231834757720152,0.941971078114937,-2,csgo_smooth_60,1,smooth
21330.52080542621,0.12669742934611605,10502,17.244262451195123,0.012378594553418396,0.16347268549395425,0.08420864424426822,0.4375,1.3473124684789144,0.7871598917714664,0.4339752486503607,1.9148099606815203,0.010093315558941154,0.026041415066860817,2.316581156416788,0.9436531008400305,-2,csgo_smooth_61,1,smooth
22289.128552751405,0.12630748494232077,11005,16.356143220647038,0.017264879600181735,0.17328151893230118,0.08370083776041597,0.4375,1.340807667174279,0.7696233015881274,0.45491852596703664,1.791532033426184,0.009359382099045889,0.015675013407032243,2.2478686595446207,0.9470395939112743,-2,csgo_smooth_62,1,smooth
22919.860818531917,0.13460309237223825,10627,16.937229437229437,0.014114990119506916,0.16469308863210413,0.08805902385513344,0.4419417382415922,1.408192991832473,0.7840408865031759,0.44227046815908116,1.7785488958990536,0.00922179354474452,-0.007436646065379435,2.3407521063362426,0.9525635600794156,-2,csgo_smooth_63,1,smooth
18668.872318865026,0.1288303652110471,9029,19.935755427558707,0.020268025251965888,0.1952682669068869,0.0857008069290299,0.4375,1.3710768444853016,0.7871406507801126,0.5353290740967537,1.705807921042642,0.010743160925905416,-0.12305027596571753,2.3066934542711923,0.9489061256983398,-2,csgo_smooth_64,1,smooth
23132.37304579976,0.13014343601216463,11099,16.21769688232114,0.015406793404811244,0.14941843075686626,0.08510691718022736,0.4375,1.3618251490335977,0.8092417733443383,0.4172315589795663,1.8350824587706147,0.009370213532750698,-0.035525187530517546,2.3026557602278706,0.9503372200355993,-2,csgo_smooth_65,1,smooth
22475.848565117165,0.12621901573363975,11093,16.22610890732059,0.017488506265212297,0.16823741916194881,0.08383263207729429,0.40019526483955303,1.3425687941649553,0.7937047629349995,0.4506805556556598,1.843261231281198,0.008383665374560534,-0.03775798578011347,2.2910184159920695,0.9469951555110759,-2,csgo_smooth_66,1,smooth
21727.00579934456,0.12459272421035011,10872,16.55569864777849,0.016280353200883002,0.1624226074704868,0.07834132036055579,0.4375,1.2529931140316155,0.7948577900987912,0.4571206436347754,1.8132247992863515,0.008922001471670346,0.030917079944327363,2.32521251614419,0.9453949277134419,-2,csgo_smooth_67,1,smooth
22204.213369786747,0.1302022849784331,10634,16.925703000094046,0.020406244122625542,0.19449867512492536,0.08242619891471403,0.4192627457812106,1.3173986058197935,0.7875547379057382,0.49161393891030714,1.7987265270882797,0.010438217039684032,0.05442196809161036,2.196459502645959,0.9456814186202787,-2,csgo_smooth_68,1,smooth
23566.151298048015,0.13583283007832112,10833,16.614937223042837,0.0134773377642389,0.15758513173935565,0.08754748832898801,0.4192627457812106,1.3999149632810188,0.7981931036677096,0.4389435149262107,2.0023413981491807,0.00784639527370073,0.04529940368459831,2.2612240312054266,0.9506826620416742,-2,csgo_smooth_69,1,smooth
20404.292110953087,0.1220788000164577,10429,17.25891829689298,0.016204813500815034,0.1748352337295724,0.0841922055502144,0.4419417382415922,1.3462744908759214,0.7718286152790177,0.46776876876044443,2.16517303184889,0.009013328219388245,-0.014706666049158757,2.31152058224603,0.9429707677413498,-2,csgo_smooth_70,1,smooth
23704.83380376944,0.1381750961179812,10696,16.827956989247312,0.012154076290201944,0.15585936281610177,0.08759623095042873,0.40019526483955303,1.400880979303393,0.8000631834966071,0.4361975843813459,1.9396597273591885,0.009536275243081526,0.16965810842200152,2.2453766423581762,0.9475348456733796,-2,csgo_smooth_71,1,smooth
22278.1404426234,0.13571264155576548,10234,17.58790188605492,0.013777604064881767,0.15775510087141215,0.0888293722700219,0.4192627457812106,1.4219746328579603,0.7827908058136479,0.4442236354779582,1.6507425485512515,0.0080125073285128,-0.008276006622720718,2.3531901964562323,0.9512308577976659,-2,csgo_smooth_72,1,smooth
23421.28342755897,0.140116181582788,10427,17.26213312871667,0.012947156420830537,0.15791686011681563,0.08930095928440704,0.4550068680800324,1.4287449866385058,0.8181200461727602,0.4373488722078105,1.8215811965811965,0.009398676512899204,-0.0314374996266852,2.3212783447380767,0.953163473836472,-2,csgo_smooth_73,1,smooth
21871.13427896993,0.12705406790554502,10740,16.759661048514758,0.018342644320297953,0.17139543104619723,0.08518911950507833,0.4375,1.3632656861515442,0.7936791448684626,0.4821779358501983,1.7751759014951627,0.010521415270018621,-0.04519133785595785,2.317253096651506,0.9469929550504981,-2,csgo_smooth_74,1,smooth
23956.13950234489,0.13753406202034565,10862,16.571126047325293,0.01767630270668385,0.16797024090385032,0.0964336596592682,0.4419417382415922,1.5441617237449696,0.785924861606708,0.4607220278330212,1.7342650311683088,0.010127048425704291,0.0077062038805561445,2.4095896872937725,0.9539922344363856,-2,csgo_smooth_75,1,smooth
22359.399816409586,0.13114615540846672,10640,16.917097471566876,0.020394736842105264,0.1673894225572663,0.08736830528607786,0.4419417382415922,1.3967570685239326,0.7689570185576073,0.4597884443494055,1.4612205670350793,0.008834586466165414,-0.018041807626034887,2.3087570646752495,0.9487684557804723,-2,csgo_smooth_76,1,smooth
23860.24940957028,0.148508946768816,10015,17.971739564609546,0.014178731902146779,0.1504665943324174,0.09615263427254683,0.4419417382415922,1.5382336036528712,0.7983655444536305,0.44129960824368947,1.826122532474174,0.009585621567648528,0.0012563832622063038,2.4487973056484282,0.9542516085932815,-2,csgo_smooth_77,1,smooth
22946.340519246623,0.1321491582361809,10842,16.601881745226454,0.01752444198487364,0.17083292792595692,0.08911894240951647,0.4419417382415922,1.4268637383015015,0.7811681992148459,0.46546900943752284,1.9101704233095107,0.008208817561335548,-0.05655060712628529,2.3667987528983123,0.9483066335315171,-2,csgo_smooth_78,1,smooth
22611.142899006823,0.13151978026106914,10728,16.778129952456418,0.02302386278896346,0.17204826189240938,0.09041906292101792,0.4419417382415922,1.446312644191338,0.8008900131340835,0.46983859028865627,1.5780117191379481,0.008109619686800894,-0.005908843503314466,2.3670954722194435,0.9540351436026566,-2,csgo_smooth_79,1,smooth
22081.571047677156,0.13065125184016915,10549,17.062571103526736,0.019433121622902644,0.15800605602281736,0.08560044277096689,0.4192627457812106,1.36908603037291,0.785949088508558,0.4590702551683485,1.735918945418891,0.009005592947198786,0.006364271325708614,2.3788451374994026,0.9498769381109801,-2,csgo_smooth_80,1,smooth
23828.760654411177,0.13748053344159195,10816,16.641701340730467,0.01257396449704142,0.15399326168903146,0.08259708347710575,0.40019526483955303,1.32062989926213,0.7822748661231321,0.4298591137492932,1.5876249405045217,0.00952292899408284,-0.09310812757427557,2.2474187353484885,0.9527195896664769,-2,csgo_smooth_81,1,smooth
22872.499906706726,0.1397712451055634,10214,17.622441985704494,0.019385157626786765,0.18545183121647812,0.09171030486708283,0.4419417382415922,1.466884043404656,0.8060550483997355,0.4933872385056631,2.0364667747163696,0.009790483649892304,0.016591032895480397,2.299486953508863,0.9470397114090892,-2,csgo_smooth_82,1,smooth
20855.801476754677,0.12031948701493174,10819,16.63745609169902,0.01451150753304372,0.1641012395552394,0.08328261381316515,0.4550068680800324,1.331858182545296,0.7618753551107361,0.44027214523122243,2.0210793650793653,0.009612718365837878,-0.016370784162496335,2.280499150799922,0.9436598729826644,-2,csgo_smooth_83,1,smooth
21873.2414173352,0.13091873205508595,10425,17.265253261703762,0.01553956834532374,0.15666478454033186,0.08517761446641557,0.4419417382415922,1.3619213564989006,0.8010909772729254,0.44085030838733325,1.4278910268622595,0.010647482014388488,0.02370701218449648,2.386740805079902,0.9536292003617695,-2,csgo_smooth_84,1,smooth
22266.814360309007,0.13552932351783736,10241,17.5759765625,0.014939947270774339,0.16530133937388677,0.09155721751522776,0.40019526483955303,1.465406282043742,0.7966969866066347,0.44297787344849643,1.7391397849462367,0.009569377990430622,-0.00879749532865478,2.227156905470638,0.949535102298678,-2,csgo_smooth_85,1,smooth
22626.355673045295,0.13538820972735685,10429,17.259014192558496,0.016204813500815034,0.1838642638637124,0.09268879380184558,0.4419417382415922,1.4822998405838061,0.7831313264029492,0.48204411770984296,2.0520271853761427,0.00891744174896922,-0.08663378963432417,2.3824222018687435,0.9460419964850987,-2,csgo_smooth_86,1,smooth
24395.226741001577,0.1432438064171197,10626,16.93844705882353,0.016186711838885752,0.16050620146973016,0.0976939118722713,0.4419417382415922,1.5629193589205064,0.8002640628495937,0.44583694379294536,1.8002227622519238,0.010540184453227932,0.04906093727191447,2.243302002562125,0.9540453872394528,-2,csgo_smooth_87,1,smooth
22514.89089660702,0.1374999554340254,10204,17.639615799274722,0.014504116032928263,0.16791473136666718,0.08352434648573294,0.4375,1.3356454044023411,0.8138288693652441,0.4575766580746644,1.6874031208019014,0.010290082320658565,0.018062881496859133,2.2435983437948557,0.951157171457368,-2,csgo_smooth_88,1,smooth
22753.769794486943,0.141064437048969,10068,17.878414622032384,0.010230433055224473,0.141100283053085,0.091965616622473,0.39528470752104744,1.4713283266852613,0.8256203788566226,0.3950735481425405,1.9059781396386348,0.008839888756456098,0.0612919311215318,2.342948697122126,0.9551512263715909,-2,csgo_smooth_89,1,smooth
25850.763007496607,0.1437529255914068,11232,16.024663876769655,0.01753917378917379,0.14574485269507462,0.09409990419991468,0.4375,1.505797909765806,0.7992821695044358,0.4158204923949479,1.8406362837903776,0.008814102564102564,-0.04857110408443193,2.3206965524206398,0.954521512286763,-2,csgo_smooth_90,1,smooth
25347.341561783604,0.14581401591449467,10852,16.586766196663902,0.013822336896424621,0.15559890856478897,0.0974496164637228,0.4192627457812106,1.5588780859461346,0.7683715960679697,0.44341960839655636,1.682510211659859,0.010781422779211205,0.013794293629456868,2.2619548734415202,0.9521822202343799,-2,csgo_smooth_91,1,smooth
23108.195220872538,0.13077802971388225,11036,16.309560489352062,0.021022109459949256,0.1853095805882742,0.08861298052086407,0.4375,1.4173153943462238,0.7799228907525918,0.4922303026610608,1.5490749756572542,0.009967379485320768,-0.016374702183731646,2.2592192200525543,0.948940096056035,-2,csgo_smooth_92,1,smooth
22950.48715449722,0.13002834169681915,11021,16.332214156079853,0.016604663823609474,0.1637325492547276,0.08758331254055332,0.4419417382415922,1.4005184799694144,0.7683755799257079,0.4531836852234332,1.9017417022674992,0.009618001996189094,0.023141031862518525,2.3966169849631203,0.9484959648059985,-2,csgo_smooth_93,1,smooth
23244.453692754585,0.14052806745374885,10314,17.45098419470571,0.010859026565832848,0.14845117110413703,0.09371010314395128,0.4419417382415922,1.4985754893107583,0.8032429501940653,0.42017283004675104,1.7610343753245405,0.009404692650765949,0.07438797463943882,2.3192802108315833,0.9519091400842103,-2,csgo_smooth_94,1,smooth
18451.6366273843,0.12168589933200905,9445,19.0567556120288,0.023186871360508204,0.18991255870319249,0.08415096693139122,0.4375,1.3480220231252056,0.7657999672759405,0.5144031016669238,1.7769169115682608,0.008999470619375331,0.034963015497923904,2.3785333553533645,0.9445606327982956,-2,csgo_smooth_95,1,smooth
22229.712479151778,0.12849840321857156,10793,16.67624166048925,0.020754192532196795,0.1649275752196356,0.08722671786259607,0.4375,1.3955083404318376,0.8206993124836476,0.4449156692335581,1.8296509058771542,0.00982118039470027,0.030520873471543798,2.243030587700629,0.94868189183852,-2,csgo_smooth_96,1,smooth
21493.147606549952,0.1311173252755218,10223,17.60702406574056,0.013009879683067592,0.15835931195245992,0.08212653821751086,0.3801726581436387,1.3141920034835617,0.7721914335268477,0.4548651441012252,1.899643281807372,0.009781864423359092,0.00791659844116205,2.3606571598897226,0.9484182669975807,-2,csgo_smooth_97,1,smooth
23781.240865179218,0.13619710428721546,10899,16.515048632776658,0.010459675199559593,0.14926599698995366,0.09031916703324176,0.4419417382415922,1.4451197118212908,0.7891798880595725,0.4197375463748819,1.5245494667157042,0.00990916597853014,0.0008473826522561036,2.270472839583546,0.9522136503126812,-2,csgo_smooth_98,1,smooth
22507.85372500812,0.13446785686174173,10443,17.524037540701016,0.013406109355549171,0.1564660260242219,0.09133534015227135,0.4375,1.4623069843946455,0.8004425748814384,0.427948977690465,1.78309375670457,0.010341855788566504,0.06697670367485485,2.4064654374051937,0.9498936231232531,-2,csgo_smooth_99,1,smooth
21050.761795380804,0.12877329732607334,10199,17.81947440674642,0.015981959015589763,0.1652404952704067,0.08417529388443201,0.4375,1.3466730224866619,0.7932302273127431,0.45096362148011204,1.9150668286755772,0.009314638690067654,0.0004004775980954825,2.2755453821547844,0.9453100010566691,-2,csgo_smooth_100,1,smooth
24339.178477535846,0.1355879598576916,11203,16.06597036243528,0.013121485316433099,0.15087186918905926,0.08901262615576395,0.4419417382415922,1.4234521699218619,0.76998435696574,0.4403698556167177,1.9718022944140667,0.010622154779969651,-0.05008890472824913,2.3439863277987514,0.9496598123334985,-2,csgo_smooth_101,1,smooth
21833.483995228973,0.13579290659344986,10026,18.236708229426434,0.01954917215240375,0.1672336607257651,0.0911662453602432,0.4192627457812106,1.4587731153546544,0.8091257089768714,0.45300507322421185,1.8646167966957319,0.008378216636744464,-0.056386849878587435,2.3158293990854935,0.9533568590363399,-2,csgo_smooth_102,1,smooth
23233.502580618067,0.13395128512355242,10828,16.622702503001754,0.01847063169560399,0.1738920713631084,0.08660634241152379,0.4419417382415922,1.3851542649768966,0.8020487157150954,0.4735763849565543,1.7700793896277967,0.008219431104543776,-0.05606707460689206,2.198164632301184,0.948366942344349,-2,csgo_smooth_103,1,smooth
23630.406277696486,0.13241145819778102,11144,16.150857040294355,0.018126346015793254,0.17596287124751103,0.08724662034737114,0.4419417382415922,1.3955198487598262,0.7843028499171331,0.46755823799862783,1.7176775738228252,0.01094759511844939,0.03964300236684907,2.266898019692534,0.9479189343120044,-2,csgo_smooth_104,1,smooth
24122.717397653672,0.1424374709850077,10569,17.029617713853142,0.01845018450184502,0.1668654902433128,0.09627165033322815,0.4419417382415922,1.539440704757531,0.7987557791068263,0.46756985460697575,1.7886049517748832,0.01059702904721355,0.06004081288377897,2.328133417964506,0.951716135060638,-2,csgo_smooth_105,1,smooth
24542.222566007506,0.14029983369761678,10908,16.500595947556615,0.016868353502016868,0.17221590827319389,0.09034699693646375,0.4419417382415922,1.4438439683647348,0.7789277416839517,0.47379900371959055,1.8849666495638788,0.009625962596259627,0.06942492253523164,2.2451696567832333,0.9486522028586029,-2,csgo_smooth_106,1,smooth
23344.3513145688,0.13526818604586935,10757,16.73233544068427,0.016826252672678257,0.145168597077567,0.09013840705952562,0.45069390943299864,1.4411434116093023,0.772500835735173,0.41484573704153777,1.7521734683440728,0.009575160360695362,0.013764871678576972,2.3980001515112206,0.9511834754633972,-2,csgo_smooth_107,1,smooth
23179.86016708337,0.13275672983355766,10895,16.520011015237746,0.016154199173932998,0.16948347303554118,0.08503359442155188,0.40019526483955303,1.3615468075606818,0.7963403140510612,0.46724888950305193,1.7708181344450233,0.009178522257916476,0.08035526896180817,2.2485493000474803,0.949825164878161,-2,csgo_smooth_108,1,smooth
22324.752099989484,0.12961724690857546,10749,16.74478972832155,0.014512977951437344,0.16147868377856228,0.08714672824631396,0.4192627457812106,1.3937850475061495,0.7920167129211197,0.44657565656853687,1.7651964011411017,0.008838031444785562,-0.001150694443423658,2.247358461145154,0.9491250716927659,-2,csgo_smooth_109,1,smooth
23906.15616454913,0.13312043074863042,11211,16.055129348795717,0.015966461511015967,0.15605528790872353,0.08670715646183048,0.4375,1.3868238648957973,0.8054850678158563,0.4375985682054533,1.8750656167979003,0.009633395772009633,0.07751149499960326,2.331785030991174,0.9507361511238593,-2,csgo_smooth_110,1,smooth
22577.50480063786,0.1278612270029825,11017,16.337962962962962,0.021602977217028228,0.175157314196436,0.08507303320867442,0.4192627457812106,1.3616050174978183,0.7597971886249656,0.49420356928545356,1.8199757468856796,0.011164563855859127,-0.024736694063864077,2.3255283115456815,0.9452322253745125,-2,csgo_smooth_111,1,smooth
21780.336420485102,0.12777804774286125,10645,16.908117249154454,0.016909347111319868,0.16278971443047546,0.08741845527429387,0.4419417382415922,1.398619333480813,0.7917502792508954,0.44824830817694744,1.6220746363061354,0.008924377642085486,-0.015681057255730945,2.31611148934186,0.9524598852543176,-2,csgo_smooth_112,1,smooth
23870.658582567274,0.13901630270607246,10714,16.79921590590871,0.017267127123389958,0.1733697933480742,0.09324513966897073,0.4192627457812106,1.491825461637957,0.7842270565826022,0.4656533236266398,1.871696911811525,0.009800261340302409,-0.05874482917433296,2.222970038931424,0.9509815798801469,-2,csgo_smooth_113,1,smooth
22484.619429930637,0.12612367513942885,11137,16.162176724137932,0.020472299542066984,0.18325704441159035,0.08385129451559935,0.40019526483955303,1.3410027993496063,0.7960162662580482,0.4671336328492843,1.9810398976387111,0.008979078746520607,0.006207728380161955,2.162669947626507,0.945029465655861,-2,csgo_smooth_114,1,smooth
22495.816264287787,0.1370642956721915,10241,17.57509765625,0.011815252416756176,0.16543199775072512,0.08782442132673769,0.45069390943299864,1.4051995524357146,0.7635533246176534,0.44664803983432,1.5348356622712065,0.010741138560687433,0.011583150672290375,2.211909086580905,0.9475702297565937,-2,csgo_smooth_115,1,smooth
20668.980499290417,0.12926575197436513,9956,18.079156202913108,0.014564081960626758,0.163877763585467,0.08616508513109097,0.4192627457812106,1.3786279364573173,0.8100067902574319,0.440550339822804,1.937570656952644,0.008939333065488149,-0.019996672767771746,2.3278310082637903,0.9509540539610497,-2,csgo_smooth_116,1,smooth
22253.547735262757,0.13461900806880825,10307,17.463516398214633,0.01688173086252062,0.167780209431238,0.08848109732098344,0.45069390943299864,1.415585128083797,0.7801547132066221,0.46136302765000053,2.2589216944801027,0.010187251382555544,0.011723952122622837,2.3254855982556863,0.945047006884759,-2,csgo_smooth_117,1,smooth
20894.184429108092,0.12723870283621064,10249,17.561670569867292,0.02088008586203532,0.1792757307121569,0.0874741476439108,0.40019526483955303,1.399195070362083,0.7759469212978166,0.4732358631301425,2.028316133903851,0.009659478973558396,-0.041549212421920494,2.224907937119611,0.9423779114551507,-2,csgo_smooth_118,1,smooth
23650.42673698812,0.13840629273141514,10657,16.889076576576578,0.016139626536548747,0.17668741528192386,0.0957572802328077,0.45069390943299864,1.532913062037144,0.7912756040904335,0.4498796897670334,1.4846133020485515,0.010134184104344562,0.024448416921120122,2.255263855922012,0.9519580967989931,-2,csgo_smooth_119,1,smooth
20231.72212584884,0.12271780943781926,10287,17.497569511958,0.013609409934869253,0.16027788019312095,0.07823780198873044,0.45069390943299864,1.2503610029514123,0.7691091140316584,0.43220428588562676,1.8826402805611222,0.009818217167298532,-0.03910152465837054,2.286909056734503,0.9421858610048679,-2,csgo_smooth_120,1,smooth
21244.27214489254,0.12464670819003482,10644,16.911021328572772,0.01813228109733183,0.17154325277660643,0.07734243837346715,0.4192627457812106,1.2365675031580505,0.7902066436159327,0.4540630321801419,1.8162629757785467,0.009958662157083803,0.05490146468914783,2.1746859272917978,0.9429478590749221,-2,csgo_smooth_121,1,smooth
23147.764557518873,0.13975116228994827,10328,17.428101094219038,0.01481409759876065,0.16278042277736812,0.09533231092908602,0.4419417382415922,1.5260382399487509,0.7787065951487618,0.4590355254357318,2.101511879049676,0.010457010069713401,0.014032330812888641,2.416538831698228,0.9499310203335241,-2,csgo_smooth_122,1,smooth
22345.35571001943,0.12454315946320997,11194,16.079782006611275,0.016794711452563872,0.16987920927807879,0.09028316514264642,0.4419417382415922,1.4446309605164627,0.7935774765311231,0.46163583800881175,1.7941658472631925,0.008129355011613364,0.042330490992380225,2.4505355587843054,0.951424157344694,-2,csgo_smooth_123,1,smooth
20542.571548166874,0.12464914769060473,10268,17.53024252459336,0.014900662251655629,0.15160365517707325,0.08499524575213976,0.4419417382415922,1.359499237590274,0.7917215914153568,0.425720446356952,1.8696609962060948,0.008862485391507597,0.05318726501330828,2.4217791866912872,0.9501485461153756,-2,csgo_smooth_124,1,smooth
23171.489854484935,0.1309387919057312,11048,16.291934461844846,0.01710716871832006,0.17163697896453625,0.08821832218505489,0.4375,1.4118224587209083,0.7771937600504055,0.4630545249625125,1.6237973689377576,0.009866039102099928,-0.01861968869265666,2.333064391083725,0.9479948975847448,-2,csgo_smooth_125,1,smooth
20365.29070761957,0.12079628575081403,10502,17.1388439196267,0.01752047229099219,0.16139283482501876,0.07719940187424176,0.40019526483955303,1.233884585447555,0.7696906344135117,0.44591161386297185,1.9414357682619647,0.009521995810321843,-0.049952768239820505,2.351679764164557,0.9428970232222953,-2,csgo_smooth_126,1,smooth
24967.48997111727,0.1425451997458333,10933,16.463410171972193,0.01673831519253636,0.16985095512755302,0.09389441836131139,0.4419417382415922,1.501461367800318,0.7658717677474953,0.44330170601997254,1.7943769592476488,0.01070154577883472,-0.057394723845930196,2.2464623470868457,0.9504746725771311,-2,csgo_smooth_127,1,smooth
19705.119997880316,0.12800924423279567,9591,18.767883211678832,0.012615994161192785,0.14910720532829166,0.0823512460672848,0.4375,1.318048701771253,0.7969432439056132,0.4163072248952593,1.6933922810371609,0.010426441455531227,0.015784599372363123,2.214050397601676,0.9475897206427526,-2,csgo_smooth_128,1,smooth
21259.99451019205,0.12990572894586516,10211,17.627032321253672,0.012731368132406228,0.1613990583043759,0.0829140823095049,0.4375,1.3263505257020447,0.8007273126982185,0.43715309763209187,1.7879834254143647,0.00881402409166585,0.12760387604822326,2.2617292894625636,0.9467902761145239,-2,csgo_smooth_129,1,smooth
21855.62617560123,0.1260467323316107,10823,16.63019774533358,0.017370414857248453,0.17775721823166646,0.08795523559943237,0.4419417382415922,1.40715411621797,0.7825961432133812,0.46948674102639343,1.7143010752688173,0.009978748960546983,-0.06216730193111585,2.3799550155762494,0.950044676957241,-2,csgo_smooth_130,1,smooth
21417.87105033637,0.12985557935487405,10287,17.49737507291464,0.018761543695926898,0.17153150461694452,0.08724164507268367,0.4419417382415922,1.3942517886996648,0.7753999360396381,0.4648040669990136,2.0902848423194302,0.008943326528628366,0.12724000616177916,2.371221021171057,0.9464066209227133,-2,csgo_smooth_131,1,smooth
25611.61073210956,0.14251412605526767,11218,16.045466702326824,0.015243358887502228,0.16224899709870005,0.09141245461266553,0.4419417382415922,1.4626325468893004,0.7852760605734048,0.4715129201631459,2.0268872802481903,0.00971652701016224,0.017305979096288532,2.43417953151399,0.9533698292617117,-2,csgo_smooth_132,1,smooth
22839.20914303024,0.12718286261845158,11208,16.058713304184884,0.015970735189150608,0.16657562819984587,0.07824786162958235,0.40019526483955303,1.2518075167455782,0.7836354730859759,0.46033813090214765,2.0364040735104765,0.009100642398286937,-0.03492350169397827,2.407138508345641,0.946890703829493,-2,csgo_smooth_133,1,smooth
23445.42984827891,0.1323668044797393,11020,16.332698066975226,0.015789473684210527,0.16340981692605702,0.08877325474748626,0.4192627457812106,1.421510911672384,0.7856891145832602,0.46151988974409175,1.6302165354330709,0.010163339382940109,0.0758898510687482,2.296718012004789,0.9500263660947181,-2,csgo_smooth_134,1,smooth
22959.068197542434,0.1323350480498172,10830,16.619355434481484,0.014127423822714681,0.16509066838101394,0.08652936481906699,0.4192627457812106,1.3842839956590147,0.800740481094553,0.4708956768943396,1.780531345164339,0.008956602031394275,-0.05295864276741952,2.2336599683314895,0.9508462126107293,-2,csgo_smooth_135,1,smooth
23395.056440620407,0.1324040973925592,11036,16.309741730856366,0.015404131931859369,0.16299671049367537,0.08902458266262593,0.4419417382415922,1.4238607340308052,0.756977798191991,0.46848764785437935,2.096845536026074,0.010420442189198985,0.09161109312642043,2.2847876690305404,0.9448514729406345,-2,csgo_smooth_136,1,smooth
21153.865621154844,0.12915773279618067,10208,17.632898990888606,0.01655564263322884,0.176822402779491,0.08459149786673233,0.4375,1.35268665959836,0.7608468960713982,0.4776791868204082,2.212856196156395,0.009698275862068966,0.04751538376846555,2.207179791400054,0.9405516537904623,-2,csgo_smooth_137,1,smooth
22447.24047963482,0.1367232291808165,10242,17.573479152426522,0.012595196250732278,0.15088702287914135,0.09022327091540336,0.40019526483955303,1.4435520063755254,0.7700991773717887,0.4263618688163863,1.6269929927896822,0.00908025776215583,-0.00523812671758988,2.392645196250071,0.9516921452190167,-2,csgo_smooth_138,1,smooth
22896.58902835937,0.1336614864423428,10687,16.8425977915029,0.013942172733227285,0.157884450634787,0.08353056875551142,0.4375,1.3349677690324269,0.8172509202729141,0.4252942096508081,1.4923326031050577,0.009076448020960045,0.032183655527596174,2.229018484476213,0.951238919551743,-2,csgo_smooth_139,1,smooth
23148.777255246132,0.13066566732399995,11056,16.280235187697873,0.015557163531114327,0.1579235677946045,0.08080168691927836,0.4192627457812106,1.2917649076645723,0.7876727829149301,0.4392737393470483,2.053088133240805,0.009406657018813314,-0.07615916016018322,2.3097555900368607,0.9472555163160605,-2,csgo_smooth_140,1,smooth
22473.601434391352,0.13188147500591144,10637,16.92149304249718,0.015323869512080474,0.1561446082282513,0.0862376340825382,0.4375,1.3792574113496698,0.790937678875686,0.4390467312390119,2.0857039537126325,0.010435273103318606,-0.09850058538584462,2.356968806377207,0.948845604968662,-2,csgo_smooth_141,1,smooth
21658.01937813429,0.1347316798610842,10026,17.95271820448878,0.014063435068821066,0.16751260420830263,0.08809680135204366,0.4419417382415922,1.4084772815724564,0.7735735253621103,0.44455690170020434,1.480682042184112,0.009674845401954917,-0.02208570967527243,2.2031078653982714,0.9467876281267362,-2,csgo_smooth_142,1,smooth
23890.22655832781,0.13488539740832198,11061,16.27341772151899,0.013018714401952807,0.15269450544839094,0.08747562377132401,0.4419417382415922,1.3984771786697237,0.7880628513707535,0.4245040813562135,2.0565828811870226,0.008227104240122955,0.14026942688584015,2.2285627876770464,0.9463261472226108,-2,csgo_smooth_143,1,smooth
24565.238372152035,0.13669979267153293,11215,16.049491706795077,0.02024074899687918,0.17376748164190728,0.09219315876502908,0.45069390943299864,1.4759029128597279,0.8066093111357558,0.4642992618742064,2.2688462895448667,0.010878288007133304,0.05496991981383394,2.301214637050853,0.9465599758465917,-2,csgo_smooth_144,1,smooth
23722.535650733094,0.13372736016622094,11067,16.26405205132839,0.015993494171862292,0.1598079219393501,0.09177477652100463,0.45069390943299864,1.4688058510218043,0.7893829341582747,0.4403651740455368,1.7189883580891208,0.009668383482425227,0.056235181957865005,2.377811687332685,0.95225063126211,-2,csgo_smooth_145,1,smooth
23047.3227234573,0.13286814967132948,10827,16.623868464806947,0.015978572088297775,0.17307985743562457,0.09032599507353485,0.45069390943299864,1.445458738907306,0.8105180550631842,0.46555177411182835,1.9791477787851315,0.009697977279024661,-0.005772464472754902,2.3352454570131287,0.9478175820602196,-2,csgo_smooth_146,1,smooth
22873.526862706465,0.1369240860334191,10420,17.273634705825895,0.014683301343570057,0.1709046290714564,0.09347068512270094,0.4419417382415922,1.4948098730269634,0.8024642026519992,0.4608864143774312,1.6832784184514002,0.007869481765834933,-0.03264762178447212,2.36708340650866,0.9537083794088939,-2,csgo_smooth_147,1,smooth
19526.881864525414,0.1340991318264851,9080,19.82255755039101,0.014427312775330397,0.1732034430957542,0.08368211235805927,0.3801726581436387,1.3371473909531055,0.7846469918360152,0.4659085795134023,1.949120937666489,0.009801762114537444,-0.05067522580036118,2.2399714194237847,0.9472147702840291,-2,csgo_smooth_148,1,smooth
21359.71775379326,0.12766640017526307,10437,17.245400536604063,0.018587716776851587,0.17687365385029247,0.08452937853938927,0.4419417382415922,1.3525558622586422,0.7626751382837585,0.47322220480129495,1.6288261196434326,0.011114304876880329,-0.05347242422896783,2.287089014657913,0.9443092738525196,-2,csgo_smooth_149,1,smooth
22999.30588061733,0.13269388510269378,10818,16.638809281686235,0.014605287483823257,0.15194235550633958,0.09205579377385145,0.4192627457812106,1.472398733041162,0.7957734689530711,0.43397144934122167,1.7602533485619354,0.009706045479755962,0.03887835693009771,2.3480924126837306,0.9519108560734484,-2,csgo_smooth_150,1,smooth
22052.977364450235,0.13471755996962717,10196,17.65286905345758,0.017359748921145546,0.15601926134045438,0.08658077036298847,0.4375,1.3853995912943162,0.8236704593684027,0.4545642685907543,1.787662843781316,0.00931737936445665,-0.062378600015789126,2.317480722157672,0.9524444851553426,-2,csgo_smooth_151,1,smooth
22381.937938704636,0.1298099281934916,10752,16.790252069574922,0.013020833333333334,0.1709354508142836,0.0828082641201525,0.3801726581436387,1.324616745307033,0.7884321837456638,0.4491169888500237,2.0055555555555555,0.009114583333333334,0.02283571996872043,2.2759911766445247,0.9449631887536993,-2,csgo_smooth_152,1,smooth
24262.365885608953,0.13906837766157054,10883,16.5396066899467,0.015804465680419003,0.1600562393342255,0.09456378188978504,0.4419417382415922,1.512601807553595,0.7836430621423877,0.45761567152314253,1.9567705022250477,0.009923734264449141,-0.011169700042411294,2.353850199175438,0.9501401919436687,-2,csgo_smooth_153,1,smooth
24857.561203532274,0.14016261122812135,11030,16.3186145616103,0.013780598368087035,0.1578428767372338,0.09287074765156737,0.4375,1.4889804990825584,0.7688762075347073,0.4370245959302847,1.7831360657341289,0.009972801450589302,0.00956846028821661,2.3538411139599393,0.9515789432967328,-2,csgo_smooth_154,1,smooth
22766.442704705943,0.1303551169541113,10894,16.522445607270726,0.016247475674683313,0.1737798741549577,0.08878028185330247,0.4192627457812106,1.4210884662578962,0.7951760590324543,0.47037641058150353,1.7903772785078422,0.008812190196438406,0.06285234926281436,2.3687276724672692,0.9520436461874282,-2,csgo_smooth_155,1,smooth
20198.113671908497,0.12430741129424601,10137,17.755919494869772,0.016572950577093813,0.1852059678512309,0.07736753638668,0.4419417382415922,1.23654750847872,0.757653684129699,0.46649803249440813,1.9744563793555148,0.008977014895925816,-0.044334208433725576,2.2344020053606326,0.9383834521887287,-2,csgo_smooth_156,1,smooth
23746.950314342103,0.1395769796046809,10625,16.94070030120482,0.013835294117647058,0.1511210816197398,0.09166999915846297,0.4192627457812106,1.4655381736046382,0.793519046503326,0.42488212954447774,2.0817457568410114,0.007905882352941176,-0.03342735489720732,2.287186888928535,0.9519232561637208,-2,csgo_smooth_157,1,smooth
24136.933847170505,0.1369915691729811,10998,16.36564517595708,0.015002727768685215,0.15708381927361229,0.09086603644697018,0.40019526483955303,1.453732650467304,0.7686820800905848,0.43327472461357924,1.6384202092562918,0.011183851609383524,0.015638836106155466,2.441772283680693,0.9499319172894325,-2,csgo_smooth_158,1,smooth
23831.409973428556,0.1400375478311978,10616,16.955440414507773,0.01723813112283346,0.17029638496701513,0.09491847584774099,0.4419417382415922,1.519338863019656,0.7825855302380696,0.47793429819401084,1.6706796116504854,0.009325546345139412,0.08825368141534616,2.38243759991559,0.9534810193872816,-2,csgo_smooth_159,1,smooth
21836.126578474537,0.1330542763808456,10241,17.5763671875,0.018162288838980568,0.17474078639610952,0.09108426662248666,0.4419417382415922,1.4562742150506494,0.7721331966527238,0.47406835694045535,2.3009940357852883,0.008788204276926082,0.08062340244968412,2.344272135634812,0.942215726473226,-2,csgo_smooth_160,1,smooth
23011.24267209157,0.13164600936424722,10898,16.51601358171974,0.013396953569462286,0.1723066487759919,0.0863148076379351,0.4192627457812106,1.3820718757570574,0.7625997318399863,0.4553650301782411,1.6914094232331438,0.00963479537529822,-0.07504383554486625,2.302789013252774,0.9470983225131284,-2,csgo_smooth_161,1,smooth
21347.68062948519,0.12876657234975908,10339,17.408686399690463,0.012767192184930845,0.16138469385547735,0.08623694904530782,0.4419417382415922,1.3783277131907716,0.7962751435255285,0.4416308343400435,1.5112255406797117,0.009478672985781991,-0.02643977158264474,2.2558214036169986,0.9493513800849909,-2,csgo_smooth_162,1,smooth
22556.323418558288,0.13983544076713333,10046,19.12165256346441,0.016125821222377067,0.159170112846529,0.08958504299829338,0.4419417382415922,1.4337586107822429,0.8006295241746076,0.44251291757163513,2.011622446583705,0.008062910611188533,0.023679228259153688,2.308757691833686,0.9500807821818906,-2,csgo_smooth_163,1,smooth
24634.543176057665,0.14138686052604804,10871,16.556945722171115,0.020237328672615216,0.1784127221450604,0.09182305996732677,0.4419417382415922,1.4692501025086544,0.7761523200819742,0.4905268023865788,1.5960234975146859,0.009658725048293626,-0.012477300177097984,2.2751870776434315,0.9518154264018885,-2,csgo_smooth_164,1,smooth
23175.63733735021,0.13306889974832634,10853,16.58532989310726,0.020731594950704875,0.17804845121115692,0.09033793378496757,0.4192627457812106,1.445800262450711,0.773594322293766,0.4823415809664825,1.9685562943761974,0.009398323044319543,0.014096673913449114,2.293411846800818,0.9496366902239503,-2,csgo_smooth_165,1,smooth
22371.135102205128,0.13411795542016697,10395,17.315278045025977,0.013564213564213565,0.16376836731730773,0.09226322490677043,0.4419417382415922,1.4765103381672913,0.8039662771883307,0.4570685556250627,1.8605916354981298,0.008465608465608466,-0.03324077780340756,2.356975016039633,0.9491778120561218,-2,csgo_smooth_166,1,smooth
21741.381921412663,0.13328491953182905,10166,17.70585341859321,0.009639976391894551,0.14584883195163373,0.08314909568286886,0.4419417382415922,1.3300533495987892,0.7853148480209678,0.4194900063099756,1.8753300424750317,0.011017115876450915,0.05714807379501376,2.299164224281576,0.9507264252552405,-2,csgo_smooth_167,1,smooth
23296.923802372858,0.136819884837136,10624,16.941824343405816,0.018072289156626505,0.166369773507173,0.09567498823815297,0.4419417382415922,1.530874319684693,0.7969592664877241,0.47836118096449437,1.7090890354492994,0.008283132530120483,0.0908070109121902,2.3320811665644197,0.9528843523246742,-2,csgo_smooth_168,1,smooth
21766.69648566402,0.1284979096070868,10577,17.01730332829047,0.0179635057199584,0.165106637390128,0.09158264183821915,0.4419417382415922,1.4643254601779379,0.8125214430813194,0.46042134074237817,1.7968697596422583,0.008130849957454856,0.025313622353905003,2.295280323583847,0.9509646362921386,-2,csgo_smooth_169,1,smooth
24589.69602858318,0.13689023875236578,11212,16.053162072964053,0.012040670709953622,0.16468371236374332,0.08887382751982076,0.40019526483955303,1.4216639892737313,0.7978622516638938,0.45035611687372334,2.0098479982873045,0.009989297181591153,-0.05013047204670228,2.3558218465746337,0.9486848658943359,-2,csgo_smooth_170,1,smooth
22598.488289477595,0.12669924840188157,11136,16.163448585541087,0.022898706896551723,0.18186392370162677,0.08203905612696148,0.4375,1.31202012194913,0.7876888593569901,0.4930895545859749,1.9861323304736163,0.009877873563218391,-0.0380753540582928,2.233551894995009,0.9447715275144186,-2,csgo_smooth_171,1,smooth
22080.936983159467,0.13688651884331898,10071,17.872393247269116,0.013206235726342965,0.15041763792768093,0.08642009945148342,0.40019526483955303,1.381716535109994,0.7896344333034385,0.4165860793501243,1.951854031783402,0.00844007546420415,-0.08436784031700612,2.3018692956504365,0.9513566143493732,-2,csgo_smooth_172,1,smooth
22702.662676552005,0.1307769679935174,10841,16.60322878228782,0.01835624019924361,0.1713527185518731,0.08491525840475238,0.40019526483955303,1.3587358931622975,0.8033959298501889,0.46910352392575483,1.5821984435797665,0.009316483719214095,-0.045129836122569426,2.2714399734610926,0.9506412895792536,-2,csgo_smooth_173,1,smooth
22552.49675820604,0.13214746105112915,10659,16.88628260461625,0.02195327891922319,0.17369517776521182,0.0831932464876269,0.39528470752104744,1.3302233008656972,0.7901813182370657,0.44863738457972696,1.7318948942533647,0.00938174312787316,0.08259234239013954,2.1934157880765377,0.9448748551964798,-2,csgo_smooth_174,1,smooth
22868.144865661583,0.13508968307527866,10548,17.064473309945956,0.013557072430792568,0.15896582110760027,0.08988500193355857,0.4419417382415922,1.4381670556264363,0.7852661144888937,0.4371587491833737,1.8061875398681693,0.010049298445202881,0.01942927693752247,2.3642224406130556,0.9479656152821272,-2,csgo_smooth_175,1,smooth
20290.293911885066,0.1282816860609367,9864,18.2482003447227,0.013888888888888888,0.1558195179215444,0.08457602079842444,0.3801726581436387,1.352574479747982,0.7735240175432851,0.43476847989031814,2.057161803713528,0.010340632603406326,-0.0337618345677402,2.3366732435333253,0.94503319328127,-2,csgo_smooth_176,1,smooth
20374.489069716332,0.1331743989053915,9541,18.905765199161426,0.01781783880096426,0.16711385994252043,0.09033838110967317,0.4419417382415922,1.4439155007748001,0.8122296672865754,0.4598521122594073,2.054562187746516,0.009642595115815953,-0.012574215378676527,2.3166028470678737,0.945502006584493,-2,csgo_smooth_177,1,smooth
23819.189595875825,0.13740994064950598,10824,16.62856878869075,0.013396156688839615,0.16562246196859992,0.08987388676059675,0.4375,1.4367266551891553,0.7933958881866329,0.45576010204028194,2.0147896581945663,0.009238728750923873,0.10161138437920986,2.2503236342599586,0.9504792534056519,-2,csgo_smooth_178,1,smooth
21101.358942710453,0.13107967908700657,10048,17.913705583756347,0.016719745222929936,0.1714529486328441,0.08632695018427035,0.4375,1.379948117964098,0.7559816503005994,0.466174962678219,1.8133926480917817,0.010051751592356687,-0.0011016515332172847,2.3028289450106074,0.944130616470122,-2,csgo_smooth_179,1,smooth
24047.025170565805,0.1392044053146635,10776,16.703201856148493,0.011599851521900519,0.13728826087134818,0.09188174328234432,0.4192627457812106,1.4689060295199095,0.7955144195802937,0.408096618439774,1.9101802757158006,0.00983667409057164,0.04100373228650282,2.2979786466997814,0.951698404889283,-2,csgo_smooth_180,1,smooth
24020.57170601945,0.13916230540792418,10772,16.709961934824992,0.013553657630894913,0.15706701942223,0.0888616587984754,0.39528470752104744,1.4215899616213565,0.8164997454518446,0.4325268315182718,1.720898031846504,0.009190493873004085,0.11120585663855645,2.409694644968037,0.9534373199156795,-2,csgo_smooth_181,1,smooth
23333.495194602052,0.14102993344011866,10320,17.4417094679717,0.016472868217054265,0.17205659134972362,0.0941216656697499,0.4419417382415922,1.504870112410936,0.8110718408609543,0.47088019162098815,1.8529567894680965,0.009108527131782946,0.1377864225711914,2.2596356857519573,0.9497303242113734,-2,csgo_smooth_182,1,smooth
21270.91537231102,0.1317109181046311,10080,17.899295565036216,0.01507936507936508,0.14693993226287835,0.08661925790369986,0.4419417382415922,1.3841830682250826,0.8057312788025756,0.4219311823241314,2.128673651929466,0.008630952380952382,0.11490876655970943,2.2483661946772866,0.9475330098413204,-2,csgo_smooth_183,1,smooth
23287.56556889014,0.13423296842341081,10813,16.645301516833147,0.016646629057615832,0.16550301503143713,0.09353878241760695,0.40019526483955303,1.4965175955952243,0.7831318246874364,0.4568165251111976,1.7820200951877314,0.008970683436604088,0.024027152718014855,2.348834084835058,0.9482590332128025,-2,csgo_smooth_184,1,smooth
23709.06858661469,0.13451092783044802,10996,16.36944065484311,0.015914878137504546,0.15958028790280282,0.08644754985368447,0.4192627457812106,1.381574649844887,0.7718739308663535,0.4436545932331279,1.3471714164185453,0.009548926882502728,-0.004495286283969736,2.3056090993319214,0.9520614038880826,-2,csgo_smooth_185,1,smooth
21404.681701659236,0.11904814327459992,11227,16.032424728309284,0.013004364478489357,0.16357868209895113,0.07640140451161123,0.39528470752104744,1.2224409176893467,0.787180042156323,0.44617843509286004,1.5645872715816005,0.008550814999554644,0.10854157800766855,2.3266883021929528,0.9430281949427806,-2,csgo_smooth_186,1,smooth
22251.356407656283,0.1382030827609294,10037,17.93333997608609,0.011955763674404703,0.14600631045529697,0.09209212765774767,0.4419417382415922,1.4745097258381137,0.7794475291145606,0.42486588050576624,1.883108108108108,0.009365348211617016,0.025958156840441015,2.3978316703621103,0.9519593898474922,-2,csgo_smooth_187,1,smooth
21183.51795841873,0.12648534504875725,10456,17.214060258249642,0.0173106350420811,0.16703962986878135,0.07989771265514571,0.39528470752104744,1.2772986045133161,0.7980753668892518,0.45730752331000546,1.8263897084857783,0.010042081101759755,-0.06090634721409039,2.169439031203919,0.9448477558895831,-2,csgo_smooth_188,1,smooth
23588.86914686494,0.13699364820282822,10750,16.743604056191273,0.01730232558139535,0.17417474572813638,0.09171473569718781,0.4375,1.466767625660942,0.805372686941652,0.48185511669990816,2.1685063410051666,0.008930232558139534,-0.04795556535221259,2.2576470207908335,0.9469903753735772,-2,csgo_smooth_189,1,smooth
21785.512686865975,0.1320741033799478,10290,17.492856448634463,0.013799805636540331,0.15029713284962862,0.0882936669359287,0.4192627457812106,1.412312883978827,0.7695300861456301,0.4471340155989365,2.1505538771399797,0.008454810495626823,-0.006198397458561383,2.347773427603946,0.9484424736722219,-2,csgo_smooth_190,1,smooth
20956.451458767726,0.12633217985151857,10323,17.436833946909513,0.016952436307275016,0.17318719371552344,0.08353083210681435,0.4419417382415922,1.335397186519917,0.7979685784453263,0.4423960342627941,1.8661846627948322,0.009396493267461009,0.006210247561303015,2.195472037975627,0.9429939880671014,-2,csgo_smooth_191,1,smooth
22404.99590816322,0.1270260941416639,11006,16.353930031803724,0.017626749045974922,0.17864890660187044,0.0806395554084022,0.4419417382415922,1.2896089945717657,0.7808664355942835,0.4721919307362948,1.8947906026557713,0.0089950935853171,0.06411202985399554,2.2470109964945073,0.944979269488607,-2,csgo_smooth_192,1,smooth
21881.99456236128,0.1313609711854293,10376,17.443469879518073,0.0139745566692367,0.1616640741533776,0.0815057105592757,0.4375,1.3033140878414613,0.8014302141096141,0.43872769351493446,1.877842532282025,0.010023130300693909,0.007077718427193775,2.289200034842078,0.9470639877766729,-2,csgo_smooth_193,1,smooth
22091.573316235437,0.13454939470146146,10251,17.558439024390243,0.016388645010242904,0.15354692264605044,0.09260221716413845,0.4375,1.480508394333697,0.7875350481296333,0.45536461049157323,1.7367958713077851,0.009364940005853088,0.03234519075386627,2.3264278029998113,0.9505045979892985,-2,csgo_smooth_194,1,smooth
24839.698771438892,0.1435795125796908,10786,16.687343532684284,0.014092341924717226,0.14654155936179963,0.0967512185548661,0.45069390943299864,1.5468525346860136,0.7856823950790497,0.43956158345004576,1.5884871117588122,0.007787873168922678,-0.08366840856215779,2.4175099896612533,0.95596116891397,-2,csgo_smooth_195,1,smooth
22125.428995628048,0.13905425324676346,9916,18.15249621785174,0.01189995966115369,0.14513088012484848,0.08519544404698465,0.4375,1.3623416816702831,0.8061659564634732,0.4274313918167931,1.6039000609384522,0.009782170229931424,-0.045585444229886606,2.24689249708744,0.9520909853390853,-2,csgo_smooth_196,1,smooth
22348.713345287906,0.13362335267401465,10441,17.238505747126435,0.010248060530600516,0.15486519423507653,0.08868654084850919,0.4192627457812106,1.4183761262364898,0.7726695190281218,0.44325904714134795,2.0961352657004833,0.00938607413083038,0.023389757609538948,2.270428050622831,0.9471530829359398,-2,csgo_smooth_197,1,smooth
23434.720432533333,0.13291756856311157,10996,16.369531605275125,0.015005456529647144,0.169799221688328,0.08705122310712393,0.40019526483955303,1.3930212243684268,0.7964531052939108,0.4623025556189344,1.7783616692426585,0.008730447435431065,0.010925647915539023,2.288262095274228,0.9498294140466625,-2,csgo_smooth_198,1,smooth
20357.17156058486,0.12907568446553483,9836,18.29883070665989,0.01667344448962993,0.17109187823098582,0.08683868324611625,0.4419417382415922,1.388369784578719,0.7744693404331503,0.47674371174812136,2.0137821362311157,0.01087840585603904,0.02840257562692934,2.3086622704677904,0.9457932775086286,-2,csgo_smooth_199,1,smooth
22509.066958111216,0.13901650428648743,10091,17.83637264618434,0.016549400455851748,0.16475844690194943,0.08810651083325514,0.4192627457812106,1.4093031334761776,0.7833700721445074,0.4335434580493953,1.450641751604379,0.00872064215637697,0.01744432967586989,2.2273062915121726,0.9533382291479597,-2,csgo_smooth_200,1,smooth
23562.50927827233,0.1356755264892927,10847,16.594412686704775,0.015856918963768785,0.15097753285742826,0.08891963186423806,0.4419417382415922,1.4226659125808498,0.7870367832347948,0.4539192139803449,1.813152400835073,0.009864478657693371,-0.0010109502532286427,2.4025387273079795,0.9496062019701179,-2,csgo_smooth_201,1,smooth
21754.653091530257,0.13049383263911613,10389,17.325086638428957,0.0172297622485321,0.14534858417989263,0.08962060502126816,0.4419417382415922,1.4341373145334653,0.8036964976558044,0.4327780633036204,1.6835415535035307,0.008855520261815382,0.03961421183556537,2.4662070773665214,0.9558953677168764,-2,csgo_smooth_202,1,smooth
22457.115250180483,0.12715963725775192,11026,16.32498866213152,0.018048249591873754,0.1633198299373491,0.08274824898463862,0.40019526483955303,1.323771906204698,0.805273321654624,0.4389859165583542,1.9174259681093395,0.007890440776346817,-0.05159863958161908,2.285776601706152,0.9479955947716545,-2,csgo_smooth_203,1,smooth
23482.191922549835,0.13329919840218907,10988,16.38126877218531,0.011922096832908628,0.16258934042442588,0.08347863818901986,0.4192627457812106,1.334034387057771,0.7850608940342093,0.4440571863874539,1.6023180695420862,0.009555879140880961,0.08989492751724333,2.286742891553918,0.9501826208335796,-2,csgo_smooth_204,1,smooth
18827.04475171085,0.13518571862238601,8676,20.74651296829971,0.012217611802674043,0.1546830553519537,0.09073332952835299,0.4192627457812106,1.4516187914519092,0.7805955475290797,0.4366890374724393,1.8707933504527638,0.00875979714153988,0.07040104425531794,2.3407673643430447,0.9498856623393229,-2,csgo_smooth_205,1,smooth
20042.653278965903,0.12937121485200712,9659,18.634396355353076,0.016978983331607828,0.1632819610679313,0.0844157098779644,0.4192627457812106,1.3490983427187866,0.7908264524857463,0.46186502214341746,1.6991285916156382,0.008593022051972253,0.029143519802226254,2.3495522998124163,0.9554797972527739,-2,csgo_smooth_206,1,smooth
22203.925617814446,0.13005636205715118,10643,16.911576771283592,0.010147514798459082,0.14683966956605532,0.08279097335414685,0.4192627457812106,1.3243975511917503,0.79145160458651,0.4109477175066553,1.9004777070063694,0.00902001315418585,0.10453921670147173,2.3211145035611493,0.9491684822916865,-2,csgo_smooth_207,1,smooth
26435.037029435174,0.1472415191585562,11213,16.052176239743133,0.013109783287255863,0.1644542022758826,0.09510099733383608,0.4192627457812106,1.5202336943712838,0.8091497642055542,0.4423034466313489,1.597307430129516,0.007669669134040846,0.135435315264658,2.2606772735959293,0.9583296058000919,-2,csgo_smooth_208,1,smooth
22565.980906579454,0.1327500034663911,10596,16.987541293062765,0.011041902604756512,0.14395301084841472,0.08791842709265427,0.4419417382415922,1.4061462648278278,0.7989456118690617,0.4127128819154442,1.7683344023946974,0.009437523593808984,0.1390736750291599,2.3104717650582596,0.9515470810364233,-2,csgo_smooth_209,1,smooth
23569.00518782243,0.13618757142858837,10783,16.69226488592098,0.013725308355745154,0.15839375404141337,0.09090660691308725,0.4419417382415922,1.4546503166488651,0.7827292172023625,0.4507368561624761,2.02288634596156,0.0089029027172401,0.004643554278013959,2.4665577652614865,0.9510829304764641,-2,csgo_smooth_210,1,smooth
22754.11645286312,0.13442219976478229,10555,17.053534205040744,0.019232591189009947,0.1703302704702512,0.08515045274740043,0.4375,1.360832489663141,0.790385157855026,0.4685634207662362,1.5824929012043474,0.008905731880625297,0.06648815961932227,2.2003437968560675,0.9505368270153418,-2,csgo_smooth_211,1,smooth
22771.5533467981,0.13330756900434232,10653,16.896357491550884,0.017647611001595793,0.1793477706119676,0.08745918974959695,0.4375,1.3981645606336086,0.7830294331263229,0.4774684823055843,1.9789497769133966,0.009574767671078569,0.01970743240392633,2.2960169037172213,0.9470329333370676,-2,csgo_smooth_212,1,smooth
24446.125835089486,0.14336484709423283,10639,16.91812370746381,0.01278315631168343,0.15604096232416742,0.09202560785438044,0.40019526483955303,1.4719254143636502,0.8025661386256951,0.4244816751732187,2.0326627730910665,0.00902340445530595,-0.03931723931945332,2.3275187325839863,0.9487934439073611,-2,csgo_smooth_213,1,smooth
22646.676548093208,0.13021287525448372,10854,16.58112964157376,0.018702782384374426,0.1757632413890499,0.08781592007399201,0.4375,1.4052966188517904,0.7794012271492086,0.48851754538195485,1.8267785161782328,0.009673852957435046,0.10376791006388335,2.3704880929211267,0.9458818668220335,-2,csgo_smooth_214,1,smooth
22929.97825574296,0.13377217197690558,10692,16.835001403049294,0.017676767676767676,0.18348199951723237,0.09141655144565515,0.4419417382415922,1.4633108354521114,0.7863009522994711,0.4883141474702349,2.2902497176559167,0.009446315001870558,-0.013768109574809563,2.3190961276263775,0.9446037264247227,-2,csgo_smooth_215,1,smooth
22203.094773117286,0.13769129084782747,10056,17.898657384385878,0.015513126491646777,0.1494013210090731,0.0941310911923443,0.4419417382415922,1.5054194142880994,0.7777930359020968,0.44830181465980723,1.5813003980810452,0.010143198090692125,0.08067145381939855,2.4002507642709947,0.9542879010482166,-2,csgo_smooth_216,1,smooth
22521.050696215614,0.12844957809399266,10929,16.468795754026356,0.016378442675450636,0.16489414678695333,0.0843531250686078,0.4192627457812106,1.350253062405314,0.7766993601200248,0.4786675885089787,2.2007033408691283,0.009149967975112087,-0.0014666008987294647,2.3936675517548203,0.9463804955220938,-2,csgo_smooth_217,1,smooth
21903.450769018345,0.13331048934424605,10253,17.555111197815062,0.017653369745440357,0.1655627478701814,0.09196160536946354,0.4419417382415922,1.4717247548367636,0.7794050698982374,0.4776718818801144,1.840434037692747,0.00868038622842095,0.04080123451215465,2.351527506465635,0.950337927397793,-2,csgo_smooth_218,1,smooth
22501.434178255695,0.12953209115168515,10848,16.592975016133494,0.01898967551622419,0.1706151089859542,0.0794076125788398,0.4192627457812106,1.2702076780925533,0.781182874451382,0.4737307876936875,1.6550435865504358,0.010416666666666666,0.06892302718855324,2.2848370352703533,0.9488776800956956,-2,csgo_smooth_219,1,smooth
22746.967063119,0.14093003961539385,10066,17.88147044212618,0.019272799523147227,0.1725425071950656,0.09451427210822112,0.4375,1.5124429271492428,0.8027129963559989,0.4574701837501895,1.6664986389757033,0.010828531690840453,0.02436159674872967,2.2568749936594785,0.9521551754182508,-2,csgo_smooth_220,1,smooth
19578.626507614073,0.12650891014395402,9651,18.649637305699482,0.014506268780437261,0.15452494671302378,0.08678156209793557,0.4419417382415922,1.3885780133945038,0.8064483504390011,0.43703847802079626,1.837111563932756,0.009221842296135116,0.056084824284832614,2.36437295562037,0.9533361873345492,-2,csgo_smooth_221,1,smooth
24562.68606096775,0.1386045308186402,11036,16.310013593112824,0.016582094961942732,0.17446220922122968,0.08986491839945701,0.45069390943299864,1.4385485149407227,0.7923462858192889,0.46461463018511473,1.7258926866526638,0.011326567596955418,0.055480897095545254,2.3041767865658693,0.9488347100665999,-2,csgo_smooth_222,1,smooth
24150.507344628062,0.13458292268681663,11189,16.086878798712906,0.011439806953257664,0.15057419039082634,0.09072852980584699,0.45069390943299864,1.452411266386264,0.7708960173123708,0.41568202714133035,1.96248382923674,0.009562963624988829,0.056443822705930125,2.417021223269037,0.9485875868975441,-2,csgo_smooth_223,1,smooth
23379.5541251814,0.14512899687567563,10050,17.9101403124689,0.015323383084577114,0.1663829145537659,0.09586276635890428,0.4192627457812106,1.5335902971788564,0.7795776912138042,0.44025475725322566,1.7580860457952563,0.010845771144278607,-0.037135754570006396,2.2438937002511787,0.9496868799489111,-2,csgo_smooth_224,1,smooth
22363.57425186249,0.1336955692218475,10440,17.24130663856691,0.017337164750957854,0.1629889571962404,0.08820050308889443,0.4419417382415922,1.4108867877364493,0.7786909529092334,0.4551586738770382,1.8675702699700034,0.010919540229885057,-0.08400528285005564,2.2577522889224104,0.9457415647276748,-2,csgo_smooth_225,1,smooth
24223.412001174605,0.14060333309357656,10759,16.729875441531885,0.018589088205223533,0.17281070917893993,0.09191889658907888,0.4419417382415922,1.4697450922676225,0.7921407763471953,0.45731357780890775,1.691316146540027,0.00957338042569012,-0.07255643858670054,2.2009963459534827,0.9513312662753367,-2,csgo_smooth_226,1,smooth
23323.977098735115,0.1373395552708534,10580,17.01276113054164,0.010964083175803403,0.1503018249610231,0.08973372337927493,0.4419417382415922,1.4346008845371896,0.7637154820712421,0.43783984270224013,1.9174123989218328,0.009829867674858222,-0.026043754033921472,2.358388538023335,0.9496445160605669,-2,csgo_smooth_227,1,smooth
23248.68973164736,0.13340777344497184,10872,16.82402722840585,0.011037527593818985,0.14434006192739254,0.0895759097638185,0.4419417382415922,1.4324048320979972,0.7966713948766571,0.40495414147502895,2.060574351819556,0.010853568800588667,0.07631225177142745,2.403509085797449,0.9465247380790691,-2,csgo_smooth_228,1,smooth
23503.62136037529,0.1354847660988304,10827,16.623868464806947,0.013669529879006189,0.14875004008691034,0.08765747691915984,0.4419417382415922,1.40285423539571,0.806634718522187,0.4256915426244107,1.7789605510331872,0.00942089221390967,0.015116506844722207,2.413046653910546,0.9543651532616888,-2,csgo_smooth_229,1,smooth
20923.463331826373,0.13099390643812395,9953,18.083701768488744,0.018386416155932884,0.15595004247755273,0.08842316764676422,0.4192627457812106,1.4135432631230958,0.816107910586812,0.44114525432342144,1.8238880918220948,0.009243444187682106,0.0917415965034212,2.3635383709535813,0.9529763560999986,-2,csgo_smooth_230,1,smooth
23286.561845313212,0.1313213211975332,11055,16.281707979012122,0.018362731795567615,0.17852010483380143,0.08920622061291167,0.4192627457812106,1.4266169609112604,0.780328436303281,0.4788662572622242,1.6066264483386,0.009226594301221167,-0.03580763071016926,2.2422085082801373,0.9478024536004095,-2,csgo_smooth_231,1,smooth
22334.58851328978,0.12991341881725652,10719,16.85529016607576,0.019311502938706968,0.18115181100919373,0.09347368384948691,0.4419417382415922,1.4951066431048925,0.7906098701582466,0.49044491323281825,1.8774279973208305,0.008956059333893087,-0.03525265359395251,2.3975309908898517,0.9505603141594432,-2,csgo_smooth_232,1,smooth
23104.25053349029,0.14100677738713444,10224,17.605497407805927,0.01310641627543036,0.14822700656823487,0.08907608925902255,0.4375,1.4246492032283513,0.7821662080817501,0.409535432589439,1.8746323929855135,0.008998435054773083,0.022410934704101017,2.350679271787036,0.9506840045502492,-2,csgo_smooth_233,1,smooth
22769.639979403997,0.14143186859929785,10035,17.93850906916484,0.015146985550572995,0.1644955173570912,0.08968343405294343,0.4375,1.434265571047792,0.7944660710744746,0.4537528019937758,1.7808882340559882,0.009666168410563029,0.033903280689545,2.290760766577984,0.9527190497935139,-2,csgo_smooth_234,1,smooth
19415.01435754775,0.12169096864112762,9952,18.086825444678926,0.01567524115755627,0.15982523204846136,0.07882501140555674,0.4419417382415922,1.260523091232621,0.7885728917653114,0.4347531561064024,1.6813906417430646,0.008741961414790996,0.044637679963879164,2.318776652146371,0.9468051648456935,-2,csgo_smooth_235,1,smooth
20266.690317392997,0.12578185547895276,10056,17.89955246146196,0.017303102625298328,0.17699507182924154,0.08136090408049461,0.39528470752104744,1.3008877677779784,0.7759482492341587,0.4706460657199688,1.9865892972275951,0.00954653937947494,0.10295018969467826,2.297782455172586,0.9446157604680459,-2,csgo_smooth_236,1,smooth
24504.6960422852,0.16233324102110278,9024,19.945805164579408,0.0,0.2046946913884416,0.1284513674467216,0.8149003006503311,2.11649404758074,0.7474753788980507,0.4253747061484547,1.6704220149598301,0.027814716312056738,0.049012152495654736,2.877024414331357,0.9401616938967271,-3,csgo_bezier_0,1,bezier
25518.04469747867,0.16325070024994126,9331,19.289924973204716,0.0,0.22500023569831604,0.13101975593538376,0.8003905296791061,2.1712720455481396,0.7670207651916494,0.4423327126338813,1.4089065606361828,0.02593505519236952,0.02504714584058249,2.93402453767065,0.9374491279617032,-3,csgo_bezier_1,1,bezier
20287.736376577897,0.1414553129394596,8546,21.06225863077823,0.0,0.2345710154048569,0.1112900234908703,0.8948638164547721,1.8425320631529987,0.7481328809996003,0.4462400345890464,1.627593699076589,0.02188158202667915,0.004518427614530695,2.847374198841537,0.9286058383877167,-3,csgo_bezier_2,1,bezier
22781.501667397595,0.1459602908054663,9320,19.312587187466466,0.0,0.22714126578297375,0.11288524341052064,0.7603453162872774,1.8596588741121751,0.7519841546381857,0.4351947784418953,1.543240181268882,0.02650214592274678,0.02884373850264116,2.8060426310714712,0.9319762604504596,-3,csgo_bezier_3,1,bezier
25605.824359285885,0.17243345069512345,8878,20.2741917314408,0.0,0.22154968469217176,0.14098314851116456,0.8220591523728691,2.3272720066820054,0.7517981642401824,0.44450620216916226,1.7218495662284232,0.028610047307952243,0.04815944275206945,2.9170357169006715,0.9371331903209579,-3,csgo_bezier_4,1,bezier
22514.081372685665,0.15243698288182664,8793,20.47020018198362,0.0,0.2240974966146062,0.12203192133176731,0.8220591523728691,2.024379622730963,0.7422955032348605,0.4420349422586533,1.6596571656368349,0.026270897304674173,-0.006107074091861755,2.907955522375304,0.9301320202550816,-3,csgo_bezier_5,1,bezier
22814.125438792467,0.15383484795364746,8859,20.318582072702643,0.0,0.22830820081288394,0.12293399022474703,0.9013878188659973,2.027382265010149,0.7564515322234215,0.44600299883214073,1.6407738387508592,0.028445648493057907,-0.02301564030951933,2.8527496525103273,0.9347700821607321,-3,csgo_bezier_6,1,bezier
22913.561050900596,0.14888091602562603,9192,19.582417582417584,0.0,0.22927667621833211,0.11851248052985343,0.8149003006503311,1.956242227376337,0.7352964233786198,0.4484781102764538,1.6459803921568628,0.028503046127067014,0.018173806161993412,2.843798113342786,0.930401889219,-3,csgo_bezier_7,1,bezier
24426.081554122902,0.1570969681285459,9270,19.417089222138312,0.0,0.21852172479601478,0.12519081053306352,0.8149003006503311,2.0688068557452213,0.768255505857837,0.4405910189441219,1.5928330072914814,0.027076591154261056,0.11524952194575738,2.8815277496188845,0.9350185977038652,-3,csgo_bezier_8,1,bezier
23337.512806543233,0.15247362780006044,9146,19.680809185347183,0.0,0.22465859788286663,0.12107870107676212,0.8385254915624212,1.9954169110458655,0.7395617129550952,0.45090442117197105,1.7132135097768122,0.027990378307456813,0.11095524425127441,2.879328764840277,0.9362254092123029,-3,csgo_bezier_9,1,bezier
24035.045090480922,0.15666975852844175,9154,19.652354419316072,0.0,0.21677049085845002,0.12116052507763748,0.8220591523728691,2.003950404243436,0.7473981517195741,0.425759411975498,1.8225228810187029,0.028949093292549705,-0.03304129590635666,2.834426776139951,0.9318875333912835,-3,csgo_bezier_10,1,bezier
23448.97626325864,0.15486013797419884,9029,19.93542312804608,0.0,0.2200314077671531,0.12384762056267551,0.7831227553838542,2.0462935030330036,0.7691221683975338,0.43942984474251817,1.56354806194447,0.02680252519658877,0.049793593382174595,2.837594442608135,0.9342113775581358,-3,csgo_bezier_11,1,bezier
23657.2717052465,0.15580624879032048,9067,19.851202294286345,0.0,0.22542916924812983,0.12686240685164743,0.8149003006503311,2.084446015221699,0.7464205441816344,0.4422300147453875,1.698340729307351,0.026359325024815264,-0.039450691444053325,2.8766732590861936,0.9338717524385964,-3,csgo_bezier_12,1,bezier
23296.22837731092,0.15860717108669117,8769,20.5132299270073,0.0,0.21271235568306268,0.1225951394243523,0.8500919067959652,2.021915040923615,0.7412738928626643,0.43541492199529463,1.5301970171239183,0.027255103204470294,-0.03200335565264129,2.8736506800673682,0.9358874418029318,-3,csgo_bezier_13,1,bezier
23748.83610564618,0.15209773305775018,9328,19.296880025731745,0.0,0.2266723392551996,0.12393955495991046,0.8682777493406127,2.046026579302585,0.7546246852571082,0.444826690444596,1.5558866016612496,0.02830188679245283,0.044337125906015816,2.850309154416462,0.9345967670533417,-3,csgo_bezier_14,1,bezier
21368.9568080139,0.15186034543012258,8386,21.4623732856291,0.0,0.23340978466525067,0.11802819829395819,0.7905694150420949,1.9512682528979826,0.7571486044703383,0.4548091519335082,1.4557266602502406,0.028261388027665157,-0.09736167682486406,2.808702176153732,0.9356943810637863,-3,csgo_bezier_15,1,bezier
22447.028236451086,0.15532579256602413,8615,20.89273276062224,0.0,0.23339516084103742,0.11944045897514467,0.8948638164547721,1.9781917622696117,0.7258603195396715,0.4448048854903722,1.3622144112478032,0.027626233313987232,-0.030995667370311834,2.7040490203218503,0.93303062021306,-3,csgo_bezier_16,1,bezier
22387.9769358259,0.15581811797439396,8580,20.977852896607995,0.0,0.22550881154408933,0.12498927385075911,0.8682777493406127,2.068370259283141,0.7632545577980124,0.44030143395331267,1.5539816232771821,0.025407925407925407,-0.10269817613921538,2.792930624732121,0.936262706365731,-3,csgo_bezier_17,1,bezier
22573.250990855413,0.15478283561733344,8706,20.67558874210224,0.0,0.22226995695423563,0.12311344761691097,0.8125,2.0382345845020198,0.7639432034117424,0.4334875585043249,1.726240409207161,0.028600964851826328,0.01974995677727706,2.8378553277627367,0.9301435368069664,-3,csgo_bezier_18,1,bezier
23496.158458259444,0.15300952976037102,9163,19.64320017463436,0.0,0.23048714536535791,0.12108100257178829,0.7603453162872774,1.997382892430331,0.7025681675023758,0.4622274376892481,1.6923076923076923,0.030339408490668993,0.015619569161573987,2.8400710350388962,0.9301874856274854,-3,csgo_bezier_19,1,bezier
24343.701718553657,0.1624638241061344,8943,20.126929098635653,0.0,0.22305284676803855,0.13011839449251697,0.8500919067959652,2.1530948310474254,0.7420939778780595,0.4397707572823015,1.4790305947060847,0.025159342502515933,0.048468943825495464,2.8445464909370153,0.9382046508135187,-3,csgo_bezier_20,1,bezier
20536.33971936444,0.13693472354250952,8915,20.17915638321741,0.0,0.24606655126131824,0.10760921398690719,0.7831227553838542,1.7801508432714148,0.7260946786518522,0.4669837372759578,1.7933752141633352,0.028042624789680313,-0.05266419629786312,2.8130453854928708,0.918444252697984,-3,csgo_bezier_21,1,bezier
21214.443922469814,0.14867963104135232,8503,21.168783815572805,0.0,0.2179346726836374,0.12184182984059742,0.7603453162872774,2.016844051472526,0.7315795426924905,0.44598941362629135,1.6685177274668945,0.028460543337645538,0.03058499813459162,2.9589316821905984,0.9329006726460203,-3,csgo_bezier_22,1,bezier
26165.72468790107,0.1648244699547754,9497,18.952506318449874,0.0,0.2128126501928149,0.12866260632610182,0.8882919002219934,2.125828175392713,0.769684691885429,0.43304165255171373,1.610028557030069,0.02600821311993261,0.009316844802238064,2.838869301695719,0.9357900653575735,-3,csgo_bezier_23,1,bezier
23120.836856281334,0.15238742807233877,9053,19.881904551480336,0.0,0.23182876870927976,0.12064019746046846,0.8500919067959652,1.9919123965811496,0.7414918800265946,0.45444595917694713,1.8690126050420168,0.028830222025847785,0.017680203967151958,2.876929705949796,0.9302491644800504,-3,csgo_bezier_24,1,bezier
21886.96327081453,0.1580407520217495,8275,21.751269035532996,0.0,0.22584151534776403,0.12552654405935332,0.8682777493406127,2.074476489907485,0.7461559648318075,0.44397311966535,1.621607938436614,0.029728096676737162,0.024442763926200196,2.8799809994905257,0.9349201399048981,-3,csgo_bezier_25,1,bezier
23522.027381779164,0.15877383104788725,8856,20.311236589497458,0.0,0.21040830541143307,0.12704032776697416,0.8149003006503311,2.0933280615236103,0.7763050390374866,0.42024264466493455,1.524432023079697,0.028342366757000904,-0.026964386576338144,2.903144028873619,0.9394815012466011,-3,csgo_bezier_26,1,bezier
22954.639281024858,0.15209078521940422,9014,19.969377565738377,0.0,0.22950955046825883,0.12243297211290209,0.8003905296791061,2.0181055235633276,0.7467689467517998,0.45139825925001864,1.9766747733804997,0.029176836032837807,0.046563066977509296,2.882535126332579,0.9241707066721894,-3,csgo_bezier_27,1,bezier
22157.5609510313,0.15111349705218882,8748,20.57665485309249,0.0,0.2279142405336231,0.12093290987173251,0.8705242673240075,1.996588959338859,0.7595206201479938,0.44845086352292096,1.7077672923364098,0.025948788294467305,-0.002303481661944137,2.885727589826527,0.9304571613792721,-3,csgo_bezier_28,1,bezier
23139.593974927564,0.1559186277992803,8871,20.290078917700114,0.0,0.22697064260520686,0.12712333348390278,0.9291292967074066,2.0999551058765067,0.7425045537629038,0.44457124245645707,1.5354707941772618,0.027956261977229172,-0.032703235477019005,2.8114331025941244,0.935264288006284,-3,csgo_bezier_29,1,bezier
22884.40362466525,0.15315358142016805,8911,20.2,0.0,0.24139715662948655,0.12626756884069226,0.8772293029761374,2.089926390557399,0.7297340290647252,0.4673377043228229,1.5383832778394377,0.026147458197733137,-0.03239609533336703,2.879757300193685,0.932354119032673,-3,csgo_bezier_30,1,bezier
23714.82315129641,0.151928242419869,9315,19.3224178655787,0.0,0.2379782729514622,0.12425325092087014,0.8772293029761374,2.0556151161871803,0.7507085423773617,0.4537961953892015,1.40755098601045,0.029200214707461085,-0.029304563883486703,2.8178956851880783,0.9342656608487044,-3,csgo_bezier_31,1,bezier
24133.19617321881,0.16129935686615204,8927,20.163343042796324,0.0,0.23147703243703116,0.12710273180147502,0.9228014412645875,2.1023563688403164,0.758526194733378,0.45356793667188283,1.4672752325180847,0.02901310630670998,0.07008745054352102,2.8817294182542224,0.9357874219609985,-3,csgo_bezier_32,1,bezier
22382.22036129992,0.1536830402546617,8697,20.69273229070837,0.0,0.22929868948600698,0.11952638816484695,0.9228014412645875,1.978413244311689,0.7781473940499731,0.4385316246640135,1.6787664307381194,0.026100954352075427,-0.05172134641682929,2.8414803360640155,0.9336475605579142,-3,csgo_bezier_33,1,bezier
20528.12577840762,0.1573453417145761,7791,23.10449293966624,0.0,0.22884508076327345,0.1293809455012662,0.8948638164547721,2.1263950761338717,0.7654183415920326,0.4355602789530765,1.7512656091798853,0.026825824669490437,-0.027535330626985256,2.9294703538459297,0.9376488032154524,-3,csgo_bezier_34,1,bezier
26600.376510918533,0.16882721723022961,9407,19.133957048692324,0.0,0.22325258719954771,0.13257854241068404,1.0077822185373186,2.1987109884952782,0.7408327891779044,0.44318436653210147,1.4703452575793001,0.029127245668119486,-0.08174939787669837,2.8521447643503413,0.934780524228628,-3,csgo_bezier_35,1,bezier
23942.00168895636,0.15468714553652868,9237,19.48614118666089,0.0,0.22781332589796988,0.11693358777260963,0.9762812094883317,1.9336766148710653,0.7536959110564918,0.4491578877029291,1.6419238254100639,0.029663310598679226,-0.03997564226877788,2.82137624638759,0.9319722863536815,-3,csgo_bezier_36,1,bezier
23009.71870364996,0.15021736289457527,9141,19.691575492341357,0.0,0.2202789451928956,0.11986394562706046,0.8220591523728691,1.98059596029166,0.7504582987655988,0.43704744692654285,1.86494403180249,0.025708347007985997,0.13302064567130525,2.885903177570233,0.9286231044376344,-3,csgo_bezier_37,1,bezier
24523.184047749157,0.16405970924784066,8930,20.155784522342927,0.0,0.22933927766147844,0.13089949772761816,0.9013878188659973,2.166694885453967,0.7775512389969983,0.43810224047421537,1.6993892990611612,0.027099664053751398,0.04342060401331853,2.890024709573289,0.9340844293587462,-3,csgo_bezier_38,1,bezier
23764.24581637588,0.1520932849262896,9336,19.267916443492233,0.0,0.22032048043135835,0.12310244241756246,0.8338540040078959,2.029202304725413,0.7246272286966156,0.4453024533413425,1.6113975067953885,0.027206512425021423,0.11552549472085225,2.8957249336395594,0.9354248247468226,-3,csgo_bezier_39,1,bezier
22874.233835201274,0.1525137714057722,8936,20.143480693900393,0.0,0.22877980706017356,0.11876614443782597,0.8948638164547721,1.9649426318899121,0.743545629935107,0.4430514592456719,1.6654584639498433,0.027193375111906892,0.09053477529111072,2.820788280475946,0.9281617636526873,-3,csgo_bezier_40,1,bezier
20934.721610045395,0.14181000153365322,8794,20.466279995450925,0.0,0.2338098982313586,0.11336461083313545,0.7905694150420949,1.870903329675489,0.7223524743990528,0.4537251754422835,1.608321978828215,0.02740504889697521,0.03645998217509068,2.82469864586283,0.9285251639896465,-3,csgo_bezier_41,1,bezier
21983.044299137822,0.15393766734946324,8527,21.10790523105794,0.0,0.22901239565517229,0.12449310682150257,0.8125,2.05234027458594,0.7377225308675106,0.45506999094977535,1.5309683604985618,0.025917673273132404,0.10773875701701106,2.9051070237415257,0.9361559587216169,-3,csgo_bezier_42,1,bezier
23088.280777133878,0.15501181630641192,8896,20.233277121978638,0.0,0.2255098745680638,0.12557770550522204,0.7730823048033113,2.0712550728599637,0.7564619585902808,0.4421475341587733,1.723685498873984,0.026303956834532374,0.16130866556007825,2.9094225343334075,0.9340948073312241,-3,csgo_bezier_43,1,bezier
22970.43535929072,0.15361998904586088,8919,20.172684458398745,0.0,0.22794643519227614,0.12061039096877461,0.8500919067959652,1.9880177128650216,0.7592808368101277,0.435496368324996,1.5076174743024964,0.026348245318981948,-0.06062970566269681,2.8007626738062514,0.9343321777234173,-3,csgo_bezier_44,1,bezier
23529.781362558144,0.15883188063302012,8839,20.36377008372935,0.0,0.22000205309551024,0.13025289980502028,0.9013878188659973,2.1566587904568753,0.7492541710981518,0.4421570628913322,1.5085709130277878,0.02737866274465437,0.06938748558439745,2.941688295364545,0.9352937698578943,-3,csgo_bezier_45,1,bezier
19447.29454337552,0.14181340201028034,8178,22.07618931148343,0.0,0.2283579442049572,0.10964693397454078,0.7525996611745185,1.802531727589569,0.7619865726788827,0.4393270666205397,1.5211953514111787,0.025678650036683785,0.006442427702813065,2.8292852279172247,0.9344491318311368,-3,csgo_bezier_46,1,bezier
22259.649946622012,0.15030833170149294,8829,20.38774354327141,0.0,0.22268618039077961,0.11854858966521482,0.7551903733496608,1.9557059417328833,0.7508856342720456,0.4452904745951766,1.7347447073474471,0.029221882432891606,-0.06190130759701147,2.8560169789399006,0.9328319306959174,-3,csgo_bezier_47,1,bezier
24134.118629439647,0.15825554673903358,9108,19.76292961458219,0.0,0.21948985214889166,0.12421997762265306,0.7730823048033113,2.0548340764458226,0.751177354606058,0.4307437148674179,1.6391953277092797,0.02580149319279754,-0.05294408182184004,2.8479263119224902,0.9351097265708682,-3,csgo_bezier_48,1,bezier
23758.441795872863,0.15935541293972197,8898,20.229178374733056,0.0,0.23043161501077936,0.12920130032304933,0.8408515029421069,2.131939120232811,0.7335549903904404,0.44990528605490177,1.7003063960168519,0.028433355810294447,0.03646962237049676,2.8307203605058895,0.9319045522604236,-3,csgo_bezier_49,1,bezier
23129.705203032754,0.15531194534278,8901,20.222808988764044,0.0,0.21607363802322585,0.12343151729884852,0.8838834764831844,2.0308616056277358,0.7190517010954748,0.43959347246321284,1.5296637794542236,0.029210201100999887,-0.033349804684615736,2.889033684399469,0.9389915442999848,-3,csgo_bezier_50,1,bezier
25121.81754783248,0.16011561988424078,9377,19.195605802047783,0.0,0.2257200293423896,0.13122978210746802,0.9228014412645875,2.167419837353445,0.7536646369651774,0.44306876209259455,1.6141484716157206,0.026874266823077742,0.1048781039502624,2.922120763364479,0.9359103700832855,-3,csgo_bezier_51,1,bezier
19825.698267936903,0.14818940250912865,7973,22.577019568489714,0.0,0.21714210800076653,0.1162241506561381,0.8882919002219934,1.926315025645342,0.7644413035630084,0.4372319889761542,1.3539946274002588,0.0255863539445629,-0.06884073085089512,2.8382974266915437,0.9339161322367067,-3,csgo_bezier_52,1,bezier
22197.59625247155,0.1474072341898745,8970,20.058646448879475,0.0,0.2310866008241244,0.11924531611930836,0.8149003006503311,1.9763584208695315,0.7448100082683297,0.453018685940924,1.4066563608256797,0.02798216276477146,-0.027792789873410214,2.8077946200861463,0.9316200682906717,-3,csgo_bezier_53,1,bezier
22095.074024825364,0.1540146455304287,8562,21.16960635439785,0.0,0.21577077349362886,0.1235682617858568,0.9762812094883317,2.0371036164811005,0.7378331748515147,0.4438012209703229,1.461977898482862,0.02441018453632329,0.05815118258151897,2.8726852561753646,0.9376517999765428,-3,csgo_bezier_54,1,bezier
18137.10887228799,0.14240644683610001,7563,23.800317376355462,0.0,0.23153767397347683,0.11501161510151564,0.8948638164547721,1.907476786901819,0.7073478256377733,0.4555154719136984,1.6857687420584497,0.027898981885495173,0.06700511590365552,2.9301865302128216,0.928937367047906,-3,csgo_bezier_55,1,bezier
21596.678744050507,0.15182060433134406,8476,21.235398230088496,0.0,0.2331413283735232,0.12310789865725587,0.8003905296791061,2.0361612290882647,0.7394369296656035,0.4586063139545637,1.6094117647058823,0.030320906087777252,0.12406647821284368,2.8322421242177107,0.9314802700822591,-3,csgo_bezier_56,1,bezier
21791.87014223024,0.14979754011346244,8671,20.759054209919263,0.0,0.22544582379575004,0.1184545217001521,0.8408515029421069,1.9583628842475345,0.749977040429899,0.43940183901205776,1.6331555190808371,0.02837043016953062,-0.049681589507605824,2.7736405833736897,0.9325511591572873,-3,csgo_bezier_57,1,bezier
22688.177531747053,0.1584931752652722,8543,21.068953406696323,0.0,0.21226542028529077,0.12949422386231021,1.0174262872562316,2.1387161165684803,0.7844191916244959,0.4244477327288455,1.6789613455296548,0.026922626711927893,0.2031759339561202,2.9249714103144764,0.9375502017800736,-3,csgo_bezier_58,1,bezier
23255.55373072114,0.15315937833903281,9071,19.843439911797134,0.0,0.21582429461387684,0.12147418746130553,0.8385254915624212,2.0122583378524417,0.7616717986911737,0.4426153268797557,1.6954175252673929,0.026568184323668836,-0.004723242403037502,2.9545198354525835,0.9343381977033074,-3,csgo_bezier_59,1,bezier
23162.024425406893,0.1509153793898495,9164,19.614973262032084,0.0,0.2133153200504774,0.11800892818742355,0.7730823048033113,1.9485399184204641,0.7657731323636611,0.42518680798110514,1.4856340070697,0.024989087734613707,-0.0626418921202887,2.872694600696606,0.9354912304391125,-3,csgo_bezier_60,1,bezier
23286.49633260975,0.15417490174647328,9026,19.941163434903046,0.0,0.21531710711674745,0.11980867585839404,0.8408515029421069,1.9767467539994186,0.7506314737659883,0.4380128758003422,1.4638256573142756,0.02503877686682916,0.05458615484464646,2.85008705011922,0.9365262321991012,-3,csgo_bezier_61,1,bezier
22792.94166912356,0.15019614824482957,9066,19.854605626034196,0.0,0.23260096027487515,0.11691427135946686,0.8125,1.9291151707122287,0.7280934265083477,0.44462202535097467,1.417027027027027,0.024487094639311716,-0.11601772383054719,2.807245157389558,0.9345573555459148,-3,csgo_bezier_62,1,bezier
24336.454155506675,0.15690372051468054,9273,19.409943917169976,0.0,0.22846364117433512,0.12287911553368117,0.7551903733496608,2.0265247038211256,0.7565881997659358,0.4446351170381944,1.7990300678952473,0.026420791545346704,0.10589056113994552,2.8074306775822104,0.9323690554069808,-3,csgo_bezier_63,1,bezier
21794.439180244713,0.1550399776030307,8397,21.434016198189614,0.0,0.22154496495256515,0.12407458285622362,0.8500919067959652,2.0479969694360483,0.7282739059751989,0.44708755350929175,1.826101106530701,0.02810527569370013,-0.0919620547988001,2.836726114653371,0.9305793639031594,-3,csgo_bezier_64,1,bezier
20675.907479164962,0.15885233955275818,7754,23.210757126273702,0.0,0.2210186159863288,0.12502035198886882,0.8838834764831844,2.061914011543646,0.7634128521839694,0.4414707606545823,1.4111890876742117,0.028888315708021667,0.007453176762863319,2.7992162487889383,0.9379809278735675,-3,csgo_bezier_65,1,bezier
23820.37956899809,0.1583909148889119,8986,20.031051752921535,0.0,0.20976118811698108,0.12187961794276504,0.8682777493406127,2.0058385471338243,0.7617990302059999,0.4246267119826993,1.548959553193406,0.028822612953483196,0.013225469962682134,2.7986360786946274,0.9376939694806026,-3,csgo_bezier_66,1,bezier
22299.26685616679,0.15294534979412489,8689,20.71500920810313,0.0,0.23553426155481166,0.12080263621669222,0.7603453162872774,1.9955535372244646,0.7432184779266431,0.4507348961798695,1.6231741018555073,0.0271607779951663,0.05999697040853272,2.7953189852755567,0.9290525657701418,-3,csgo_bezier_67,1,bezier
23147.16433808367,0.15381350245400432,8990,20.02135943931472,0.0,0.2239364744344497,0.12320643154130817,1.0077822185373186,2.0384082299163855,0.7978180193337491,0.4398130924648113,1.587068884503336,0.02625139043381535,0.023843481900699282,2.867016730121291,0.9336396629986774,-3,csgo_bezier_68,1,bezier
21686.57141582463,0.154857138692044,8363,21.52308060272662,0.0,0.2366205834786913,0.12519633924885287,0.8500919067959652,2.0715792318902735,0.7515019901890259,0.45399453511283694,1.7310330273293235,0.029654430228386944,-0.0161968580843822,2.8142029771786414,0.9294865815283255,-3,csgo_bezier_69,1,bezier
21790.15719225917,0.15346013672423617,8480,21.226795612690175,0.0,0.2273205947715785,0.12267144632960471,0.8220591523728691,2.027614275507115,0.7492836862187763,0.4460998932465325,1.9821985897584093,0.02688679245283019,-0.0446794362469079,2.8578093029211558,0.9286841103566945,-3,csgo_bezier_70,1,bezier
22826.478759577367,0.14802532887385322,9197,19.571987820791648,0.0,0.2322175683487757,0.11904800817988759,0.7551903733496608,1.9637316951077721,0.7251413669348049,0.45714458561191496,1.7760518465178479,0.028161356964227467,0.035104336988147015,2.827372882378604,0.9307059368409546,-3,csgo_bezier_71,1,bezier
22047.000212946168,0.15598845866898883,8432,21.347764203534574,0.0,0.22342647256821882,0.1245623505814061,0.8149003006503311,2.0612680679012994,0.771119272168379,0.43773871454364105,1.5859759700610596,0.02668406072106262,0.06747499532929777,2.8727581106268514,0.9350118697091039,-3,csgo_bezier_72,1,bezier
23134.983967191358,0.1577003909864598,8749,20.57270233196159,0.0,0.22217845767335276,0.1260985435354324,0.8408515029421069,2.0939787965448784,0.7642339194023496,0.44112046420681644,1.6989639861864825,0.025145730940678936,0.034156042303273584,2.8449047777553638,0.9293840265308008,-3,csgo_bezier_73,1,bezier
23459.36304710142,0.15278483290663009,9186,19.594229722373434,0.0,0.22688354802371966,0.12216916707529499,0.795495128834866,2.0064418253678777,0.7380068984275258,0.4571045559969245,1.607337723424271,0.02634443718702373,0.005008989068228961,2.8795742610561263,0.9385086796175653,-3,csgo_bezier_74,1,bezier
22046.81433649279,0.1499663854657086,8776,20.51031339031339,0.0,0.22139935863002314,0.1213068801060207,0.8705242673240075,1.9985360486544093,0.7675335120554049,0.43990799467197067,1.7836332476435304,0.027347310847766638,0.02688536299536911,2.913009469144354,0.9312423812793109,-3,csgo_bezier_75,1,bezier
21912.53473540102,0.1462248651540607,8932,20.162019930578882,0.0,0.2325116509765975,0.11603658899252223,0.9540210951546092,1.9167870016605975,0.7738807949399781,0.4458126077225422,1.687153134635149,0.029668607254814152,0.04707535092472885,2.7799391453530435,0.9290287753562365,-3,csgo_bezier_76,1,bezier
22276.122306829264,0.1482319189432239,8970,20.067120080276506,0.0,0.22428358257401615,0.11588993935278598,0.7629097259833564,1.9077503576022172,0.7482320175563084,0.4346733409164782,1.5990915374740793,0.02552954292084727,0.009438460576294827,2.827024670741329,0.9348523106078876,-3,csgo_bezier_77,1,bezier
24872.758047481875,0.1624635808343966,9158,19.654581194714424,0.0,0.2210775065872401,0.1282555910558776,0.7905694150420949,2.111093265598987,0.7376410140757259,0.4379465650822043,1.6066092459131658,0.029264031447914392,-0.0805830873224589,2.8253763861488186,0.9365939004107304,-3,csgo_bezier_78,1,bezier
22001.44208308842,0.14358210560443793,9133,19.70773105562856,0.0,0.2265125401697362,0.10769241866733528,0.7551903733496608,1.77727351006545,0.74600185960927,0.44015587259604405,1.6229607250755287,0.027701740939450346,-0.06632651451195248,2.85307844937372,0.9313941637516068,-3,csgo_bezier_79,1,bezier
22741.015352194278,0.14635157219634684,9272,19.412576852550966,0.0,0.2320341473681587,0.11223304596821014,0.7831227553838542,1.8552312596778977,0.7322015033497868,0.45584519665910717,1.5704640547736781,0.02631578947368421,0.0064355719594679575,2.7905964781782395,0.9315142335027244,-3,csgo_bezier_80,1,bezier
22260.076088029502,0.1476889891466276,8984,20.035956807302682,0.0,0.22870962926614516,0.1201057762635266,0.9013878188659973,1.9904091775387602,0.7603527633238524,0.4421929403368776,1.479362713127737,0.025155832591273374,0.0024709184357081817,2.912706628218259,0.9347170621742138,-3,csgo_bezier_81,1,bezier
22096.029433052983,0.1532159743101862,8600,20.929991859518548,0.0,0.2164661220375219,0.1215146201824143,0.9228014412645875,2.010656047310146,0.7183654982342746,0.4259062130460484,1.7080057923045098,0.027790697674418604,-0.04110850484578635,2.8446318544306197,0.9286485045443169,-3,csgo_bezier_82,1,bezier
25498.630125473723,0.1674785374913143,9101,19.77824175824176,0.0,0.2141567609656354,0.13359430290533694,0.8385254915624212,2.2174276448503676,0.7537703471204842,0.4331786180792106,1.72497308934338,0.028458411163608394,-0.09963152459964665,2.818592208491029,0.932633637048825,-3,csgo_bezier_83,1,bezier
24660.68316409118,0.15894148443076356,9262,19.434402332361515,0.0,0.22678451220073,0.12312813501170568,0.8500919067959652,2.040094538616607,0.7487451274052158,0.4427368789130091,1.514253724916028,0.027963722738069532,0.0052005312515433205,2.824505579903792,0.9327333135270317,-3,csgo_bezier_84,1,bezier
23324.221211100477,0.15941654681214407,8745,20.582113449222323,0.0,0.22263473031021652,0.13200630199414295,0.9291292967074066,2.18348754477593,0.7452894004410308,0.4407049018971607,1.7300425363537442,0.027901658090337334,0.08467325399789463,2.867323768077261,0.9333403181238353,-3,csgo_bezier_85,1,bezier
20704.56101227015,0.15410915178440263,8005,22.572213893053473,0.0,0.2186241421954228,0.1255740734389511,0.8338540040078959,2.0750928812106406,0.7664971743456399,0.43383398574382886,1.4950342991706769,0.02623360399750156,-0.09129672065481785,2.8725633458061273,0.9368192198214753,-3,csgo_bezier_86,1,bezier
19641.981679228935,0.15305965494015827,7639,23.562974600680807,0.0,0.23686502624804492,0.1295913454799858,0.9013878188659973,2.1414819318700102,0.7269327495274809,0.45773131542884116,1.8254602713178294,0.027621416415761227,0.10952617674447515,2.8787943267380585,0.9302462191805962,-3,csgo_bezier_87,1,bezier
21153.68626994844,0.15363089849446174,8218,21.902397468662528,0.0,0.22320327279113636,0.12112201276928201,1.0174262872562316,1.999512742206235,0.7308928162623579,0.44885386174707653,1.6447382226419054,0.029325870041372597,-0.025028470731793137,2.7993068042007843,0.9300949640726028,-3,csgo_bezier_88,1,bezier
22993.247492519746,0.1515382616879272,9069,19.84682399647111,0.0,0.21847866016229667,0.11521081708480709,0.8149003006503311,1.899378304581611,0.7404130668668333,0.44166464547110684,1.6056351572266565,0.027125372146873966,-0.056743809378586196,2.9031443960979155,0.9343925450015056,-3,csgo_bezier_89,1,bezier
21422.288883472662,0.15204179634709555,8404,21.417588956325122,0.0,0.22259972858730714,0.1218314428058611,0.8948638164547721,2.009180774109106,0.722419573569246,0.44379256629266917,1.6847457627118645,0.028914802475011898,0.03427708838863861,2.86546834782892,0.9334642438270125,-3,csgo_bezier_90,1,bezier
22226.76593863859,0.15516241656179888,8561,21.012383177570094,0.0,0.21829496934650022,0.12281472168601268,0.8682777493406127,2.0189228267158468,0.7378069035685042,0.4432603316986758,1.6600020195900231,0.025697932484522835,-0.05076354004052881,2.8644554723543245,0.9354901731559907,-3,csgo_bezier_91,1,bezier
21622.158812293248,0.14362654592744967,8973,20.060633080695496,0.0,0.2333575162489935,0.11248187350038422,0.7905694150420949,1.8597987932027509,0.727779917809434,0.4548136330373015,1.565296069166583,0.027972807310821354,-0.044445294624325817,2.811142575894348,0.9283620401209532,-3,csgo_bezier_92,1,bezier
25542.32052129924,0.1646488152678145,9260,19.43784425963927,0.0,0.2218086177704283,0.13380676407965233,0.8338540040078959,2.2117724856168146,0.7722202603092273,0.44021475819210903,1.7453595242386015,0.02613390928725702,0.03422865789147008,2.8847830929731577,0.9347950074536839,-3,csgo_bezier_93,1,bezier
23439.083318608296,0.1605162979406604,8738,20.59860363969326,0.0,0.21702391013189737,0.1218144649187362,0.7603453162872774,1.9994927534463451,0.7752154891196161,0.4406465778293937,1.7104666074775574,0.027008468757152668,0.039237686278838196,2.909623485824197,0.938247224529731,-3,csgo_bezier_94,1,bezier
23385.18871401802,0.15112969416011326,9230,19.50157113446744,0.0,0.22436954489155475,0.12121352352955303,0.8500919067959652,2.013231746169387,0.7520774401974296,0.4404014687848909,1.845385249278945,0.027843986998916576,0.06701942207830863,2.8991406827114465,0.926288503195183,-3,csgo_bezier_95,1,bezier
22725.884077521216,0.15845737158399684,8547,21.05979405569857,0.0,0.21249337134115434,0.13106230652357503,0.8149003006503311,2.1630733171853547,0.738724538240576,0.4395756686139912,1.7302765351769012,0.027261027261027262,-0.03561564102676599,2.946385826836594,0.9333109157476099,-3,csgo_bezier_96,1,bezier
22646.627820700523,0.15469021823960372,8732,20.613331806207764,0.0,0.2254461645285879,0.12384717114072592,0.8500919067959652,2.0435167477279514,0.7587498749061787,0.445885529430399,1.8011536444677505,0.027943197434722858,0.07877469144820362,2.8860503498601346,0.9340039014376599,-3,csgo_bezier_97,1,bezier
22761.98082725948,0.16720833489703435,8125,22.153741999015264,0.0,0.2194112146765907,0.1305372362219445,0.7603453162872774,2.1589139634649803,0.7662012376184669,0.4312752326862617,1.7418895555781553,0.027815384615384617,-0.01408155735728783,2.8170096952146033,0.9324321697239271,-3,csgo_bezier_98,1,bezier
22129.57518940438,0.15395774507462476,8575,20.991485887567062,0.0,0.22567799825000104,0.12672200909840278,1.0643366478704002,2.093110111299069,0.7561100785057169,0.4443882354485065,1.7527352297592997,0.02740524781341108,-0.1290658903632083,2.89987754860907,0.9335615432230271,-3,csgo_bezier_99,1,bezier
24744.92787341972,0.1576888560442624,9364,19.220121755847483,0.0,0.22272060258062498,0.1276855888327952,0.8948638164547721,2.1104197741958903,0.7525402851083636,0.4450946016048966,1.7001920087775442,0.02947458351131995,-0.03504517651367387,2.8778550827898313,0.9318753100965336,-3,csgo_bezier_100,1,bezier
22003.191103045174,0.1536602174962125,8527,21.109429978888105,0.0,0.22383091965231405,0.12422672836949361,0.8149003006503311,2.0563954376739453,0.7045002586163822,0.4471805103820866,1.8710247349823321,0.03189867479770142,0.10372820092540729,2.8352135858110907,0.9308286374436938,-3,csgo_bezier_101,1,bezier
22944.548710174386,0.1515807574882084,9038,19.91601195086865,0.0,0.22141527363814462,0.1223509889340078,0.9375,2.0309411627639773,0.7306029994361357,0.4435048671862294,1.78594905505341,0.026665191414029652,-0.019808469880373023,2.9336729946842377,0.928335288077963,-3,csgo_bezier_102,1,bezier
23921.429872279397,0.15567535749890613,9183,19.601829666739274,0.0,0.2269644516351769,0.12410887065231177,0.8705242673240075,2.049783799925502,0.7531763050185429,0.43650995488038913,1.6671058823529412,0.02907546553413917,0.005180976809800306,2.8326030022053055,0.9317612330155152,-3,csgo_bezier_103,1,bezier
25023.61679195719,0.1584084798643107,9419,19.110320662561055,0.0,0.20956636046844196,0.12071385159606485,0.9375,1.9962097417434703,0.7267959714165257,0.43298216341777546,1.7384216376435717,0.027709947977492305,-0.006340334522366195,2.8644414361368113,0.9325015146722844,-3,csgo_bezier_104,1,bezier
23852.29603284732,0.15767385734464548,9021,19.95288248337029,0.0,0.23038488007144767,0.12357562811867008,0.7629097259833564,2.0458248697958283,0.7408917030940563,0.45422224944263234,1.5265800089645898,0.028821638399290545,6.019734456655165e-05,2.8631626635638634,0.9328135760716778,-3,csgo_bezier_105,1,bezier
26489.40836693167,0.1694128846052015,9350,19.25114985559953,0.0,0.212059132024482,0.13145136935493054,0.7603453162872774,2.1703168714200345,0.7776396584126007,0.4237508833789086,1.5986852917009038,0.024812834224598932,0.01792542830897508,2.8794171279403304,0.939565882351635,-3,csgo_bezier_106,1,bezier
20832.95987540527,0.15175631218717212,8186,21.989004276114844,0.0,0.22688980165878322,0.12101800128309338,0.8682777493406127,1.998171680303698,0.7399373319518223,0.441447265439586,1.403300521134916,0.025531395064744687,0.0377118906416387,2.863265660627712,0.9377850917591646,-3,csgo_bezier_107,1,bezier
19931.34251912556,0.14260903414687437,8333,21.601536245799327,0.0,0.2252605182721483,0.11327093166688235,0.7315437444199766,1.8693393958132207,0.7406029974963099,0.4423104379326177,1.3367103694874851,0.02844113764550582,0.016571700545542415,2.887332481566568,0.9345504425124063,-3,csgo_bezier_108,1,bezier
23309.250051755615,0.1563908820167846,8901,20.221685393258426,0.0,0.21854359819055047,0.1259428269328969,0.8682777493406127,2.079763766504702,0.7359148534255243,0.4468806164734452,1.9636442799608143,0.030558364228738345,-0.0073082389377533055,2.9221484988873785,0.931077614812025,-3,csgo_bezier_109,1,bezier
21454.95301901744,0.1432003860635801,8939,20.13627209666592,0.0,0.22833989842894625,0.1118955831413975,0.7315437444199766,1.8412455506399996,0.7162318510044544,0.45147391975605256,1.8956591455732448,0.02942163552970131,0.02786918345889053,2.8026216282865573,0.9275017417929693,-3,csgo_bezier_110,1,bezier
24054.055307235503,0.1557494370281281,9220,19.522833279097515,0.0,0.22848501595236947,0.12599770529070206,0.8149003006503311,2.0840105600848324,0.7638798321051157,0.45225055595293473,1.6073394495412845,0.029067245119305855,-0.012816125431719748,2.909152624023449,0.9323027402604553,-3,csgo_bezier_111,1,bezier
21077.171432240968,0.1458397523210227,8609,20.908341078066915,0.0,0.22718551177480967,0.1138389122480898,0.7730823048033113,1.880948395933313,0.7354259824007958,0.45288218673305314,1.5904016692749088,0.024973864560343825,-0.035023619393942294,2.9269722745261344,0.9326184979838247,-3,csgo_bezier_112,1,bezier
22525.067229594722,0.14983785449725612,8975,20.05582794740361,0.0,0.2326520240851386,0.11918310341461488,0.8948638164547721,1.9688538434834917,0.7528406253894361,0.4497329699928571,1.6330239374694675,0.026852367688022283,-0.0006789493080112934,2.831634903687762,0.9304799114339164,-3,csgo_bezier_113,1,bezier
25252.248517664462,0.1598674856728297,9441,19.065572033898306,0.0,0.21723023191948043,0.1276533804879044,0.8149003006503311,2.106745800016779,0.7462965552808006,0.4374291367748161,1.595748403464264,0.027645376549094377,-0.07169581781448824,2.8654455446547957,0.9368089068228236,-3,csgo_bezier_114,1,bezier
23179.041325362257,0.15218051296300775,9082,19.818301949124546,0.0,0.22148260237507858,0.12469739803075766,0.9540210951546092,2.065849202719893,0.7642685633196158,0.4441220425895243,1.5700550732754597,0.025434926227703148,0.08860280879033158,2.901919822791343,0.9343627997460253,-3,csgo_bezier_115,1,bezier
22437.29555828927,0.15161085079379444,8848,20.341019554651293,0.0,0.2247121174336922,0.11754701692831901,0.8705242673240075,1.937866915753027,0.7492680616953897,0.44336083283776334,1.5750727449078565,0.02802893309222423,0.019261886028205083,2.80903046959537,0.9324515390430874,-3,csgo_bezier_116,1,bezier
23241.539495576308,0.16257900571905898,8537,21.302014995313964,0.0,0.21743746058312752,0.1283707191587412,0.8500919067959652,2.1214753591329503,0.7357350678542454,0.434460476496032,1.730393607576206,0.026121588379992972,-0.008660048257839375,2.88508102855985,0.9334319611372099,-3,csgo_bezier_117,1,bezier
21462.74841544411,0.15657891278087815,8192,21.97326333780979,0.0,0.21570927584569097,0.1255388456531447,1.0,2.0692468688120935,0.7554956608242835,0.4385237780710887,1.5834940615165973,0.02587890625,-0.03301256461099085,2.9258292982115752,0.9385810852368166,-3,csgo_bezier_118,1,bezier
24471.61430471217,0.1599838496395996,9138,19.69738426179271,0.0,0.22840972459179062,0.1280632895998184,0.8500919067959652,2.125208580282191,0.7587037412164618,0.4517291624322427,1.436890756302521,0.027358284088421975,0.02095630280055153,2.882887561120102,0.9360888109650536,-3,csgo_bezier_119,1,bezier
22543.47033599901,0.151025986776364,8902,20.219638242894057,0.0,0.21911526079168037,0.12043369403156697,0.8003905296791061,1.990056172161377,0.752921001663561,0.43558646911067195,1.7831918683852037,0.025387553358795775,-0.000893690165256195,2.900192943754885,0.934261042640133,-3,csgo_bezier_120,1,bezier
23104.48805875965,0.16129987920705735,8531,21.099296600234467,0.0,0.21534851285367415,0.1313339938828079,0.8882919002219934,2.173388111548771,0.7712536857599732,0.43219497854026967,1.640971891376846,0.02719493611534404,0.08377752547509909,2.896153879795244,0.9344157694583102,-3,csgo_bezier_121,1,bezier
22935.821387316784,0.15454376221805965,8855,20.31578947368421,0.0,0.22521005539246294,0.12299988993827615,0.8149003006503311,2.0316432532431374,0.7333793783648597,0.452137537445584,1.8811860293341776,0.028345567476002257,-0.04727944493220406,2.8253084164903464,0.9257953908317278,-3,csgo_bezier_122,1,bezier
23439.431579590742,0.16288679463112588,8586,20.964123471170648,0.0,0.2196110113802826,0.13304611751905224,0.9457966219013473,2.195311453630473,0.7744323914524563,0.42609504992489766,1.622105064959518,0.028884230142091776,0.036196300208442285,2.9118919614740095,0.9384614630633612,-3,csgo_bezier_123,1,bezier
23156.03645912445,0.15173650522115079,9073,19.838734567901234,0.0,0.21697792803304486,0.11832618271995363,0.8149003006503311,1.9641432759950426,0.7310317869457648,0.4372264847141442,1.8245936829193499,0.028987104596054226,0.12519345228483653,2.8552377707669248,0.9265591882435722,-3,csgo_bezier_124,1,bezier
23179.042109039416,0.15398291215810628,8990,20.021248192234953,0.0,0.22444565824151902,0.12156643408631554,0.8500919067959652,1.999726153662677,0.7517437989613798,0.43965834830740874,1.696833022845377,0.029699666295884317,0.01346747091197259,2.8702909062991173,0.934036657339945,-3,csgo_bezier_125,1,bezier
22373.601606608812,0.1532448509153041,8706,20.675244112578977,0.0,0.21795814300242042,0.12515060984162946,0.8882919002219934,2.0737866835689087,0.7591548609575814,0.4446275784831132,1.4896076055550378,0.02653342522398346,0.056789661109248574,2.8639534132601514,0.9338759199436852,-3,csgo_bezier_126,1,bezier
22110.881643695247,0.14920932903482578,8849,20.340528933092223,0.0,0.23401735020770065,0.1139147494223661,0.8220591523728691,1.888693497855562,0.7430579550377558,0.44584625125847027,2.062081915268161,0.02983387953441067,0.00466131913406936,2.734923922948388,0.9207336596786597,-3,csgo_bezier_127,1,bezier
23510.66702155579,0.15334589955821507,9150,19.66072794840966,0.0,0.2102050174617209,0.12138944444502851,0.8149003006503311,2.0073091565290544,0.7489957802101637,0.43060748444781277,1.657366711255494,0.026885245901639345,0.04307629401740494,2.9212297926418076,0.931248089676671,-3,csgo_bezier_128,1,bezier
22482.70559227414,0.1527344613058583,8784,20.491176135716724,0.0,0.21707137118296757,0.12319659489708007,0.8220591523728691,2.0395778773229516,0.7731463745654815,0.43587156858189113,1.5816759992276501,0.0273224043715847,-0.03885070394216948,2.857157821497509,0.9344519581671202,-3,csgo_bezier_129,1,bezier
24362.508625002523,0.15557327341698113,9344,19.253130686075135,0.0,0.22392517484963254,0.1268328444600285,0.9291292967074066,2.0961196900967876,0.7686303999229909,0.4378101784272115,1.455072958443553,0.02675513698630137,-0.002870884308255764,2.88370138200928,0.9365293629481496,-3,csgo_bezier_130,1,bezier
23109.03633150876,0.15205487168910467,9050,19.88893800419936,0.0,0.2430101213275651,0.12370503568020004,0.8500919067959652,2.048997324265313,0.7189972039989183,0.46606141060961237,1.7701612903225807,0.029281767955801105,0.05141341158663569,2.8539810492787923,0.9273574452439426,-3,csgo_bezier_131,1,bezier
22265.26329838313,0.1547362079613045,8591,20.947613504074504,0.0,0.2213730231168841,0.12725455527704888,0.8705242673240075,2.092695292637863,0.7751711944037764,0.4438371280131241,1.6279046574249527,0.02770341054592015,0.058449126344902944,2.90463982039062,0.9373031650251401,-3,csgo_bezier_132,1,bezier
19726.69721900711,0.15077372766340905,7795,23.09148062612266,0.0,0.23467128005153626,0.12441558725238577,0.8500919067959652,2.057758793270241,0.7343108963916863,0.44582545192055667,1.6424057774768674,0.027581783194355357,0.08530193262912501,2.8171858092223454,0.9311862442079477,-3,csgo_bezier_133,1,bezier
22843.64115660613,0.15240112002434847,8951,20.108268156424582,0.0,0.21874180646237248,0.1216263513459762,0.8003905296791061,2.001766312751347,0.7365072818537942,0.44222277264940396,1.6252185739265592,0.029047033850966374,0.09200374736224716,2.890919168446545,0.9358605498421932,-3,csgo_bezier_134,1,bezier
22151.77508347651,0.15675923682927193,8428,21.356473240773703,0.0,0.21631378021848063,0.12611721780524898,0.8149003006503311,2.0837721767366086,0.7752248635013481,0.43302337683844566,1.7508815598423564,0.027052681537731372,0.03134873859799544,2.8652123224427606,0.9350098874628912,-3,csgo_bezier_135,1,bezier
25250.543726721513,0.1598466265464123,9431,19.372958642629904,0.0,0.22002610461574612,0.12450183172684799,0.9375,2.0528030183579666,0.7530155676316617,0.4292515969112724,1.4155048754935933,0.02608419043579684,0.11097061578944248,2.781939542045043,0.9381799959675895,-3,csgo_bezier_136,1,bezier
24969.89157902024,0.1636649553327723,9102,19.775848807823316,0.0,0.22946824458519824,0.1301254122833562,0.8125,2.1500274084673885,0.7540562659442549,0.43710224198802133,1.5720938254570542,0.026697429136453527,0.009774661342265206,2.787955074805017,0.9355301856137878,-3,csgo_bezier_137,1,bezier
22197.174052939838,0.15101228261233796,8759,20.549897236812058,0.0,0.2249998850317106,0.12057292139412823,0.8149003006503311,1.9973617404679804,0.7809674142083883,0.4464000415709511,1.624888270930579,0.027857061308368535,0.03876716620930611,2.8707516475939894,0.9337753677993447,-3,csgo_bezier_138,1,bezier
22477.89263904321,0.15323283842215463,8761,20.545890410958904,0.0,0.22863801590120342,0.12284196006066717,0.7831227553838542,2.0281659258369795,0.7582243395016048,0.44867229349413296,1.7070966416760809,0.03150325305330442,0.03167372630420892,2.893177621186308,0.9318682838057474,-3,csgo_bezier_139,1,bezier
24648.082915738963,0.15968772548815666,9209,19.54615551694179,0.0,0.218295290073577,0.1262203728614535,0.8500919067959652,2.092623536917172,0.7495657348028433,0.42650449333025553,1.6487659343639816,0.030296449125855142,0.03950474131074814,2.872409025676086,0.9314139237539424,-3,csgo_bezier_140,1,bezier
24676.42286365541,0.15787051304448999,9338,19.27621291635429,0.0,0.22267531573566254,0.12436428166267997,0.7905694150420949,2.0598391795363464,0.7815967763528351,0.43837965190503,1.711045273585779,0.027736131934032984,-0.026802715973589266,2.8910285900736588,0.9324685284120158,-3,csgo_bezier_141,1,bezier
23537.95815156727,0.15373771844567477,9156,19.659202621518297,0.0,0.2111609317140046,0.12351877674945091,0.8408515029421069,2.040876352884722,0.7467790472953681,0.4356570116478575,1.5190114068441065,0.029379641764962865,-0.0014853988254328696,2.9965090943557424,0.936872241474426,-3,csgo_bezier_142,1,bezier
21238.658456925812,0.14913135323000426,8502,21.171038701329255,0.0,0.22606283751265308,0.12041088560341971,0.8149003006503311,1.9829660492740881,0.7369185933468065,0.44774789086966993,1.4116517899990402,0.024700070571630206,0.026275441839581935,2.862092402118005,0.9370064807796332,-3,csgo_bezier_143,1,bezier
21383.655502232235,0.1473935527101891,8658,20.789649994224327,0.0,0.22949561055045495,0.11481984608262259,0.8500919067959652,1.899451408371285,0.7728762443720767,0.44079482100139106,1.5236710130391173,0.028182028182028182,-0.029218558341144975,2.8779581019215423,0.9323141288389822,-3,csgo_bezier_144,1,bezier
24695.600265003155,0.16212645062566292,9102,19.775079661575653,0.0,0.21988241900564343,0.1261524010969475,0.7629097259833564,2.081237166884066,0.7496737143091666,0.42798833090684607,1.5984251968503937,0.027136892990551525,0.08120793774153497,2.827932484279367,0.9371319268486697,-3,csgo_bezier_145,1,bezier
21787.714225789117,0.1615385247776427,8046,22.37041640770665,0.0,0.22357170950866273,0.12496849418793993,0.7831227553838542,2.068434625619983,0.7243568143063991,0.4335088160622698,1.352861649391618,0.024857071836937607,-0.09072524497681723,2.8592525199614593,0.9383177983278845,-3,csgo_bezier_146,1,bezier
21557.75790521042,0.15309444736344163,8405,21.416230366492147,0.0,0.21501493176538708,0.12275788122268312,0.8125,2.021834647138079,0.739062550681557,0.430817337943507,1.6142210331343898,0.0297441998810232,0.04705127470547621,2.9034265270914354,0.9367306211677602,-3,csgo_bezier_147,1,bezier
23630.87758837342,0.16146360506680163,8734,20.60815298293828,0.0,0.2220324349377827,0.1303485396745195,0.8125,2.1564056499931428,0.7400874117536071,0.4391080587402626,1.752365930599369,0.028280283947790245,0.04799641783855595,2.8833542644509045,0.9341388502550871,-3,csgo_bezier_148,1,bezier
24903.19206045681,0.16166663945276238,9207,19.549750162937215,0.0,0.23044794246501546,0.1329329829643217,1.0625,2.1960641896975743,0.7665450340373913,0.44551909848800636,1.5438521798365124,0.026501574888671664,-0.018625626178502278,2.910931970725209,0.9368307127961855,-3,csgo_bezier_149,1,bezier
23545.756146476266,0.1574864712821454,8922,20.173635242685798,0.0,0.2211198989366079,0.12618593226871616,0.8408515029421069,2.085086802476597,0.7472988220515961,0.4419708997898101,1.462964597863512,0.027908540685944856,0.02580347045001111,2.927207309285491,0.9374042513410568,-3,csgo_bezier_150,1,bezier
21431.321539654906,0.1435702909106238,8901,20.221348314606743,0.0,0.23098276409391924,0.11227705380083125,0.7831227553838542,1.857249191170631,0.7525745788247215,0.4473695753519651,1.4704404945904173,0.02741265026401528,-0.026374693916842953,2.8263498370089506,0.9320439889857512,-3,csgo_bezier_151,1,bezier
18938.69350570117,0.14335751839527638,7856,22.91190324633991,0.0,0.23373411203342903,0.1152725657601692,0.7905694150420949,1.911447410048971,0.7083987101518824,0.46232132424538314,1.6809198706431907,0.03080448065173116,-0.052258729689980195,2.873339262395991,0.9219043433631595,-3,csgo_bezier_152,1,bezier
22796.882704933414,0.16508928718845053,8241,21.840898058252428,0.0,0.21332448809756327,0.13608818448181553,0.8125,2.2472603132669446,0.7536768215022466,0.438501201551709,1.9443780554046715,0.030093435262710837,0.015310285081511046,2.9603917063734353,0.9333027840243334,-3,csgo_bezier_153,1,bezier
22713.41116610227,0.1475399602891582,9183,19.599869309518624,0.0,0.22494358658300886,0.11923267235523943,0.8500919067959652,1.9683659096011823,0.7555219343337128,0.44236987647831383,1.5123882265275708,0.02624414679298704,0.10857649364310624,2.810560486003101,0.9353365390802164,-3,csgo_bezier_154,1,bezier
22574.343396718345,0.15004407579361187,8977,20.26492869875223,0.0,0.22457830674052937,0.11430385589366994,0.8682777493406127,1.8899662555834476,0.7556556259585728,0.4402797443615523,1.523778071334214,0.02673498941740002,-0.03689102896615265,2.7997979637059722,0.9321334924917619,-3,csgo_bezier_155,1,bezier
22352.351841441217,0.14801181411330208,9009,19.974023090586147,0.0,0.23271137424244592,0.1105305095303188,0.8682777493406127,1.8313956792092085,0.7358578489170202,0.44716121164141986,1.4953738670694865,0.02641802641802642,0.040223150183235044,2.805953229720015,0.9310378150203356,-3,csgo_bezier_156,1,bezier
20942.55565977993,0.14937269443686926,8347,21.564342199856217,0.0,0.22558237173956333,0.11780141272200359,0.7905694150420949,1.9571085732210232,0.7273565849536795,0.45547497886583077,1.8668601276842716,0.028872648855876364,0.057721356699373304,2.823283226513324,0.9223835260051276,-3,csgo_bezier_157,1,bezier
23610.138401685344,0.1665619812054533,8460,21.276273791228277,0.0,0.22822671227578423,0.13692727517746678,0.8220591523728691,2.2634392007601556,0.7142187164915945,0.45449277425399137,1.5408822191905411,0.028250591016548462,0.010826187276487625,2.9047355745599086,0.9390031799332633,-3,csgo_bezier_158,1,bezier
20676.808618740528,0.1381348275705606,8928,20.161196370561218,0.0,0.2404744594071964,0.10901781137455267,0.8882919002219934,1.8006473106904262,0.7336511566502762,0.45225431977577746,1.6019726376073815,0.028225806451612902,0.056285530941807695,2.830694068885402,0.927380581125764,-3,csgo_bezier_159,1,bezier
24578.366382136686,0.16934685143221062,8679,20.739110394100024,0.0,0.21661813796315,0.13628284910982263,0.8125,2.2447762169084116,0.7463446569871018,0.4412792593991665,1.5469182825484764,0.025924645696508816,0.012087753206766142,2.914104209621382,0.9417868418383551,-3,csgo_bezier_160,1,bezier
22799.666421167116,0.1550843203840383,8753,20.563299817184642,0.0,0.2190244050617592,0.12239110042835331,0.8220591523728691,2.027453931851296,0.7431711845568975,0.43264213055407885,1.4275517487508922,0.0259339654975437,-0.041633528017380454,2.8348668535899266,0.9358446850512914,-3,csgo_bezier_161,1,bezier
22953.203952650365,0.1511792181889654,9055,20.047824166114424,0.0,0.2321669757264908,0.11952873859363192,0.7905694150420949,1.9730017372961177,0.7388070004577204,0.4521110314907521,1.6754040204966496,0.02816123688569851,-0.09217234782214458,2.7796924664314187,0.9312616467759922,-3,csgo_bezier_162,1,bezier
22540.913130327095,0.14798311466834638,9076,19.831404958677687,0.0,0.2298242420668288,0.11507435877285672,0.7525996611745185,1.90233628988388,0.7719309647769232,0.44360366783780725,1.5340100559719192,0.02600264433671221,-0.01774083762102407,2.8004461783746732,0.9333654310280981,-3,csgo_bezier_163,1,bezier
22939.44007529422,0.15009325480146013,9117,19.742759982448444,0.0,0.230932655268156,0.12036472131336144,0.9228014412645875,1.9858466346125145,0.7615893433465105,0.4504117677865715,1.8181442446786527,0.02796972688384337,0.0558061881675694,2.8813681874719217,0.9315415861646288,-3,csgo_bezier_164,1,bezier
21726.726961859426,0.14707892603922376,8794,20.467303536904357,0.0,0.2498701436454204,0.11493563262613078,0.8682777493406127,1.9041531971995498,0.7252390977310842,0.46499679089117885,1.6433292028087567,0.03002046850125085,-0.008101503802323119,2.7941772093032733,0.9291028050237974,-3,csgo_bezier_165,1,bezier
21142.261206755615,0.14882636684054526,8478,21.23144980535567,0.0,0.22353723997495953,0.12007031227637435,0.8408515029421069,1.9808848826036196,0.7564790671591821,0.439305327850204,1.6554039650394372,0.02736494456239679,-0.048555869088584606,2.854551106260419,0.9324718864140515,-3,csgo_bezier_166,1,bezier
22797.702646028876,0.15241035221399443,8936,20.129378847229994,0.0,0.21951669486203723,0.11654142689408246,0.795495128834866,1.923824711943633,0.7225960474072021,0.43355173646842615,1.4169267814144297,0.027529095792300805,0.047707680068198775,2.8032043642798543,0.9349097765097467,-3,csgo_bezier_167,1,bezier
23309.97052793932,0.1535031692138727,9055,19.875303733156617,0.0,0.23202881906316436,0.12015009349409447,0.8682777493406127,1.9912552130914345,0.7511117435594966,0.43874983906228376,1.9004719454640797,0.027940364439536167,0.04973512796060018,2.8380389292409873,0.9278634991588801,-3,csgo_bezier_168,1,bezier
22523.789950086702,0.1511669471116705,8891,20.244994375703037,0.0,0.22468947334337644,0.1232911677930105,0.8682777493406127,2.0349252467094905,0.7709147655575832,0.4477695476812055,2.010294117647059,0.02823079518614329,0.048195074923468,2.8682114741418263,0.9300816696009138,-3,csgo_bezier_169,1,bezier
22516.259117279606,0.1574325055588169,8529,21.09017354596623,0.0,0.22022456886733938,0.12731178247979183,0.8408515029421069,2.103486050423796,0.76303082468382,0.4415371956349381,1.8237165888841749,0.027670301324891546,0.051019522893185884,2.8380497604701596,0.9319400604155798,-3,csgo_bezier_170,1,bezier
22840.836212992137,0.1551431717951229,8798,20.44367397976583,0.0,0.22427151351516403,0.11848685095831761,0.875,1.9560411309493249,0.7591044863051638,0.4416723598435583,1.544097060195987,0.027051602636962945,-0.029026438632432663,2.7970604876892358,0.9340227528867024,-3,csgo_bezier_171,1,bezier
24441.870773042137,0.16113579211052706,9034,19.924388353813793,0.0,0.22687778189986954,0.1330090333183824,0.8385254915624212,2.2043710554201383,0.7325968930161265,0.45906469483766765,1.6371753246753247,0.0274518485720611,0.06255850953548417,2.8470867339984807,0.9335800398356386,-3,csgo_bezier_172,1,bezier
22057.229287389797,0.1485092473544518,8860,20.31572412236144,0.0,0.22449657868627243,0.1167223205501743,0.8003905296791061,1.9282233774635875,0.729064311100105,0.44438789627351755,1.6281559280953344,0.028216704288939052,0.033958653300741284,2.801981089463633,0.9325168952540323,-3,csgo_bezier_173,1,bezier
20190.492840959767,0.13903570861270134,8644,20.82008561841953,0.0,0.24258124190009672,0.11333274315186183,0.7730823048033113,1.8645548507482221,0.7554648859423798,0.4562265524575119,1.647968836950473,0.02788061082832022,0.042164401031247176,2.8472431534416724,0.9294066715635466,-3,csgo_bezier_174,1,bezier
22925.15521648131,0.15890666648439236,8630,20.856414416502492,0.0,0.21622240516218863,0.12436447189491329,0.8682777493406127,2.048499250855589,0.7344749994767061,0.43149444622298205,1.7992182678461222,0.030011587485515644,0.058910413867768685,2.799022822224069,0.9300502751541959,-3,csgo_bezier_175,1,bezier
22381.947526776425,0.15696239530413827,8502,21.256675685213505,0.0,0.22078366367790742,0.12412271067952266,0.9519716382329886,2.056065050471107,0.7395433139612559,0.4381913183840794,1.7432530999270606,0.029522465302281815,0.007763885212859816,2.9654877760198173,0.9316671424561517,-3,csgo_bezier_176,1,bezier
21384.31988055563,0.14741447154000958,8652,20.8043000809155,0.0,0.2270618753535563,0.1123677303149489,0.8149003006503311,1.8556128796085787,0.7395584872983525,0.45755800144214975,1.5791887484712597,0.027161349976883957,0.05758177188772937,2.830692580932092,0.9314642586410726,-3,csgo_bezier_177,1,bezier
23018.528176498054,0.14807723505074805,9254,19.44990813790122,0.0,0.2176427696314635,0.1195666931344248,0.8500919067959652,1.9878981494003534,0.7394102516057993,0.437554012322016,1.6616482549613842,0.02820401988329371,0.02679756921129447,2.8745437957931164,0.930147499689048,-3,csgo_bezier_178,1,bezier
23542.02229632718,0.1555519928399338,9013,19.971482467820685,0.0,0.21591325805080863,0.12381641768234015,0.8408515029421069,2.052810598718375,0.7602556301642107,0.42921116093127903,1.5243058675532393,0.029069122378786196,0.007176537851449972,2.8678825847968223,0.9359118836086368,-3,csgo_bezier_179,1,bezier
23947.516337335197,0.15500260156056836,9217,19.52810329861111,0.0,0.22149466524007713,0.12170978352863464,0.7905694150420949,2.0098975246913495,0.7412398597658755,0.4345477579275697,1.7088752869166028,0.028751220570684605,0.028725752006152915,2.8044969414822747,0.9340101432859047,-3,csgo_bezier_180,1,bezier
22775.11507037456,0.1504927521962288,9018,19.960075413108573,0.0,0.23574393679517774,0.12423051892563834,0.8003905296791061,2.0498352207909014,0.730132894859,0.46745174065581263,1.3328142572886927,0.0267243291195387,0.13979609632158801,2.865960372724411,0.9354276110946871,-3,csgo_bezier_181,1,bezier
23203.736654092027,0.15327985232628097,9009,19.979351687388988,0.0,0.22056608476356954,0.12503977716344816,0.8838834764831844,2.071564920858385,0.7717819337786073,0.43249329518155927,1.7506726457399102,0.028194028194028196,-0.046995308078390904,2.82356887343817,0.9299135430747851,-3,csgo_bezier_182,1,bezier
24305.531057267137,0.16226668523536963,8949,20.27905677246312,0.0,0.2168883602151556,0.12455183648366573,0.8149003006503311,2.054815086508988,0.764977874059348,0.43389532793557756,1.5398541172335003,0.026930383283048386,0.004465288295490004,2.8606372990075006,0.9394354319680848,-3,csgo_bezier_183,1,bezier
23221.278804145557,0.15664268555954386,8863,20.30952380952381,0.0,0.21476719175449493,0.11990644488948682,0.9013878188659973,1.9778668192174016,0.7637502089881145,0.43115479968203646,1.4680736416704085,0.02640189552070405,0.0760406650046184,2.891355445772103,0.9357176901725466,-3,csgo_bezier_184,1,bezier
24891.11355477105,0.1607236662076821,9264,19.430098240310915,0.0,0.22493805688432136,0.12623422267092307,0.8408515029421069,2.090435607220552,0.7761098600490816,0.43579298790122306,1.635056967572305,0.023855785837651123,-0.004569445967885835,2.8695247787460123,0.9338153433065617,-3,csgo_bezier_185,1,bezier
19843.82872689756,0.13517320316153952,8740,20.594576038448334,0.0,0.23501026085566937,0.10089233036560702,0.8385254915624212,1.6675102956612988,0.7189245792375177,0.45390074061422847,1.9127408328154134,0.02768878718535469,-0.017025668126426603,2.845345329024477,0.9220265040226936,-3,csgo_bezier_186,1,bezier
24372.33146367501,0.15731634219145255,9240,19.480463253598874,0.0,0.22273098422888257,0.12366604117211243,0.7629097259833564,2.0379289025132974,0.7241356695763033,0.4474984017772085,1.855230784371617,0.029112554112554114,-0.0331639874184628,2.8586072675595138,0.9305820644573999,-3,csgo_bezier_187,1,bezier
22858.961480820086,0.15288968949167678,8916,20.053954010095346,0.0,0.23647091250966465,0.12413257293693757,0.8948638164547721,2.0611416133181635,0.7771480832271871,0.45093617693406507,1.370139968895801,0.02680574248541947,0.08638406235977829,2.8031479356165674,0.9322285754522512,-3,csgo_bezier_188,1,bezier
23715.179085779073,0.15581124474221805,9089,19.80292693661972,0.0,0.21963335857710226,0.12139600822093105,0.7730823048033113,2.0099306899664224,0.7593338991511858,0.4430514140830453,1.7933605009442402,0.027285730003300694,0.06218654133211455,2.866367246974077,0.9311850539920301,-3,csgo_bezier_189,1,bezier
21571.929244151426,0.15112092433937813,8516,21.137287140340575,0.0,0.22517009020728002,0.11860944490952181,0.7905694150420949,1.954479032891628,0.7495162166617354,0.4450891533650376,1.5709839357429718,0.027712541099107563,-0.07488367519277812,2.8969876339164857,0.9343297921826297,-3,csgo_bezier_190,1,bezier
20047.60675511387,0.15561418352611509,7695,23.39407330387315,0.0,0.2306663809010555,0.12606219863655266,1.0,2.0834578704389397,0.7575783604447852,0.441433218663335,1.347000684998532,0.024041585445094216,0.13137406398459972,2.8131681687090277,0.937045069912262,-3,csgo_bezier_191,1,bezier
22103.585369168006,0.14807505882583813,8896,20.232715008431704,0.0,0.21954281723061872,0.12024576519843717,0.8838834764831844,1.9849643150192935,0.7595373660099748,0.4398065569780805,1.7355829502716256,0.025741906474820143,0.05304656413766558,2.8747644329073636,0.9307025523198974,-3,csgo_bezier_192,1,bezier
22593.629164301947,0.1503665456555125,8975,20.05605081346111,0.0,0.22883243380841117,0.1225084279544463,0.8772293029761374,2.018104357625027,0.7524054343524885,0.4554145650636801,1.5823996935746434,0.026963788300835654,0.029166403288882585,2.8604779303822188,0.9348766862623477,-3,csgo_bezier_193,1,bezier
20155.445547854724,0.14750231526105148,8152,22.079867500920134,0.0,0.2235722001558459,0.11591103851462947,0.7551903733496608,1.9131211973456785,0.7629790531282842,0.43875090896653657,1.661470687902406,0.02747791952894995,-0.042622299972880306,2.8463958324704453,0.9308954859383618,-3,csgo_bezier_194,1,bezier
23174.74769239011,0.15775298571666724,8761,20.54566210045662,0.0,0.21967253921056334,0.12208688215150533,0.8385254915624212,2.0242722814615868,0.7581991636314438,0.4423573922245436,1.5380051909529107,0.026138568656546058,0.06521273476823033,2.875577775067396,0.9348017890949383,-3,csgo_bezier_195,1,bezier
22787.268575698414,0.15377685838215047,8844,20.353160692072827,0.0,0.2303953939392147,0.12197556241537658,0.8948638164547721,2.016070449652404,0.7543172905855183,0.4429025015239055,1.5127593170552598,0.027815468113975575,0.023374624374244504,2.8021502525231408,0.9340429689807644,-3,csgo_bezier_196,1,bezier
22721.201999042336,0.15158526421213964,8934,20.145863651628794,0.0,0.22614712882554397,0.11725724240120955,0.8772293029761374,1.933694814627018,0.74925505197904,0.4405335947028571,1.5193602693602695,0.02563241549138124,0.005814827061857361,2.8180465411418587,0.9342160828021744,-3,csgo_bezier_197,1,bezier
22792.705305968342,0.15377443254057016,8844,20.352142937916998,0.0,0.21871383845864573,0.12181592227191412,0.8003905296791061,2.0087093440335977,0.7596000157725701,0.4389998333404317,1.7335081702642727,0.0270239710538218,0.015292896982419148,2.9167096068963385,0.9336381635510601,-3,csgo_bezier_198,1,bezier
23354.525256258443,0.1496136823938729,9314,19.325673789326746,0.0,0.2254185819207092,0.11901427208107317,0.8500919067959652,1.9664721035128203,0.737895596314265,0.4418804556557426,1.6164487398142884,0.027378140433755638,-0.04507766931416228,2.8735574055771655,0.9320784591949793,-3,csgo_bezier_199,1,bezier
22132.399594071598,0.14874990900227625,8873,20.28505410279531,0.0,0.23254504258273767,0.11638984574891482,0.8385254915624212,1.9156378992837606,0.7780975832604216,0.4487405315308753,1.6929906059667597,0.02817536346218866,-0.047255406139364506,2.8504435108895305,0.9315879640218645,-3,csgo_bezier_200,1,bezier
22841.146150590812,0.14984055125490683,9078,19.828577723917594,0.0,0.22878857493684218,0.12064973749430567,0.8149003006503311,1.9922303490145288,0.718709039525043,0.4528382996922164,1.5509803921568628,0.031725049570389956,0.0563787965537933,2.7835880866876996,0.9331269737943357,-3,csgo_bezier_201,1,bezier
21049.572023162706,0.14820586590548976,8467,21.2578549492086,0.0,0.2307883743249358,0.11818517039762028,0.75,1.9465895166407252,0.7695641336387906,0.45099270848681255,1.638152994999468,0.027754812802645565,-0.022891229387515893,2.796385506617228,0.9345465788545919,-3,csgo_bezier_202,1,bezier
23302.865998953377,0.15126265879312928,9208,19.548169870750517,0.0,0.22462066121471883,0.12052748118717951,0.8882919002219934,1.984162436172846,0.7713589903357649,0.4348296526354741,1.7842269389397445,0.026172893136403128,0.04592263078853213,2.872881280895888,0.9311206540880785,-3,csgo_bezier_203,1,bezier
23057.581775042243,0.15478532081817528,8881,20.267342342342342,0.0,0.22556026554912176,0.1225138262516088,0.8149003006503311,2.0294812838221814,0.7572301389385913,0.4408789893924505,1.726774322169059,0.02679878392072965,0.024018746968230628,2.848511405431542,0.9317997596030714,-3,csgo_bezier_204,1,bezier
20753.77106355391,0.15389724868049542,8046,22.37116221255438,0.0,0.2374612419116441,0.12512473437321217,0.8003905296791061,2.0643973949219565,0.7299489212534689,0.45937182055062115,1.7437030490499337,0.028958488690032314,0.014844937247722276,2.8617218136714118,0.9314499348930569,-3,csgo_bezier_205,1,bezier
21570.345644379944,0.15285437474336647,8416,21.387759952465835,0.0,0.21863060594935335,0.12391171862760268,0.9291292967074066,2.0539552903310363,0.7612146816956429,0.4423248545280368,1.492547491475889,0.027566539923954372,-0.09273667516691157,2.8908919070361287,0.9341580766351452,-3,csgo_bezier_206,1,bezier
23948.462568933046,0.16414817136299828,8711,20.66337543053961,0.0,0.21202095979912156,0.13584739839899918,0.8125,2.2394124699497002,0.7670940201937234,0.4249827502627936,1.612781954887218,0.027206979680863275,-0.055221730574582274,2.884817489998061,0.9411178933137647,-3,csgo_bezier_207,1,bezier
22692.78112257336,0.15086377489687502,8980,20.04432564873594,0.0,0.22334429726898328,0.1217746871329621,0.8385254915624212,2.010482845279108,0.7528375779553558,0.4481017054265897,1.6262202264740335,0.02873051224944321,0.06233529710930814,2.8978809083336223,0.9328643134312713,-3,csgo_bezier_208,1,bezier
21374.231222985112,0.14794764139361458,8608,20.909957011734633,0.0,0.23169137945057103,0.12053762276492527,0.9291292967074066,2.0005626363944256,0.7445983949855645,0.45521936849580363,1.7678610443521958,0.029391263940520447,0.03922733587831556,2.902201052500543,0.9263645625697128,-3,csgo_bezier_209,1,bezier
25064.284006303846,0.1627634053909783,9188,19.590181778600197,0.0,0.2150792597560067,0.1324079972634704,0.8500919067959652,2.1905130326505255,0.7454624994707759,0.43804835083386096,1.537317217479503,0.024379625598606878,0.007811616037501806,2.91270044051846,0.9364042936306757,-3,csgo_bezier_210,1,bezier
23950.888187666744,0.15774930681528632,9067,19.846348996249723,0.0,0.2208225138747448,0.12750486425132773,1.0307764064044151,2.1097245502815265,0.7467163618810903,0.4380642491118787,1.7963237474058702,0.029006286533583323,0.06363783758468575,2.8859389213532762,0.9348695054811577,-3,csgo_bezier_211,1,bezier
22953.99357963186,0.16401512526273468,8358,21.53655618044753,0.0,0.22787362796238192,0.1374735274371959,0.8948638164547721,2.271379481306229,0.7469279638737534,0.4531746049537739,1.5390815370196813,0.0262024407753051,0.015984334607896195,2.930196749613439,0.9357158772421689,-3,csgo_bezier_212,1,bezier
22515.076423661652,0.14664181623229638,9161,19.64868995633188,0.0,0.22304032322014575,0.11335186207077895,0.7603453162872774,1.8683175803222596,0.7651328978894026,0.43003806294620606,1.8410982596476058,0.026852963650256523,0.07430763583447166,2.7914403769873006,0.9247720981043532,-3,csgo_bezier_213,1,bezier
20950.48713270665,0.1489237486779904,8388,21.453082150947896,0.0,0.2324647617831674,0.11746496350826767,0.8500919067959652,1.947894175667592,0.7612531976482565,0.4532133849560726,1.5670769872731065,0.027181688125894134,0.027217174512625935,2.8956788366134862,0.93142804917511,-3,csgo_bezier_214,1,bezier
22544.942662950154,0.15010897433393497,8963,20.08301718366436,0.0,0.21643894557782972,0.11932916143700802,0.8948638164547721,1.964226791404903,0.7354504453249555,0.44407066832899544,1.6733633183408296,0.029119714381345533,0.01970198863510317,2.9019086690987015,0.9362749315798711,-3,csgo_bezier_215,1,bezier
22635.607882493416,0.1530120617930452,8837,20.361815301041194,0.0,0.22839926725106321,0.12070191736933013,0.9013878188659973,1.989670963997546,0.7796237451145047,0.43438356134483797,1.5998452012383901,0.02500848704311418,-0.016087982245563834,2.847161060514997,0.9347382084153731,-3,csgo_bezier_216,1,bezier
24931.97643294234,0.1667118538535433,8922,20.173747337742405,0.0,0.21572910844141457,0.13983932303447388,0.9291292967074066,2.309525705841075,0.7280099256009294,0.43646715468696234,1.7785660941000747,0.027348128222371666,0.02525692605120763,2.9336988371552533,0.9363470151424111,-3,csgo_bezier_217,1,bezier
21789.551483027175,0.15501775953893182,8393,21.43076739752145,0.0,0.2225796282886969,0.12563912668686672,0.9762812094883317,2.0753381129407473,0.7624551712164456,0.4343454329504871,1.407270714153903,0.02549743834147504,-0.019966133722151166,2.821666461805777,0.937657758412925,-3,csgo_bezier_218,1,bezier
21450.24986344776,0.14860210962449752,8602,20.924311126613183,0.0,0.2212909732333734,0.11805462465375754,0.8500919067959652,1.9551142613589318,0.7541292964455989,0.44296375046447173,1.5102831594634873,0.028481748430597534,0.048122134071050794,2.936529384509716,0.9332403616140486,-3,csgo_bezier_219,1,bezier
24675.205125557753,0.1606533557290468,9179,19.608302462410112,0.0,0.21770696808398837,0.13221529156503087,0.7905694150420949,2.190326496785223,0.7288912199816416,0.44377164548715264,1.8434984970425676,0.027998692668046627,-0.08687021569002573,2.8908695332859558,0.9316789124181524,-3,csgo_bezier_220,1,bezier
22157.516769003436,0.15453125459962394,8550,21.051818926190197,0.0,0.2293766327603816,0.12030276582047518,0.8338540040078959,1.989219433720597,0.7511085826145236,0.4489025470927525,1.7465631230979117,0.026783625730994153,0.03194233306736683,2.853444906369186,0.9279752268992587,-3,csgo_bezier_221,1,bezier
19925.58998008175,0.14969474450254874,7928,22.7045540557588,0.0,0.21824084854581693,0.12245153799811245,0.8003905296791061,2.0231893459530506,0.7507489365786708,0.44206049243485396,1.7828312894392189,0.026992936427850656,0.003302047272288668,2.9726062292474085,0.9352001172289179,-3,csgo_bezier_222,1,bezier
24326.85221250554,0.1635129649630488,8880,20.269850208356797,0.0,0.22944550159547147,0.13316088476161575,0.8125,2.2061118968011852,0.7194005822640458,0.44600239084093585,1.6422303473491773,0.026238738738738738,0.009683364326886098,2.902719668569601,0.9338483157698727,-3,csgo_bezier_223,1,bezier
24851.519273142247,0.15853937906865048,9359,19.23210087625561,0.0,0.22146475760577697,0.12931653603084542,0.8772293029761374,2.134995712098428,0.7404682685381422,0.44665170802615345,1.7321143928738865,0.028421839940164548,0.03704463996901284,2.8730426175627737,0.935119990480302,-3,csgo_bezier_224,1,bezier
22352.375099293717,0.15077699454047513,8845,20.350067842605156,0.0,0.2239839082747924,0.12058899268793956,0.8125,1.9940518991198968,0.7654255544435101,0.44171491208168906,1.5520007732456989,0.02826455624646693,-0.05082467277429732,2.8553883065758003,0.9346047805030115,-3,csgo_bezier_225,1,bezier
24695.31171377712,0.16037227906764243,9200,19.563974345037504,0.0,0.2105569234554291,0.12984310778862068,0.8338540040078959,2.1436215098954543,0.7413682182691129,0.4399312961421484,1.5860851138972276,0.02673913043478261,-0.09988126048200598,2.9555535165683895,0.9363326917271104,-3,csgo_bezier_226,1,bezier
24881.63205803292,0.1639154295047659,9059,19.868955619342017,0.0,0.21534461455839626,0.13173138212184937,0.8408515029421069,2.1742608067996985,0.7539756886271335,0.433994351537971,1.5351011388747238,0.02649299039629098,0.008823146476185104,2.8415491926895817,0.9383267470200078,-3,csgo_bezier_227,1,bezier
22567.07875584224,0.1514130214689741,8908,20.2004041764904,0.0,0.23467759783216274,0.12292410002335007,0.7831227553838542,2.0288583333266326,0.7708411485811822,0.44388015343306003,1.679794001817631,0.026380781320161653,-0.0003098635521816941,2.8800623635653744,0.9321739576859744,-3,csgo_bezier_228,1,bezier
23244.033276937203,0.15680141630763808,8854,20.324183892465832,0.0,0.2170203437395975,0.12245092712593825,0.7730823048033113,2.0217201672706464,0.7513246031411839,0.4339493396488391,1.6742939205361418,0.027558165800768013,-0.11298137175492659,2.8650844940524793,0.9362615071460461,-3,csgo_bezier_229,1,bezier
22289.934992097278,0.15971783449365076,8322,21.628289869006128,0.0,0.21341908319788525,0.1281218612977379,0.8500919067959652,2.1261823507575013,0.7469530471515886,0.42387319329595613,1.525499524262607,0.026195626051429943,0.0504491273771629,2.8676214045178137,0.9351832844996992,-3,csgo_bezier_230,1,bezier
22787.943569173272,0.14874484824503936,9113,19.751975417032483,0.0,0.22632828681447864,0.11876802017833107,0.8500919067959652,1.971500246801672,0.7326771485877759,0.4514349039720189,1.7676395289298514,0.028859870514649402,-0.022637520351212907,2.8890800804150403,0.927521204678875,-3,csgo_bezier_231,1,bezier
22488.765036990306,0.1491409968363368,8994,20.012565328588902,0.0,0.238698227333403,0.120863375349656,0.9228014412645875,1.9911878703078763,0.7463454768501246,0.45861456407706314,1.6797483523067704,0.0266844563042028,0.02999029765810024,2.7465046539428446,0.9292925508565533,-3,csgo_bezier_232,1,bezier
22166.439775763843,0.14860773124728574,8891,20.24488188976378,0.0,0.22706633697234968,0.11277980745155942,0.8408515029421069,1.8568477194091155,0.7475671989767897,0.44059071347616624,1.5349893678716413,0.029130581486896862,-0.006395831868443031,2.7720973352874014,0.9322482444117415,-3,csgo_bezier_233,1,bezier
21943.376083717973,0.1568018105574266,8364,21.521224440990075,0.0,0.21063403083632445,0.12808292333805288,0.8220591523728691,2.1056630812569437,0.7398408449073175,0.4309888826804725,1.9653595518463474,0.02666188426590148,0.09232067638762718,2.9328774678836185,0.934128503309289,-3,csgo_bezier_234,1,bezier
24107.851125637695,0.15620981730979505,9221,19.520824295010847,0.0,0.22734730193492417,0.1213336387405632,0.7905694150420949,2.004933957314189,0.7216843395183364,0.44307775581239567,1.8997473471450228,0.02797961175577486,-0.0021984617162137446,2.79137329211645,0.9266865117589558,-3,csgo_bezier_235,1,bezier
21343.89457094147,0.14923754589318022,8544,21.06543368839986,0.0,0.22607041071424933,0.12064669794970062,0.7831227553838542,1.9866860447430577,0.7737523149170084,0.4386832378441892,1.505540166204986,0.02820692883895131,0.04365730177196641,2.8950883319200225,0.9365764032903245,-3,csgo_bezier_236,1,bezier
4800.787261904465,0.026688791125671164,11238,16.016285485449853,0.897757608115323,0.28730823010489126,0.05034506708041977,0.6373112966015718,0.8054826060665097,0.6468811283809113,0.43281864582670004,1.3943764811806703,0.11719167111585692,0.028282063139178987,2.489021645880212,0.9688769258687728,-4,csgo_vae_0,1,vae
4843.081025480007,0.026951781800787927,11224,16.0369776352134,0.9030648610121169,0.2792192720906959,0.051279191988048436,0.6373112966015718,0.8204391814180494,0.6727794495271981,0.42292891194481425,1.346306915008409,0.11511047754811118,-0.0354153446229102,2.554840208805026,0.9677243237033997,-4,csgo_vae_1,1,vae
4570.808809875009,0.02569245392351663,11113,16.19636429085673,0.9159542877710789,0.27541228329103024,0.04946958400306529,0.6373112966015718,0.7914751987187938,0.6585191534441748,0.42043323285667716,1.329857341346213,0.11841986862233421,-0.032243263132811034,2.628304621685017,0.9653683860398893,-4,csgo_vae_2,1,vae
5168.084618394038,0.029041913499142362,11111,16.1990099009901,0.8862388623886239,0.2666407809558948,0.050572274258796825,0.5295625377752151,0.8091645968591114,0.6431097636423567,0.41411946555411344,1.146727700672986,0.11160111601116011,0.03383585886469112,2.426994164679691,0.965361292150511,-4,csgo_vae_3,1,vae
4201.312296684728,0.023377413741676272,11221,16.041176470588237,0.9219320916139382,0.27281620280293395,0.0443529978775974,0.6373112966015718,0.7096876597339615,0.6658076438575945,0.4194656423222857,1.619622283277836,0.1144283040727208,-0.023311134821171715,2.481845645412988,0.9679015652333374,-4,csgo_vae_4,1,vae
5532.625621884574,0.031420617280549575,11002,16.360330879011,0.8782948554808216,0.27241105723818676,0.05657147851183607,0.5833010355500461,0.9050325355663538,0.679379270372692,0.4168450163536161,1.50267355763877,0.1087984002908562,-0.038078892486409485,2.3764486776572693,0.966012858655426,-4,csgo_vae_5,1,vae
4906.378465095511,0.027872521423678978,10998,16.366099845412386,0.8985270049099836,0.27624959764213186,0.0520710317318544,0.6373112966015718,0.8330244700676547,0.6715549837790438,0.42149385288024577,1.1437852368633095,0.11174759047099472,0.009342875810923879,2.4468042382320876,0.9675139605713653,-4,csgo_vae_6,1,vae
5153.351727774425,0.028679606373138846,11221,16.040998217468804,0.8943944389983067,0.2760564782817219,0.05226007368075438,0.6373112966015718,0.8361484070562433,0.6528117706493342,0.4260148993880215,1.5720846197198253,0.11558684609214864,0.018067940069748104,2.4738310233392498,0.9655110332826061,-4,csgo_vae_7,1,vae
4908.229125846133,0.02757360988440365,11118,16.18925969236305,0.8911674761647779,0.27511477125275363,0.04725559679801228,0.5503488540463486,0.7560723088184431,0.6666792032882319,0.42749245663502905,1.6662774781888967,0.12196438208310847,-0.012433537461479077,2.19004169351693,0.9703087957061088,-4,csgo_vae_8,1,vae
5277.348594120381,0.029363461378322665,11230,16.027428978537714,0.8933214603739982,0.26299211656215565,0.04916050045793231,0.6373112966015718,0.7864944241129888,0.6574798214421855,0.4060015096932098,1.566213313832663,0.11611754229741764,-0.06970393545090355,2.331188439635934,0.9685760165792953,-4,csgo_vae_9,1,vae
4591.517542729047,0.02606531636117527,11003,16.358752954008363,0.910751613196401,0.2779673368676569,0.051359984587424336,0.5833010355500461,0.8216840384585713,0.6581742992190605,0.42145742024732147,1.5415805109892038,0.1182404798691266,-0.01039497588741826,2.5510186408040183,0.9658946768490333,-4,csgo_vae_10,1,vae
5085.457270862723,0.02882573541035257,11021,16.332486388384755,0.8952000725886943,0.27527344472511633,0.05348298354360489,0.6373112966015718,0.8556097289286847,0.671914266153109,0.41828313302180176,1.3789127046710414,0.11659559023682062,0.015070005381521203,2.4459900022802756,0.9690591495296268,-4,csgo_vae_11,1,vae
5128.006987450536,0.028840451920115952,11110,16.200468088936898,0.8873087308730873,0.2761537115503606,0.051803865372146825,0.6373112966015718,0.8287604235899172,0.6734111819503524,0.42785350817291085,1.3599349375990675,0.11890189018901891,-0.04650353868735357,2.347167943831717,0.9675902672368057,-4,csgo_vae_12,1,vae
5151.607528138717,0.028934761901267817,11123,16.182161481747887,0.8945428391620965,0.2648017323767357,0.051299665143141625,0.6373112966015718,0.8207508044247112,0.6883143638840342,0.4143944007176439,1.4717266037822854,0.11291917648116516,-0.005654903336797126,2.372145410916533,0.9693063526748249,-4,csgo_vae_13,1,vae
5153.670740682961,0.029261469176316408,11000,16.36303300300027,0.8921818181818182,0.27684472198022214,0.05392185554511892,0.6373112966015718,0.862656198070674,0.6670605208214945,0.4189875912550376,1.3985226828219517,0.11227272727272727,0.00710734727712341,2.412112879253638,0.9681261040714981,-4,csgo_vae_14,1,vae
4665.4654678275265,0.026492819366519902,11000,16.36321483771252,0.9024545454545455,0.26766146414284514,0.04770913897326937,0.5833010355500461,0.7633087787363593,0.670262764385268,0.4121340911033011,1.4616178420209183,0.11718181818181818,0.008472011879644204,2.4160301203305177,0.9674683358015334,-4,csgo_vae_15,1,vae
5016.54822818283,0.02819886431984594,11109,16.2020165646381,0.8981006391214331,0.2793826011924341,0.05156334619295366,0.6373112966015718,0.8250014442258069,0.6533260541813519,0.4232299616176226,1.607374188026034,0.11927266180574309,0.02171648147924386,2.3605996701672063,0.9678670079649238,-4,csgo_vae_16,1,vae
4659.660413334557,0.02590748774529537,11237,16.01762192951228,0.9050458307377414,0.2647667444531831,0.04473271428433984,0.5295625377752151,0.715703861550873,0.6687785859362241,0.4133990814748486,1.3155510056876503,0.10892586989409984,-0.012860940724244522,2.4367511289028454,0.9661482933097707,-4,csgo_vae_17,1,vae
4772.9619354341885,0.02712535063772608,10993,16.371724890829693,0.8940234694805785,0.27126314438684573,0.04962824165088617,0.5833010355500461,0.793946653567379,0.6771212362610296,0.4095792448135448,1.233780521764277,0.10797780405712726,0.04278126603510375,2.3346355830870773,0.9695539839029998,-4,csgo_vae_18,1,vae
5024.181919712208,0.028546229589559144,10992,16.37457920116459,0.8943777292576419,0.27619489063692393,0.04806166286145317,0.6373112966015718,0.7689261123494651,0.6975392768496924,0.42534998554721776,1.417357276286642,0.10889737991266375,-0.030105587253587373,2.361770469411651,0.9662123625284886,-4,csgo_vae_19,1,vae
4790.219331549848,0.026648464258210755,11233,16.023326210826212,0.9126680316923351,0.2657922011910139,0.04945140019278971,0.6373112966015718,0.791137416814831,0.6722182181538321,0.4079553459842255,1.2969191301898113,0.10780735333392683,0.019482425822974166,2.558863682804625,0.9667126863525082,-4,csgo_vae_20,1,vae
4781.383599455481,0.027079594038594234,11029,16.31936887921654,0.9008069634599691,0.2700492632821061,0.04575226504193913,0.5503488540463486,0.7319776985080592,0.6810351737131883,0.42367961940174526,1.4949589317855672,0.1185057575482818,0.006287122499325152,2.2347523558849707,0.9693667358993889,-4,csgo_vae_21,1,vae
5339.923172504767,0.02972108286787729,11221,16.04126559714795,0.8923447108100883,0.2815649147353404,0.05459006702364315,0.6373112966015718,0.8733677134878488,0.6706653701844534,0.425299094917631,1.2869047694912783,0.11353711790393013,-0.013521187352886826,2.423536448882225,0.9671350099320688,-4,csgo_vae_22,1,vae
4697.451817053993,0.02613679743324174,11227,16.03269196508106,0.9097710875567827,0.2771262726168301,0.05209857308580698,0.5503488540463486,0.8335637917496783,0.6645085622814086,0.4171473944362061,1.4605106683347437,0.11463436358777947,-0.073502735167823,2.532128235090798,0.9670756251568495,-4,csgo_vae_23,1,vae
4782.756434013043,0.027353358494282453,10923,16.478758469144847,0.8988373157557448,0.26882430584865713,0.04877344637010112,0.6373112966015718,0.7803129127100963,0.6575558084447698,0.4080274585649963,1.4001414377174808,0.1136134761512405,0.030213071226796166,2.3820369192665964,0.968947522038561,-4,csgo_vae_24,1,vae
4730.268087249748,0.026337905683716578,11221,16.041087344028522,0.897424471972195,0.2587704866242287,0.04380309365464179,0.5833010355500461,0.7007814546355847,0.6737281325119268,0.40564575602278863,1.4341377668373676,0.10462525621602353,0.06303368270587947,2.264075973096391,0.9700560922009414,-4,csgo_vae_25,1,vae
4479.5958551341255,0.025201510202939547,11099,16.21724635069382,0.9081899270204523,0.2830938204467097,0.046462534290056985,0.5833010355500461,0.7433370562940347,0.6745367542006077,0.4289278478435552,1.458020331876705,0.11334354446346517,-0.00459360176571327,2.486559976283125,0.9663395082124382,-4,csgo_vae_26,1,vae
5183.743336028176,0.02943662843113929,10994,16.37169107613936,0.8901218846643624,0.2658511948874637,0.04949947768106188,0.5833010355500461,0.7919880970291343,0.6651889897011802,0.4198645745061669,1.480502326825755,0.11642714207749681,0.0014152207682242267,2.2841968757215403,0.9677187266237202,-4,csgo_vae_27,1,vae
4862.656425999751,0.02761762753917003,10997,16.367497271735175,0.8981540420114577,0.27156981614976416,0.04968440154561224,0.5833010355500461,0.7948696306363747,0.6608157568415257,0.41029559160976337,1.6232441229681893,0.11530417386559971,0.024384693195369154,2.33151579081237,0.9672233585118202,-4,csgo_vae_28,1,vae
5024.186491386619,0.028244583764099968,11110,16.2006481231434,0.8957695769576958,0.2734666851888611,0.05411699540272252,0.6373112966015718,0.86584078020484,0.6458527416671194,0.41839197387735066,1.4110632766625013,0.1152115211521152,-0.046679206313280715,2.4898930682593465,0.9679637562954122,-4,csgo_vae_29,1,vae
4650.262986476077,0.02586426205195094,11234,16.021899759636785,0.9093822325084565,0.2806141980753752,0.049522753314465366,0.6373112966015718,0.7923313956522431,0.6477000073320919,0.42531325447556984,1.3914017697072973,0.12230728146697525,-0.018903184503201057,2.556776146678552,0.9650152829901184,-4,csgo_vae_30,1,vae
5699.123598857172,0.031699177115107,11233,16.02323717948718,0.8776818303213745,0.27531129137726895,0.05559890090033615,0.5833010355500461,0.8895245444937016,0.6785220144518194,0.4277564366648538,1.6130821107520796,0.11742188195495415,-0.02644572387417488,2.2911208117466497,0.9679437954961145,-4,csgo_vae_31,1,vae
4907.053325919521,0.027567310703434645,11119,16.187893506026263,0.8974727943160357,0.27637823439055154,0.05102986815626221,0.6373112966015718,0.8164105722812588,0.6828535965840731,0.41780785244497703,1.4487847510745304,0.11808615882723267,0.013648013681624974,2.509600648876677,0.9659159002631537,-4,csgo_vae_32,1,vae
5486.503284680998,0.030834423112531855,11116,16.19208277103014,0.879812882331774,0.27512211453796986,0.05312939024683307,0.6373112966015718,0.8499706616286878,0.6810393519347381,0.42361304703213826,1.3254091153305356,0.11245052177042102,0.015536306372060878,2.380071333856256,0.9669401628707919,-4,csgo_vae_33,1,vae
4944.551562043522,0.027781728026745934,11120,16.18661750157388,0.8928956834532374,0.2704051708368748,0.04772310185565921,0.5295625377752151,0.7635154953593174,0.680566121716448,0.41462780015490797,1.4384359330590522,0.110431654676259,0.06925977067759229,2.380761604696919,0.9672378111884192,-4,csgo_vae_34,1,vae
5807.2850086603285,0.03262052685484529,11123,16.18225139363424,0.8735952530792053,0.28338734151773554,0.056590634601441335,0.5833010355500461,0.9053660909112772,0.6628067641711796,0.4413062936405865,1.4341721223712665,0.12146003775959723,0.005372014959608973,2.30852736955976,0.9680121756867273,-4,csgo_vae_35,1,vae
4689.906773412964,0.026075144746708176,11241,16.012277580071174,0.9127301841473179,0.28165519738125,0.0469787600975243,0.5295625377752151,0.7516060997972847,0.6562791231144464,0.4240250174151914,1.5498210119583722,0.11538119384396406,0.020152373626937156,2.414974887476877,0.9643190894716347,-4,csgo_vae_36,1,vae
5603.093808178011,0.031166519537422537,11232,16.024663876769655,0.8845263532763533,0.27068034216815207,0.053216903549754516,0.6373112966015718,0.8514036501713261,0.6643491915008669,0.4179258338787456,1.215087892121094,0.11004273504273504,-0.05866742489924228,2.3938810679190268,0.9659122269132416,-4,csgo_vae_37,1,vae
5111.256178160405,0.02874317953618371,11108,16.20338525254344,0.8897191213539791,0.27157484153336764,0.0495179438617825,0.5234894118274681,0.7921885976714425,0.6893935490958341,0.41029969718515946,1.4342141568329922,0.11397191213539791,0.01801459015590921,2.2849126089550067,0.9686210911835904,-4,csgo_vae_38,1,vae
5275.418364483605,0.029640897224760845,11120,16.18661750157388,0.8851618705035971,0.2776294057988243,0.05210502750750015,0.6373112966015718,0.8336225365223024,0.6624078218029812,0.42517605073679215,1.3993694629339033,0.12131294964028777,-0.009323833539434,2.349981201665249,0.9677814606901213,-4,csgo_vae_39,1,vae
5297.973383052334,0.02945709924062413,11239,16.01494927923118,0.8926950796334193,0.27823805629620285,0.053870279983512716,0.6373112966015718,0.8618478412160333,0.660466627495825,0.4240245776890102,1.1745205453269627,0.1116647388557701,-0.01737958911677319,2.4530420480857176,0.967799178553071,-4,csgo_vae_40,1,vae
5198.038603295885,0.029738115284603156,10920,16.483102848246176,0.886996336996337,0.27162731149201297,0.052722137998649554,0.5503488540463486,0.843451967298922,0.6590270253560934,0.413864176326817,1.446207046579209,0.11217948717948718,-0.033099384403104504,2.3474580379458976,0.9690384146219713,-4,csgo_vae_41,1,vae
5120.974682237768,0.028475438738966786,11239,16.01494927923118,0.8926061037458849,0.2737148434715135,0.05195333287283614,0.6373112966015718,0.8311793869454527,0.6491179098740193,0.4221465459455703,1.3760860877030368,0.11397811193166651,-0.0008061953014120315,2.406449626201218,0.968851075252974,-4,csgo_vae_42,1,vae
4763.979128888734,0.027054219182338694,10997,16.367497271735175,0.9017913976539056,0.27052246613957265,0.05066621762783731,0.6373112966015718,0.8106399462530778,0.6718513756405697,0.40882129698875475,1.3444035624687403,0.11503137219241612,-0.053244949134282536,2.529913912664671,0.9675051426535046,-4,csgo_vae_43,1,vae
5115.796202146016,0.028767597164953695,11112,16.197731977319773,0.8857991360691144,0.2802310135734674,0.050842996044502715,0.5833010355500461,0.8133773073984427,0.6501678178735613,0.43300971342844136,1.5487896805982613,0.11744060475161987,-0.07003646904040979,2.308738118183532,0.9670953178769406,-4,csgo_vae_44,1,vae
4919.769737224981,0.027937589167639575,11001,16.361636363636364,0.895736751204436,0.26736975621518905,0.05095823708007592,0.5503488540463486,0.8152415304657309,0.6782867646025668,0.40546803235306317,1.5562797333293392,0.11544405054085992,0.0007869460534366705,2.363255667567685,0.9689107310647765,-4,csgo_vae_45,1,vae
4648.4276505363505,0.02612315233377583,11118,16.18925969236305,0.9046591113509624,0.268630727939971,0.04544970370108427,0.6373112966015718,0.7271220950240612,0.6685436327584927,0.41088026930252886,1.3805089254644587,0.11413923367512142,-0.011883521122708558,2.353950942838109,0.9686938702297536,-4,csgo_vae_46,1,vae
5041.66109734541,0.028329688250918424,11118,16.18925969236305,0.8932361935599928,0.2785149121373148,0.05012059016701848,0.6373112966015718,0.8018602022698874,0.6560893170683446,0.425156716544451,1.4829818417653662,0.11755711458895485,-0.031639921811987506,2.3419751313250146,0.9683027538673779,-4,csgo_vae_47,1,vae
5150.126165310343,0.028645097377119705,11233,16.02314814814815,0.8928158105581768,0.26947189831891194,0.05316034254748945,0.5833010355500461,0.8504949677152567,0.6611958844163214,0.4083609536561308,1.4691052054617229,0.11021098548918365,-0.011337175469389036,2.4939428901360166,0.965921954308042,-4,csgo_vae_48,1,vae
4392.87383519646,0.024704501554995383,11105,16.207582853025936,0.9108509680324178,0.26337009186770394,0.04217847271441512,0.6373112966015718,0.6748334831351529,0.6943652150408368,0.40881500370867496,1.2991506131789217,0.1124718595227375,-0.011837210263461006,2.491220583272378,0.9671856170994684,-4,csgo_vae_49,1,vae
4577.707881202914,0.025727837611948638,11116,16.19217273954116,0.9056315221302627,0.27804211524321365,0.048857792262021596,0.5503488540463486,0.7816861947107026,0.6804982249033086,0.41990958387826316,1.3288349449540147,0.11011155091759625,-0.010600883266582812,2.431915898476477,0.9698292473835091,-4,csgo_vae_50,1,vae
4670.80382623146,0.026527416787099058,10997,16.36740632957439,0.9075202327907611,0.2705968882507871,0.05072306704585521,0.6373112966015718,0.8114784712028743,0.6790499589537224,0.4111420906431035,1.37660641240839,0.10630171865054105,0.000839090637179483,2.5206615348881733,0.9680778085253154,-4,csgo_vae_51,1,vae
4525.6995325023,0.02572335395356485,10987,16.38175860185691,0.9028852279967234,0.288356443500959,0.046092360965729835,0.5833010355500461,0.7374022821679947,0.6712226942346134,0.44919626367986226,1.7982358773234297,0.11804860289432967,0.025533677762321384,2.3224357406704588,0.9648243046694889,-4,csgo_vae_52,1,vae
5238.62272301722,0.02913587005770265,11233,16.02323717948718,0.8976230748686904,0.27095821993314395,0.055499636469106044,0.5833010355500461,0.8879462446571676,0.674974586398888,0.41423766746953156,1.3056676066101054,0.11127926644707559,-0.06486148743961877,2.499131679154777,0.9674716983284111,-4,csgo_vae_53,1,vae
4866.469810021506,0.027657513925260824,10990,16.37746837746838,0.9001819836214741,0.2769888285311809,0.04926001370555672,0.6373112966015718,0.7880413526904926,0.6695985295676534,0.4250419659640836,1.6447735094400318,0.11574158325750683,-0.026986514346566553,2.329996463543441,0.9677810221298864,-4,csgo_vae_54,1,vae
4583.760669992257,0.025773850720965517,11108,16.20338525254344,0.9085343896290962,0.270083305473781,0.0444076546070881,0.5234894118274681,0.710497421746049,0.6748488548992242,0.4238834531283654,1.3555179860977122,0.1091105509542672,0.026164138895987826,2.3690912521161516,0.9694442296999233,-4,csgo_vae_55,1,vae
4503.878003182067,0.025087418217008252,11217,16.04662981455064,0.9140590175626282,0.2694841545344893,0.046784062066356415,0.6373112966015718,0.7484471291369087,0.6753189263838821,0.4079155973075346,1.361888805541038,0.10947668717125791,-0.00565501217845902,2.562107277389788,0.9664756105243874,-4,csgo_vae_56,1,vae
5323.308388068079,0.030582527105485008,10871,16.556945722171115,0.882991445129243,0.2824032512491282,0.05651403807472324,0.5503488540463486,0.9040896140412765,0.681640866039766,0.4259773774282028,1.3995583308942148,0.1135130162818508,-0.022025732329218325,2.3956549280541513,0.9678113947588485,-4,csgo_vae_57,1,vae
4799.6445678285,0.026891792664873116,11151,16.141076233183856,0.9022509192000717,0.2679649234791944,0.04778069226115267,0.5833010355500461,0.7644197543681133,0.6856332848853323,0.4213922774386377,1.5988059134214734,0.1158640480674379,0.019642305194994207,2.343256069169969,0.9689518140851576,-4,csgo_vae_58,1,vae
4943.090671305459,0.028078231636530167,10994,16.371963977076323,0.891486265235583,0.27677988262708375,0.04822238899593374,0.5833010355500461,0.7715378990013052,0.6383271544959566,0.42336463961278176,1.5722808278692042,0.11861015099144988,0.04077252208835767,2.2426790759223154,0.9671147364325312,-4,csgo_vae_59,1,vae
5013.570413009509,0.028204707713654478,11100,16.21605550049554,0.8936036036036036,0.2724937776351821,0.04767541399520395,0.5295625377752151,0.7627738213340252,0.6698294211461493,0.42002192057485677,1.4503315793935239,0.11225225225225226,-0.006508560683571908,2.3288336190554086,0.9680815312313767,-4,csgo_vae_60,1,vae
4823.406911444608,0.027096644585060475,11123,16.18225139363424,0.9065000449519015,0.2619349495976161,0.051983096712077945,0.6373112966015718,0.8316459513185456,0.706770410447135,0.4014469521756508,1.5505955860072234,0.11166052324013306,-0.03016354152473816,2.461699479929312,0.9710310363653831,-4,csgo_vae_61,1,vae
4972.64821747884,0.02767864350064331,11217,16.04662981455064,0.9042524739235089,0.2664657790850619,0.05013734624501053,0.6373112966015718,0.8022566029371198,0.647165515202514,0.4105993953760324,1.3650385278793111,0.1123294998662744,-0.02126172835926506,2.514134573352866,0.966054678862921,-4,csgo_vae_62,1,vae
4936.508459886265,0.027755009987178874,11109,16.201836514223984,0.9003510667026735,0.28130270943843877,0.05467761167558528,0.6373112966015718,0.8747385329299622,0.6644641855523278,0.42470851424999734,1.445070503684766,0.11153119092627599,-0.04032170431139273,2.4880991719477095,0.9683396154912737,-4,csgo_vae_63,1,vae
4921.794530194988,0.027665673430756536,11109,16.201926539431042,0.9033216311099109,0.2693771911334313,0.051864710285026115,0.5833010355500461,0.8298571668656595,0.6650738070808156,0.4224449305625464,1.5347069129079727,0.10586011342155009,-0.021737579980924404,2.4878792196996784,0.966830718577866,-4,csgo_vae_64,1,vae
4482.838530912584,0.02518956684310139,11118,16.189349644688317,0.9141032559812916,0.2683015666321364,0.04736189275755894,0.5503488540463486,0.7577548443856783,0.6573441642757636,0.41320648371510926,1.4783460565044306,0.1090124123043713,0.045168553196666614,2.4703051264623697,0.9672382559714576,-4,csgo_vae_65,1,vae
4881.451531709981,0.02716370574259568,11222,16.039657784511185,0.901889146319729,0.2797487522223807,0.05105919320972807,0.5503488540463486,0.816978800475275,0.6746615101142562,0.4287480224400601,1.645670902985276,0.11450721796471217,-0.021596614592160248,2.37134504260395,0.9681958895199501,-4,csgo_vae_66,1,vae
4717.36452608381,0.026510684006839508,11113,16.19636429085673,0.9038063529200036,0.2644034712000739,0.04588839404302018,0.5503488540463486,0.7341885049721322,0.6690277704984435,0.4110531116758414,1.613292488858769,0.11428057230270854,0.02590698751597976,2.3632692365442396,0.9680604593123314,-4,csgo_vae_67,1,vae
5110.86170119628,0.028435490119064183,11230,16.027428978537714,0.9033837934105076,0.26631612441978947,0.05451511511615829,0.6373112966015718,0.8721692522719694,0.6790000685532384,0.4037053033983373,1.292580150518791,0.11326803205699021,-0.03287676865996111,2.5082182187030653,0.96646190816454,-4,csgo_vae_68,1,vae
5036.491018224782,0.028008028717566726,11236,16.01904761904762,0.8961374154503382,0.2709222914850246,0.04787192148163668,0.5503488540463486,0.7659025568352518,0.6533915487540883,0.40783889276222307,1.3700055250153496,0.1079565681737273,0.030299088510299194,2.314914060248298,0.9695676306247911,-4,csgo_vae_69,1,vae
4743.075819162006,0.02639120766121222,11230,16.027518033662837,0.9026714158504007,0.27354058919244173,0.045694593968165456,0.5833010355500461,0.7310718263864422,0.6579824033725385,0.4136513440171244,1.551946901425598,0.11567230632235084,-0.04560579495051132,2.31647947868913,0.968260699701627,-4,csgo_vae_70,1,vae
5370.439898398901,0.030194493271661182,11109,16.2020165646381,0.8865784499054821,0.28059515382536837,0.053173398147101585,0.6373112966015718,0.850740897732546,0.6724845454241491,0.4337104242544281,1.3847437651771008,0.11945269601224233,-0.014944766354021559,2.3752340720881024,0.9667504693569886,-4,csgo_vae_71,1,vae
5194.35897537835,0.029188771387730978,11114,16.19499685053541,0.8917581428828505,0.284802268905174,0.053393019209204945,0.6373112966015718,0.8542321864338379,0.6592967214550035,0.44121539690491984,1.3169264356892874,0.11804930718013316,-0.00863436668866008,2.4276652548571893,0.9678720616874065,-4,csgo_vae_72,1,vae
4366.134334947506,0.024290914096084616,11228,16.0313529883317,0.9164588528678305,0.25975680369019133,0.04184354381612024,0.6373112966015718,0.669465245558905,0.682986518350415,0.3993096110971177,1.7456296342176512,0.11097256857855362,0.03521107796050003,2.43455963123898,0.9656579459875803,-4,csgo_vae_73,1,vae
4689.864266426767,0.026709690222461443,10968,16.374031184462478,0.8946936542669585,0.2804465946816044,0.048549591660531584,0.5833010355500461,0.7767022886656254,0.6589957781729076,0.42063206923170504,1.589552388287434,0.11469730123997082,0.003678950388760253,2.384389729546618,0.9680179819235909,-4,csgo_vae_74,1,vae
5588.493679041891,0.03141503548085872,11110,16.200468088936898,0.8783078307830783,0.2798699678928699,0.057970880842355445,0.6373112966015718,0.9274734997930185,0.6730566671499405,0.43407472930657043,1.3604788282659446,0.11944194419441945,-0.03218021060354786,2.4208955105555985,0.9668455812773941,-4,csgo_vae_75,1,vae
5190.609912549648,0.02886500211115983,11232,16.024485798237023,0.8874643874643875,0.2713606542552169,0.05247212296022315,0.6373112966015718,0.8395098573614972,0.6802007140572451,0.412607744284974,1.6430730787252776,0.12045940170940171,-0.050809866517809756,2.429513769961345,0.9682052334081366,-4,csgo_vae_76,1,vae
5029.386044059855,0.028599507321852135,10977,16.39741253644315,0.8878564270747927,0.27669151457333085,0.051280711438776445,0.6373112966015718,0.820478266588521,0.6751849539359558,0.42703772798225004,1.2622944846107274,0.11387446479001549,-0.0352698167763571,2.475193792189814,0.9671201099364028,-4,csgo_vae_77,1,vae
5040.784153847528,0.028328919344482565,11118,16.18925969236305,0.8971037956466991,0.2713191422147242,0.050044744086730944,0.6373112966015718,0.8006309927054747,0.6843072883587408,0.4189637699651876,1.2228203422055595,0.1090124123043713,-0.06485314306455366,2.416150726825992,0.9670718688008741,-4,csgo_vae_78,1,vae
5329.423462760411,0.02964873140276813,11230,16.02725086828747,0.8818343722172751,0.282569721413798,0.05215040728011281,0.5503488540463486,0.8343462558075356,0.6696230023214342,0.43269899949857166,1.392436823114872,0.11798753339269813,-0.01839305397369377,2.3306099141949783,0.9664223783797186,-4,csgo_vae_79,1,vae
4646.124275946069,0.025837191665218192,11233,16.02323717948718,0.9065254161844565,0.2661312421475581,0.04535479370725355,0.5295625377752151,0.7256969496335139,0.679304911300476,0.40377597901170975,1.6363710857737184,0.11092317279444494,0.0073387649337611095,2.38396956249172,0.9665336815381096,-4,csgo_vae_80,1,vae
4806.894501037644,0.026730180109082246,11233,16.02314814814815,0.9033205733107808,0.28562805270343805,0.04957015935879219,0.5833010355500461,0.7931057072194904,0.635126306788082,0.4324249756472345,1.8808231534311899,0.11635360099706223,0.0055577939703431055,2.356142217999398,0.9657058151441151,-4,csgo_vae_81,1,vae
4905.001414234394,0.02756538550644982,11116,16.19217273954116,0.8937567470313063,0.27575062710850684,0.05045668235308151,0.6373112966015718,0.8072221043748661,0.6662398902539374,0.4224290186898601,1.355552494462965,0.11397984886649874,-0.028976851612176863,2.5110752435082,0.9673007610165583,-4,csgo_vae_82,1,vae
4800.374294688743,0.027003992077261462,11104,16.2090426010988,0.9008465417867435,0.278957641930235,0.052874190284173644,0.5833010355500461,0.8459307665747485,0.6607246258324405,0.42441844301286596,1.235026425429522,0.10923991354466858,0.036899679183303065,2.569655435453798,0.9667648424920671,-4,csgo_vae_83,1,vae
4410.437210599723,0.025047319081537484,10991,16.375978161965424,0.9103812209989992,0.2709117276248417,0.04685589628864263,0.6373112966015718,0.7497800947326818,0.6731894276274704,0.42130484138176966,1.3055948894523624,0.11099990901646802,0.060348453048449886,2.5984419547000868,0.9667124949415995,-4,csgo_vae_84,1,vae
4351.129090392378,0.02447177792014522,11104,16.2091326668468,0.9055295389048992,0.2791496510952491,0.042457580967501955,0.4444056937943069,0.6793051018383955,0.6682722983982785,0.42501840081173864,1.5791557830749188,0.11644452449567723,-0.0033306476850992334,2.242011764093683,0.9695680129504316,-4,csgo_vae_85,1,vae
4513.1143031329375,0.025101666549014492,11235,16.020384546911163,0.9154428126390743,0.26735714689762047,0.046833645883082836,0.6373112966015718,0.7492592116808623,0.6792311578556293,0.4114531528391713,1.1823888729108685,0.11019136626613261,0.009375435921947593,2.538284859731811,0.9683708555381823,-4,csgo_vae_86,1,vae
4285.044520548868,0.024350551069544653,10986,16.383340919435593,0.912616056799563,0.27140395013195995,0.04721761852802945,0.6373112966015718,0.7554936124701624,0.6838609429969971,0.412678208729238,1.4541955007250256,0.1152375750955762,0.0693071717831172,2.610329635881227,0.9666243964541856,-4,csgo_vae_87,1,vae
4540.937056425328,0.025255998952942914,11234,16.02163268939731,0.9164144561153641,0.26554089044729656,0.0467797850705106,0.5234894118274681,0.7484191758472741,0.6686752431843125,0.40556088525404765,1.0557321215231954,0.1043261527505786,-0.0017251347971324771,2.479185637982814,0.9689556998893532,-4,csgo_vae_88,1,vae
4579.998131399883,0.025764311643154368,11103,16.210502612141955,0.9086733315320183,0.27174723258895683,0.046863634374196536,0.6373112966015718,0.7498116513184692,0.6733288088114686,0.41747555948478626,1.537368269626221,0.11294244798703053,0.019766661330677858,2.4659509229992365,0.9656913599412339,-4,csgo_vae_89,1,vae
4508.087922493332,0.025082222811951643,11227,16.031444860146088,0.9119087913066715,0.2695909436390513,0.046665903855782696,0.6373112966015718,0.7466838884895997,0.6536494958874073,0.41232230307804746,1.3910077169709785,0.11160594994210386,-0.021023269445778276,2.6203190503227747,0.9643428772184945,-4,csgo_vae_90,1,vae
5593.036164135814,0.031099402266217,11236,16.01904761904762,0.8864364542541829,0.2782846238788256,0.05482104191996677,0.6373112966015718,0.8770790894081382,0.6698310352131172,0.4294970236918466,1.3782455780369174,0.11632253470986116,-0.010040607956982136,2.3302947291456557,0.9680186164102564,-4,csgo_vae_91,1,vae
5324.381105192506,0.029619843494624345,11228,16.03001692348802,0.8858211613822586,0.2707139022198708,0.049376014225404566,0.6373112966015718,0.7899647249979115,0.6725705171217409,0.42227570322912905,1.4492825753555219,0.11132882080513003,0.059534254298596184,2.2447798825854055,0.9675666158323859,-4,csgo_vae_92,1,vae
5163.3620696676535,0.02871404425618897,11236,16.018958611481978,0.891064435742257,0.27281071093463916,0.05279549259769362,0.6373112966015718,0.8446632008682966,0.6693983632381081,0.41627821772289053,1.4107539676896157,0.11196155215379139,-0.005487529578180713,2.3927365120231716,0.9697258158176966,-4,csgo_vae_93,1,vae
5413.189082061565,0.030109142804514315,11230,16.02840858491406,0.884060552092609,0.27198253894165586,0.05426565636492754,0.6373112966015718,0.8681920751082125,0.6530916893609114,0.4239624435300802,1.5064757659554386,0.11487088156723063,0.013089866570387148,2.343419706377748,0.9699700630016078,-4,csgo_vae_94,1,vae
4819.05445750373,0.027082818939872935,11115,16.1934497030772,0.8989653621232568,0.2730728502820307,0.0482182946093595,0.6373112966015718,0.771409043002505,0.6768178500366783,0.4188777408755628,1.5244634933529844,0.11147098515519568,-0.006535298976875878,2.369483831881638,0.9681642480455759,-4,csgo_vae_95,1,vae
4612.9541657660775,0.026189850465033408,11002,16.360239978183802,0.908107616796946,0.27468297318573287,0.04662923084256028,0.5833010355500461,0.7459751412676716,0.6795683390682827,0.4195909244626941,1.5195825118808053,0.1122523177604072,-0.02863643712816193,2.247650433841318,0.9699750597846202,-4,csgo_vae_96,1,vae
5485.372871050282,0.030525593662933847,11222,16.039746903128062,0.8798788094813759,0.266656723147197,0.05246685703751961,0.5234894118274681,0.8395662039458087,0.6917295709715775,0.41220187278649145,1.443253820265555,0.10889324541080021,-0.01563025398734475,2.3067904412318607,0.9693829597852975,-4,csgo_vae_97,1,vae
4815.416830709024,0.026796122930688,11228,16.030105994477598,0.8950837192732455,0.2769106328337199,0.04561407004535491,0.5503488540463486,0.7297515594207212,0.6581236299328406,0.42170616080949275,1.453282523197657,0.11747417171357322,-0.0006418834555719905,2.163850578974323,0.9701867064195064,-4,csgo_vae_98,1,vae
5062.320020723915,0.02844041226761755,11122,16.18388634115637,0.8940837978780795,0.2716211051686309,0.05162894302556093,0.5833010355500461,0.8260105061706863,0.6521165902762857,0.3937044816593023,1.5134169746308845,0.11589642150692321,0.020767870833841014,2.3154310830785536,0.9691449608779621,-4,csgo_vae_99,1,vae
4597.325562814161,0.02583213126042983,11116,16.191992802519117,0.8989744512414538,0.2699127738820934,0.04655156912325979,0.5503488540463486,0.7447967771853862,0.6723347436972678,0.414299770104594,1.4151602549082607,0.11137099676142498,-0.016884677365326856,2.3688418227336987,0.9701239645999595,-4,csgo_vae_100,1,vae
4794.484530180549,0.02725149279769864,10988,16.380631655592975,0.9089916272297052,0.27348114858245465,0.052384455169171305,0.6373112966015718,0.8380718850584224,0.6520987947295155,0.416812620864352,1.260637845031977,0.12022206042955952,-0.055019321194905706,2.590240740340635,0.96745054259652,-4,csgo_vae_101,1,vae
4981.342657784981,0.027719380035068027,11230,16.027339923412594,0.9019590382902939,0.27812863640119656,0.05034226366834185,0.5833010355500461,0.805396188689731,0.6760314478067599,0.4310811885097892,1.5009880246476388,0.11193232413178984,-0.03418681169147065,2.3583926303561,0.9680416397719371,-4,csgo_vae_102,1,vae
4630.562754866835,0.026047220997257033,11105,16.20893371757925,0.90031517334534,0.2737532436336632,0.04319861048092203,0.49255618880281865,0.6911263066793027,0.6931466747254316,0.41754263136197395,1.5040458537770138,0.11184151283205764,0.04790793631730482,2.2742879628569197,0.968709477717068,-4,csgo_vae_103,1,vae
4797.692896656413,0.02668756611232533,11232,16.024485798237023,0.90625,0.2716499061162829,0.047400039827946744,0.5503488540463486,0.7583274481994797,0.651918107717249,0.41946247315820234,1.5425044014562967,0.11226851851851852,-0.009181503416777616,2.313590798622091,0.9694179070681379,-4,csgo_vae_104,1,vae
5011.867983478711,0.027901528205594488,11219,16.043858085220183,0.896069168375078,0.27361134078224236,0.051590664734259495,0.6373112966015718,0.8254003233742059,0.6693496100540187,0.4191492198800533,1.3499525923165319,0.11471610660486674,-0.019803401607255904,2.4354167152692496,0.9685644532720117,-4,csgo_vae_105,1,vae
4837.492282378622,0.026917807395810733,11223,16.038228479771877,0.8994030116724584,0.2714764771654274,0.04580977321273942,0.6373112966015718,0.73289620786461,0.6764061600192885,0.42398795681194384,1.378544883101433,0.11414060411654638,-0.019351643125126893,2.314773552451218,0.9682843871098552,-4,csgo_vae_106,1,vae
4949.427656408913,0.027527747364951144,11236,16.018958611481978,0.9049483802064792,0.27569057497590804,0.050543945261743085,0.5503488540463486,0.8086358347757754,0.6559774467061931,0.41730238213660253,1.3163315265853273,0.10955856176575293,-0.03129190701425614,2.3385898781499423,0.971165848729554,-4,csgo_vae_107,1,vae
4727.809518879674,0.026300635023222576,11230,16.027161813162348,0.9101513802315228,0.2738572009764469,0.049753702206127334,0.6373112966015718,0.796010328371552,0.6607882846436757,0.4169835654226719,1.4009051548274702,0.11371326803205699,-0.0263410245013005,2.5904113536634363,0.966337349300405,-4,csgo_vae_108,1,vae
5306.96057921753,0.029532925855013516,11225,16.034301496792587,0.886859688195991,0.26753339205010934,0.05341490330340053,0.5833010355500461,0.8546237286215025,0.6602911452191152,0.41309371595242605,1.228418866233071,0.11937639198218263,-0.02675845193141246,2.392911454579849,0.968327766471194,-4,csgo_vae_109,1,vae
5098.521274778196,0.028655982191603525,11116,16.19217273954116,0.8970852824757107,0.267260815327155,0.05113903864711142,0.6373112966015718,0.8181266893636294,0.6584577273618724,0.41686901128458936,1.5441056680513516,0.11370996761424973,-0.04566269664378322,2.404144785258317,0.9682975130768023,-4,csgo_vae_110,1,vae
4721.98899568167,0.02656373862794155,11105,16.207582853025936,0.9079693831607384,0.27108458043635264,0.04950451539237954,0.6373112966015718,0.7919696777508827,0.6864534078535938,0.41215221417385867,1.4525850301684289,0.11220171094101757,0.023596407077519685,2.429947440778988,0.9693979299340211,-4,csgo_vae_111,1,vae
5139.160155099635,0.028897981343154,11109,16.201926539431042,0.8928796471329553,0.27293926850653616,0.05167082117487413,0.5833010355500461,0.8266834779693837,0.6853267734559787,0.4197200861717601,1.51918478465514,0.11846250787649654,-0.03741056670984025,2.3399340880997435,0.9677821098471473,-4,csgo_vae_112,1,vae
5699.470845233718,0.03170398253886596,11233,16.02314814814815,0.8828451882845189,0.28356953160885134,0.05831364932902283,0.6373112966015718,0.9329375816442779,0.6760973338347755,0.428238842390138,1.613490282623259,0.12142793554704888,0.0033759744638065885,2.3340217969085453,0.9668870619321721,-4,csgo_vae_113,1,vae
4918.6064358759,0.027357117249316137,11232,16.024396758970706,0.9008190883190883,0.2798660567698129,0.0484480710023052,0.6373112966015718,0.7751196432519027,0.640638994919002,0.4354359996303608,1.4950205767630267,0.11574074074074074,-0.00772615242272975,2.374589939405046,0.9682912469963989,-4,csgo_vae_114,1,vae
5803.751685945921,0.032289266849890357,11231,16.026090828138912,0.8829133647938741,0.27466445814773416,0.060704722044512355,0.6373112966015718,0.9711956730851448,0.6533289157840518,0.41660054000223345,1.2430192103844402,0.11628528180927789,-0.021892134685380073,2.4047046743556346,0.9680187446629925,-4,csgo_vae_115,1,vae
4890.969475690756,0.02750135577858815,11109,16.201746489016926,0.8993608785669277,0.2752633050034066,0.05061595975515865,0.6373112966015718,0.8097648522033354,0.6576924458376986,0.42515606526738514,1.5315215388153058,0.11351156719776757,0.02886593294498483,2.431756016496527,0.96802078160037,-4,csgo_vae_116,1,vae
4431.919184861034,0.024654392057610608,11230,16.027339923412594,0.916206589492431,0.27197129546125337,0.04425127504687737,0.5503488540463486,0.7079675756406478,0.653886290664795,0.42048967095312245,1.5606443334855984,0.1151380231522707,0.028483917638720848,2.4356494948503937,0.9657860813868546,-4,csgo_vae_117,1,vae
4999.102127054457,0.028690381334860408,10885,16.53656743844175,0.8941662838768948,0.27338520300968794,0.05024151993025718,0.6373112966015718,0.8037541410697558,0.6528968729867001,0.4214302691557312,1.3603398110271196,0.11428571428571428,-0.011784626075781852,2.38713542017712,0.9677385242577843,-4,csgo_vae_118,1,vae
5487.140789352325,0.03082535585154562,11121,16.185071942446044,0.8776189191619459,0.27021207694377686,0.053886833192860535,0.5833010355500461,0.8620990254733527,0.6913640711145536,0.41659342421378076,1.341573608004746,0.11159068429098103,0.0038274047254592382,2.3089173233777567,0.96937091027455,-4,csgo_vae_119,1,vae
4562.813886263189,0.02537681626458968,11235,16.020384546911163,0.9075211392968402,0.2806317936075961,0.049571725313741356,0.6373112966015718,0.7930950841704144,0.663083722521466,0.43040790034926263,1.30086765587833,0.11455273698264352,-0.03155993962580177,2.655780927957624,0.965048592254403,-4,csgo_vae_120,1,vae
5134.067927863701,0.028877280747635868,11108,16.203295219231116,0.897551314368023,0.2677785029184037,0.05413279115764858,0.6373112966015718,0.8660251728228192,0.6644273407256288,0.406981715242376,1.5121317209946512,0.11154123154483256,-0.012133467755175402,2.4011257486996938,0.968389505804044,-4,csgo_vae_121,1,vae
5058.675082436621,0.028151897667831677,11227,16.031623017993944,0.9016656275051216,0.27544429497079387,0.05483619414968259,0.6373112966015718,0.8773211372838153,0.6733444209051811,0.43031425726538225,1.3655080260550712,0.11312015676494167,-0.046845535747548246,2.5527686898774498,0.9665701834927329,-4,csgo_vae_122,1,vae
4513.989617768166,0.025364141440552244,11118,16.18952954933885,0.911135096240331,0.2736422954631407,0.04738093950029476,0.6373112966015718,0.7580583053999551,0.6653728146423167,0.41570124217336607,1.3767067960258557,0.1127001259219284,-0.01509746466420208,2.5406013832807686,0.966914868971539,-4,csgo_vae_123,1,vae
4952.130191470627,0.02753956175383561,11236,16.01913662661326,0.9026343894624421,0.2647267878243172,0.04999538277208185,0.5503488540463486,0.7998533719804188,0.69072950187238,0.40300207387351483,1.2878555625265014,0.10804556781772873,-0.006550433723962075,2.4949316948065454,0.9673499401355024,-4,csgo_vae_124,1,vae
5632.806746308606,0.031646065081458646,11117,16.190716084922634,0.879014122515067,0.27158961791958486,0.05516685641252386,0.6373112966015718,0.8826582516233455,0.6548400553330535,0.4225987132553892,1.3234734009152116,0.11100116938022848,-0.054486079703752396,2.3645008177373756,0.9667694212798317,-4,csgo_vae_125,1,vae
4692.297663229931,0.026109141309568627,11228,16.0313529883317,0.902386889918062,0.27227178700863547,0.049463407956005734,0.5833010355500461,0.7913633840089269,0.7009319403233621,0.4242618082314386,1.587899966049729,0.11693979337370859,0.03687741845556258,2.4803917400201114,0.968242093423165,-4,csgo_vae_126,1,vae
5249.241889820623,0.02981155944434352,11001,16.361727272727272,0.8831924370511771,0.2748972803167229,0.05132175715662428,0.6373112966015718,0.8210308525078696,0.6733379456956283,0.41424657824224703,1.3189657394721537,0.11017180256340332,-0.018239450728726347,2.2678706181619575,0.970117057370038,-4,csgo_vae_127,1,vae
5222.763306181313,0.029037442788818164,11237,16.01762192951228,0.898015484559936,0.27768254213492,0.051907843990355744,0.6373112966015718,0.8304797568283606,0.6526208121219109,0.4239127708860621,1.4006688487853827,0.11408738987274183,0.013673304271252785,2.437215571346878,0.9655382117095657,-4,csgo_vae_128,1,vae
4694.949964292591,0.026113983775300297,11234,16.021810736223628,0.9091151860423714,0.2719247888543915,0.05005301207107257,0.6373112966015718,0.8007656201206446,0.6810069259642169,0.41964006410295246,1.5755082896250456,0.1194587858287342,0.011528186074760007,2.5619177662619603,0.9660484318315714,-4,csgo_vae_129,1,vae
5054.52798349767,0.028631427285045533,11025,16.325290275761972,0.8924263038548753,0.2666310092686145,0.04911815414975934,0.6373112966015718,0.7858641274518715,0.6751002101856067,0.40394608416059746,1.621508662149114,0.11854875283446711,-0.008617726611986428,2.325492293293347,0.9676043754532534,-4,csgo_vae_130,1,vae
5093.189611843582,0.028340262363339027,11221,16.04090909090909,0.887977898583014,0.2644946814396165,0.04625299443317533,0.5295625377752151,0.7400913984886032,0.671309187176203,0.4073233517100194,1.4634115229891884,0.1094376615274931,-0.010848008929070356,2.298116104579736,0.9682585728731163,-4,csgo_vae_131,1,vae
4857.842186165228,0.02791716583719777,10864,16.567338672558225,0.898840206185567,0.26935806280093477,0.050499951103699675,0.5503488540463486,0.8078811459281949,0.6717524599036796,0.41485884282205043,1.4963026186865058,0.11597938144329897,0.02910542046871879,2.2724246112271116,0.9719621523559834,-4,csgo_vae_132,1,vae
4905.395493998139,0.02756551206095143,11117,16.190536164087803,0.9042007735899973,0.27603249046878536,0.05309333167183206,0.6373112966015718,0.8494064163261444,0.6851336806291871,0.43185043567981635,1.4296721140556554,0.11064136007915805,0.0018492983168654337,2.4809329512708356,0.9681949879332288,-4,csgo_vae_133,1,vae
5054.417086724336,0.028123837000953007,11226,16.034209354120268,0.8940851594512739,0.2735135186053877,0.0492352860157227,0.5503488540463486,0.7877233438847588,0.6546082398979814,0.4153654422341846,1.495926592378021,0.11865312667022983,-0.016431062431791432,2.3453070601866606,0.9668344021237352,-4,csgo_vae_134,1,vae
4652.918970251049,0.026436748079908465,10993,16.373180494905387,0.9047575730010007,0.27036815352398624,0.046009372855834146,0.6373112966015718,0.7360712919894512,0.6580132688135769,0.41007792461337994,1.6607006396160504,0.1133448558173383,0.03931884178658262,2.428237365105485,0.9670647890536583,-4,csgo_vae_135,1,vae
5022.26667971108,0.02824718415844011,11104,16.21039358731874,0.8935518731988472,0.2732813279334249,0.04896536044300782,0.5503488540463486,0.783408548208368,0.6777971494690924,0.41531896326591694,1.583031860744287,0.11257204610951009,-0.02118555056624015,2.3029538903080615,0.968371733019934,-4,csgo_vae_136,1,vae
4882.587125852217,0.027442494738239367,11114,16.19508683523801,0.9021054525823285,0.2725216767337196,0.049777983279878694,0.5833010355500461,0.7964421850916538,0.6691560154178334,0.41953020733405144,1.320040370100122,0.11058124887529243,-0.04643344177447689,2.512902326507454,0.9641864096839234,-4,csgo_vae_137,1,vae
4713.884741738853,0.026492571182838574,11114,16.19499685053541,0.8921180493071801,0.27414283029560693,0.046799639514967614,0.5503488540463486,0.7487841768073052,0.6471788957592002,0.41684574059803275,1.6929765330019875,0.11813928378621559,-0.012715917175962958,2.333299281755827,0.9695375293371371,-4,csgo_vae_138,1,vae
4558.802762623213,0.026115296449459684,10900,16.51261583631526,0.9080733944954128,0.27698364326664904,0.04774228330204956,0.6373112966015718,0.76385578274712,0.6140733183553806,0.4205385785404702,1.3412708686601837,0.11403669724770642,-0.022063461854209137,2.387658036439064,0.9708255646799164,-4,csgo_vae_139,1,vae
5343.444608926832,0.029728041673182843,11229,16.028589241182758,0.8881467628462018,0.273278472876514,0.05361892087783898,0.5833010355500461,0.8578277479751886,0.6816251711301279,0.417637523742124,1.3135008243433821,0.1107845756523288,0.02687011542365957,2.3506027129006157,0.9679962327432367,-4,csgo_vae_140,1,vae
5255.922289465976,0.029563431358223136,11106,16.20621341737956,0.8894291374032055,0.2810639196206166,0.05220451317343611,0.6373112966015718,0.8351689195151923,0.6620659220057037,0.43280372316120524,1.3991114241534603,0.11732396902575185,-0.028862597008584675,2.45046217280407,0.965638860162681,-4,csgo_vae_141,1,vae
5480.678710237322,0.030501875727085334,11229,16.02885643035269,0.8909965268501202,0.28023432890632133,0.05931272009957801,0.6373112966015718,0.9489096784794095,0.6824711157674782,0.42661648825330367,1.3321557882185013,0.1107845756523288,0.0020100807434195464,2.440639246381618,0.9678431156460774,-4,csgo_vae_142,1,vae
5230.278505960068,0.029100860062541183,11232,16.024663876769655,0.8942307692307693,0.27368163970388076,0.055193247252121116,0.6373112966015718,0.8830049521024969,0.6618794367111984,0.42046412730331234,1.4428717366046995,0.11716524216524217,-0.0018021162315177812,2.4176496735649073,0.9684846535275422,-4,csgo_vae_143,1,vae
5330.291532611811,0.0296476523741738,11231,16.0260017809439,0.8945775086813285,0.29031505420355486,0.054725081576067786,0.6373112966015718,0.8755623313590459,0.6479208944918322,0.4409451892208858,1.3444200812208447,0.11664143887454367,-0.01924160293683315,2.383094195133721,0.9677593800735638,-4,csgo_vae_144,1,vae
5097.6485529352685,0.028358422732898476,11230,16.02725086828747,0.8901157613535173,0.2699616030500571,0.046482393902349706,0.6373112966015718,0.7436668342376093,0.6571825383608121,0.42175654728280165,1.4187253549185308,0.1182546749777382,-0.028599091504343668,2.3085466360511346,0.9661828016411129,-4,csgo_vae_145,1,vae
4891.141129784194,0.027690489743003706,11036,16.309651110104213,0.9014135556361,0.2780837740724303,0.048995738680233984,0.5833010355500461,0.7838323443266745,0.6572767909336314,0.43233517629394874,1.4202724704182914,0.11716201522290685,0.0026788016017275425,2.3079152808852785,0.9694016051488048,-4,csgo_vae_146,1,vae
5192.238521453115,0.028872673879488185,11238,16.016374477173624,0.8877914219612031,0.2742066927692383,0.05017650234839814,0.5833010355500461,0.8027435884991461,0.6667041190498638,0.4257714137158768,1.601396931378279,0.11452215696743193,-0.017426172056015685,2.3254083627275888,0.9662822149145571,-4,csgo_vae_147,1,vae
5172.38254880823,0.029375000502246593,11000,16.36330575506864,0.8858181818181818,0.26992047833629745,0.05109951156381141,0.5234894118274681,0.8175270531197625,0.6739341197173518,0.408600067033258,1.2402913239622222,0.10972727272727273,-0.00021938195276152903,2.319526895611553,0.9683046150500411,-4,csgo_vae_148,1,vae
5204.943728003629,0.02896961964841062,11223,16.038406701122796,0.8918292791588702,0.2737949006222517,0.04957598505078522,0.5833010355500461,0.7931599489619989,0.661963472921579,0.42082874784871505,1.7133546698721311,0.12144702842377261,-0.04727554938916738,2.2447196994361915,0.9689576578949829,-4,csgo_vae_149,1,vae
5089.8386751405105,0.02861050698872304,11113,16.196274298056156,0.8912084945559255,0.271876602510655,0.0502067386891853,0.5503488540463486,0.8032652280798783,0.6642945746922002,0.40547621337522577,1.4967382019578979,0.1126608476558985,0.03398435654136032,2.297816019657783,0.968505978599776,-4,csgo_vae_150,1,vae
4688.647569907418,0.02635390455065169,11114,16.19508683523801,0.9068742127046968,0.27061852004056347,0.048836211156664706,0.6373112966015718,0.7813287638204703,0.6587937010289572,0.4126205575844091,1.5813152591382438,0.11660968148281446,0.001280635538506667,2.450128331693882,0.9673127906605592,-4,csgo_vae_151,1,vae
4303.503669463287,0.023950791343769554,11224,16.0369776352134,0.9174091233071988,0.2708025531375665,0.04329346058683309,0.6373112966015718,0.6926878508846647,0.6793197821924152,0.40689776261607513,1.3732587331361348,0.11279401282965075,0.058762328868779364,2.498517132173876,0.9681377434962348,-4,csgo_vae_152,1,vae
4315.794341607784,0.02398925519448863,11240,16.01370228668031,0.9134341637010677,0.2682288489665588,0.04475105263880952,0.5833010355500461,0.7160091340258771,0.6544228391751329,0.42008794689944606,1.7695065949782336,0.11752669039145908,-0.0037357630707841737,2.446764661336745,0.9676963338626758,-4,csgo_vae_153,1,vae
4768.487109965249,0.026520963141927464,11234,16.021810736223628,0.905287520028485,0.27645054664001717,0.04744606552919864,0.6373112966015718,0.7590722968328912,0.6522058081709176,0.42550718189779824,1.2832001786766078,0.11607619725832295,0.012008928193906546,2.4768114043797755,0.9663234770275426,-4,csgo_vae_154,1,vae
4478.276166516085,0.025184574418557835,11104,16.210303521570747,0.9103025936599424,0.27018848041078425,0.04379250795544142,0.5833010355500461,0.7006787951797265,0.6677262361209875,0.41684953779107997,1.4576868784261705,0.1105007204610951,-9.693718813652267e-05,2.2366921681660883,0.971811570363199,-4,csgo_vae_155,1,vae
4939.859873067968,0.027484273044995674,11227,16.031533939070016,0.8988153558386034,0.28398027180028296,0.05104459985111336,0.6373112966015718,0.8166852385612532,0.6572170968238297,0.43529190569385495,1.4784667981162067,0.11597042843145987,0.04521360218206253,2.419401305892969,0.967406836877871,-4,csgo_vae_156,1,vae
5515.2988510151845,0.030979472996312298,11121,16.18498201438849,0.8808560381260678,0.2767914543399209,0.05336670979411027,0.6373112966015718,0.8538253246638027,0.6587400570911635,0.4236988338821203,1.5490406963621348,0.1171657225069688,-0.003123311142162961,2.25240989572296,0.9692002566374688,-4,csgo_vae_157,1,vae
4907.234694512665,0.027779698964954816,11036,16.30946986859991,0.9011417180137731,0.2858064841342565,0.0521063159453977,0.6373112966015718,0.8336172561341818,0.6526572654967344,0.4330596831013317,1.2716482612530335,0.11489670170351576,-0.021142718170914836,2.4939746556031164,0.9656087780022499,-4,csgo_vae_158,1,vae
4805.12401761371,0.02672155095764666,11236,16.01913662661326,0.9082413670345318,0.28445198323986676,0.04894678598320095,0.6373112966015718,0.7830736680612413,0.6649889845086735,0.426998744793206,1.3836244155764785,0.11605553577785689,0.010838204905280122,2.410202386611037,0.9681881163652614,-4,csgo_vae_159,1,vae
5221.865619318986,0.029054466471322343,11227,16.03269196508106,0.8918678186514652,0.27601649815308016,0.05127080401605456,0.5833010355500461,0.8202569649699833,0.6666559264789385,0.4187127734159994,1.431199053100008,0.11623764140019596,-0.008583217508841785,2.212469018144078,0.9689617571990204,-4,csgo_vae_160,1,vae
5593.213049037095,0.031102610254687538,11238,16.016285485449853,0.8820964584445631,0.27890282227108093,0.05632721090943785,0.6373112966015718,0.9011501806757274,0.6835478593320387,0.42892797417955336,1.4198622513619505,0.11621284926143442,-0.005619862004433702,2.3165940973209467,0.9691056619389414,-4,csgo_vae_161,1,vae
4597.210858758736,0.025835096334871972,11115,16.193539679683283,0.9085919928025191,0.28174583691986754,0.04802064790741544,0.6373112966015718,0.7682751624238062,0.6765854514503836,0.4330065068222933,1.3043394428283572,0.11479982006297795,0.01625685181200307,2.464213597240033,0.9674086783912971,-4,csgo_vae_162,1,vae
5114.70655598938,0.02845456017263687,11231,16.025912733748886,0.8945775086813285,0.27092204768053346,0.05072326978144586,0.6373112966015718,0.8115085603515595,0.6598945831742965,0.4228147072241088,1.368736934887132,0.11673047814086011,-0.046306976209540975,2.425054619375524,0.9680520899892089,-4,csgo_vae_163,1,vae
5239.070991191914,0.029449267259580806,11116,16.192262708052183,0.8844908240374235,0.27172280212871247,0.047128345877495724,0.5295625377752151,0.7539617042638377,0.6709563949551203,0.42346828355158805,1.5955234241749152,0.11406980928391508,0.01096196949025312,2.205953821020943,0.9671994548327626,-4,csgo_vae_164,1,vae
4988.8463716941005,0.02803444236488617,11114,16.19499685053541,0.8992262011876913,0.26947166043250187,0.0496339160907325,0.6373112966015718,0.7941345434507489,0.6948354521746334,0.41012356162167735,1.1905959192578661,0.11310059384560014,0.03563463409848595,2.508006047166642,0.967125034767581,-4,csgo_vae_165,1,vae
5172.866466590271,0.029700902317021455,10879,16.545320831035117,0.882985568526519,0.2687554366570936,0.053070436830547796,0.5503488540463486,0.8490418424148942,0.6663914972830044,0.40186537838612807,1.097661164409544,0.11002849526610901,0.019782562491800798,2.382250682037139,0.9676334720681572,-4,csgo_vae_166,1,vae
5506.648448040821,0.03094349863204642,11118,16.18925969236305,0.8858607663248785,0.267517956017826,0.05295582821620768,0.6373112966015718,0.8471994087551726,0.677473057369126,0.40597615365130235,1.5663120536534598,0.11189062781075733,-0.03839929011525403,2.271401551405515,0.9678532791502424,-4,csgo_vae_167,1,vae
4650.11863322134,0.026150395623980915,11110,16.20055810604015,0.9053105310531053,0.27039295671111163,0.04642829809160825,0.5503488540463486,0.7427385437651447,0.6590029613669971,0.4134454904195193,1.3700619773447456,0.11404140414041404,0.007681581732974982,2.414721499084395,0.9669525711703842,-4,csgo_vae_168,1,vae
4387.981983106691,0.02441760475039009,11228,16.030195065467176,0.9132525828286426,0.27852574834990607,0.045464863616086364,0.6373112966015718,0.7273652862448224,0.6902991757831222,0.41932742900381875,1.4634442965136403,0.11596009975062344,0.03170960278807168,2.402238718838549,0.9711127666618966,-4,csgo_vae_169,1,vae
5008.370125857997,0.028137630919056706,11121,16.1851618705036,0.8975811527740312,0.27372318875653184,0.050858023903304565,0.5503488540463486,0.8136569336483549,0.6649461983889736,0.4214024965244271,1.3919538621917884,0.11545724305368223,0.005732418265425615,2.384924264122328,0.9685706763484236,-4,csgo_vae_170,1,vae
4807.423542452628,0.027035164395111205,11100,16.215785205874404,0.9,0.2812678595188289,0.051187064049007865,0.6373112966015718,0.8190492083200448,0.6822858037955648,0.42677568839705055,1.7180259948964787,0.11693693693693694,0.002041893552137489,2.398224352651476,0.9686639928058562,-4,csgo_vae_171,1,vae
4209.143449350551,0.024694449513318787,10642,16.91410581712245,0.9034016162375493,0.2724043754658778,0.04428899950197681,0.5295625377752151,0.7085183897953137,0.6836025948337918,0.40518168343514854,1.4113526171913593,0.10843826348430746,-0.040116127329485995,2.4795430441463013,0.9667911372727591,-4,csgo_vae_172,1,vae
5327.481623987107,0.02995205500510157,11109,16.201926539431042,0.8798271671617607,0.27558846717346125,0.052927232226780634,0.5833010355500461,0.8467920008222338,0.6486643383752544,0.4220422907447749,1.7939118506434941,0.12404356827797282,-0.03469816869588621,2.319797572663442,0.9658427660497997,-4,csgo_vae_173,1,vae
4346.04819554226,0.0246978598435421,10989,16.37895886421551,0.9188279188279188,0.27609330935698456,0.04864572881109485,0.6373112966015718,0.7782930273438663,0.6527905171296626,0.42128616443229133,1.1940155956440657,0.11138411138411139,-0.0012109079037369555,2.676160634193115,0.9666952495290071,-4,csgo_vae_174,1,vae
4876.6596276382925,0.027124328854339668,11230,16.027428978537714,0.9019590382902939,0.2633803787636004,0.046590895885487406,0.5833010355500461,0.7454645655666474,0.6806880462808309,0.4157842054943421,1.654469389989946,0.11291184327693678,-0.01796662315100294,2.3263769454583976,0.9686303898223386,-4,csgo_vae_175,1,vae
4681.544841915899,0.026332680688118563,11108,16.203565319168092,0.9033129276197335,0.27330968434247005,0.04773761200899177,0.5833010355500461,0.7637064812715496,0.654015600266774,0.40967790950335964,1.7554381837417024,0.1177529708318329,0.05668503719054616,2.3434219621318593,0.9688768067238043,-4,csgo_vae_176,1,vae
5338.581770997449,0.030211938986098922,11041,16.30253623188406,0.8889593333937144,0.27231112754290143,0.056415232574743485,0.6373112966015718,0.9025457322436037,0.6809861810316781,0.4116472277436549,1.611338551734574,0.11330495426138937,-0.04384648240568291,2.3395640560498716,0.9695183894121273,-4,csgo_vae_177,1,vae
5114.76198041676,0.028452369027275826,11231,16.026090828138912,0.8905707416970884,0.2818230505455135,0.051704679489938773,0.6373112966015718,0.8272128682328846,0.6734306951067771,0.4322539152030911,1.4700934934099825,0.12251803045142907,-0.041350504729404075,2.3565165898535003,0.9670001063998583,-4,csgo_vae_178,1,vae
5130.693911139988,0.02882821624007627,11119,16.187983450260838,0.8888389243637018,0.27565818278112936,0.05294637510384854,0.5295625377752151,0.8470751580783246,0.6563230164817181,0.4138314203330096,1.3626497757917024,0.11367928770572894,-0.008122467783245884,2.4340962466881915,0.9667943379059543,-4,csgo_vae_179,1,vae
4526.968579101422,0.02517903087363792,11235,16.020473562399857,0.9117935024477081,0.2662504663361242,0.0448311214884298,0.5503488540463486,0.7172394969586081,0.6847357263264162,0.4108721827022314,1.5406957248685378,0.1133066310636404,0.034297637256396264,2.4650460900069713,0.965904534068623,-4,csgo_vae_180,1,vae
4886.651183345094,0.02717951325151739,11234,16.021899759636785,0.9007477301050383,0.2720708592719675,0.0500355312506389,0.6373112966015718,0.8004909449700774,0.6656899142332112,0.4116003238159972,1.3999338384012756,0.12204023500089016,-0.04300842334149398,2.399220714144802,0.9688297023590475,-4,csgo_vae_181,1,vae
5503.616534632494,0.030606424264730744,11231,16.02573463935886,0.8824681684622919,0.28009244397124294,0.05594738308670473,0.6373112966015718,0.8951291845970115,0.6741018544522159,0.44035837083242313,1.8071162285509996,0.11860030273350547,-0.035142260488380976,2.3750494211695146,0.9661667853278555,-4,csgo_vae_182,1,vae
5562.411009035057,0.030949542068051863,11228,16.03001692348802,0.8883149269682935,0.2726525014260648,0.05663878308964579,0.6373112966015718,0.9061169369217257,0.6828071521618407,0.4189690246530969,1.4254823215590684,0.11640541503384397,-0.024082472678232072,2.475020226411309,0.9667237418089405,-4,csgo_vae_183,1,vae
5582.876044870721,0.031051941609064593,11231,16.025823686553874,0.8840708752559879,0.27650526952244153,0.055090288403692955,0.6373112966015718,0.8813922341121784,0.6615908210322282,0.4127196650127603,1.3073847203947506,0.11405930015136675,0.02385790320443915,2.482056574142193,0.9655721311341305,-4,csgo_vae_184,1,vae
5288.15096634781,0.029732736893059036,11103,16.211583498468745,0.8839052508331081,0.2719176709872797,0.054833536655023225,0.6373112966015718,0.8773509970620607,0.6663435730729687,0.424908025968477,1.7310264142731497,0.1177159326308205,-0.026608731312252203,2.4488747964814093,0.9671960416155125,-4,csgo_vae_185,1,vae
5235.995411537131,0.029124208415254774,11234,16.021810736223628,0.894694676873776,0.27387755591842167,0.0513502858382864,0.6373112966015718,0.8215206633541613,0.6511948174252936,0.4251673321473123,1.3849298120822364,0.11776749154352857,0.02490318801368869,2.3406794758259557,0.9682576676584924,-4,csgo_vae_186,1,vae
5159.670693611688,0.02869986181056154,11232,16.024574837503337,0.8927172364672364,0.27517925029931384,0.0518928447691215,0.5833010355500461,0.8302562668656371,0.6499987235863746,0.42122777260147,1.539563098159838,0.11298076923076923,-0.034955228707632326,2.3741279222720766,0.9661578242976256,-4,csgo_vae_187,1,vae
4950.7157894199245,0.02753037912732832,11234,16.021899759636785,0.897365141534627,0.2764752131529026,0.05104491430096499,0.5833010355500461,0.81667574242941,0.6865746813920595,0.4230523047693073,1.2433823291628374,0.11723339861135838,-0.054710749766642815,2.479743415479795,0.9673514001789792,-4,csgo_vae_188,1,vae
5598.01046299613,0.03147040122650065,11112,16.19791197911979,0.8800395968322534,0.27649294421367554,0.05953949591076835,0.6373112966015718,0.9525776810877269,0.6663393003331709,0.4240418208724091,1.3621118633138263,0.11960043196544276,-0.00974168624854129,2.459490902033738,0.966638805078315,-4,csgo_vae_189,1,vae
5106.508826657906,0.029005470133291092,10993,16.373089519650655,0.8876557809515147,0.2773623838539093,0.05194523320499933,0.5503488540463486,0.831081937162417,0.6741185509096181,0.4227068541667625,1.4306416583393742,0.11616483216592377,-0.01164410637016193,2.3067521628377845,0.9680234410637001,-4,csgo_vae_190,1,vae
5170.816648763547,0.02906904975625096,11108,16.20338525254344,0.8908894490457328,0.2661819543044354,0.05103519564041563,0.6373112966015718,0.8165438983552927,0.6592225861915167,0.4083493137453793,1.7746696517332852,0.11226143320129636,-0.0037257361643164223,2.3130756586643133,0.9666837560647641,-4,csgo_vae_191,1,vae
5284.8843763117675,0.029393196529660263,11230,16.028497640039184,0.88726625111309,0.27523684494086215,0.05072591131205296,0.5295625377752151,0.8115951002193306,0.64218946669981,0.41944600707495033,1.4729897838681278,0.11344612644701692,0.017668103685132056,2.2749928332055425,0.966286019048076,-4,csgo_vae_192,1,vae
4317.320055446274,0.024285350102797653,11101,16.214684684684684,0.9196468786595802,0.2771797587646966,0.045585650759084745,0.6373112966015718,0.7293499522892667,0.6429964415189031,0.425290945134962,1.484889161618943,0.11593550130618863,-0.0042708231769152715,2.6106107832870875,0.9648152374075865,-4,csgo_vae_193,1,vae
4752.905504834455,0.026444539516995453,11231,16.0260017809439,0.8990294719971508,0.27231004056830044,0.04880608521185027,0.6373112966015718,0.7808053244362194,0.6727650164934948,0.4195676912043707,1.5164583783016479,0.11601816401032855,-0.04626314377474297,2.5833435276438657,0.9667935292888026,-4,csgo_vae_194,1,vae
5070.201278460521,0.028217410498778576,11225,16.035370634354955,0.8930066815144766,0.2706851672398482,0.047813564183328536,0.5503488540463486,0.764948287626396,0.6678182878148299,0.41639573314058437,1.657306581485284,0.12187082405345212,0.01425195068969574,2.2926538912918955,0.9666764116271356,-4,csgo_vae_195,1,vae
5396.783515434976,0.03001245187563198,11233,16.023059116809115,0.8880975696608208,0.27744665986083367,0.052866310439231394,0.5833010355500461,0.8457839226246852,0.6679283100878581,0.43057552429198503,1.6548236667165679,0.1152853200391703,-0.032178580771574705,2.2881321563746,0.9677025541056321,-4,csgo_vae_196,1,vae
4928.088430610558,0.027688412254429178,11119,16.187983450260838,0.8990017087867614,0.2790120878325009,0.046850914846504596,0.5234894118274681,0.7495654378236623,0.668582274849994,0.42715093097676127,1.5913442632716726,0.11655724435650688,0.06225588891925631,2.2620756041197403,0.968241689222505,-4,csgo_vae_197,1,vae
4058.3708352702533,0.023061896617895428,10987,16.38175860185691,0.9227268590151998,0.27670737969855796,0.04469268366293906,0.6373112966015718,0.7150701294309769,0.6444492844656984,0.4279324535333798,1.8165516392012702,0.11841266951852189,-0.013752653326590395,2.601072537266933,0.9653976488295668,-4,csgo_vae_198,1,vae
4928.239779232361,0.027721995751767897,11107,16.20484422834504,0.899432790132349,0.27661522881686373,0.04772788637432731,0.5234894118274681,0.763543059740445,0.6401091885586405,0.41300694267399524,1.498256882206015,0.11281174034392726,0.021236203386295272,2.276729586915454,0.9680991747024299,-4,csgo_vae_199,1,vae
4734.184929678542,0.026342032137795245,11227,16.031444860146088,0.902110982453015,0.2705835806317564,0.04726462073203949,0.5295625377752151,0.7561707618409399,0.6766653662347384,0.4149227126160974,1.368864798835439,0.11481250556693685,0.06719958762288127,2.403950066195025,0.9680716793245135,-4,csgo_vae_200,1,vae
5446.719369515238,0.030324016444182922,11219,16.043947227669815,0.8706658347446297,0.27923768393720566,0.04848984775603757,0.49255618880281865,0.7757877460753719,0.6786016325026785,0.42079613233436286,1.303414128564616,0.11239860950173812,-0.03641976357706034,2.158937334383076,0.9698744429951467,-4,csgo_vae_201,1,vae
4860.830311542633,0.02762040186740219,10986,16.384524351388258,0.895048243218642,0.27271188919371564,0.0515294976458964,0.6373112966015718,0.824599071748307,0.662691805349782,0.4235929137480379,1.3544990035980673,0.11660294920808302,-0.05163610965241088,2.454693639923825,0.969161827372386,-4,csgo_vae_202,1,vae
4066.5256793476083,0.022836230896862247,11121,16.18498201438849,0.9199712256092079,0.2701257611450823,0.04306609771974596,0.5503488540463486,0.6891231593667926,0.6438997691934727,0.412353642100096,1.4493771236239037,0.11177052423343224,0.059179551796088886,2.434978992694565,0.9680118041592016,-4,csgo_vae_203,1,vae
5204.676107190708,0.028959103569096447,11229,16.028589241182758,0.892332353726957,0.28139913863014826,0.052532370104143654,0.6373112966015718,0.8404225735492837,0.6648913231952273,0.4294744670543474,1.476353061537138,0.11292189865526761,-0.009297103946536007,2.352587891982048,0.9683691065090823,-4,csgo_vae_204,1,vae
4332.822678281235,0.024115547521226664,11219,16.04403637011945,0.910954630537481,0.27452562135559067,0.044102845857486826,0.6373112966015718,0.7057075698514474,0.6656985678265266,0.41628516123323545,1.5042799244219316,0.11123986095017381,-0.008408166090526024,2.507309600895376,0.966528126637519,-4,csgo_vae_205,1,vae
5235.704667254225,0.02911779939883196,11229,16.028678304239403,0.8992786534865082,0.2746436563209345,0.05522463787789362,0.6373112966015718,0.8835889257794217,0.6441612326618753,0.42269017676364207,1.377491389697756,0.11399056015673702,-0.05184497955224152,2.4820756767452634,0.967602682393641,-4,csgo_vae_206,1,vae
4714.9938188245205,0.02649004509786516,11119,16.187893506026263,0.9043079413616333,0.2737161768795576,0.04845336475836283,0.5833010355500461,0.7751933441506013,0.6637408195729853,0.4180806152466046,1.4299630970503283,0.10756362982282579,0.05165040906260428,2.3926743871607417,0.9686621078307298,-4,csgo_vae_207,1,vae
5120.9637628734945,0.028806292982942003,11104,16.2090426010988,0.8925612391930836,0.2715444346573667,0.051279840504931395,0.5503488540463486,0.8203944103606468,0.6734275397780897,0.4157317950833138,1.5590295615589334,0.11302233429394813,-0.014054104673172947,2.3616459542705805,0.9664989869848557,-4,csgo_vae_208,1,vae
5174.887796290737,0.029083557559714764,11116,16.19217273954116,0.8906980928391508,0.2753109973935386,0.05034739639233259,0.5833010355500461,0.8054628377196368,0.6737317790543772,0.42265447527115835,1.5772885108443895,0.1187477509895646,-0.007517977084516252,2.3144778404355546,0.9657261887102826,-4,csgo_vae_209,1,vae
4609.744896183747,0.02592124523855758,11111,16.199189918991898,0.9102691026910269,0.2763858417283154,0.0473535404244301,0.5833010355500461,0.7575632865360484,0.6538178131661103,0.4219447888307753,1.4641762791067108,0.10971109711097111,-0.022345970461997083,2.444145020609491,0.9656115620570074,-4,csgo_vae_210,1,vae
5268.116913409811,0.029625728728979433,11107,16.204664145506932,0.8941208247051409,0.2729452261149208,0.05391861735968526,0.6373112966015718,0.8626617664792838,0.6651862218879014,0.41708741850453807,1.4269522676568738,0.12109480507787881,0.0010483449907357553,2.4139390553529303,0.9692722816498041,-4,csgo_vae_211,1,vae
5165.407899735246,0.029030388409853308,11111,16.1990099009901,0.8899288992889929,0.28364254813994605,0.05269744810437593,0.5503488540463486,0.8431588870881215,0.649468061388362,0.42747416491787144,1.6505347167249396,0.11646116461164611,-0.0280983654016168,2.3535676967330277,0.9669036483021645,-4,csgo_vae_212,1,vae
5621.3300389841415,0.031248168718715597,11240,16.013613310792774,0.8769572953736655,0.28076833781021376,0.052764204060767185,0.6373112966015718,0.8441531371525844,0.6449182825435708,0.4321855403869516,1.2460271983120512,0.1148576512455516,0.0014117001980768855,2.270508597912675,0.9666650472357652,-4,csgo_vae_213,1,vae
4742.638509637867,0.026945255958597553,10994,16.37169107613936,0.9003092595961434,0.27650344827607587,0.04718025615114411,0.6373112966015718,0.754798893987034,0.673473003607883,0.41447408189358437,1.4329567607020417,0.1149718028015281,-0.007148793916420914,2.279131102865424,0.9690505849050284,-4,csgo_vae_214,1,vae
4496.109225417645,0.025005505044633395,11232,16.024396758970706,0.9132834757834758,0.27424525747081735,0.046527532652702014,0.6373112966015718,0.7444080372314006,0.6581718156700518,0.4212305178801475,1.4469231005958576,0.11867877492877493,-0.01134759912216364,2.479374580647215,0.9672236262521594,-4,csgo_vae_215,1,vae
3880.7221912264595,0.022040113715101044,10999,16.36479359883615,0.9249022638421674,0.2790778022930711,0.041837604499545926,0.5833010355500461,0.6693816194424285,0.6472773013643872,0.42417388500125436,1.4197528056754984,0.11228293481225567,-0.012343711108367591,2.473568348034856,0.9671543967303096,-4,csgo_vae_216,1,vae
4780.903500738932,0.02659031601914481,11230,16.028497640039184,0.9040961709706145,0.2709257441023853,0.047018045413339336,0.5503488540463486,0.752237489696719,0.6765867511954842,0.4115064147840368,1.8411726623064986,0.11362422083704363,-0.08321098584195333,2.295750243887308,0.9697207866496853,-4,csgo_vae_217,1,vae
4853.940679120829,0.02756888032586486,10999,16.36461174759047,0.8986271479225384,0.27409411476497486,0.054999452587458635,0.5833010355500461,0.8798909925712658,0.6909600287921337,0.42233123310397164,1.3178768144078148,0.1103736703336667,-0.012400956095625327,2.5356564579103376,0.9680837425981974,-4,csgo_vae_218,1,vae
5015.584147137286,0.02818873533347555,11115,16.1934497030772,0.8975258659469186,0.2686990388898713,0.053642550557237406,0.6373112966015718,0.858198504058135,0.6951967143799779,0.41930546349543946,1.4503416187062659,0.11641925326135852,-0.04550374080792472,2.5437358404710273,0.9662826540693894,-4,csgo_vae_219,1,vae
5271.680837771763,0.0299390280679047,10996,16.368713051386994,0.890778464896326,0.2762361470677158,0.05333784025457147,0.5503488540463486,0.8533434000135282,0.6628879196306766,0.4202224552371525,1.4528251125207672,0.11085849399781739,-0.00868117043227029,2.2643329220580735,0.9705196729963281,-4,csgo_vae_220,1,vae
4339.763544735549,0.024143534590311284,11226,16.033942093541203,0.9125244967040799,0.252821877009894,0.041484526620248555,0.41045207013432095,0.6637928645422412,0.6692280920099732,0.38768315900033756,1.5657142237689252,0.10386602529841439,-0.03862018141600041,2.341480135062088,0.9680216024028705,-4,csgo_vae_221,1,vae
5749.404519346963,0.03196050322483236,11240,16.013613310792774,0.8783807829181495,0.2689831025243024,0.056395069324281795,0.6373112966015718,0.9022634788763187,0.6808750986910542,0.41068859737723973,1.4092496179148035,0.11387900355871886,-0.03044110382339002,2.3092755834968575,0.9688349373616503,-4,csgo_vae_222,1,vae
4694.32292698376,0.02610505268438527,11236,16.01913662661326,0.893556425774297,0.2701511532422696,0.04380730871209211,0.6373112966015718,0.7008461807054879,0.6444477197177869,0.4101071951285382,1.4501718449541747,0.11400854396582413,0.03018024141738541,2.341490160691004,0.9659813407134958,-4,csgo_vae_223,1,vae
4561.435523565088,0.025378329565221677,11224,16.0369776352134,0.9141126158232359,0.27404588445854683,0.04899574626564628,0.6373112966015718,0.7839471702279015,0.6754120469864214,0.4131883481430239,1.6702683366848525,0.12036707056307912,-0.038594802823185656,2.5329547217908472,0.9670463400013314,-4,csgo_vae_224,1,vae
5013.689849356011,0.028690183391145967,10915,16.490562580172256,0.8992212551534585,0.27543662279701026,0.052439015532077284,0.5833010355500461,0.8389229782772528,0.6742955078732287,0.42295645171996565,1.612858006265204,0.11406321575813101,0.009043238520302647,2.3769203363580913,0.9664342093228682,-4,csgo_vae_225,1,vae
4971.368534327402,0.02796175366760205,11109,16.201926539431042,0.8966603654694392,0.2822078665914994,0.050349506331712944,0.6373112966015718,0.8054891143038804,0.6586567390582615,0.421013136752617,1.418435006025063,0.11972274732199117,0.005641622581420718,2.3986546044366444,0.9659597300203155,-4,csgo_vae_226,1,vae
5097.585418750134,0.02833916594751815,11239,16.01494927923118,0.8866447192810748,0.27365699796716775,0.04896296376374944,0.5503488540463486,0.7833459557982735,0.646106471523381,0.41259216763246503,1.633553950847805,0.11593558145742504,-0.006522275919735489,2.174414497946052,0.9707405369593556,-4,csgo_vae_227,1,vae
5110.642058046196,0.028405609160632745,11235,16.020473562399857,0.8969292389853137,0.2746987915457845,0.05098880199858025,0.6373112966015718,0.8161448371327,0.6661545653913616,0.41395390830266643,1.3747606582666505,0.11214953271028037,0.0075222666428607626,2.423271804066315,0.9651481434765274,-4,csgo_vae_228,1,vae
5270.43953484742,0.029838184014311448,11037,16.30826386371874,0.8863821690676814,0.2763147918353427,0.05467654611877425,0.6373112966015718,0.8747639955897933,0.6380169114778199,0.421260298561604,1.2987926245827517,0.11524870888828485,-0.0273441396623093,2.432952251343851,0.9647137921033384,-4,csgo_vae_229,1,vae
5163.13730315897,0.028703727262962424,11240,16.013435359017706,0.8860320284697509,0.26553534457936934,0.050941836823101175,0.6373112966015718,0.8150119924934734,0.6818339076563025,0.41190926358109803,1.3828605720414608,0.1092526690391459,-0.04206484527739753,2.5013344927796712,0.9657755055333417,-4,csgo_vae_230,1,vae
4653.354874515222,0.026155731790078993,11111,16.199189918991898,0.9037890378903789,0.2779369592904789,0.04741028012388421,0.6373112966015718,0.7585825460423008,0.6507814602703428,0.41866083042457747,1.472735921912033,0.11313113131131311,0.02283461124455337,2.4197657897478067,0.9667435798872676,-4,csgo_vae_231,1,vae
4588.225239577751,0.02608509673218434,10984,16.38750796685787,0.8927530954115076,0.2692876073291088,0.044152431316509,0.5503488540463486,0.7063932564962101,0.683477516709469,0.4136083649248568,1.6368906719180158,0.11462126729788784,-0.03552259470439047,2.2104388673303137,0.9700068342770509,-4,csgo_vae_232,1,vae
5052.564726882996,0.028100566965686836,11236,16.01913662661326,0.8911534353862585,0.27024840180182846,0.04887170241182502,0.6373112966015718,0.7818759968812073,0.6771880345963893,0.4205122728812116,1.4109875816824795,0.10911356354574582,-0.05891930055375966,2.4360158275757104,0.9644726407872515,-4,csgo_vae_233,1,vae
4246.010231247547,0.023865748953659456,11114,16.19481688113021,0.9179413352528343,0.2664953705960458,0.04658221634652927,0.5833010355500461,0.7452419104873729,0.6620488710283562,0.4115962820297451,1.3892217298641054,0.10995141263271549,-0.056011481641919186,2.5457071336473107,0.9695332396846843,-4,csgo_vae_234,1,vae
4530.649643257419,0.025471543720154397,11109,16.201836514223984,0.9057520928976506,0.2689187444101379,0.04493643439829855,0.5833010355500461,0.7189456282079877,0.6736860836834111,0.41320575428744266,1.4242007453614043,0.11405166981726528,-0.03576463195287878,2.4382330715604223,0.9671084716198598,-4,csgo_vae_235,1,vae
4983.8008528542605,0.027716094222821022,11235,16.020295531422466,0.8976412995104583,0.26727385575197754,0.0491846494198692,0.5833010355500461,0.7868984755902961,0.6886483967117011,0.4164733865118638,1.6107583776537184,0.1107254116599911,-0.020901630225508894,2.3703437604968243,0.9677402394542869,-4,csgo_vae_236,1,vae
