total_movement,avg_speed,n_events,mean_dt,idle_ratio,turn_angle_mean,speed_std,speed_max,dist_std,efficiency_sub,turn_angle_std,vh_ratio,dir_change_rate,xy_corr,accel_cv,step_autocorr,userId,gameId,source_file,is_bot,bot_type
91537.02897572995,0.9999154983801185,5252,33.26385978281577,0.0,0.37038809556803143,1.926123943804147,24.108597839690272,32.749090844211146,0.6787847301258797,0.6067778812575916,0.2684779608539644,0.06207159177456207,-0.035378591150091405,2.795046944335376,0.7973033958365593,-1,bot_0,synthetic_bot_0,1,stitch
94969.21889156342,0.9676690787895088,5481,32.84118291347207,0.0,0.3551075362675488,1.8298080778544898,26.691405191767462,34.35830425685561,0.6279886884354328,0.5845046136846412,0.25402693118872693,0.0582010582010582,-0.14239225361801156,2.427418585889474,0.8102785333889374,-1,bot_1,synthetic_bot_1,1,stitch
110551.48168103718,1.0219885966730191,6006,29.980509745127435,0.0,0.3420595035254969,1.811405349832749,32.96001892023459,33.45564195882235,0.6092294143972355,0.585391564384415,0.27288914531274866,0.06243756243756244,0.09690704419311216,2.175037647093387,0.8143735805129411,-1,bot_2,synthetic_bot_2,1,stitch
113160.47937415184,1.0876393159863997,6180,29.14898785425101,0.0,0.3514082738085121,1.8664056100733304,26.545454545454547,32.711722461090744,0.6239946455248864,0.6008717700577814,0.24679721726234036,0.06828478964401294,0.02618340179781938,2.3008784865257548,0.5577053040754376,-1,bot_3,synthetic_bot_3,1,stitch
112930.53036911014,0.983027228919251,6314,28.52051972745999,0.0,0.3383480533027625,1.718189022445711,24.38012766578551,31.33454282847179,0.6143557380930514,0.5782441403565276,0.25287155097793207,0.06113398796325625,-0.049194024514020614,2.145633047991392,0.7949412682458525,-1,bot_4,synthetic_bot_4,1,stitch
106853.88269652927,1.0009090406951349,6534,27.44823889739663,0.0,0.33188677701586156,1.5821638897517556,18.980223625892528,25.86899304260378,0.6229349793127188,0.5787808151877357,0.25148931799506985,0.05677992041628405,0.07098812593903749,2.0595932756858963,0.8381256229821914,-1,bot_5,synthetic_bot_5,1,stitch
98807.62864928335,0.9409985341246824,5917,30.385629754860524,0.0,0.3520885095346821,1.6965325949709127,21.99650321860622,30.4957193860589,0.6168488918456696,0.5954892422359614,0.293121295885518,0.06439073854994085,0.1051342017701758,2.359794541376536,0.8268422611287076,-1,bot_6,synthetic_bot_6,1,stitch
106862.59660472718,1.0098878534295361,5596,32.099553172475424,0.0,0.34719252886181573,1.709885894088249,19.235422513943924,33.1024237694411,0.6414713676361505,0.5894850894208338,0.24380500466398994,0.06093638313080772,0.04419228608033914,2.0933027749039037,0.7869213094254108,-1,bot_7,synthetic_bot_7,1,stitch
111971.10082556035,1.0331032744594415,6225,28.92543789169211,0.0,0.3529459961026782,1.7102461217110603,21.023796041628636,30.16054863590512,0.6251662062980775,0.5824390752188161,0.24482383560579574,0.06506024096385542,0.1835341505305124,2.206872604969142,0.7829472748681398,-1,bot_8,synthetic_bot_8,1,stitch
108553.48848983637,0.9533270508121849,6535,27.55979176236411,0.0,0.33924280736968104,1.5911732123975892,17.13346303452853,28.04990355103981,0.6597540392542781,0.5870709588856622,0.22698352546970363,0.059525631216526396,0.07494502385771991,2.1953164069827333,0.8024332827696908,-1,bot_9,synthetic_bot_9,1,stitch
111973.27789286863,1.0240554306153784,6227,28.90427240603919,0.0,0.36014378021579635,1.6576412603305524,24.067970417133225,34.133658245724135,0.6688956815394078,0.6042029458852265,0.2394455130073245,0.06311225309137626,-0.15682362436063213,2.0877882445601075,0.7847224182423329,-1,bot_10,synthetic_bot_10,1,stitch
113006.15979343979,1.0446117369015049,5850,30.78481012658228,0.0,0.3437491012579593,1.725409745001793,17.846816963807438,34.396215709882576,0.6431453892030045,0.5785128125659309,0.24433346882681997,0.05982905982905983,-0.04450896873877861,2.041304585611369,0.7808574133822113,-1,bot_11,synthetic_bot_11,1,stitch
114813.31103575249,1.158907650063503,5728,31.429020429544263,0.0,0.3521940121493001,2.0118475285664936,22.67156809750927,35.55164666176983,0.6394218572175011,0.5948601791139461,0.2220708446866485,0.061976256983240226,-0.02442833806404052,2.485145871813638,0.8116789818083723,-1,bot_12,synthetic_bot_12,1,stitch
97150.66470158272,0.9646153410190507,5703,31.554931554931557,0.0,0.34462616536052415,1.6450399698351572,31.753936763809303,29.500120839487323,0.6561148029839708,0.5853938316725069,0.2772588902725889,0.06172190075398913,-0.003262511883987055,2.2517388646464145,0.8184194383351948,-1,bot_13,synthetic_bot_13,1,stitch
109070.76604475985,0.9799972851193677,6043,29.76311868895878,0.0,0.34649649534923216,1.662058711154422,21.874007914011145,32.910136568294575,0.5892162398670042,0.5940115449298702,0.23198084051317214,0.06387555849743505,0.08040324659143666,2.159398001486042,0.784303305771429,-1,bot_14,synthetic_bot_14,1,stitch
114247.00281680358,1.1009266941414093,5585,32.08975277678252,0.0,0.35033327383209734,1.7136723191054688,19.057913884595372,33.4741401099145,0.6213992885373075,0.6118511286454993,0.23095923079834954,0.06678603401969561,0.11241027827663094,2.1842087919249913,0.7982649867089258,-1,bot_15,synthetic_bot_15,1,stitch
99800.16465846803,1.0603590471724074,5055,35.632943971490796,0.0,0.35771070221731727,1.8129113190121418,18.066666666666666,34.76559680553529,0.6708389792294351,0.5934120623343422,0.2804352905831692,0.06864490603363006,-0.04480083284068882,2.0785390085626423,0.80410694729188,-1,bot_16,synthetic_bot_16,1,stitch
133655.47251206974,1.1196733101262417,6857,26.262474467464255,0.0,0.3386707834459754,1.8404790311427621,22.19181296108995,32.126155828607175,0.5897914511141665,0.5753965797390004,0.25767913885262456,0.06358465801370862,0.08731128198001101,2.2362760705160687,0.8008993581597657,-1,bot_17,synthetic_bot_17,1,stitch
104038.47904099022,0.9280799784603567,6524,27.474685486345503,0.0,0.3480137048811766,1.6595538439273647,25.675323215535617,27.765891355641696,0.6236970972693089,0.5916641792994177,0.26995918106342387,0.06407112201103618,0.014911000172074846,2.2484284933034133,0.815829392266308,-1,bot_18,synthetic_bot_18,1,stitch
107335.34543231843,0.9729997352341033,6094,29.53996389299196,0.0,0.3510654801415876,1.5697235005404637,17.76189742116534,29.69096712771888,0.6295754827371384,0.588411354476918,0.27177327168058657,0.06645881194617656,0.015484367754404116,2.1221139757204406,0.7973552558383898,-1,bot_19,synthetic_bot_19,1,stitch
115429.53862818316,1.0470081453841291,6519,27.629413570770648,0.0,0.34584902752321534,1.9023036999007346,27.903852780574944,30.354454976472777,0.6545755930251155,0.595643537500595,0.2312034826569302,0.0621260929590428,0.2791543151701786,3.100654948496561,0.8187220355098846,-1,bot_20,synthetic_bot_20,1,stitch
110765.1474959345,1.0182588495037261,6249,28.821457165732586,0.0,0.3433917629000138,1.776385001924105,19.06724940834414,30.756095822202347,0.6206457605517491,0.578272554273483,0.28702308480501476,0.06353016482637222,0.1457402287750004,2.3769277534163193,0.8060391945549625,-1,bot_21,synthetic_bot_21,1,stitch
114787.9308855632,1.0536055454051183,6034,29.841346153846153,0.0,0.335974347379763,1.7692613169091223,23.385085950193965,32.671797501574,0.643716988052475,0.5608456207719005,0.25930750442986444,0.056347364932051704,0.06198591271632754,2.1781310427510037,0.8221888327292687,-1,bot_22,synthetic_bot_22,1,stitch
98339.19829424773,0.9562419783701442,5721,31.47438363350236,0.0,0.3466302512073879,1.6545861872331782,20.438983979535347,30.537272369980215,0.6443371382587858,0.5817359660234196,0.28692664956550235,0.060653731865058555,0.021576328012686576,2.2218082278703735,0.8416018272952279,-1,bot_23,synthetic_bot_23,1,stitch
119378.12940583717,1.0806333561718298,6019,29.919880319148938,0.0,0.34892977050995305,1.789986160990467,26.691405191767462,33.526228312954714,0.5972908531043405,0.6128198462526708,0.21325783532297038,0.06828376806778534,-0.07391915747506175,2.1695381831567677,0.7706020571305419,-1,bot_24,synthetic_bot_24,1,stitch
118078.66072089152,1.1549765317270453,5848,30.788744440643175,0.0,0.3568599467122474,1.9886095309510967,26.625689392767622,35.20501947981827,0.6160264971451832,0.6000195134167515,0.2579390978425047,0.0689124487004104,0.03404386194341987,2.2265407751669146,0.8093918437025078,-1,bot_25,synthetic_bot_25,1,stitch
91309.60826748115,0.9404019423863096,5451,33.04683195592286,0.0,0.35498249062674503,1.5967534991905195,19.314381985295903,31.100096136293732,0.619931689911801,0.5829936629746052,0.2871878726778711,0.0654925701706109,-0.013998374964638231,2.223640033641812,0.7843681519108536,-1,bot_26,synthetic_bot_26,1,stitch
114453.16777606486,1.0293577106723761,6513,26.930896805896804,0.0,0.3348163528328522,1.808987832990418,26.625689392767622,30.017374665986054,0.5950923016924128,0.5622428190373231,0.23610165001513775,0.05742361430984185,0.07796173622207131,2.2634544329112396,0.8056923027680467,-1,bot_27,synthetic_bot_27,1,stitch
114483.41855954641,1.0160197053437028,6181,29.127852403301507,0.0,0.35623096672934684,1.8025034748975588,24.166810344400485,34.576584192979006,0.6729723058607806,0.6000730998511737,0.23140800711238899,0.06147872512538424,0.07225263059500346,2.234574350353105,0.7738901556509088,-1,bot_28,synthetic_bot_28,1,stitch
103095.883737484,1.0630509432653361,5842,30.143150684931506,0.0,0.3557022246307676,1.8429073345324913,20.736142440333136,31.030384300056614,0.6497880027920806,0.6082982528984345,0.22421534049879122,0.06350564875042794,0.07888200891322893,2.3549714802619945,0.7766970940290718,-1,bot_29,synthetic_bot_29,1,stitch
119498.51955256092,1.0158252517691113,6586,27.330751708428245,0.0,0.3371850146003739,1.7712000775763233,22.319589209929468,32.958048113948664,0.6333099236758581,0.5617390756731095,0.30824335449925716,0.056179775280898875,0.07974152934619497,2.1001378564755337,0.8241828910720768,-1,bot_30,synthetic_bot_30,1,stitch
87096.17626118672,0.9430746490214785,5562,32.385210507376755,0.0,0.3623582735606426,1.575059364781408,17.819109437820533,25.413647892787566,0.6133341703303042,0.5979521014255877,0.24957514869795572,0.06220783890686803,0.07854008896849034,2.094399431021425,0.8195785371292635,-1,bot_31,synthetic_bot_31,1,stitch
97710.6814953029,0.9713887088074821,5927,30.394123606889565,0.0,0.3563160148915667,1.7866782399471246,21.687240943768906,31.25192498706097,0.6147060004372715,0.5898639619012307,0.24431965248314746,0.06175130757550194,-0.01148797470878394,2.2698460029939205,0.8284611106095885,-1,bot_32,synthetic_bot_32,1,stitch
108091.33005181572,1.0350581798655687,5824,30.912072814700327,0.0,0.3680135825022896,1.8438306621307248,19.90226117806718,33.50920939642803,0.6270509868075462,0.6109466582568157,0.2337187209443344,0.06524725274725275,0.024604140103092788,2.5011331675478616,0.8052069151141366,-1,bot_33,synthetic_bot_33,1,stitch
116208.48507954218,1.0621634431120341,6100,29.49885208265005,0.0,0.36150564750944314,1.744785717222048,19.48594935388631,32.0828818216203,0.6303690331669459,0.6047223809008095,0.25327946812818414,0.06754098360655737,0.04969071163570785,2.0677394620089045,0.7999023814950901,-1,bot_34,synthetic_bot_34,1,stitch
115606.72595606919,1.0067056406493773,6327,28.45596837944664,0.0,0.3396709228923071,1.6774669654838785,22.48090547800758,32.248940048527174,0.6091781340001106,0.5726144421070065,0.2557785283793629,0.059743954480796585,0.10817493536916327,2.1255222664273594,0.8017798522452118,-1,bot_35,synthetic_bot_35,1,stitch
119952.64909409301,1.1001124407438885,6043,29.806093724126512,0.0,0.3407179136121692,2.020661319808626,38.46853421954104,37.37575655792641,0.6366963953261491,0.5825421576780675,0.2635451749890174,0.0618897898394837,0.16001500685053435,2.3299130820096585,0.7741291929828426,-1,bot_36,synthetic_bot_36,1,stitch
105640.761423105,1.0094858759200742,5960,30.21369817021991,0.0,0.340290023339398,1.88277176135405,24.706022408566604,32.53455760181578,0.6333578522095621,0.5749108375148442,0.2361552428506582,0.061577181208053694,0.07761731839599392,2.2207645340865465,0.8220287870461577,-1,bot_37,synthetic_bot_37,1,stitch
94273.86184466619,0.9333121783006816,5484,32.84543795620438,0.0,0.3401318968494587,1.8437323246652695,57.413333088460654,34.508535607825216,0.6409919226921907,0.5581389890533325,0.27527040834302224,0.05725747629467542,-0.005973688262715238,3.115402751854928,0.7057366271709204,-1,bot_38,synthetic_bot_38,1,stitch
107626.66181710425,0.9743556958080298,6275,28.67144906743185,0.0,0.3435323161577188,1.7182492701972123,23.48905143231805,30.777368334171907,0.6688931618554127,0.5847711992029108,0.2588816459564066,0.055298804780876495,0.20055746386560774,2.330305518550468,0.8232019438068158,-1,bot_39,synthetic_bot_39,1,stitch
97322.30859038688,0.9278355936686317,6002,30.00866955651884,0.0,0.34672474312792284,1.7507399504752663,24.125,30.11660592584627,0.599724053838652,0.582687262991652,0.2261495956421069,0.059646784405198265,-0.058446316182889195,2.634065704043081,0.8078969707569926,-1,bot_40,synthetic_bot_40,1,stitch
94493.51128894673,0.964338159940576,5598,32.171581769437,0.0,0.35640509484678445,1.6375673374106832,37.12524779269007,29.59468014506298,0.6370703556644166,0.584729228232829,0.2681630102912919,0.062343694176491604,-0.02928027282366203,2.4607894900297413,0.7928531675324104,-1,bot_41,synthetic_bot_41,1,stitch
119346.26452718892,1.0568517026795092,6381,28.219818124804014,0.0,0.34963537540863643,1.794519608869529,29.121758188680847,33.106381894505006,0.6030171712523235,0.5813443911972802,0.28381125664899787,0.06472339758658517,0.13136938676928145,2.135056223089875,0.7873882287264251,-1,bot_42,synthetic_bot_42,1,stitch
117577.7117779404,1.0468398421493108,6549,27.497477449931203,0.0,0.34161878178783234,1.9230663301912474,28.50438562747845,35.37334251206389,0.6401060089070583,0.5789638306100954,0.24307266152945223,0.061383417315620706,0.25160836139326737,2.3321903114623903,0.8235418775591039,-1,bot_43,synthetic_bot_43,1,stitch
110477.70691752798,1.0625870712358747,5846,30.805237035769295,0.0,0.353221437694238,1.9542397765478505,21.43287324545068,34.62458926623994,0.6195888813703956,0.5831272265046575,0.23761604561912372,0.06654122476907287,0.11781098369265251,2.295514573236572,0.8190429393523966,-1,bot_44,synthetic_bot_44,1,stitch
111386.2414449238,1.031559372649966,6048,29.770095931194177,0.0,0.3439456469344477,1.6882592435066603,18.471599822430107,30.579668802344095,0.6569774277049786,0.5802034833350356,0.2323823623949273,0.06183862433862434,-0.06400262153653144,2.0884346049007836,0.8028860196900636,-1,bot_45,synthetic_bot_45,1,stitch
100826.99449731881,1.0551297954199592,5475,32.894188596491226,0.0,0.3724336797245094,1.873775951233027,30.4130089124886,33.84350020275718,0.6478105306206248,0.6317566208856011,0.260045255827237,0.06904109589041096,-0.04348915759982785,2.3865664073684147,0.7997191467725828,-1,bot_46,synthetic_bot_46,1,stitch
108649.6341514275,1.0865080154009483,5806,31.000344530577088,0.0,0.36013782760015306,1.8621534172723928,20.81082117019359,33.362787282653514,0.624900120976751,0.60847645947334,0.25802247923114513,0.06631071305545987,-0.07245818024320873,2.033519539916585,0.81831696943101,-1,bot_47,synthetic_bot_47,1,stitch
95812.33246933029,0.92713565548385,5734,31.402826238660154,0.0,0.3473412310144739,1.6167109991474737,19.098147266814742,29.997191581429615,0.5764316353946531,0.5854209691907571,0.2699231461607699,0.05999302406696896,0.14703505198417274,2.1681904828870957,0.7430014967896832,-1,bot_48,synthetic_bot_48,1,stitch
121037.27507078684,1.0357249528598622,6884,26.069351555684793,0.0,0.3522387596717645,1.8593208625445672,27.619060447451865,34.2955114737843,0.6574674458932875,0.5824816801505969,0.21905152579856962,0.05970366066240558,0.10644216811392106,2.515741928801013,0.8141366659632578,-1,bot_49,synthetic_bot_49,1,stitch
110053.9802404358,1.0441521240377556,6102,29.506312510247582,0.0,0.3426715983036937,1.8716457595850868,32.69825348929206,31.89166540959414,0.6157977505063938,0.5737327527177936,0.25107582579591187,0.058505408062930184,0.12487182469941642,2.325861937187259,0.819982533725294,-1,bot_50,synthetic_bot_50,1,stitch
119350.11536107125,1.0435450247825455,6413,28.090043695380775,0.0,0.34055301193411147,1.8040504082083817,29.500264829319754,32.53770967965439,0.5772808862337842,0.5754276408897889,0.2712650529472576,0.0628411040074848,-0.03696187497330385,2.1261456502201415,0.8115684744935429,-1,bot_51,synthetic_bot_51,1,stitch
104345.42498489458,0.9085554561614433,6437,27.98072438986476,0.0,0.35104328129672424,1.5343915141207325,23.77532906584784,27.409536926119443,0.6322774088116414,0.5797521276646697,0.2713799934321338,0.06214074879602299,-0.0025686869461222944,2.2557559945558916,0.7872919725542162,-1,bot_52,synthetic_bot_52,1,stitch
92929.05074222214,0.8142973516382029,5986,30.08223299348153,0.0,0.35524813561072416,1.4137407933365675,16.64733253574144,29.2806459135594,0.5998290396232626,0.5950655330535114,0.2444673185795162,0.06264617440694954,0.13858579742478344,2.192414063633033,0.7986818114792323,-1,bot_53,synthetic_bot_53,1,stitch
106840.4489475108,1.0932811367221356,5329,33.7886239909893,0.0,0.3836535901546927,2.008084421574751,28.1948395915252,35.848080529376155,0.5664846590593247,0.6518433167946744,0.23592466032055975,0.07543629198723963,0.21676808989122087,2.6535523588334065,0.7551439111832574,-1,bot_54,synthetic_bot_54,1,stitch
94413.9149038936,0.9080335750776894,5518,32.577620602103735,0.0,0.36584966082032216,1.5198897556358928,17.231456030268507,30.026582760581746,0.6114680697284067,0.6119558036698634,0.23314018713206805,0.0681406306632838,-0.08269179026040456,2.1937530142342743,0.8060049129746052,-1,bot_55,synthetic_bot_55,1,stitch
100437.27869864217,0.9719628716494936,5546,31.6131650135257,0.0,0.34126665539742124,1.7296346958823645,41.26820917797859,33.102061714141776,0.6097095196363427,0.5896425516063775,0.2623521452577365,0.05896141363144609,0.0672265406763059,2.6276002903925604,0.7750914239794797,-1,bot_56,synthetic_bot_56,1,stitch
111094.16343856111,1.0382898477085944,5946,30.275862068965516,0.0,0.35011300348878505,1.8346079116588554,20.56487448296245,33.84040190742241,0.6068205238433255,0.5861165487193764,0.2446448259568436,0.06525395223679785,0.053356271405364315,2.2856495453479906,0.7692645988343672,-1,bot_57,synthetic_bot_57,1,stitch
108552.25195278406,0.9737403298200656,6502,27.68307692307692,0.0,0.35296186734061846,1.7403138977586234,20.578899976926728,29.452834463688564,0.636332266725541,0.5923254471669642,0.2892796369824163,0.062134727776068904,0.030331845298842454,2.2460715022008806,0.8316298611751725,-1,bot_58,synthetic_bot_58,1,stitch
123375.26057428806,1.1210563457456806,6246,28.00624799743672,0.0,0.33051281554935413,1.9738679306304197,27.307688963792046,34.962894968096315,0.633783653192705,0.5668230046122538,0.25528414800060467,0.05475504322766571,-0.00710521937791458,2.211600713431819,0.7914128206601141,-1,bot_59,synthetic_bot_59,1,stitch
114774.27804521646,1.0538201106808371,5824,30.63575476558475,0.0,0.34175886453274285,1.7835075883709612,21.636363636363637,36.627893196716826,0.6143509433642008,0.6094651197094462,0.1996384610367223,0.06301510989010989,-0.017927705278485334,2.14906240146203,0.7744670736462916,-1,bot_60,synthetic_bot_60,1,stitch
106606.393691234,1.0081409315902516,6243,28.835629605895548,0.0,0.3457144931299038,1.6759348380163182,24.706022408566604,29.39141207853889,0.6408803923566858,0.6010679725335091,0.2533953008004131,0.06391158097068717,0.041102178807921344,2.2223987014752855,0.8178450677209568,-1,bot_61,synthetic_bot_61,1,stitch
110079.51870920509,0.9599116668919434,6575,27.400517582584868,0.0,0.33140606841701303,1.7451532515826327,34.52339786289872,30.37272428997536,0.6457147828368834,0.568484573462341,0.2925395858708892,0.0576425855513308,-0.09072360861357992,2.6570430127233275,0.8055224455946576,-1,bot_62,synthetic_bot_62,1,stitch
85702.55560808122,1.0038084588507605,4859,37.06053119209388,0.0,0.3541090076013729,1.606167650548113,17.421650004775348,29.833729753030806,0.6427211098481508,0.5948647668699673,0.2574498953612284,0.0631817246346985,-0.1345262255537072,1.9863659798245472,0.8294770550341857,-1,bot_63,synthetic_bot_63,1,stitch
110756.1912164127,1.0419886103037137,6134,29.3487689548345,0.0,0.3502935350846921,1.9853284315883921,27.485768237786292,34.74497147127807,0.6538810032340017,0.5998353392911673,0.20771490339405338,0.06194978806651451,0.04738743366648808,2.352306342570227,0.798374826419801,-1,bot_64,synthetic_bot_64,1,stitch
122184.83084455857,1.0600901511877168,6320,28.382618331486466,0.0,0.34267021468405445,1.7681955794421627,23.92748303613325,32.87665726927504,0.6484455297347322,0.5911705198926738,0.25834672379932155,0.06313291139240507,-0.0053375936308087,2.1707332843265186,0.7863402080349403,-1,bot_65,synthetic_bot_65,1,stitch
91491.79317078547,0.9539711679130461,5279,34.107447413303014,0.0,0.33819654775280356,1.5420588436476195,18.660796034520484,31.647841161856977,0.6407510794804215,0.5867477427831018,0.23359602023366777,0.056639515059670395,0.13503044199001343,1.972785892146299,0.781082647082342,-1,bot_66,synthetic_bot_66,1,stitch
102479.669452156,1.0522169426882781,5396,33.380749258160236,0.0,0.3347488741193152,1.846264657054657,21.4192605433106,34.51320961059247,0.6515411841637775,0.5770523537539229,0.2523334611942207,0.06189770200148258,0.1699756647469871,2.162162441790708,0.82032757431248,-1,bot_67,synthetic_bot_67,1,stitch
113341.64560173226,1.0391609592038415,6284,28.662579617834396,0.0,0.33111842214154097,1.6684452257373719,18.245290488232847,28.535100628237938,0.6154298014942348,0.5850666054016532,0.2333675890087304,0.059516231699554424,0.03294996320412105,2.1277286928120285,0.8186591913598771,-1,bot_68,synthetic_bot_68,1,stitch
92697.51453521018,0.9336802940056957,5329,32.872440353184295,0.0,0.35880596653786495,1.6814407747294124,22.875341527505114,34.24737915908343,0.6241457016259103,0.5896482357555096,0.2493820999096915,0.06755488834678176,0.042053433020443995,2.1501004836895508,0.7859166979198678,-1,bot_69,synthetic_bot_69,1,stitch
96678.53137421489,0.9312633984366605,5676,28.8111013215859,0.0,0.3492094940607279,1.7701480857894818,29.500264829319754,33.43695171255898,0.638851779579845,0.5614027723841072,0.3008594995494559,0.06025369978858351,-0.2340706637732585,2.461983674859151,0.7159218875149784,-1,bot_70,synthetic_bot_70,1,stitch
107198.97957365791,0.9831503142762383,6338,28.418916785093952,0.0,0.35471869404950523,1.6522005442404257,18.000141722798084,28.927891227211855,0.6363722592349125,0.5984358244408619,0.3015756533772238,0.0661091827074787,-0.08600030611078219,2.1040685495218225,0.8175229607586962,-1,bot_71,synthetic_bot_71,1,stitch
115007.58637777102,1.048080979801542,6544,27.46575970651177,0.0,0.3495305512866589,1.8171126377091276,19.601020381602588,29.741431413928105,0.6112135790061645,0.595526538135516,0.29268268797618346,0.061430317848410756,0.055535220550899204,2.345919885086692,0.8379377049846011,-1,bot_72,synthetic_bot_72,1,stitch
98455.84785880099,1.0032934254317192,5542,32.49079422382672,0.0,0.34647696486073143,1.804060191937196,22.571428571428573,30.939486057155438,0.6290183567349587,0.5685664998003641,0.24359527682790522,0.05792132804041862,0.12496780166987012,2.9216886380226317,0.7845759236546257,-1,bot_73,synthetic_bot_73,1,stitch
111541.70450848521,1.017445755737556,6175,29.104308390022677,0.0,0.35910315123095654,1.7790268758258057,21.09387088442728,34.81608077048307,0.5994565707339563,0.5960220455597749,0.2515831837282251,0.06251012145748988,0.062025378945761475,2.3006327043824557,0.7819654407365924,-1,bot_74,synthetic_bot_74,1,stitch
101856.61185988566,1.0914824906263203,5617,32.03632478632478,0.0,0.3489845026579352,1.8978550079931258,23.637240443894232,32.39231119126103,0.652541162418152,0.5886787655363709,0.2315151774628591,0.06195478013174292,0.13752810252552788,2.158988462728681,0.8283982902342384,-1,bot_75,synthetic_bot_75,1,stitch
90377.02247073696,1.0357460331492392,4913,36.642304560260584,0.0,0.34625519270685107,1.7423027217027007,16.637082075892998,32.25779893130038,0.6445444275356692,0.5844254610695625,0.2326659385996845,0.06391207001831875,-0.024986978264110737,2.1239964441408508,0.8384730594105931,-1,bot_76,synthetic_bot_76,1,stitch
119203.24575024852,1.1610722096716146,6094,29.540128015755787,0.0,0.33067946782150875,2.0619296519769006,26.46334525292123,34.89690480181847,0.6368724760566863,0.5688482727150387,0.2709683391964451,0.053331145388907125,0.0881634082117349,2.292272350586141,0.8248533338287356,-1,bot_77,synthetic_bot_77,1,stitch
57416.74053253939,1.0465618870588278,3001,59.99333333333333,0.0,0.34344503182021346,1.934144847120984,23.315515890711062,34.568353416416485,0.5965012447793842,0.5755227226000151,0.20223633864556634,0.05764745084971676,-0.09354810709374278,2.177594478912684,0.8072987615242158,-1,bot_78,synthetic_bot_78,1,stitch
108373.02132317671,1.0272705326897913,5708,31.302366345311132,0.0,0.3419188452669078,1.8090115935102968,19.825711173357988,34.56738363509111,0.6142026406533072,0.5794354498112525,0.277349352512004,0.0578135949544499,-0.0039892051346579645,2.270882889241466,0.8136993602072922,-1,bot_79,synthetic_bot_79,1,stitch
100123.81782975042,0.962134243269647,5969,30.145515507124895,0.0,0.35585778389524936,1.6655803407642118,18.456560570679837,29.674831367685194,0.6033349005674782,0.5942773380818988,0.25735505722444824,0.061651867984587036,0.05717403933043972,2.282798098710318,0.8274363725026693,-1,bot_80,synthetic_bot_80,1,stitch
102740.4731118331,0.9849597751633646,5806,30.99931058255774,0.0,0.35217658670672847,1.9067365161269523,28.8,34.50463851218962,0.6225857682741865,0.5923793144013326,0.24907098719554924,0.061660351360661385,0.10973067941483669,2.5692986734700183,0.8143590335476588,-1,bot_81,synthetic_bot_81,1,stitch
99868.17464667452,0.9274877576585798,6285,28.63976440624005,0.0,0.32909550169009993,1.5082550436122744,23.372301187728976,26.538926119067785,0.653884003310711,0.5709094075656101,0.241311354035103,0.06014319809069212,0.02027699384704647,2.096390645111257,0.8139567200218972,-1,bot_82,synthetic_bot_82,1,stitch
94054.15682244388,0.9446738450291958,5792,31.08117443868739,0.0,0.33157928863817343,1.6238883266500788,17.63953120761688,28.591096882071092,0.6416006198528652,0.566536195756164,0.25488313269942386,0.05369475138121547,0.1032935958657762,2.1735273577240486,0.7945239844803933,-1,bot_83,synthetic_bot_83,1,stitch
105880.64485331558,1.0084815395799631,6000,30.004500750125022,0.0,0.35912004066747877,1.737419996164558,23.637240443894232,31.186012287137668,0.6251776799741373,0.5994744993754388,0.257630442492646,0.06616666666666667,-0.020808566838868957,2.2619357441784977,0.8152420811120445,-1,bot_84,synthetic_bot_84,1,stitch
95145.83785213744,1.023194581387569,5432,33.14825046040516,0.0,0.35660059943576733,1.7655492384317926,18.532076781151247,31.010632051129086,0.6071592753163315,0.5958497110608245,0.2357841568770855,0.06424889543446244,-0.01345541016394624,2.1723244349546436,0.7919163781493194,-1,bot_85,synthetic_bot_85,1,stitch
112600.31474129646,0.9576472943593202,6576,27.384299406663622,0.0,0.3357018260129082,1.582045118797444,15.25627432402813,31.4032033929334,0.6311263259703853,0.564230863625432,0.2279527408032529,0.05687347931873479,0.08964912429441424,2.137534946333518,0.782751073556964,-1,bot_86,synthetic_bot_86,1,stitch
86049.41222352668,0.7931526860034447,6370,28.27411247251021,0.0,0.3485197109595103,1.4045497025835891,16.3012269476871,24.260219019468266,0.6027901863444882,0.5744643523451333,0.2899943031746854,0.06059654631083203,0.008697947208300262,2.3301484458122514,0.830237206733216,-1,bot_87,synthetic_bot_87,1,stitch
104218.85585331339,1.0003636956038038,5902,30.52263862981177,0.0,0.3344953792723984,1.5910912626880476,16.764809081209716,29.433950963417708,0.6510412836353359,0.5525623287658102,0.3216848332146574,0.05913249745848865,-0.001583198321162291,2.215719841752894,0.8258640035894089,-1,bot_88,synthetic_bot_88,1,stitch
102042.22279029549,1.0010994700195004,5939,30.313068373189626,0.0,0.35076137146682024,1.6891528688601352,22.875885173015263,29.133733457203405,0.613940272250129,0.5882101087998758,0.2744401378122308,0.059437615760229,0.14843608040743217,2.1383302333801057,0.7871226812323099,-1,bot_89,synthetic_bot_89,1,stitch
117108.28736337044,1.0563267721339753,6205,29.01757214251169,0.0,0.33736792769247803,1.8849551563560552,29.76063360380622,35.12248244101726,0.6402177733975334,0.5931421117524901,0.2398503378567041,0.06124093473005641,-0.022734238182018553,2.206016554719249,0.8017750308609263,-1,bot_90,synthetic_bot_90,1,stitch
109854.60975285408,1.0651503696099005,5422,33.208302583025834,0.0,0.37589383347747496,1.943753018153587,24.86083716389687,38.98318579271049,0.5901273964282276,0.6421323925127664,0.23727098796966875,0.07229804500184434,0.11392894907888967,2.347776725116821,0.5527518187214664,-1,bot_91,synthetic_bot_91,1,stitch
103388.57018103744,1.1483950879402345,5243,34.362352042764414,0.0,0.36274465933826805,2.269394451165335,35.08477456461706,37.876676425290704,0.6332590801552993,0.6041479406033529,0.24876548465369716,0.06465763875643715,-0.13517856324321104,2.3596191262269186,0.8070877056847914,-1,bot_92,synthetic_bot_92,1,stitch
104334.72428576453,0.9954641532656715,5835,30.289216526658667,0.0,0.35999671954108475,1.7946615858710475,31.130813529691256,35.328309806149385,0.5985631626125494,0.6030196349003896,0.2588019830117781,0.06426735218508997,0.32387720080656657,2.5710820133597423,0.7592115834221465,-1,bot_93,synthetic_bot_93,1,stitch
120147.14877808037,1.1288953950806635,6143,29.31628664495114,0.0,0.3453100767193752,2.136852720103433,35.93834226066144,37.237255802333486,0.5689527898624198,0.5763556336375484,0.2718049013396505,0.06185902653426664,0.006587724651215741,2.358567237593372,0.8082918691740537,-1,bot_94,synthetic_bot_94,1,stitch
100279.04944714019,0.9080725426119355,6400,28.122362869198312,0.0,0.35812003762597516,1.6560116418262474,31.937982438191398,29.63372376250859,0.6241509426999896,0.5792678766529258,0.27364085667215815,0.06234375,0.24850050512891142,2.3911642104934567,0.7685543830316071,-1,bot_95,synthetic_bot_95,1,stitch
97507.23589777721,0.9467318004265375,5623,32.02829181494662,0.0,0.37076947816318756,1.513786298864044,23.372301187728976,28.746829668149797,0.633638819738429,0.6204121717457785,0.26373750621862424,0.06704606082162547,-0.024036083347516612,2.032443222946979,0.8009240771526939,-1,bot_96,synthetic_bot_96,1,stitch
94566.36432111972,0.879260521454827,5719,31.48740377886634,0.0,0.3746380936721161,1.5674898808470317,24.77842855271395,32.583062729190964,0.6412030454928886,0.6040846420342079,0.2668462977561802,0.06609547123623011,0.11941338532331132,2.2743350970285086,0.7764781267734376,-1,bot_97,synthetic_bot_97,1,stitch
110703.65564352609,1.0867478367298984,5860,30.726869238648003,0.0,0.3555672984789208,2.030825078476753,30.490345308388907,34.13705558259682,0.621717581878751,0.5766322120485085,0.30166261026731156,0.062457337883959047,0.07451123216801761,2.441786755315333,0.8309934986305545,-1,bot_98,synthetic_bot_98,1,stitch
114875.30684318973,1.0004279033889334,6113,29.448134816753928,0.0,0.34991335036188004,1.6861179824553267,24.71521468113708,33.50948306569207,0.6384795765021862,0.5834503484438772,0.2703410557128276,0.06330770489121544,-0.028108383191450544,2.1459428624848034,0.8013199758337969,-1,bot_99,synthetic_bot_99,1,stitch
130710.0326190023,1.1375473437220236,6385,28.202757756189282,0.0,0.3496701064256805,1.9156677899225687,23.65213755902648,37.019524781660785,0.593293778245189,0.5824819207415309,0.3027953776678858,0.059671104150352386,-0.028070507489598495,2.135826274054769,0.7501606041065991,-1,bot_100,synthetic_bot_100,1,stitch
128984.74135327777,1.2094521812904082,6286,28.63977724741448,0.0,0.3449747271235419,2.2406348274060117,44.245225731145275,37.26439348431178,0.6523706589622585,0.6053419340070963,0.21868803908609483,0.06601972637607381,0.18168541305853642,2.7066880146140364,0.8101035953549114,-1,bot_101,synthetic_bot_101,1,stitch
91363.40739513276,0.8366442513994108,5820,30.94051916795599,0.0,0.35730430088860515,1.4180459039837559,18.942043723108743,29.17882060518567,0.6251362827548425,0.5783873544453707,0.2934810427406676,0.06426116838487972,0.20373315651448615,2.523155903173691,0.7854642153776932,-1,bot_102,synthetic_bot_102,1,stitch
97890.18254309226,0.9795406856649418,5919,30.412639405204462,0.0,0.3428838678215063,1.7823061991024296,22.319589209929468,30.538986144407883,0.6528948011381734,0.5675487711039744,0.2908311248109012,0.05592160837979388,-0.11297906755754013,2.3049814490499165,0.8448568458564286,-1,bot_103,synthetic_bot_103,1,stitch
113690.79129175816,0.9706649566965964,6474,27.809796044499382,0.0,0.3554464001865955,1.6305653467412045,18.067158664887575,29.263499898389746,0.6431489325046178,0.5984563661359356,0.24138617994156264,0.06194006796416435,0.014880518883309305,2.223396892104858,0.7981317327390374,-1,bot_104,synthetic_bot_104,1,stitch
114661.55269775577,0.9984744179995825,6167,29.21080817916261,0.0,0.3548110602653845,1.663518281756463,21.25,31.24264463179192,0.6320233200620099,0.5972180778518669,0.2570627148013058,0.06340197827144478,0.04797470202144444,2.148281905568977,0.7709596389672203,-1,bot_105,synthetic_bot_105,1,stitch
106256.96478512377,1.0311785576519064,6028,29.878652058432934,0.0,0.31549781694576956,1.9100654171938918,44.52962580085865,31.990674053565364,0.6328873939237345,0.5380217921113228,0.2447015682943504,0.05308560053085601,0.14072591580636146,2.6851263397377583,0.7993603856908801,-1,bot_106,synthetic_bot_106,1,stitch
104416.60015135919,0.9802010230257383,5852,30.662848350145325,0.0,0.36906195385980123,1.659940025126578,18.891743148361762,30.536798473053015,0.6312297657912421,0.5922568561617755,0.24094076473590467,0.06408065618591935,0.058724989411068164,2.0155636506870027,0.8065860403225542,-1,bot_107,synthetic_bot_107,1,stitch
89277.5486358981,0.892703149773006,5502,32.73140571012912,0.0,0.35285020582194776,1.5435599238968565,19.578368164890556,29.70746893413699,0.5997684423824938,0.6000301233407748,0.2579116078169284,0.05997818974918211,0.17132005975006567,2.441547710878414,0.7742461037925714,-1,bot_108,synthetic_bot_108,1,stitch
86520.51620173428,0.8422801152420704,5870,30.684964200477328,0.0,0.3545628055112657,1.4767915177991158,23.91971765222122,25.53175192734924,0.6134001761314639,0.5918372915069784,0.26624273906701806,0.06149914821124361,0.09181999758314369,2.2995202756201656,0.7818223657116414,-1,bot_109,synthetic_bot_109,1,stitch
107180.16201102594,1.1205479104194116,5056,32.74312289728874,0.0,0.3655503645785114,2.0601672462316434,22.94933550236259,40.30156242293027,0.6001941788544474,0.5923637876368189,0.2985082461131465,0.06942246835443038,0.09345412052393681,2.1933351637454104,0.8018567836909568,-1,bot_110,synthetic_bot_110,1,stitch
103576.63874631641,0.9189551900754502,6169,29.196107055961072,0.0,0.3545043897968095,1.6039112407356133,17.91828674845896,29.92149685445716,0.6462424423595418,0.5736994254616318,0.3174324265694824,0.05819419679040363,0.04805332147610506,2.1309266945718366,0.8139493702342797,-1,bot_111,synthetic_bot_111,1,stitch
124383.42814623093,1.0496090110543244,6599,27.28053955744165,0.0,0.3515179275119695,1.864332029880482,38.65384615384615,36.66912571395797,0.6123133952989139,0.5817411036292595,0.2593919134033747,0.061827549628731625,-0.005439903498185899,2.318937084510375,0.8024164226454542,-1,bot_112,synthetic_bot_112,1,stitch
88800.4237865353,0.9423239178882291,5476,32.899104368488395,0.0,0.3267710172528864,1.6329638897748628,17.29679560849337,28.128881537329104,0.6362930156485895,0.5645229379441422,0.2610600304421537,0.05295836376917458,0.05511194406964103,2.3958601258249,0.8097273732420784,-1,bot_113,synthetic_bot_113,1,stitch
114258.58871653202,1.1029719360986663,5767,31.226578764746705,0.0,0.34383345694529194,2.0127256254174566,23.614313508318123,37.8463501942721,0.6386123132952878,0.5847706007519748,0.23365224427626255,0.06329113924050633,-0.04113017429128926,2.2568552859934883,0.8252950905791803,-1,bot_114,synthetic_bot_114,1,stitch
106312.55378461056,0.9804287528716872,6129,29.377999020727927,0.0,0.3490613984860988,1.6296898737567123,18.617196351760377,30.650757698762103,0.618083721885552,0.579836198487584,0.29181253049880124,0.06085821504323707,-0.0027584832719748263,2.11561626513147,0.8000714554509274,-1,bot_115,synthetic_bot_115,1,stitch
126831.72353543594,1.0834447559724911,6806,26.458474202557696,0.0,0.33043282795224593,1.760079525175889,18.633702692515456,31.439193493905165,0.6947515327984083,0.5913923340463235,0.24233460477265453,0.05642080517190714,0.04337171068018073,2.0655390548657135,0.8140683774647902,-1,bot_116,synthetic_bot_116,1,stitch
117308.77185973892,1.0445517234182502,6504,27.68246153846154,0.0,0.31501857821333734,1.869085505068164,24.386535731833664,33.41343525952116,0.6610918208773389,0.5478942643001785,0.22665395756022172,0.05289052890528905,0.05841822400435496,2.3558196956062454,0.8220259030373748,-1,bot_117,synthetic_bot_117,1,stitch
111757.0059192735,1.1379723077021553,5745,31.34831069313828,0.0,0.3581680638002042,1.8829554928002774,27.155072439300792,32.23880455752795,0.6208601497774704,0.5931677411464903,0.28620349815336527,0.06492602262837249,0.1818174951830595,2.2963622761318856,0.806533119039929,-1,bot_118,synthetic_bot_118,1,stitch
100212.414376723,0.9457454709650244,6267,28.742574257425744,0.0,0.3583038267567087,1.6763577055722307,18.865934097938407,27.14079317424375,0.6234901208601918,0.6087803285297867,0.22961343191487057,0.061911600446784745,-0.027225412091114305,2.49908165300655,0.8116755703431552,-1,bot_119,synthetic_bot_119,1,stitch
126515.01799807216,1.1464643233635623,6521,27.614452285977293,0.0,0.33533218286202515,1.9695813813346932,24.937700152357454,34.421730361085274,0.6428955466581708,0.5728777709332101,0.2511146192946238,0.06118693451924551,0.04728910981229611,2.222137972300741,0.7855860742524967,-1,bot_120,synthetic_bot_120,1,stitch
99892.99981411101,0.9149587882026042,6415,28.071272613849032,0.0,0.3333197205644195,1.4998766492120152,17.143656514223736,26.605813682781747,0.6737803121366429,0.5647023917386933,0.2655621932532368,0.053156664068589245,-0.005767759198526521,2.2261340306063757,0.7976743275086577,-1,bot_121,synthetic_bot_121,1,stitch
94747.5134904302,1.0148635726160395,5288,34.03366748628712,0.0,0.326993173547933,1.6870452690212634,16.957554127152555,31.03829038507927,0.6153424342488645,0.5608342345524927,0.24183184924885992,0.05919062027231468,0.14188170008236758,2.0058820021192147,0.8343199285363598,-1,bot_122,synthetic_bot_122,1,stitch
104590.51380592602,0.9879804396006008,6244,28.836430631207946,0.0,0.35518542297940586,1.8113326086003607,24.500318875475887,29.84977612065003,0.6482071510585544,0.5903432599592857,0.23247175038651904,0.05749519538757207,0.10582769550556002,2.2955290523563665,0.8277682590129711,-1,bot_123,synthetic_bot_123,1,stitch
113439.32561306542,1.0826209428975444,6122,29.40532592713609,0.0,0.33689783672098744,1.679806572403138,15.336956093769789,29.17068085834568,0.6366863691752634,0.5713685007170036,0.24875832188523725,0.05733420450833061,-0.04656929058018744,1.9938486288136619,0.8147811055444569,-1,bot_124,synthetic_bot_124,1,stitch
103135.27735987227,0.9893253780839695,5899,30.522977785314566,0.0,0.34804534162169,1.8004484416390805,20.976296145888103,32.364381691104526,0.5997998201882124,0.5789897720809947,0.27296689167470267,0.06017969147313104,0.04603300643629435,2.2975486499899436,0.7951401693230529,-1,bot_125,synthetic_bot_125,1,stitch
104283.76007121895,1.0048750024039066,5642,31.913829787234043,0.0,0.34359920715531034,1.7491488951404133,24.167241372476823,34.90765616290065,0.6399857506034542,0.5703315624906798,0.27465569436745835,0.060794044665012405,0.06560648801545148,2.241597045468559,0.7931261730135521,-1,bot_126,synthetic_bot_126,1,stitch
118292.5097748075,1.071901509399275,6352,28.35859461162754,0.0,0.34900764643309184,1.9610984530024695,32.11476334478207,33.433550567714896,0.610936575839928,0.5741779863159616,0.2693018413079571,0.06281486146095717,0.020912401504650326,2.688808943117739,0.8030492977335338,-1,bot_127,synthetic_bot_127,1,stitch
112598.49999113931,1.1023610393658638,5717,31.07770388519426,0.0,0.3409011230835338,1.7681639211933011,32.94938879891738,34.61017954772641,0.6396600471971484,0.5829084030234226,0.2737932995401645,0.06506909218121393,0.10282824747458012,2.2474855829636113,0.7967635424501145,-1,bot_128,synthetic_bot_128,1,stitch
105482.53956934268,1.036762164165998,5687,31.67147633292275,0.0,0.34317475639926176,1.8536264435838492,44.52962580085865,33.99661666929809,0.6116480507428664,0.580632422760187,0.2745448016560348,0.061895551257253385,0.0651299451147219,2.7261579985252693,0.7792587866610483,-1,bot_129,synthetic_bot_129,1,stitch
110424.19838164723,1.0134792412049467,6317,28.496516782773906,0.0,0.3456670929089758,1.7047476256091771,22.34887518919514,29.74311658179303,0.6070071941651894,0.6048505960761492,0.21870129364089774,0.06395440873832516,0.05555051555877083,2.1958505568923443,0.8323124008961271,-1,bot_130,synthetic_bot_130,1,stitch
122654.90394634288,1.1052167622771407,6135,29.327299412915853,0.0,0.3336868743162006,1.7015283857270007,29.121758188680847,33.942572217598894,0.6682427991279634,0.5736150198670866,0.27274124016014895,0.061124694376528114,0.026827586555306693,2.0207243068248966,0.7964780451298783,-1,bot_131,synthetic_bot_131,1,stitch
112293.61122160996,1.018677177614366,6211,28.980676328502415,0.0,0.33823676396982294,1.7756409469470549,20.929113162716135,31.494782756927176,0.5944920469504972,0.5733775842686861,0.24804348250356173,0.061181774271453875,0.07065414502319779,2.3081351339254574,0.8058547227535089,-1,bot_132,synthetic_bot_132,1,stitch
122131.58677163524,1.0809609155634636,6217,28.962009014810047,0.0,0.349820092285357,1.744609554506876,18.483614119800954,35.18190979808631,0.6368233059131224,0.5972901684417516,0.2914190634656525,0.06369631655139135,0.02339868692894307,2.0183925980999087,0.8198208892545207,-1,bot_133,synthetic_bot_133,1,stitch
104673.18309975683,1.1305133353388412,5480,32.85252783354627,0.0,0.34604936357229404,2.1197976772763627,62.50799948806553,32.52245210060758,0.6478451989220615,0.5898621902035737,0.21161448490729864,0.0625912408759124,0.08390534478707486,4.76068136954646,0.8123536406598756,-1,bot_134,synthetic_bot_134,1,stitch
107564.14678288782,1.1105468221732726,5695,31.617249253469172,0.0,0.3366337507418281,1.9474682300764732,21.692307692307693,33.60111600746889,0.6574474072229002,0.5790472716802513,0.2420299679276399,0.058296751536435466,0.01914003803166993,2.4922269968077675,0.8193490317160521,-1,bot_135,synthetic_bot_135,1,stitch
120922.32408442022,1.147115722514949,6527,27.093500919681176,0.0,0.3314753889483563,1.9602043982183455,28.762074759037194,30.737530795676264,0.6552117702280772,0.5647930317452802,0.25655875791103216,0.058526122261375824,0.06158206013199775,2.104100299646839,0.8247322560434907,-1,bot_136,synthetic_bot_136,1,stitch
112684.31067354287,1.1204971446254366,5912,30.456345177664975,0.0,0.3511106007433577,2.021896444648326,25.39277258214006,33.71266721827754,0.6118590981557968,0.6074273315788136,0.2248566186006744,0.05953991880920163,-0.011883728958065418,2.3041590455750076,0.809334156015268,-1,bot_137,synthetic_bot_137,1,stitch
104992.1924728888,1.0751248223258294,5650,31.86298459904408,0.0,0.33039567603126646,1.8273748740590674,23.544619606738934,32.04182760483057,0.6506285694363043,0.5758255154787678,0.23260826556431374,0.05610619469026549,0.03842509096062412,2.347769113571227,0.8358614492721694,-1,bot_138,synthetic_bot_138,1,stitch
103445.81798472213,0.9179607820750465,6123,29.390068605031036,0.0,0.3551268524954552,1.6120153559919337,21.16732282447536,31.628976613368263,0.6365967041630167,0.5992723403790144,0.25587665707285234,0.06565409113179814,0.08447681387585561,2.1653999202997163,0.7761977025737039,-1,bot_139,synthetic_bot_139,1,stitch
110399.43291122766,0.9719850969049572,6070,29.660843770599868,0.0,0.3568953171385439,1.7176289741862094,28.160570865649902,34.06060720390654,0.6307657593217949,0.5765683286489096,0.29647001243958643,0.06161449752883031,0.15486800311020646,2.281939225463868,0.7648901020425405,-1,bot_140,synthetic_bot_140,1,stitch
125753.79157660513,1.1007056600888656,6285,28.655946505333546,0.0,0.3548600163812041,1.7965947011993815,24.147327504416225,34.07076466737518,0.6533859695126223,0.6083741949445021,0.2487941321648467,0.06364359586316627,0.004436811403038239,2.0082343087351693,0.7897240926381699,-1,bot_141,synthetic_bot_141,1,stitch
106112.40704159178,1.0188854528899831,5965,30.19677906391545,0.0,0.3566820648242097,1.797992743587176,30.46481577164057,31.693918624308882,0.6142635983897126,0.6030215510176121,0.3096265134852335,0.06605196982397318,0.02533514678225184,2.382619102510847,0.8083461928639509,-1,bot_142,synthetic_bot_142,1,stitch
125319.8440792259,1.0835218998221965,6170,29.185665639695152,0.0,0.3586498931582066,1.825409524727666,23.818181818181817,37.18249022009647,0.6211453170136547,0.5926805393579417,0.205249496225964,0.06531604538087521,0.0468867441840219,2.0776011559382828,0.760033946340935,-1,bot_143,synthetic_bot_143,1,stitch
107115.08321762539,0.9685740056963223,6388,28.15896632732968,0.0,0.35809240511158574,1.6200457304750455,24.174458259348107,29.66078798489468,0.6062832494002207,0.588626368430322,0.28440864137061395,0.0670006261740764,0.049369892608454466,2.1721486093186946,0.7829864292261373,-1,bot_144,synthetic_bot_144,1,stitch
110290.20955932267,0.9943616561028412,6317,28.500870942201107,0.0,0.34695955211735546,1.7246144442227398,21.58278031788305,30.900603661362695,0.5849038926362973,0.5679588754617448,0.2698442878872788,0.056830774101630524,0.02833593671400888,2.32186622457059,0.8106908811480011,-1,bot_145,synthetic_bot_145,1,stitch
94282.58238824079,0.9640869540503803,5492,32.60582877959927,0.0,0.3674065084630426,1.6704041556634703,26.741644593322146,29.831465660673047,0.5952028514147295,0.6044752021121098,0.28582953682611995,0.0679169701383831,0.1295314010454219,2.214996701354422,0.7919452139369374,-1,bot_146,synthetic_bot_146,1,stitch
100083.8151168153,0.990780805177928,5712,31.516897215899142,0.0,0.3470339938287732,1.7467888088172796,18.317725363701683,31.941319037878337,0.6438817131023251,0.6054838174354078,0.24857918631621762,0.062324929971988796,0.050212046180401204,2.184945575542655,0.7892775665628105,-1,bot_147,synthetic_bot_147,1,stitch
119926.15121844392,1.1707297796975942,5784,31.108075393394433,0.0,0.3549245154178609,2.0426950473595715,27.725074428504527,36.80173733677783,0.64103187236901,0.6040810305780802,0.26029673699480343,0.06258644536652835,0.07494557691185771,2.2311634088059344,0.7930323383475684,-1,bot_148,synthetic_bot_148,1,stitch
106000.71451765325,1.000728976148569,6271,28.71868517632041,0.0,0.3375398103770071,1.6434350607618795,18.67630703443388,26.86532169028739,0.6560568952526353,0.5726211935895131,0.27384983071101376,0.05900175410620316,0.11510982633997982,2.169533198380493,0.8354901010619054,-1,bot_149,synthetic_bot_149,1,stitch
99136.91623560834,0.9089774318140009,6313,28.490649762282093,0.0,0.3436080421048129,1.3567868001719408,14.278210110185986,24.346575955765815,0.6057739681843237,0.5770070599268767,0.28880079510288903,0.06241089814668145,-0.044238871513848595,1.9771492622317826,0.835371419071034,-1,bot_150,synthetic_bot_150,1,stitch
113231.71249049554,1.0160387286337171,5953,30.23975134408602,0.0,0.34250612406541253,1.7118423118996815,19.916269173160362,33.357793202285684,0.6332488677074443,0.5900629303769803,0.24358567041176868,0.06349739627078783,-0.18020749272685835,2.2028054304828975,0.7318403199057135,-1,bot_151,synthetic_bot_151,1,stitch
105570.9251610919,0.9741535289928683,6132,29.302071440221823,0.0,0.33709475577492815,1.75673380728338,31.211225945162745,30.367238582747206,0.6353579544349262,0.5888271723502999,0.23722262875282138,0.0593607305936073,0.1747512932649802,2.453984127909863,0.8041770931516008,-1,bot_152,synthetic_bot_152,1,stitch
116108.20180552204,1.1022106090717951,6265,28.743851804535293,0.0,0.3443089857052936,2.0070861688837836,24.974727710656893,33.70986254921017,0.6423375823782843,0.58052026593474,0.2773642920773585,0.05841979249800479,0.1235909737006645,2.2327145402037165,0.8453182896759188,-1,bot_153,synthetic_bot_153,1,stitch
127403.88711257915,1.0312697912005713,6895,26.113336235669713,0.0,0.34353054186081233,1.5950333987620868,16.7768533973852,29.838862639885473,0.6284866427615892,0.5857586299615481,0.2525502530916716,0.06627991298042059,0.1602553741506553,2.1363110601193886,0.8180685867581952,-1,bot_154,synthetic_bot_154,1,stitch
120614.20144811709,1.1522599180736979,6057,29.72225891677675,0.0,0.3262226079416989,1.9735494636382875,22.01634365091311,33.93201668587949,0.665052206663647,0.5757362563424098,0.20595217982803232,0.05695889053987122,0.10224361205358397,2.177858808733539,0.8042963487057998,-1,bot_155,synthetic_bot_155,1,stitch
100868.40475317072,0.9992447918559667,5528,32.58490224475018,0.0,0.3609369432408919,1.7035480433758188,21.69371530998361,33.5939743712557,0.6153821837565694,0.599645190657339,0.2337506944147686,0.06385672937771346,0.034382882384255783,2.181194078469125,0.8017752018850355,-1,bot_156,synthetic_bot_156,1,stitch
125866.36703919864,1.1492935068006536,6107,29.477805077805076,0.0,0.3390247786560422,2.0090324226072815,23.5575260001979,37.17719986065144,0.6391356201581629,0.5736477849516499,0.2611882209919625,0.0627149173080072,0.03978878124066715,2.2540323318944564,0.8010318689991789,-1,bot_157,synthetic_bot_157,1,stitch
92055.32145784306,0.9249073296528004,5765,30.765359250260325,0.0,0.34940521261127333,1.6636513183948165,22.333333333333332,27.62341791343677,0.6240013456818194,0.6036332000024719,0.2240828596927991,0.058282740676496095,0.05087185498620444,2.2484985940760227,0.802647025359533,-1,bot_158,synthetic_bot_158,1,stitch
111022.61964190513,0.9309371384323103,6524,27.602361600981446,0.0,0.35287585824971557,1.6406648537806798,27.443478847442066,31.354827657276317,0.567992599684765,0.5835186240103698,0.2844783921226979,0.06422440220723483,0.0197643275056101,2.122181969271917,0.8047097588167593,-1,bot_159,synthetic_bot_159,1,stitch
98805.09944271736,1.0309332264651432,5611,32.08985558923159,0.0,0.3206172131213018,1.8344508456175204,19.428108216933754,32.528795044220004,0.6721289231056483,0.561932373318617,0.2318408619243167,0.05792193904829799,0.040881773861031874,2.1552411499697315,0.8119898100779182,-1,bot_160,synthetic_bot_160,1,stitch
105984.63905646236,0.9983222875412945,5969,30.169292658397588,0.0,0.3233490445586889,1.6416809298954393,22.616591345329486,29.71535022869272,0.6093818281548892,0.5689259622128323,0.23975462652714058,0.05495057798626236,0.10215848681680995,2.217071361290809,0.8388446988188571,-1,bot_161,synthetic_bot_161,1,stitch
102772.71951498305,1.0644721184816288,5472,32.90712979890311,0.0,0.3361043290597239,1.7754275960711907,24.147327504416225,33.154094765394206,0.6167197974139135,0.5773266846515394,0.24933926315901203,0.06451023391812866,-0.028648657598628113,2.123122670135937,0.806779645252224,-1,bot_162,synthetic_bot_162,1,stitch
123584.73542518527,1.046861945946558,6625,27.174418604651162,0.0,0.32777587745945796,1.6709783511385956,15.653987903346117,30.996631122271022,0.6246876911241634,0.5611029555220051,0.29965615161989784,0.059471698113207544,0.04194927810842475,2.0497734394819482,0.7977698228712655,-1,bot_163,synthetic_bot_163,1,stitch
103501.08112193765,1.0116249323400777,5705,31.56216026652639,0.0,0.3549046302556561,1.5817823897934575,16.750466411416728,28.474875584124018,0.6261037341601343,0.6026208261810694,0.24090270349629817,0.06345311130587204,-0.016830720290035597,2.033958735373406,0.813051034905057,-1,bot_164,synthetic_bot_164,1,stitch
106655.13536200463,1.0017728730471482,6209,28.949420103092784,0.0,0.3472809938112322,1.7162497014277847,26.625689392767622,29.689331347606835,0.5988190577658301,0.5910177397979766,0.27568532237647597,0.05991302947334515,0.14379151601014084,2.177157398210748,0.820743471506288,-1,bot_165,synthetic_bot_165,1,stitch
113135.01843134928,1.1464010494797945,5873,30.664224872231685,0.0,0.3332793232359474,2.0061837262575977,37.12524779269007,32.91494663234271,0.643723032844754,0.5811558766562418,0.22035107749393465,0.05823258981781032,-0.017840777014958335,2.5007277965169807,0.7827235420784806,-1,bot_166,synthetic_bot_166,1,stitch
131099.20134932123,1.1765928845493727,6153,29.257477243172954,0.0,0.3278708818490953,2.1661938297960597,32.542706982944395,37.91576138720735,0.6154987369173215,0.5763869326303993,0.21387590745029997,0.05850804485616772,-0.06964727870973912,2.3578645260913156,0.8040695872229433,-1,bot_167,synthetic_bot_167,1,stitch
114037.16622004937,1.0390796868231527,6093,29.54645436638214,0.0,0.3465446038926103,1.8567952981380815,27.57550151898726,33.32123013898828,0.6412483262713169,0.577095816691544,0.25356362800321874,0.05793533563105203,0.011645543741900192,2.3053457603347898,0.8209231645203594,-1,bot_168,synthetic_bot_168,1,stitch
94237.44607343824,1.015523504231168,5682,31.70406905055487,0.0,0.3580961910149033,1.936571631857177,35.08477456461706,30.615611077392085,0.5898130171264292,0.5868085518044528,0.2602868342604981,0.06300598380851813,0.013349552548804185,2.246247488393826,0.8176567937145935,-1,bot_169,synthetic_bot_169,1,stitch
102092.89379927388,0.9405342018997154,5881,30.604184385099508,0.0,0.360498006117816,1.5360424717705692,18.365661454495918,29.591874302931807,0.6458903414722962,0.5991586898155028,0.28931191096741554,0.06784560448903247,0.07297090722854663,2.039962589966203,0.7915514133290589,-1,bot_170,synthetic_bot_170,1,stitch
112216.86380542017,1.0572083858927601,5989,30.075522138680032,0.0,0.3510760771737626,1.7084160875803143,22.875341527505114,31.563180053202014,0.6084160449690633,0.588010415574176,0.2916829637652817,0.06578727667390215,0.09035162626500269,2.11143510164234,0.8028135404094681,-1,bot_171,synthetic_bot_171,1,stitch
113117.12844444107,1.0744808496225162,5959,30.21910678307589,0.0,0.34329540443262885,1.8972321818294935,23.86788179227474,35.25962325102701,0.6289269562180442,0.5933392106288562,0.2500722056416675,0.05789562007048162,-0.11016053858538319,2.4382485652098906,0.6994758350479496,-1,bot_172,synthetic_bot_172,1,stitch
110408.16508104895,1.0266451404827488,6000,30.020513675783857,0.0,0.34494218596901244,1.6701546556442708,23.40487695558604,31.521898509623366,0.6363978804896037,0.5885692253938359,0.25444769117617827,0.063,-0.0398356034404645,2.217155538886221,0.8187954096956813,-1,bot_173,synthetic_bot_173,1,stitch
98827.02532404091,1.0577983689240387,5392,32.3741420886663,0.0,0.3590493847938172,1.9868378532398137,30.647214165582998,36.05195668441216,0.6355252304880847,0.6070037734707078,0.28481198258554963,0.06379821958456973,0.1442431453502292,2.243165871961024,0.7750284980975081,-1,bot_174,synthetic_bot_174,1,stitch
106995.69686528003,1.0340163061868002,6041,29.799503311258277,0.0,0.33458678732103087,1.676073627546351,16.838489309383494,29.978810620676455,0.6407500631681146,0.5526256108401929,0.27694170197666407,0.057109750041383876,0.054118726036991166,2.0967896995584647,0.81428971980042,-1,bot_175,synthetic_bot_175,1,stitch
124779.66265182995,1.1469363647113249,6375,28.252707581227437,0.0,0.33689154216704276,1.9987852387787053,25.30274737935212,36.05581875795771,0.6437191147101922,0.5760329081853078,0.242968973995847,0.0596078431372549,-0.03961243404402278,2.40865566563653,0.7978165100370447,-1,bot_176,synthetic_bot_176,1,stitch
111882.01251565096,1.0653949020000324,6216,28.587023023667687,0.0,0.3205753921120403,1.678254380214389,22.67156809750927,28.553903008838546,0.6434602224991623,0.5751430880783533,0.2049542879524633,0.05614543114543115,0.17160311866926564,2.050468253662948,0.8196583347696478,-1,bot_177,synthetic_bot_177,1,stitch
116790.19852851165,1.1440797478014773,5690,31.65095832600668,0.0,0.3652616727863181,2.0940324318792425,35.01230752184916,40.2046208623659,0.632045787669672,0.6135966644450216,0.2202060331685684,0.06239015817223199,0.23642350732443645,2.3463236537820547,0.7742079533846667,-1,bot_178,synthetic_bot_178,1,stitch
104518.14541680063,0.9880400572378057,5957,30.23211286530064,0.0,0.3560397050962405,1.8148341943141162,29.718205617976913,33.81745241714473,0.6226630383683469,0.5960681781390078,0.2805129842486164,0.060433103911364784,0.08746001115669222,2.361584008294357,0.7953554149240968,-1,bot_179,synthetic_bot_179,1,stitch
114949.82979096849,1.0110509059216413,6664,27.0102071450015,0.0,0.33394198433755556,1.6252091958854855,17.855671367943575,28.417757353695198,0.6263201240314639,0.5697842150392778,0.2752036242710492,0.05657262905162065,0.11580054855737734,2.171652552554525,0.8259924824275304,-1,bot_180,synthetic_bot_180,1,stitch
92457.75225869377,0.9170782230095671,5990,30.01185704742819,0.0,0.3376747851929208,1.6351399188744684,18.65261375786246,27.43274107587401,0.6530019694190873,0.5818092626941747,0.21493445692883895,0.05342237061769616,-0.04880060705646971,2.1358539115966457,0.819762879483386,-1,bot_181,synthetic_bot_181,1,stitch
78241.34112496246,0.9562538384436154,4725,38.09957627118644,0.0,0.34638890861083615,1.5345219221838557,14.687409574189726,27.04585382202692,0.6257550679578998,0.603302706401631,0.2748070993136572,0.06264550264550264,0.09843259272258126,2.035381592373903,0.8134960414803898,-1,bot_182,synthetic_bot_182,1,stitch
113204.75759078437,1.078761870208375,5800,31.053140096618357,0.0,0.34059695119477873,1.9392491797961369,18.630979005001514,36.81615921890469,0.6424712877118215,0.5990792081347693,0.2143856276940937,0.06155172413793104,0.1357055169049904,2.205054894298225,0.8150906935212952,-1,bot_183,synthetic_bot_183,1,stitch
98254.30035548747,1.1444135190220779,4868,36.982120838471026,0.0,0.34445608743103207,1.9980159717793633,17.981854949865895,34.983954808635566,0.6402428972500753,0.5835172978811236,0.22384610305284705,0.06080525883319639,0.19192631199515708,2.151149781163118,0.8115084173522351,-1,bot_184,synthetic_bot_184,1,stitch
116475.20212151845,1.052051265455408,6320,28.4903450459006,0.0,0.35422887272981457,1.8973547661695502,19.601020381602588,35.85813118795913,0.6398497880764307,0.6010151837380859,0.27508595837603317,0.0625,0.00852265595171413,2.3804614123299097,0.8031049051398911,-1,bot_185,synthetic_bot_185,1,stitch
114634.78292036137,1.1007196926526666,5729,31.430143206426823,0.0,0.3465280641310671,1.8197191549406686,19.824621686176005,34.244375945208425,0.6265583425565092,0.5877481805865938,0.23559389215001605,0.058823529411764705,-0.02904432503828434,2.109476620630194,0.8038450991455715,-1,bot_186,synthetic_bot_186,1,stitch
101032.1037935847,0.9866945535091585,5697,31.610115911485774,0.0,0.3549311982635179,1.7664707426061217,26.97314926459274,31.906563295355763,0.6062240467480473,0.595286173610472,0.24552310672047956,0.0631911532385466,0.12669866870328028,2.2401207042894,0.8224959506461776,-1,bot_187,synthetic_bot_187,1,stitch
124060.04564517704,1.17299285832317,6111,29.428805237315874,0.0,0.34342777485403886,1.9313972338159442,23.40487695558604,34.81674946194709,0.6625887517421875,0.5791373663860017,0.23949918516831092,0.057764686630666015,0.21802439609971785,2.2660662729313716,0.818173072796918,-1,bot_188,synthetic_bot_188,1,stitch
113621.96047375831,1.0867369505637554,6141,29.31612377850163,0.0,0.33668072404271565,1.8017593377669692,30.490345308388907,29.75959607480524,0.6407606528057858,0.5888168856149268,0.2679305838490218,0.062367692558215275,0.12906172540012917,2.307145766266042,0.8309742246414367,-1,bot_189,synthetic_bot_189,1,stitch
112844.74660052767,1.0648650577269627,5813,30.997416465725113,0.0,0.3586263109462267,2.0206030602876877,27.155072439300792,36.961114223606906,0.6368482911200177,0.5900965694355678,0.23383137160701417,0.06175812833304662,0.06716343849021103,2.4334364799516206,0.8155015273346617,-1,bot_190,synthetic_bot_190,1,stitch
97895.8750871959,0.9513991171359173,5899,29.948957096828895,0.0,0.3427906821610272,1.6670963532655905,18.49140607864724,29.46239859176956,0.6150520090023537,0.5753539451717453,0.24451858381406144,0.05611120528903204,-0.0701271389143162,2.0791613659100854,0.8474953408830574,-1,bot_191,synthetic_bot_191,1,stitch
105421.65795945917,1.0876582881886234,5377,33.48279069767442,0.0,0.36396884393250234,1.913070571796612,22.085498200611884,35.06132710509641,0.6242663386696183,0.6009440072571365,0.266112876666352,0.0650920587688302,0.06325305950666861,2.1964230568460534,0.799392392331927,-1,bot_192,synthetic_bot_192,1,stitch
114816.7636135883,1.0129196462865173,6470,27.82792207792208,0.0,0.3566483957579031,1.744735269747041,25.141610762160333,31.562090530114105,0.5963583281663254,0.6079958068913855,0.26408184730123824,0.06352395672333848,0.05757487794597496,2.3488660948046878,0.7679911052292068,-1,bot_193,synthetic_bot_193,1,stitch
110554.41716346363,1.0108109321851777,6221,28.948536506915406,0.0,0.3412926824546212,1.7390117177952527,22.645306740147547,29.90195417160034,0.6543275930839254,0.5784861635457309,0.263884200702897,0.06381610673525157,0.10922093278879365,2.3000323390725703,0.8199338238246794,-1,bot_194,synthetic_bot_194,1,stitch
116414.4696947381,1.0666215919319382,6207,29.01789456714493,0.0,0.3099984805850181,1.8000632339031915,19.647851340127172,31.751293176173778,0.6437932511680614,0.5452599594692942,0.2696622825304173,0.05493797325600129,-0.06030763581825294,2.2997878680343593,0.833855358832768,-1,bot_195,synthetic_bot_195,1,stitch
92603.86648007529,0.8954164797314593,5745,31.36382645060115,0.0,0.3567220210006775,1.5670145781840759,15.884615384615385,28.62162105612362,0.6199566946911088,0.5828942495429309,0.24834382245776748,0.05987815491731941,0.025992299674475448,2.1639454765712607,0.8090363787478542,-1,bot_196,synthetic_bot_196,1,stitch
92734.15448526286,1.0340818961834255,4852,37.12871287128713,0.0,0.36098483408162374,1.8609953414932372,20.521785187862832,36.034541494668424,0.6159419675862219,0.6235233596715842,0.21388422089586834,0.06698268755152514,0.05059893649756024,2.2259798543122833,0.7712890801578774,-1,bot_197,synthetic_bot_197,1,stitch
96238.7296680666,1.0075955563517518,5457,32.9974335472044,0.0,0.35889111716759126,1.6748499077800116,17.205309521684327,30.38305635636381,0.595260498210605,0.6133002898353895,0.2746537300361826,0.06798607293384644,0.10685880737505511,2.0765411804196927,0.8111308308073493,-1,bot_198,synthetic_bot_198,1,stitch
109061.20058348567,1.0297644728893063,6021,29.90016611295681,0.0,0.3472129840633148,1.8129903457575351,20.940757057051425,32.72861857897435,0.654610769379817,0.5642546537262837,0.26055438815214005,0.058462049493439625,0.1759035304594526,2.283645567549233,0.762895654039373,-1,bot_199,synthetic_bot_199,1,stitch
93325.41978071787,0.8694837262868692,5754,31.303478260869564,0.0,0.34240762750456666,1.433616534384214,15.000680256683873,27.46195596553406,0.6529640568528334,0.572909549407801,0.2838035252418814,0.061174834897462636,0.11314147325995698,2.170105099456381,0.8114350959858296,-1,bot_200,synthetic_bot_200,1,stitch
132661.63378733775,1.0752688151032384,7059,25.508786848072564,0.0,0.34700033429313426,1.8835534609001647,25.356905494361886,33.787699158182946,0.6134622939587374,0.5856923230905903,0.2744938182368317,0.06275676441422298,0.11530153719643477,2.2111942612880497,0.829615143873792,-1,bot_201,synthetic_bot_201,1,stitch
100624.13299447327,0.9396137102393304,5984,30.106073280910156,0.0,0.3578578535071959,1.6159378114095118,22.875885173015263,29.972530449892815,0.6409549579039648,0.6065037533260845,0.22250759311557522,0.0625,0.09683731897301075,2.3101900154466386,0.7832068304978677,-1,bot_202,synthetic_bot_202,1,stitch
104745.91367034425,0.9637100964766812,6310,28.544719314938153,0.0,0.34017090487961754,1.6205653364819748,24.340041941692625,28.91200723958427,0.67175868756769,0.5742595854228877,0.23551489317461144,0.058795562599049125,0.05574691865601253,2.199031585492462,0.8008184735938682,-1,bot_203,synthetic_bot_203,1,stitch
106060.94806322694,0.9445655771020142,6142,29.318292881576806,0.0,0.336592541686474,1.550711385175104,21.09387088442728,31.02713107916025,0.6417943111126593,0.5791496319632204,0.22650196518809657,0.0592640833604689,0.17935968087037843,2.135008985420054,0.7739695898090685,-1,bot_204,synthetic_bot_204,1,stitch
113660.39577343712,1.1164192787455143,5945,30.282301480484524,0.0,0.3258572669233047,1.9878020558885545,43.59157382616479,33.27308639160261,0.6403518618756369,0.5623189322823394,0.26389212036606174,0.05668629100084104,0.17755310154346962,2.7479205122989976,0.6918321682191828,-1,bot_205,synthetic_bot_205,1,stitch
111651.627943156,1.0287372112147761,6030,29.855839416058394,0.0,0.36013404891163914,1.769360825240803,24.167241372476823,34.082885308117206,0.6319867049096676,0.5968987367898704,0.24224208595183264,0.06185737976782753,0.1508210218184905,2.1484090392801507,0.7851098391392628,-1,bot_206,synthetic_bot_206,1,stitch
114404.49061948834,1.1119953780145209,6047,29.66694242223693,0.0,0.33833170206017604,2.071548195269018,25.41259530232991,34.20810032729151,0.6477839116932742,0.579165442495954,0.25968511954506596,0.0560608566231189,0.17466424413484977,2.3143142495713587,0.8391509510856527,-1,bot_207,synthetic_bot_207,1,stitch
100276.18176398342,0.9759277043461846,5466,32.936322049405305,0.0,0.3409379235971681,1.7591258146813884,28.61522516268413,33.421750283292695,0.5810309829657442,0.5977124884103959,0.2671284411790741,0.06055616538602269,0.11560754281077266,2.270729630598373,0.8056986069128402,-1,bot_208,synthetic_bot_208,1,stitch
113484.72380074591,1.0294736210711637,6392,28.17783343769568,0.0,0.3544797805909593,1.7844316359523409,24.108597839690272,29.825033933706848,0.6527304759520789,0.5943775803664682,0.31066579830669805,0.06351689612015018,-0.007140548761778912,2.5431892357562513,0.8340181461046814,-1,bot_209,synthetic_bot_209,1,stitch
98502.10255921239,1.0451079589665935,5432,33.16120117907148,0.0,0.3677294196088171,1.8234868300133062,27.304418140659948,32.33533466035467,0.6676855055780307,0.6051477472276232,0.24256432427638652,0.0662739322533137,0.11508186087690203,2.294018362825738,0.7998918114837087,-1,bot_210,synthetic_bot_210,1,stitch
104095.43487213465,0.9446165662837069,6151,29.28029933300797,0.0,0.37375649251065307,1.7822738336170008,27.63206923123927,31.70699373610031,0.609710113827077,0.6281262544206699,0.3025156622348742,0.07104535847829621,-0.011681033800751582,2.5105774507931287,0.7949346385707934,-1,bot_211,synthetic_bot_211,1,stitch
110069.90403826439,1.1064124901758163,5896,30.485917882592467,0.0,0.34127340963613945,2.0131224468888296,28.974318130218546,32.59584813652173,0.63061005438486,0.5722403810180774,0.24269320866239016,0.05698778833107191,0.005394651670626409,2.3883040994187117,0.8254070091220456,-1,bot_212,synthetic_bot_212,1,stitch
103685.69659171213,0.9929997881311156,6055,29.709565504708408,0.0,0.36887016952898555,1.7681836913162696,24.125,30.443743368543974,0.6372451034270964,0.6158869538350881,0.23664732946589317,0.06639141205615194,0.14082540369061247,2.319761005498525,0.7643630252928422,-1,bot_213,synthetic_bot_213,1,stitch
94794.38019164928,0.9737285040604603,5597,32.15731140507687,0.0,0.3575055710530743,1.65983609681397,19.379479768845993,29.225196875657772,0.6427316736639639,0.5921808439725359,0.2727786344001224,0.06289083437555834,0.010241881200791222,2.2380353884229582,0.8151804023266138,-1,bot_214,synthetic_bot_214,1,stitch
104459.21962074845,0.9535010223454593,5999,30.011174116077385,0.0,0.33290935279808886,1.4965427527300128,17.814692847478454,28.218406218449722,0.6693360811777205,0.5903543735659604,0.2353704087985059,0.057842973828971495,0.0599762666617025,2.041715329178688,0.8156390386169468,-1,bot_215,synthetic_bot_215,1,stitch
122719.5751179659,1.0655353206941502,6704,26.499776085982983,0.0,0.33342817163023547,1.7707154680419923,23.544619606738934,30.814608749228626,0.6405547234773945,0.5816679996747551,0.22427718082850276,0.05817422434367542,0.027640547490385352,2.377524982357101,0.8185640751631303,-1,bot_216,synthetic_bot_216,1,stitch
116307.50191914444,1.0651982399409474,6302,28.562380952380952,0.0,0.33284417822816975,1.904608369511614,26.170750147164416,33.89445538035943,0.6150264243514328,0.5810345737353048,0.243567331588347,0.058394160583941604,0.11092890862980825,2.317114676269957,0.7836794835896201,-1,bot_217,synthetic_bot_217,1,stitch
98642.06522516797,1.0623218194188935,5431,33.15435623503408,0.0,0.35630743205206855,1.9492617233557015,26.456452474793753,32.91810011461092,0.6023708404092994,0.5852595033348393,0.2757371090068662,0.05800036825630639,0.14736463521484902,2.370247699567123,0.7975537025438159,-1,bot_218,synthetic_bot_218,1,stitch
133844.6387667526,1.1427459839250051,6754,26.637535179973337,0.0,0.33626686690480295,2.0023930330850743,22.90056737635925,36.02827355941192,0.6456307373658825,0.5618236607168117,0.2391892440797758,0.0568551969203435,0.06753327527158981,2.1684806383594664,0.8030598395685247,-1,bot_219,synthetic_bot_219,1,stitch
111288.10071882073,1.037339373374061,5811,30.98347391977965,0.0,0.3390911393550955,1.787725386181178,21.0,33.658422108530395,0.6229441722120749,0.5810012943632906,0.2777733582594169,0.05747719841679573,0.09196619955843092,2.04887341121907,0.8195174941540739,-1,bot_220,synthetic_bot_220,1,stitch
114604.00424977974,1.0346492690491262,6163,28.95292971920143,0.0,0.3403549617263541,1.818891799087942,21.58278031788305,33.3638636130241,0.6560494386172091,0.5856851509341476,0.24292992901305244,0.058250851857861434,-0.04022678220900318,2.2906920863450275,0.7955302443988942,-1,bot_221,synthetic_bot_221,1,stitch
87305.29749500449,0.9596453867467385,5440,33.09709452004413,0.0,0.33100743969104,1.5628310245695738,17.637940721880977,25.520978042555363,0.6290902268401385,0.5759091513273502,0.21984176041537892,0.061213235294117645,0.034736095325788245,2.043313258678934,0.8075948224168521,-1,bot_222,synthetic_bot_222,1,stitch
111911.17006141179,0.9948009523646903,6344,28.388643533123027,0.0,0.3540787728296269,1.669778643392945,20.934527409755933,29.712013221896814,0.6302319604145125,0.5778706795633599,0.2922495160936284,0.06131778058007566,0.17560451195460722,2.1507755358388216,0.8194531991963928,-1,bot_223,synthetic_bot_223,1,stitch
102018.15755495279,1.0458743528437655,5622,32.021170610211705,0.0,0.343860444273412,1.9524401188868297,29.003166611068313,33.35091255483213,0.6083884452714841,0.567358425581425,0.2227398533730536,0.05478477410174315,0.05364590731904873,2.3379721172186363,0.8110984130590742,-1,bot_224,synthetic_bot_224,1,stitch
103505.51584446852,0.9468118639641175,5817,30.945839064649242,0.0,0.36415642989364877,1.7730884483354519,27.725074428504527,34.98783815694271,0.6534720397770619,0.5957567080425754,0.24931293369415283,0.060856111397627644,-0.005869960422709144,2.6702761870009426,0.782978949169852,-1,bot_225,synthetic_bot_225,1,stitch
108810.85101735979,0.964938087276513,6296,28.612144333174378,0.0,0.35023624778903095,1.6575125494915675,18.317725363701683,30.33541705254738,0.6251633074940973,0.5943143065889487,0.25838070768172533,0.060832274459974585,0.056147817913157164,2.163654945230824,0.8124951153542652,-1,bot_226,synthetic_bot_226,1,stitch
107260.04309687078,1.100250058652984,5488,32.802624384909784,0.0,0.3536438862228719,2.184609040995254,25.182036218242676,38.63028263806738,0.6484700236138891,0.5927790148190872,0.23167977414801372,0.062135568513119535,-0.03355687251885855,2.498134796478306,0.8045577502787213,-1,bot_227,synthetic_bot_227,1,stitch
114179.52329769297,1.050086048141139,6034,29.85484406104844,0.0,0.3454899665870187,1.6932000066259298,18.66815470259447,30.970192273558993,0.6149704893832345,0.5921458164164958,0.24364178135177209,0.06148491879350348,0.02913989652379144,2.1310589896952377,0.8183693252917998,-1,bot_228,synthetic_bot_228,1,stitch
104664.2418558444,0.9479085927785361,5991,30.042244114209385,0.0,0.35666208644945324,1.5915363948494643,17.014634224037195,30.350629943316388,0.6372512988305721,0.5985603845866275,0.2529262086513995,0.06409614421632448,0.1091128522797163,2.203367988543049,0.7987366109709466,-1,bot_229,synthetic_bot_229,1,stitch
102328.68523386637,0.9626154826793378,5858,30.74346712211785,0.0,0.34675662038891675,1.6677304627900997,26.625689392767622,30.8992227250433,0.5980869334539459,0.5931093286820249,0.2627890304839555,0.062137248207579376,0.32575348956329414,2.179884818873774,0.8127729247151063,-1,bot_230,synthetic_bot_230,1,stitch
118852.87836254154,1.0821117189054974,6369,28.262761111983664,0.0,0.3189400696942783,1.7684875528490256,20.06405757193694,30.928932937885122,0.6769220423772365,0.5513078151724551,0.2145277750164924,0.05730883969225938,0.03734564424215839,2.0029398914497416,0.8109282457339657,-1,bot_231,synthetic_bot_231,1,stitch
119337.95293283294,0.9884008399736786,6682,26.945958083832334,0.0,0.33930663534302447,1.7824037842189813,32.96001892023459,34.49302296496277,0.6046224687280642,0.5764170472161232,0.25205930807248766,0.057318168213109845,-0.029504131005652072,2.161511909098048,0.7937607680939214,-1,bot_232,synthetic_bot_232,1,stitch
90896.1671385577,0.8594790513036745,5959,30.187709872397583,0.0,0.31586587622157314,1.3698193781221304,24.5674933274655,25.733197946549616,0.6835956311880096,0.5480904775116591,0.27739325404562293,0.05218996475918778,0.14137879566442063,2.032683598870479,0.824473639857892,-1,bot_233,synthetic_bot_233,1,stitch
99225.45066672184,0.9344968796262766,6401,28.131916223819943,0.0,0.35420814978183107,1.6682066372097446,23.088330513858292,27.37416356893316,0.6219670543317622,0.5995199701954842,0.2938893062860005,0.06030307764411811,-0.020056219919592465,2.4366245232754493,0.7914821414214915,-1,bot_234,synthetic_bot_234,1,stitch
124001.70169805372,1.0088580589104439,6762,26.629383044829115,0.0,0.34604201094711384,1.6682372475640206,19.000102795774552,32.04378133551773,0.625638915169731,0.579282271446192,0.24804868368831856,0.06580893226855959,0.15409682893422125,2.115508659215865,0.7928962453344374,-1,bot_235,synthetic_bot_235,1,stitch
112213.62781708318,1.0627080262455773,6021,29.898321980395416,0.0,0.35779691737462616,1.9420169794421163,30.337225025078055,33.4438674155733,0.6350310511907054,0.6022108284529056,0.23727878782014689,0.06244809832253778,0.08364460643978522,2.3705677267813243,0.7903056280083971,-1,bot_236,synthetic_bot_236,1,stitch
98097.32591433957,1.0008616465205624,5525,31.583272990586533,0.0,0.35188087459880274,1.7145886577689953,24.32849266920488,29.82583864088724,0.6418361198334471,0.583400501718957,0.2348942765415698,0.0669683257918552,0.2073377244460425,2.2021437253591123,0.7810278049851099,-1,bot_237,synthetic_bot_237,1,stitch
120785.155991748,1.1542403648021093,5978,30.141158740790356,0.0,0.3385548080938693,1.9935292009076317,29.58584651568359,37.021361984569204,0.6503522163910046,0.5643250705198151,0.24586130158672723,0.057544329207092675,-0.03180387171238113,2.229537586252926,0.7933841262695749,-1,bot_238,synthetic_bot_238,1,stitch
115471.31653642282,1.0705045318962438,6100,29.509919658960484,0.0,0.3673463776602498,1.8145630586754835,29.003166611068313,30.85800065096287,0.6454640053039599,0.6121147976803106,0.25581284724864906,0.06721311475409836,0.03244898325627369,2.1128379655868628,0.8045436697941732,-1,bot_239,synthetic_bot_239,1,stitch
110204.20888298473,1.0763492259644967,5675,31.727833597743697,0.0,0.34725612820362356,1.933610649037771,25.37816384216951,35.976849124204264,0.6465156138596402,0.5847713554837313,0.24826236318606695,0.06449339207048459,-0.00947788400658152,2.524532191353274,0.8224249314618592,-1,bot_240,synthetic_bot_240,1,stitch
115896.16845112902,1.0228546496071111,6620,27.19794499848897,0.0,0.3345730720245695,1.8724390978225351,23.80084032129958,33.045731340872614,0.6309829920767405,0.5734405774534501,0.23636842650006115,0.05785498489425982,0.09981113263482665,2.5077724894441116,0.7996685288968339,-1,bot_241,synthetic_bot_241,1,stitch
117666.10596997452,1.0993564971129361,6117,29.43368765331153,0.0,0.35031301480904675,1.9790849901509757,27.66676172127869,33.98662941744327,0.6135124604652895,0.5927236187311304,0.26491289231436027,0.0691515448749387,0.11404165071342248,2.603722173938247,0.8201561545518223,-1,bot_242,synthetic_bot_242,1,stitch
95002.77597494227,0.9146624580200051,5752,31.310368823938763,0.0,0.3426283257812252,1.4864414103630932,17.831948717448924,27.739110404552193,0.6309174557474017,0.5729334975944455,0.3125975899019035,0.05858831710709318,0.04088648906059015,2.1738391524915204,0.8210287784698346,-1,bot_243,synthetic_bot_243,1,stitch
104084.16422844029,1.0107562994282326,5500,32.75705186533212,0.0,0.3425508963935079,1.6900278444535533,23.891028650939248,32.024045850324796,0.6009345707360155,0.5803178464568141,0.28797093010717906,0.06472727272727273,0.028817720687263102,2.018990474264894,0.8177428762198171,-1,bot_244,synthetic_bot_244,1,stitch
124646.17311447895,1.1714871849632118,6073,29.136221380332728,0.0,0.3441144658866423,2.0645722897396817,26.456452474793753,36.09604087097442,0.6622901437843661,0.5804974039233183,0.24586232342399325,0.060431417750699816,0.21603951717616798,2.285660465471668,0.8324069622519483,-1,bot_245,synthetic_bot_245,1,stitch
97343.42951780636,0.8912923744968585,5812,30.996211468916826,0.0,0.3467681706369317,1.521612180643244,19.742243358836053,29.769862724750013,0.6412855670862617,0.5768659793964659,0.2750316278963745,0.05970406056434962,0.05842833868920864,2.267513257395075,0.7869483838195088,-1,bot_246,synthetic_bot_246,1,stitch
149165.14909066894,1.222519516857691,6708,26.845786726323638,0.0,0.33475677819078936,2.0149552739538397,25.173177965622237,36.8363861528504,0.6547018404809013,0.5669576372717343,0.23071418661876703,0.06156827668455576,-0.03916884133487303,2.0755412849527595,0.8020884084889712,-1,bot_247,synthetic_bot_247,1,stitch
116373.48864799015,1.143540972473972,5727,31.44479385045423,0.0,0.3485355509051293,2.0092719802559293,27.960816444371353,35.361283506506176,0.6590883143945866,0.5891656844085164,0.23430493273542602,0.06303474768639776,0.0625772449183064,2.350791062878253,0.7926782626489722,-1,bot_248,synthetic_bot_248,1,stitch
125944.79226837584,1.1451010672923578,6261,28.756510624700432,0.0,0.33432151929588927,2.0749276209885097,22.114757516192665,35.935009850252214,0.6223291471514665,0.5626059470427656,0.25031699343586383,0.058137677687270406,-0.1357637867608034,2.593317063184994,0.818302003421703,-1,bot_249,synthetic_bot_249,1,stitch
117169.68515415603,1.1072279970678087,6338,28.378118092832334,0.0,0.34205954671985256,1.8319291660727,24.75,33.8158472666964,0.6608340319002873,0.5796864431423734,0.23827338129496403,0.056800252445566426,-0.048517054466912256,2.356551448302253,0.7830264070874848,-1,bot_250,synthetic_bot_250,1,stitch
106201.695728931,0.9997867385419859,5907,30.477649847612597,0.0,0.3519499172318007,1.7604346487780245,23.761570758221332,32.07343375539702,0.6385395881321047,0.5866080655471673,0.26402084292470596,0.06534619942441172,-0.0456435458191508,2.2087708115400275,0.8007033720683412,-1,bot_251,synthetic_bot_251,1,stitch
118576.74509896178,1.0138259602340183,6709,26.840143155383238,0.0,0.3234544228695445,1.688434521415264,27.875,29.794495103969467,0.661457602674665,0.5629358195648279,0.26609250872373597,0.057832761961544195,-0.017930948282276496,2.3188848494027297,0.7914707189731737,-1,bot_252,synthetic_bot_252,1,stitch
111854.39502134125,1.0087057928259895,5976,29.2473640167364,0.0,0.346607788283113,1.9353002841843276,33.076342670320194,39.426484390399274,0.5976153215098854,0.5809785692654716,0.26606830079265337,0.06609772423025435,-0.07271407973043499,2.6147467899247996,0.7569190387939899,-1,bot_253,synthetic_bot_253,1,stitch
105076.3248509445,0.96855611332696,5932,30.352951096121416,0.0,0.3330532462691403,1.5352903845149986,18.519983691093447,29.7418209074614,0.6440145397963548,0.567402289933645,0.3041367484728325,0.059844908968307485,0.004329149471325236,2.04974288865395,0.7990837047701738,-1,bot_254,synthetic_bot_254,1,stitch
118535.50689851142,1.1033915808769215,6563,27.427831123304376,0.0,0.34357213373429724,1.8466988672495819,23.761570758221332,31.265227132213735,0.6549380960185918,0.5648871504726518,0.27827567074489595,0.0626238000914216,0.11231298383619702,2.134789458735354,0.8047105778788854,-1,bot_255,synthetic_bot_255,1,stitch
107504.1636394465,1.0032572190825375,5872,30.67189364240668,0.0,0.374167975647209,1.791860660233531,25.39277258214006,34.05397053185597,0.641952812589858,0.6033929658192841,0.26524736415247363,0.06471389645776567,-0.02864464198485248,2.3089582807201077,0.8109689873940726,-1,bot_256,synthetic_bot_256,1,stitch
119507.44307229707,1.0717131968867049,6378,28.203450980392155,0.0,0.34372390220940907,1.8624048875543746,28.50438562747845,34.059109946575454,0.63739009855713,0.5780185212727191,0.27106030453093904,0.06052053935402948,0.021969855655112065,2.299260068244204,0.7735073164047948,-1,bot_257,synthetic_bot_257,1,stitch
101352.96769825782,0.9023018334080347,6165,29.210483609217786,0.0,0.33129791824086124,1.5202091360733712,17.578466941118613,29.126009663856593,0.636886810250479,0.5865837203638389,0.26856848293410546,0.05936739659367397,0.04264148796831044,2.0565339243917853,0.8186000414780312,-1,bot_258,synthetic_bot_258,1,stitch
114718.86833397229,1.1189764684125703,5908,30.477311208940062,0.0,0.3330529047982133,1.959919816992367,19.687896821397658,33.73389675651922,0.5898916005566064,0.5760696542173522,0.2647021967747222,0.06110358835477319,0.16648711961319534,2.2680007850047414,0.8347740606399647,-1,bot_259,synthetic_bot_259,1,stitch
104491.84709581968,0.942547764609674,6088,28.849934253780408,0.0,0.35079648359712867,1.6773833353868073,18.600477891112845,32.253355779539994,0.6028660740174091,0.5866998100247852,0.26954083420960395,0.06422470433639947,0.04831476137930891,2.1369812472744507,0.7866782141759603,-1,bot_260,synthetic_bot_260,1,stitch
94031.78792504859,0.9109252628698096,5661,31.357483654355892,0.0,0.34665162452970955,1.6158199182577833,19.03063320018543,30.313932374987566,0.6563641153400369,0.5811241814150927,0.23276468620598176,0.05917682388270624,0.06468459907966664,2.1903947809904407,0.808925353672498,-1,bot_261,synthetic_bot_261,1,stitch
107466.27980210792,0.9891657960273941,6037,29.836234046079895,0.0,0.36825630250779584,1.7516996892145729,23.761570758221332,32.50610347570107,0.6360749750453103,0.6009292407706177,0.2517507430479215,0.06443597813483519,0.1812218390637549,2.1054522326494123,0.8254186014125713,-1,bot_262,synthetic_bot_262,1,stitch
97585.9874455502,1.0457396555451153,5422,33.21443070677247,0.0,0.34116950157301484,1.851837240115908,24.93685903989334,32.3238877715782,0.6252492389834271,0.5664339868673129,0.2992025295854549,0.05440796753965326,-0.029372279795191122,2.1876486337925103,0.8423623589275007,-1,bot_263,synthetic_bot_263,1,stitch
111450.6939899978,1.0337372091223944,5809,31.00086117809163,0.0,0.3515897619368244,1.7198062743231326,19.687896821397658,32.94803064536111,0.6082328444875338,0.6100163884053874,0.24718459599936998,0.06713720089516267,0.07409365304498028,2.1164621511192796,0.8214305265683988,-1,bot_264,synthetic_bot_264,1,stitch
121557.6622115467,1.0648868374464904,6537,27.551660799020357,0.0,0.34517827283618097,1.7790392181164754,21.09387088442728,32.85732561044507,0.6505655001131776,0.5767358494617211,0.240536595413148,0.05981337004742236,0.05875768247818027,2.1995244794187094,0.8017485373841237,-1,bot_265,synthetic_bot_265,1,stitch
110243.26699782387,1.0071925802157322,5791,31.104199066874028,0.0,0.3612885834693059,1.595135055186601,16.476190476190474,32.39038586624585,0.5683765012769385,0.6046491439261558,0.22686370906807188,0.06648247280262476,-0.017880900348347103,2.251181928902667,0.7797109531618815,-1,bot_266,synthetic_bot_266,1,stitch
112770.81575547266,1.0623132076211588,6302,28.575805683441818,0.0,0.34725447398217485,1.9246501873477935,24.16355832696021,31.442850945084373,0.6436785156026068,0.5830067390132555,0.29828349778564217,0.06728022849888925,-0.021590694654722083,2.586671260273161,0.8217595467572847,-1,bot_267,synthetic_bot_267,1,stitch
120624.88605087454,1.1339423240201707,5926,30.37706855791962,0.0,0.35911462531851707,2.01224452861548,25.09011536220766,36.19664230384437,0.6161515134362485,0.6114072518010641,0.21323575072078066,0.06530543368207897,0.04861295281001151,2.2444668399490686,0.8084305899391058,-1,bot_268,synthetic_bot_268,1,stitch
97560.06057673189,0.9225845241869526,5868,30.660303391852736,0.0,0.3557434108647826,1.749800453027621,21.912080534636626,34.72776875345714,0.6449313221493955,0.5821544609377283,0.30304184264580303,0.06134969325153374,0.08513440867107724,2.2772382071329105,0.7921353450677926,-1,bot_269,synthetic_bot_269,1,stitch
99327.04360852743,0.9667809396566142,5726,31.44619147449336,0.0,0.3737566055923792,1.6790272885746675,22.463272600334864,31.11119500247352,0.6186204562368629,0.612629456579177,0.3073256880214642,0.06444289207125393,-0.10380918465390943,2.2616349831482774,0.8080788022418401,-1,bot_270,synthetic_bot_270,1,stitch
96521.89944302046,0.9184068454180622,5881,30.620789384144267,0.0,0.38016908688089907,1.7871322540508772,22.01634365091311,31.056641321789552,0.5946989273694364,0.6163516596715026,0.2798812175204157,0.0649549396361163,0.017230097167433713,2.3292455985050085,0.8089574988020041,-1,bot_271,synthetic_bot_271,1,stitch
116875.39590889505,1.031595018929404,6311,28.492393026941365,0.0,0.3355168672318364,1.9188568195218374,35.08477456461706,34.16956687961179,0.6303681911682181,0.5861790017152686,0.1993656423100126,0.06052923466962447,0.14194211018513006,2.3691734243119895,0.8157457672050648,-1,bot_272,synthetic_bot_272,1,stitch
109519.52170849306,1.0371648685196013,5664,31.783860144799576,0.0,0.3426692746472036,1.8538841433181459,38.65384615384615,36.42256425680893,0.6561012048274875,0.5947104586202531,0.24803979344167323,0.06391242937853107,-0.04711685327843567,2.1733365309187223,0.7757023056596702,-1,bot_273,synthetic_bot_273,1,stitch
124783.54155461688,1.0826985539865763,6554,27.446428571428573,0.0,0.3327465069437508,1.830954612571579,19.56194655668039,34.21361055931808,0.6366230615021405,0.5709188247433086,0.2625204727546368,0.061489166920964296,0.09668337626078824,2.2509387575723543,0.8068886743639145,-1,bot_274,synthetic_bot_274,1,stitch
107604.18097018337,0.9304579470098306,6581,27.35202918376653,0.0,0.32806019131363623,1.599484319403896,19.12478487329215,28.452976936606056,0.6173932992151255,0.5572244326091168,0.2609632188579557,0.057134174137669046,0.09828077419157227,2.0937716301612475,0.8233231004001589,-1,bot_275,synthetic_bot_275,1,stitch
97322.98932871707,0.9902044617107628,5420,33.229093594240354,0.0,0.35380354284991855,1.6883256890356224,26.36842105263158,31.37766327753038,0.585498976428097,0.6045932547151104,0.2502165183843792,0.06845018450184502,0.004070848913661714,2.3607477551752014,0.7800139184647288,-1,bot_276,synthetic_bot_276,1,stitch
109151.93679135515,0.8860002450841432,6370,28.02151381909548,0.0,0.3475236112572109,1.4325756335227728,16.694693850686996,29.924936228626713,0.6098234844199263,0.5851055373410963,0.27583111464740745,0.06216640502354788,-0.004826260834793714,2.063886470853759,0.7983773093846445,-1,bot_277,synthetic_bot_277,1,stitch
115508.07604901097,1.0252869823097919,6371,28.264761306532662,0.0,0.3605527564920218,1.7895803143616023,32.11476334478207,31.350841031371797,0.6530848644584121,0.599799837611451,0.23465992405158476,0.06466802699733167,0.0940158780823995,2.3303808455831536,0.7801961440801406,-1,bot_278,synthetic_bot_278,1,stitch
104526.21683886333,1.0086920674418673,6047,29.774358974358975,0.0,0.35090821278333734,1.6676609828242408,17.708894326625952,28.88286958198973,0.6104673465072186,0.5968979401873322,0.29705422035460843,0.0661485033901108,0.08176370866152934,2.1684975261820836,0.8026548478606934,-1,bot_279,synthetic_bot_279,1,stitch
105933.19358496513,1.1413804942069539,5488,32.814585232452146,0.0,0.3456098487057061,2.0346265400894423,24.86083716389687,33.07514416840298,0.5806821107880813,0.5970923610528092,0.24198037356203356,0.06432215743440234,-0.03317807565787202,2.2537344345473858,0.8176735586256472,-1,bot_280,synthetic_bot_280,1,stitch
104879.90342879968,1.0510781391732595,5444,32.33786764705882,0.0,0.36292079222480167,1.857530467073806,19.824621686176005,35.04496352280222,0.6409948713815472,0.6030597466821829,0.269943193238197,0.07200587803085966,0.04053338414757664,2.176721919582196,0.8169609328242056,-1,bot_281,synthetic_bot_281,1,stitch
116659.82704960008,1.0230875169207603,6490,27.74757131842714,0.0,0.34151212805819603,1.7388567127301051,23.544619606738934,30.792574278322363,0.6382722811875208,0.5990132323854946,0.20816743142465677,0.06209553158705701,0.07615216859983967,2.5296104730545825,0.7879408462740731,-1,bot_282,synthetic_bot_282,1,stitch
100769.32664822099,1.0201376301061154,5462,32.95934810474272,0.0,0.35669802421646096,2.027049782055983,37.59302535784471,36.94390013526685,0.6156822790102333,0.5903285840049126,0.27690450079204193,0.06536067374588063,0.04806738678483222,2.1998051516820882,0.833042689251829,-1,bot_283,synthetic_bot_283,1,stitch
118984.83590797611,1.0365473671102512,6627,27.15901540320145,0.0,0.33477288779615066,1.7191598922525584,20.035218990567586,30.50791361689541,0.636055002161523,0.5681209383359141,0.2638424480246129,0.057944771389769126,-0.06309932242529102,2.1486527669604145,0.8300232836979728,-1,bot_284,synthetic_bot_284,1,stitch
104249.13740665269,0.9822940236682196,5621,32.03167823456131,0.0,0.3448675775990053,1.5905306185398544,26.009380793732028,31.878134456529747,0.6119768409728904,0.576608357896181,0.286441442408883,0.05977584059775841,0.09310725221404398,2.038812426064223,0.7944986467568869,-1,bot_285,synthetic_bot_285,1,stitch
105889.69966594089,1.0525122987059705,5775,31.188528851152313,0.0,0.3308825398059534,1.7716492343216363,19.53186696556409,29.713119839415395,0.6470972189180438,0.5655885753257277,0.2896420178516856,0.06164502164502165,0.26696066732090823,2.2426600888999313,0.8307353296504405,-1,bot_286,synthetic_bot_286,1,stitch
110076.32635669626,1.1055605397188073,5718,31.494838145231846,0.0,0.3358968474401347,1.8863998200266006,21.57284763544305,34.1567862240361,0.664538917387054,0.575979020496204,0.24895798017669465,0.059461350122420424,-0.02580549479778584,2.117230416278419,0.8203494899573665,-1,bot_287,synthetic_bot_287,1,stitch
100389.89505760401,0.9035105844158001,6108,29.33759213759214,0.0,0.35530908284784435,1.550037210775713,24.125,29.765362412955202,0.6146413448957659,0.6031756228813949,0.2568239438938461,0.06647020301244269,0.17008570928273675,2.257385188989079,0.7819474177440066,-1,bot_288,synthetic_bot_288,1,stitch
107387.11248180234,0.961544122974647,6076,29.642621870882742,0.0,0.3520019224002113,1.5797825957806775,20.622821854683224,31.293857032652895,0.6170584342594352,0.6095275340123946,0.24842865962895114,0.06451612903225806,-0.1196387869933083,2.2146154620832084,0.734049870853122,-1,bot_289,synthetic_bot_289,1,stitch
114887.74116212012,1.0208527347744556,6349,28.355702583490864,0.0,0.3456624371312233,1.6689243759528816,23.01928559123311,32.16755414656696,0.6379312510059001,0.5681469908410463,0.29206192645025286,0.06048196566388408,0.14269551415621862,2.047964676441573,0.7819513635868813,-1,bot_290,synthetic_bot_290,1,stitch
114201.49789652665,1.0067051159453466,6607,27.25011355034065,0.0,0.324519273174556,1.6843290325809215,34.95640732717166,28.97371162063341,0.6307141519957458,0.5678606402011348,0.22068530428150393,0.05433630997426971,0.020479549718406712,2.4734185258638677,0.8155163726941972,-1,bot_291,synthetic_bot_291,1,stitch
120537.60180374046,1.1001715648055703,6205,29.016927293245203,0.0,0.3403448913687857,1.7890415408129885,18.615880865759838,33.22728530641805,0.6497394448025469,0.5970557254598734,0.21450391937290034,0.06398066075745366,-0.009075465154270747,2.055144446168831,0.8163421871771573,-1,bot_292,synthetic_bot_292,1,stitch
105916.3512800135,1.0102477652316624,5582,32.255913978494625,0.0,0.3512897198942794,1.6566132323813034,26.83325886307591,36.56066714517661,0.6424896823794193,0.6148197757602653,0.20133024287009976,0.06431386599785023,0.14515314130732848,2.0931306291980696,0.8040783320246438,-1,bot_293,synthetic_bot_293,1,stitch
109361.92385644307,1.0905988258237922,5704,31.580803649763116,0.0,0.3525588533051288,1.9897025453005617,23.006708629773808,35.65855215772784,0.6515786226275877,0.5970776419365111,0.2587675827201281,0.0629382889200561,0.16032075671893745,2.2066078966251026,0.8331145196816239,-1,bot_294,synthetic_bot_294,1,stitch
103005.0873565863,0.9203286293604607,6503,27.696983687288398,0.0,0.339842736755706,1.5058931679391006,17.846816963807438,26.858961366642774,0.6469284142337373,0.5776354098772996,0.2991816658323721,0.059203444564047365,0.12594998917914327,2.1025199372577306,0.7983091582147972,-1,bot_295,synthetic_bot_295,1,stitch
94790.00650405488,0.8968387952426072,6164,29.205906214505923,0.0,0.3598797912299284,1.5546948015463258,20.385733369197194,26.125672966493756,0.6187837270498155,0.5901727174712581,0.29848078641644327,0.06018818948734588,0.1109168168167817,2.342736547071873,0.8132450699048106,-1,bot_296,synthetic_bot_296,1,stitch
94992.57348691112,0.933683526935477,5824,30.845955692941782,0.0,0.35853795794651827,1.6587886808072958,28.762074759037194,27.76877896909746,0.626708057628576,0.582937195018724,0.29629235408905447,0.06404532967032966,-0.03321324050679368,2.213790957857785,0.816487307995505,-1,bot_297,synthetic_bot_297,1,stitch
91676.05094770572,0.8901932615734182,5650,31.868094900849858,0.0,0.3424515885046453,1.4547831788178878,26.990616586934635,28.445595251091714,0.6293541998454433,0.5826161652791513,0.2641389026020156,0.05787610619469027,0.11349143001685982,2.1388369105099163,0.7784519801759884,-1,bot_298,synthetic_bot_298,1,stitch
117733.82099885376,1.0620091290548137,6520,27.60233200368211,0.0,0.3454981028290854,1.7978610127375474,21.714755634012967,30.680372843091046,0.6200267873070106,0.5982686723229521,0.2217858391125991,0.06656441717791411,0.029345659379443566,2.176250018648577,0.810973817672964,-1,bot_299,synthetic_bot_299,1,stitch
95486.51029366828,0.9070090129996136,6116,29.44062806673209,0.0,0.3364041041178801,1.563045221759523,23.000603856807277,26.015216253730166,0.6478002859133907,0.5767275178128695,0.25314884832177403,0.05935251798561151,-0.06229520539523135,2.1416125620183606,0.8046235698259445,-1,bot_300,synthetic_bot_300,1,stitch
114895.47723510858,1.1530605482728549,5806,31.01240523776706,0.0,0.36248083197385395,1.9534154867234361,24.644725602043128,34.15957076270712,0.6323417734058308,0.6126323194335583,0.23381636098097605,0.06768859800206682,0.06763962372728109,2.108483737962312,0.7963754446086541,-1,bot_301,synthetic_bot_301,1,stitch
103285.72413710169,1.0197153629425715,5620,32.04504183727968,0.0,0.3372972949038562,1.743082349301354,22.12398219659594,31.84285506031849,0.6129732578195912,0.5745967942291769,0.2793274537329747,0.05907473309608541,0.12016938404950131,2.261203113414955,0.818596297843865,-1,bot_302,synthetic_bot_302,1,stitch
99893.15743454627,1.0435033306374288,5250,34.29820884146341,0.0,0.351249450051628,1.7388512220851693,21.17663807123312,32.853293272215254,0.6440637490789085,0.586347823854644,0.22911686731279066,0.06666666666666667,-0.04398091861721844,2.216791870469576,0.8040996608364218,-1,bot_303,synthetic_bot_303,1,stitch
132665.22644284062,1.2295372822634711,6062,29.7,0.0,0.3475012311195565,2.090161683446684,27.0625,36.3974596952876,0.6425990218142515,0.6041050766915507,0.21643517578965313,0.0653249752556912,0.04134368380434559,2.1850718913308773,0.8154425543884445,-1,bot_304,synthetic_bot_304,1,stitch
120067.8728343476,1.0597293341861491,6251,28.09284456539139,0.0,0.33462973765537984,1.741877316288612,16.93504090415019,33.04816548719751,0.6121025223113558,0.5797090717706372,0.23906822084328921,0.05871060630299152,-0.07575534031395376,2.085194768956944,0.7861120027434534,-1,bot_305,synthetic_bot_305,1,stitch
87316.70761290305,1.006371934889989,5000,36.00660132026405,0.0,0.3383600693873812,1.7682802993999516,20.68963368037856,31.060120779960144,0.6399797403523638,0.5816483937189625,0.22184665306423462,0.0552,-0.07585699629874294,2.3246718367739403,0.803003355812753,-1,bot_306,synthetic_bot_306,1,stitch
100610.10856758697,1.007835794166252,5728,31.434858539993016,0.0,0.32711355590846125,1.6841292118018119,24.909837414162304,29.746133398460792,0.6444108801982514,0.5795562940372727,0.22856618718233712,0.059881284916201115,0.03878308670014678,2.2192902112567667,0.8242641430931205,-1,bot_307,synthetic_bot_307,1,stitch
99928.41976953493,0.9423775657623829,5756,31.287328350425863,0.0,0.3532337146079588,1.7070765400037557,22.18689397961801,34.28018287815942,0.6479356653695018,0.5874653755491636,0.2886737246493344,0.06289089645587213,0.14316747757727613,2.213151932877892,0.8465246968080986,-1,bot_308,synthetic_bot_308,1,stitch
94368.42638904427,1.0421738500598987,5138,35.0440031152648,0.0,0.3579336987898202,1.715161075991659,16.61904761904762,30.89621658809404,0.6170766574846704,0.6061006185921523,0.21585325535529032,0.06344881276761385,0.17142716203735364,2.138860175871398,0.7894556849315002,-1,bot_309,synthetic_bot_309,1,stitch
121142.1985865314,1.0913215442497923,6325,28.46607622963783,0.0,0.3445309048415579,1.78065764690342,18.660796034520484,31.053093772727205,0.6276742139130503,0.5923621795508857,0.25446278666654565,0.06513833992094861,0.07027565260489085,2.1049996533437763,0.8177398403363354,-1,bot_310,synthetic_bot_310,1,stitch
109956.81365348511,1.1196641752008658,5380,33.462353597322924,0.0,0.3359182816793465,1.9664798673010433,20.843929278211967,37.476875164302385,0.6106214843332785,0.5692278092521782,0.2254346667719208,0.06115241635687732,0.07234814540444647,2.118442816616472,0.8230140638268073,-1,bot_311,synthetic_bot_311,1,stitch
103653.60349513052,1.008280542439107,5855,30.751409533572527,0.0,0.3376389597277545,1.7843155005200293,19.900062813971214,31.40431719886406,0.6482296768207407,0.5796566895286914,0.1944980445976205,0.056874466268146885,0.0026794352373673133,2.197237754694441,0.8006459772642627,-1,bot_312,synthetic_bot_312,1,stitch
113975.66497632215,0.996349701887126,6295,28.60146194184014,0.0,0.3475618136616348,1.6779053827485264,16.826781913638776,31.975610418727413,0.6015222227344925,0.5941782856845705,0.260282868411754,0.06036536934074663,0.047564558837123176,2.0208189410920503,0.81314310035084,-1,bot_313,synthetic_bot_313,1,stitch
110387.1841062924,1.0096108501396814,6091,29.577649958915366,0.0,0.34360421491114695,1.7968038849795962,22.645306740147547,32.588979324413415,0.5771840767313807,0.578483922296128,0.2391585728541928,0.06271548185847972,0.07564820469291035,2.2993447640847453,0.8234291774067948,-1,bot_314,synthetic_bot_314,1,stitch
127156.04845998141,1.0903111386389106,6573,27.38572732805843,0.0,0.32871394390717434,1.685858662942852,16.92377620932846,31.44921181037632,0.6506689936647679,0.5749206109266608,0.23370665111652317,0.061615700593336376,0.026590762383590347,2.127129696681821,0.8090760668160629,-1,bot_315,synthetic_bot_315,1,stitch
109622.27605794204,1.0109901804924417,6388,27.845238095238095,0.0,0.342543581556757,1.7241255273956284,21.857651851112564,28.860043640500948,0.6187428674832095,0.580960610216132,0.26522646818553147,0.06105197244834064,0.004682667800573368,2.212309250650694,0.8242050334320192,-1,bot_316,synthetic_bot_316,1,stitch
105388.66106815691,0.9270270681703504,6390,28.183213279047916,0.0,0.34764532730783626,1.589116051782536,22.6682942124016,28.270743761879864,0.6414076263164676,0.5927959595181298,0.27214282703090087,0.06165884194053208,-0.06420881545388428,2.0455039725835142,0.8233102835826649,-1,bot_317,synthetic_bot_317,1,stitch
128057.7985172726,1.0427106654861629,6437,27.96688432835821,0.0,0.3635295692765205,1.8625820521345968,29.8,38.54065552273982,0.6089170145783662,0.5912699785138057,0.21900840364438606,0.06555848997980426,0.032664426346956724,2.291298052035332,0.7822867817805399,-1,bot_318,synthetic_bot_318,1,stitch
126723.89837927282,1.086589998809069,6806,26.44620811287478,0.0,0.33757307421008453,2.014287604653268,34.65992281162033,35.220991524828875,0.6803928759284528,0.5736105367115264,0.25629320351345264,0.05583308845136644,0.18118769449954658,2.622232515863824,0.7945089210632283,-1,bot_319,synthetic_bot_319,1,stitch
110532.02715183774,0.941765113062009,6735,26.738265002970884,0.0,0.36394460669885526,1.6699357997766624,26.844459391092233,30.622231142682836,0.6234376271033154,0.597303178304132,0.31726523175740357,0.06904231625835189,-0.12471758088654392,2.358106815747861,0.7945351800070294,-1,bot_320,synthetic_bot_320,1,stitch
107857.94571974064,1.030657742764981,6116,29.406771344455347,0.0,0.33913864313432945,1.807680047097851,23.00377384498272,29.452192191259957,0.6465258153280299,0.5929393734001523,0.2537987596301221,0.06327665140614781,0.03273999503669169,2.560474020133485,0.7978161051438477,-1,bot_321,synthetic_bot_321,1,stitch
124979.67211422388,1.1559618224392472,6279,28.560140194360365,0.0,0.3365152445933926,2.098005958491739,25.178188506534546,37.716515613887154,0.6148711145380046,0.5749548042072148,0.22898563305699032,0.06227106227106227,0.0465562530290426,2.289966112806989,0.8141883970406452,-1,bot_322,synthetic_bot_322,1,stitch
111064.62602183504,1.0699001533210077,5762,31.25755470649531,0.0,0.35219642306015336,1.8105097418978653,20.543649200941626,37.828334268692785,0.6383515776432866,0.5837735996369532,0.2261262744110841,0.05900728913571676,0.32345815478521295,2.172511385915623,0.8078499632141414,-1,bot_323,synthetic_bot_323,1,stitch
114655.43858798154,1.0224301996137928,6385,28.199906000313334,0.0,0.329316683839048,1.7293570255057666,24.376242192593033,30.336663311312517,0.6836846663755167,0.5572046000783812,0.24666902262676815,0.05653876272513704,0.09905391369924742,2.094802774004857,0.8141028471962657,-1,bot_324,synthetic_bot_324,1,stitch
116390.21484905556,0.9949213262801172,6362,28.300943396226415,0.0,0.35453924854618674,1.823582190076695,22.25,33.12583804182283,0.6524943387184222,0.5925107339828928,0.24721358885998929,0.06381640993398302,0.1961163267970601,2.867131084167598,0.8136832240069622,-1,bot_325,synthetic_bot_325,1,stitch
104881.46165397186,1.0093434736559976,5876,30.57439564181137,0.0,0.341462309750268,1.8336829988035002,27.473270869062862,32.24753652698464,0.6400522829090479,0.5853377366113582,0.2396365818829032,0.06330837304288632,0.1614407567198181,2.325036175134234,0.7861574114078861,-1,bot_326,synthetic_bot_326,1,stitch
104374.46996696432,0.934954311842729,6020,29.873358816686057,0.0,0.33677143802061754,1.5424866742768892,16.437618820863317,29.899811853683016,0.633001749460877,0.5755765729328993,0.2595314556462227,0.05996677740863787,0.13999585698018413,2.140030871222386,0.8217619947980541,-1,bot_327,synthetic_bot_327,1,stitch
112297.43270693501,1.0205087849549934,6324,28.411801930074354,0.0,0.3678547408973389,1.836065168447846,18.587361297397756,30.707283026401484,0.634151547958655,0.6037896555051717,0.24329087793098075,0.06720430107526881,0.08615979482535574,2.317579587142842,0.8239934670374411,-1,bot_328,synthetic_bot_328,1,stitch
116800.23828637878,1.0164732005311834,6362,28.30188679245283,0.0,0.35111390367497136,1.752114897006858,21.477114237861638,32.215636914243674,0.6423709317991874,0.5862185154962989,0.2593996691089577,0.06601697579377554,0.08217264815535384,2.1807119165603663,0.8201482538899963,-1,bot_329,synthetic_bot_329,1,stitch
97703.7827338313,1.0087205365925955,5391,33.39135275561328,0.0,0.3660615725164619,1.783456447690184,22.461670178749728,32.82122646015583,0.6421453548511487,0.603546636110108,0.24462554918335178,0.06251159339640142,-0.07182368120963,2.2503534027689938,0.7932288968976071,-1,bot_330,synthetic_bot_330,1,stitch
117787.81228130894,1.1708378720722479,6052,29.756488675814182,0.0,0.3114793178532897,2.00735268264649,21.912080534636626,35.74936590353454,0.6751431387557058,0.546661273215411,0.21854486779859914,0.056840713813615336,-0.03250913721184897,2.4077845738000607,0.7959744760788308,-1,bot_331,synthetic_bot_331,1,stitch
105041.07937275319,1.043130956905057,5773,31.11020620343095,0.0,0.35301407867814094,1.8795476248151657,21.934271013597858,32.885168088477535,0.638719034011914,0.5795331351498872,0.24052276717537427,0.06409146024597263,0.053417842317309824,2.317352663731849,0.7998340926332677,-1,bot_332,synthetic_bot_332,1,stitch
109472.89265145696,1.0135093379091626,6273,28.707177033492822,0.0,0.3304216553438347,1.6463211165443106,21.095023109728984,28.830112540825947,0.6244040779532324,0.591418616949621,0.2463428730867347,0.06424358361230671,0.013007128710665289,2.146952985221182,0.8061798159652634,-1,bot_333,synthetic_bot_333,1,stitch
112375.38793255176,1.109100187710499,5927,30.378396624472575,0.0,0.3375273095420497,1.7704705943611432,24.340729469576523,30.860839002904594,0.6191845772139996,0.5878829510271824,0.23317788141239174,0.0639446600303695,-0.0032373717181839673,2.103721228254778,0.8046098689621861,-1,bot_334,synthetic_bot_334,1,stitch
120819.62415330161,1.112183782211974,6301,28.57891394093363,0.0,0.34517038952067325,2.0097480345455856,27.63206923123927,35.02843072084471,0.6053315146101874,0.5753940798185982,0.23829802494150132,0.06300587208379622,0.21219931572160447,2.304706804989974,0.7879335004888326,-1,bot_335,synthetic_bot_335,1,stitch
107876.57695699701,0.9246508392821442,6613,27.221449099984873,0.0,0.34633014678704005,1.5691776813036962,18.227499431825258,28.738125449818593,0.6173852501519637,0.5795263938118249,0.2677489974629675,0.06063813700287313,0.07618781770171701,2.165733519373435,0.7998235809579086,-1,bot_336,synthetic_bot_336,1,stitch
114141.86358520768,1.004785585451955,6180,27.96083508658359,0.0,0.3598312994138232,1.7010887557000995,20.270915978368517,33.0655652480043,0.5949391005992736,0.5947013920548084,0.2469260133126163,0.06585760517799352,0.12028730220908043,2.380250894993594,0.7783831633378209,-1,bot_337,synthetic_bot_337,1,stitch
108539.64627756443,1.0391817088566584,5845,30.82191780821918,0.0,0.36494922222673903,1.8504231610402548,24.909837414162304,32.66961654993816,0.6329921083743548,0.600753033253606,0.24981268857704067,0.06894781864841745,0.005434459204329975,2.265346191680974,0.7829106961999275,-1,bot_338,synthetic_bot_338,1,stitch
96839.18441499537,0.9444631586501314,5539,32.36795520231214,0.0,0.35115030236678285,1.735691828440942,27.197268360076166,33.97721463761994,0.6092442561324568,0.5956286137435817,0.25185327487230486,0.06391045315038815,0.05343477386384763,2.2609195733040894,0.7798254045654619,-1,bot_339,synthetic_bot_339,1,stitch
105230.08773494483,1.0257687265624331,5212,34.51430766276167,0.0,0.35942082468124625,1.8103130787615673,34.95640732717166,35.93071648702377,0.6432302963876708,0.5922447722460334,0.24458374345956588,0.06676899462778205,0.03349723669387927,2.635273967391454,0.7997264272644364,-1,bot_340,synthetic_bot_340,1,stitch
96627.00170997644,0.8467280622283025,6314,28.516318124207856,0.0,0.35024486626847634,1.3321331838535768,14.198140723348251,25.907525190019573,0.5899996941580499,0.5899609889582561,0.27709273755785385,0.06366803927779538,0.1952524910362335,2.0888084445985147,0.8015280410149963,-1,bot_341,synthetic_bot_341,1,stitch
108398.79683991791,1.0159967448921465,5609,32.08721241305511,0.0,0.3731436457425113,1.8858936890643538,26.545454545454547,35.22608916067498,0.581054165109037,0.6155443712235231,0.25814678379144235,0.07452308789445534,-0.005594235374581599,2.4033938207385166,0.7827986265954181,-1,bot_342,synthetic_bot_342,1,stitch
101813.98418313186,0.9923442088648214,6062,29.707212411288992,0.0,0.3313003202937735,1.5764587322821058,20.56270896550355,27.802485610883526,0.6584586853695823,0.5669675942928382,0.2527381042479809,0.05658198614318707,0.19550578819442052,2.1255216928822547,0.816448910584873,-1,bot_343,synthetic_bot_343,1,stitch
120407.33636292405,1.0174831517591867,6644,27.095589342164686,0.0,0.3468535425818424,1.683072759826498,20.06405757193694,31.707293697518608,0.6498811309980709,0.5724114815952561,0.2518866112345984,0.058699578567128236,0.06425699697481652,2.173098287066099,0.8162514548379733,-1,bot_344,synthetic_bot_344,1,stitch
89394.13747101414,0.8903158903862527,5943,30.307459168210137,0.0,0.35913075859474813,1.4596052951236267,27.313000567495326,24.257770158173855,0.6472932955387808,0.5951357680606305,0.27377217889424804,0.06225811879522127,-0.04517364251667173,2.418532837640133,0.7911079429807557,-1,bot_345,synthetic_bot_345,1,stitch
112787.63163935626,1.011793692801142,6514,27.636210073710075,0.0,0.35809294436784683,1.7044295507441518,37.12524779269007,28.86412380628281,0.6108323421354962,0.6063701462476515,0.25491739552964043,0.06785385323917716,-0.0042133061999485915,2.6385020737603955,0.7780390178190223,-1,bot_346,synthetic_bot_346,1,stitch
104669.80529435739,1.0361677529813453,5678,31.717709251101322,0.0,0.3358313757613538,1.8083375972237585,26.009380793732028,30.900735229373904,0.6336260628868662,0.5522815029675012,0.30058717253839207,0.057590700951039096,0.06783853953013651,2.1884535771124014,0.8086881301329301,-1,bot_347,synthetic_bot_347,1,stitch
90714.59323837778,0.9031305108292038,5952,30.265848326887507,0.0,0.3306825002064871,1.575383658284597,35.65613551690648,26.998097139660302,0.6407906961992526,0.5630165172375732,0.2789838620605019,0.057291666666666664,-0.06774219076295995,2.251450637005996,0.8069544520047007,-1,bot_348,synthetic_bot_348,1,stitch
98932.02758157748,0.9113981011175794,6028,29.847685415629666,0.0,0.3384732030305402,1.517119044928776,18.942043723108743,29.254570181177446,0.6315782407767357,0.5695099726453451,0.25974706695811217,0.0617120106171201,0.051007604662217175,2.1540111605776047,0.7884800100460867,-1,bot_349,synthetic_bot_349,1,stitch
86468.50293118012,0.9897847077163855,4925,36.577118471855314,0.0,0.3785162800861256,1.7140529666430344,18.764994004795206,29.644607677314603,0.6171191429016828,0.6104883695091484,0.30970630844198604,0.06883248730964467,-0.044158726451739023,2.301282787767712,0.8083607872693118,-1,bot_350,synthetic_bot_350,1,stitch
109775.55088575312,1.008428190699279,6230,28.91566265060241,0.0,0.32735922804182105,1.673544589680115,16.161967196893745,30.451592502480636,0.5956973462542823,0.5686668528950531,0.21571907990646433,0.051685393258426963,0.16513944815805448,2.0678207204320107,0.807301525877963,-1,bot_351,synthetic_bot_351,1,stitch
106701.64208463047,1.0226212288786787,5871,30.67013119781905,0.0,0.3506713340930397,1.7570770470260233,20.08259588789188,32.00998504783995,0.6122889266781659,0.6010442723062828,0.2072234582005492,0.06455459035939363,0.12176480084273344,2.264051713444381,0.7917362368099312,-1,bot_352,synthetic_bot_352,1,stitch
130841.40674491109,1.1063761089000668,6738,26.711612711612712,0.0,0.3529322009987846,1.9180824181296499,24.147327504416225,36.529892386925546,0.6215516056039708,0.6061535110778554,0.24533527452850712,0.06589492430988424,-0.06463980084485237,2.0707994805558485,0.8184836981618351,-1,bot_353,synthetic_bot_353,1,stitch
100143.3633221334,0.9349258473807324,5809,30.986914600550964,0.0,0.3546598955127261,1.5097106684175754,17.934448540293747,27.923699215745785,0.6204793788101477,0.605284676688056,0.2315238291816493,0.06851437424685833,0.04258863353583593,2.071336235749968,0.8054729922584063,-1,bot_354,synthetic_bot_354,1,stitch
85943.30653763235,0.9283130139356307,5166,34.85476374903176,0.0,0.3531400783673086,1.5601068200716055,19.496205805651687,28.719464797808964,0.6213306306177196,0.5889066002963544,0.28387701439691754,0.06755710414247,0.04073548619005501,2.14088001382595,0.8227860157017775,-1,bot_355,synthetic_bot_355,1,stitch
100178.83642971533,0.9239355926232004,6023,29.899335548172758,0.0,0.3630484647732831,1.4823720565188672,19.154491150902444,27.464072692155828,0.5971117860942036,0.5972463882580584,0.2950669233179641,0.0639216337373402,0.14374475656600863,2.1607369765420663,0.8091911858865493,-1,bot_356,synthetic_bot_356,1,stitch
105671.46267040759,0.9945020204115683,6128,29.389777922926193,0.0,0.35013660947037223,1.8112796612456246,28.05693065936991,33.83385125677031,0.6406896876611368,0.60769234976245,0.2247719527375875,0.06886422976501305,-0.02241409968107723,2.46182243609461,0.786388995818763,-1,bot_357,synthetic_bot_357,1,stitch
115940.98630191332,1.0370926061931163,6160,29.232580802338802,0.0,0.3515465069566284,1.7774348057515224,32.8788020615107,33.25326720606599,0.6012266676527976,0.5915935021004003,0.249969502181767,0.06103896103896104,0.11142047067392186,2.4071299527504078,0.7867055484324679,-1,bot_358,synthetic_bot_358,1,stitch
112545.72154360407,1.0236411711197837,6113,29.44797120418848,0.0,0.340905220873944,1.8875185325408494,19.43058356958615,34.744384530302746,0.6227599800617604,0.5740419966636529,0.26826017503111554,0.05758220186487813,0.01273255472406132,2.1840342168620115,0.789608523726203,-1,bot_359,synthetic_bot_359,1,stitch
112194.70743901712,1.0863284957324806,5858,30.703159692570452,0.0,0.333786123722854,1.7792180405465112,20.636363636363637,32.447617992419204,0.6505109190219523,0.5737672984126371,0.2650595273351892,0.05923523386821441,-0.0334085164550111,2.066033083586518,0.8414659483919529,-1,bot_360,synthetic_bot_360,1,stitch
130760.46794413381,1.1505735442727978,6094,29.54349967170059,0.0,0.32963529621093146,2.0911618932834677,29.121758188680847,42.406280457782216,0.6718631661352639,0.5627622883095422,0.26874576844955994,0.06252051197899573,-0.061439644439615235,2.2311738875305593,0.8061234836123853,-1,bot_361,synthetic_bot_361,1,stitch
111243.40245656983,0.9784232260473804,6507,27.6749692496925,0.0,0.33718954915387606,1.7015370341429807,21.079874551598053,30.15674792094855,0.6309330164490625,0.5623286881738049,0.2643494236524728,0.06177962194559705,0.09886385615765547,2.2459529839402026,0.8196585623462971,-1,bot_362,synthetic_bot_362,1,stitch
91597.42597966015,0.8493882179445708,5983,30.08993647609495,0.0,0.361075786819613,1.4176301564759524,20.501524333570906,26.109902467045583,0.5992124247383805,0.5960299918837515,0.2863306890271479,0.06401470834029752,0.08522645049476767,2.184785583693664,0.8187398453441829,-1,bot_363,synthetic_bot_363,1,stitch
118508.39683740656,1.1688879597806079,5574,32.30114860014358,0.0,0.33838060923207197,2.0184000670613567,25.182036218242676,38.50012195774368,0.6205723005128134,0.598296391108349,0.21543297358188887,0.06620021528525297,0.06024711168470674,2.207710517289227,0.7562436313401367,-1,bot_364,synthetic_bot_364,1,stitch
115570.3542728741,1.0463615368599664,6487,27.761104256631707,0.0,0.3431124451976936,1.759466825689099,25.823529411764707,30.403016895984205,0.6536610326413869,0.5602918893048441,0.2565089319650323,0.053337444119007246,0.019993902532463536,2.191430008162642,0.8256445162471915,-1,bot_365,synthetic_bot_365,1,stitch
111509.5498386714,1.0507187464975627,6031,29.850580431177445,0.0,0.34323055842289135,1.9820891708227713,39.85739887270567,34.13746321766786,0.6939555522962254,0.5760884730775055,0.24244973829672747,0.060023213397446526,-0.05932274442357064,2.6624443409739427,0.8391140845537152,-1,bot_366,synthetic_bot_366,1,stitch
101224.51462657048,0.9464223663673346,6036,29.83062645011601,0.0,0.3700866228598586,1.6730446864143862,23.92748303613325,29.374040496491094,0.6124048740461937,0.5934909780722523,0.3357867336863836,0.06411530815109344,0.06580364189186688,2.330932351805543,0.8055940534401059,-1,bot_367,synthetic_bot_367,1,stitch
129561.90300553138,1.092327766941409,6621,27.19718948322756,0.0,0.3330921414113331,1.8423935648131413,18.95734299098467,33.890207424948,0.629947926722443,0.560480396550806,0.24170894795201775,0.06056486935508231,0.06973436428153519,2.3105341217871618,0.7889174639121128,-1,bot_368,synthetic_bot_368,1,stitch
121567.45061509057,1.1148817490968683,5970,30.14362326127032,0.0,0.3471688285426071,1.8531151050947174,22.114757516192665,35.88285674572986,0.6201344030743524,0.5914233955888862,0.2408555514563631,0.06281407035175879,-0.0144823496038536,2.495438466880649,0.7987679663449117,-1,bot_369,synthetic_bot_369,1,stitch
107259.65774287493,1.0051885847973334,5865,30.70134743305475,0.0,0.3459715016769009,1.6374828276334459,18.785714285714285,31.899812646354448,0.6072189624842161,0.5742179221634489,0.23522526613188033,0.059335038363171354,0.19114859300706982,2.0282341518086295,0.786463295213196,-1,bot_370,synthetic_bot_370,1,stitch
110164.65237765723,1.0060823801827896,5697,31.59866573033708,0.0,0.3543387302365775,1.7126363056259735,17.85942842516158,34.741412962300615,0.6338107795213007,0.5952128278475346,0.29126360491037656,0.06196243637001931,0.0364048303662186,2.1683436622297037,0.7973253707295316,-1,bot_371,synthetic_bot_371,1,stitch
115989.32205369626,1.0622444413969572,6365,28.28807166430929,0.0,0.33808949501885627,1.92908030685089,21.042716515871877,34.7765573574544,0.664889262562748,0.5765104450587017,0.25558218626550083,0.05781618224666143,0.016786327120607604,2.4484028313270914,0.7552380774554346,-1,bot_372,synthetic_bot_372,1,stitch
106502.91737913998,0.9460684661334098,6249,28.82113690952762,0.0,0.35239431797259113,1.6625522532872945,24.166810344400485,29.597551697254058,0.6107527393459838,0.5835484655393679,0.2514635499044841,0.06401024163866219,0.018583468370301993,2.3311302463066124,0.778746647097619,-1,bot_373,synthetic_bot_373,1,stitch
122433.94474522118,1.179854572396977,6224,28.714951768488746,0.0,0.3365612166957956,2.0220720734640087,27.57550151898726,33.007320791014365,0.6207670468300549,0.5707264807550748,0.25700057800898135,0.0605719794344473,0.12460811989836769,2.250554070222663,0.7974632878150496,-1,bot_374,synthetic_bot_374,1,stitch
114377.43473043518,0.9908052616659285,6559,27.455918242830993,0.0,0.34425660323049667,1.7259580017524738,24.01446323456855,31.400354154130405,0.6137246020780498,0.590268315268284,0.24637053713164198,0.060832443970117396,-0.11946153179040866,2.092737947819487,0.8239840485547684,-1,bot_375,synthetic_bot_375,1,stitch
108627.24864226383,1.1187026357983605,5827,30.899570815450645,0.0,0.3427594137840317,2.029454550642923,28.822685509854907,33.78649426907861,0.6630828436328353,0.5790832938015719,0.23265192324926068,0.060236828556718726,0.1906608123342286,2.3586763705249147,0.7920370591328482,-1,bot_376,synthetic_bot_376,1,stitch
126018.90948514856,1.0969869307767197,6420,28.01776254284824,0.0,0.34193813542079726,1.8940802205234086,21.077800374779464,35.527599965079034,0.6253034705740864,0.5779958033049587,0.27963587382358895,0.06417445482866044,0.058453331944154696,2.3153261603169684,0.807638919754311,-1,bot_377,synthetic_bot_377,1,stitch
112520.43872222943,0.9529091053093093,6453,27.77912207228168,0.0,0.3646583042775146,1.6230978575031993,18.51816675591836,31.480116091184826,0.5964776163146919,0.588847487785002,0.3100974065017838,0.06911514024484736,0.06613460107393734,2.187446230821743,0.7862688537011159,-1,bot_378,synthetic_bot_378,1,stitch
120666.68987957734,1.0253490798765976,6669,27.017712398679077,0.0,0.37094576074442787,1.8432026449980983,26.741644593322146,32.05451489581425,0.6441841362623466,0.6017043544295663,0.29137583300028813,0.06597690808217124,0.17443456995677867,2.1953357195614656,0.797706208246276,-1,bot_379,synthetic_bot_379,1,stitch
105434.63171663182,0.9989542779626881,6121,29.415658711997384,0.0,0.3505187484004502,1.7363163976295783,17.357730736664013,30.45226662957318,0.5976555418733243,0.5876987017878468,0.22289787784785423,0.06159124326090508,0.021741643873907885,2.3613681766479644,0.7835418784905083,-1,bot_380,synthetic_bot_380,1,stitch
111141.94248872562,1.0082163502911758,6151,29.28176346185131,0.0,0.34549727660600044,1.7625159191180486,21.714755634012967,31.35938401650151,0.6341241042991086,0.57301186122524,0.27471477211636103,0.05495041456673712,-0.012519255921130791,2.387539189644878,0.8160304053366602,-1,bot_381,synthetic_bot_381,1,stitch
120820.94888088855,1.0713529667829529,6575,27.278910529519173,0.0,0.33662871156269775,1.7587475451988486,17.421650004775348,31.907523776771672,0.6237129633420482,0.5754994194830658,0.24506891257143376,0.06418250950570342,-0.06126683825157942,2.1849385750417576,0.8050215902138725,-1,bot_382,synthetic_bot_382,1,stitch
111226.04650619181,1.0873030666453707,5940,30.20262758969176,0.0,0.33273291567552304,1.8891322072352126,30.16705190117462,32.32309993949219,0.6489635789710136,0.5777193396314454,0.25445021003212254,0.05875420875420875,-0.044358820388577726,2.3822235122043125,0.8146929915789515,-1,bot_383,synthetic_bot_383,1,stitch
137337.37830692076,1.3102951977744504,6151,29.277813923227065,0.0,0.33886401208550965,2.2341513578015446,23.86788179227474,38.117403315280185,0.6401723931462943,0.593076224114483,0.22837701178259812,0.06210372297187449,0.07532619508688423,2.3477751297059855,0.8090126655543459,-1,bot_384,synthetic_bot_384,1,stitch
97899.21215941754,0.9480054896467036,5930,30.356721200877043,0.0,0.335062167866314,1.505852288429552,23.99633305319794,28.015359564404886,0.6190904065427881,0.5783257514613324,0.2670369292096836,0.061888701517706576,0.13719183765919804,2.1760650352212894,0.7810407696968767,-1,bot_385,synthetic_bot_385,1,stitch
121338.67154305638,0.9968287228869607,6625,27.17330917874396,0.0,0.35562530030668116,1.612136380427208,25.173177965622237,30.32912374927095,0.6048731076474051,0.6105171400960349,0.2191688353213902,0.06747169811320755,0.09289848504126846,2.102092918850204,0.7806973775226611,-1,bot_386,synthetic_bot_386,1,stitch
122000.14905766898,1.0661996591643652,6728,26.77346422727949,0.0,0.34792624881329176,1.9332639154803795,24.939334678398772,33.80462565180426,0.6397149341764243,0.5904305613063252,0.257877518738878,0.06212841854934602,0.011047249825947876,2.310665242237845,0.8113220185618635,-1,bot_387,synthetic_bot_387,1,stitch
111030.42700169643,1.0331988821959972,5906,30.483149872988992,0.0,0.35681330208632944,1.858331433629993,22.461670178749728,33.630319737587186,0.6231346173748127,0.5781792477455459,0.29887453949232823,0.06400270910938029,0.1355166137660524,2.3471539555733947,0.8028341787382076,-1,bot_388,synthetic_bot_388,1,stitch
93408.68249640056,0.9973690199386865,5323,33.82168357760241,0.0,0.350693680654756,1.944012425525596,44.707226609476805,34.092330053527405,0.5829122991931008,0.5994600143560913,0.2798360303081005,0.06443734736051099,-0.04245894006942971,2.8263708531571154,0.7694815995184774,-1,bot_389,synthetic_bot_389,1,stitch
102363.67782660379,1.0553515738124186,5554,32.423887587822016,0.0,0.35071332160530116,1.886476536338059,27.875,31.76597244470958,0.6148132427358045,0.5799973597497929,0.25279421080320813,0.06391789701116313,0.05712099669740682,2.343136637045261,0.8259326526530941,-1,bot_390,synthetic_bot_390,1,stitch
107145.90774461425,0.9869699687219141,5882,30.606019384458424,0.0,0.3476892189487196,1.7499445722675508,23.415385472304507,32.798165786351845,0.6790406993594451,0.584461693137934,0.24451898155206586,0.058313498809928595,-0.007773107531537861,2.323633718307249,0.8031734725800235,-1,bot_391,synthetic_bot_391,1,stitch
112632.38834388272,1.0423977541520546,6009,29.2928250374563,0.0,0.3493736083741584,1.7662921592046816,19.195997711111552,33.6170104487029,0.6503843951407006,0.5982372820704989,0.24131902521949947,0.06573473123647862,0.04696282733754252,2.0677689865634976,0.7780109582270758,-1,bot_392,synthetic_bot_392,1,stitch
98570.87754417921,0.9557535445020959,6029,29.85932315859323,0.0,0.3416338667556044,1.6510363633693568,19.383163602724917,27.9574192703642,0.6040296231946759,0.5760434772180768,0.30129328613812617,0.06219936971305357,0.13884467837367387,2.2422555910381585,0.8172574725143883,-1,bot_393,synthetic_bot_393,1,stitch
117958.94444454345,1.017068283936169,6513,27.64066339066339,0.0,0.35162553589315915,1.8217848491841468,26.44643761454461,32.20465921239652,0.6562562468229913,0.5901998780765125,0.2551629400681276,0.06371871641332719,0.051558157172601246,2.233763621017635,0.8171618069831588,-1,bot_394,synthetic_bot_394,1,stitch
126779.20929782902,1.0102342628601915,7057,25.5142492556359,0.0,0.3487385173875776,1.621697443555218,20.18341502854591,29.32687237834183,0.6339539246866888,0.588096789967079,0.2925951913597243,0.06234944027207028,0.13275453249829747,2.202596550017339,0.8160375518185233,-1,bot_395,synthetic_bot_395,1,stitch
107213.50068188383,1.0510671021059308,5763,31.244402013539315,0.0,0.36076203426314124,1.8947935217002878,25.80137808550371,33.79733920870093,0.6226401810835257,0.6101892030749229,0.22992929927273464,0.06281450633350685,0.051364380105749945,2.258487956987804,0.7905804368168936,-1,bot_396,synthetic_bot_396,1,stitch
122564.74606496055,1.0665885676059126,6616,27.216694389838196,0.0,0.33795624367898586,1.768802947119878,21.0661070014735,31.96319322629424,0.6430500103646453,0.5962391839537051,0.21580007210629523,0.06136638452237001,-0.026691004330510356,2.1873557908103813,0.831697265563383,-1,bot_397,synthetic_bot_397,1,stitch
100772.37604649874,0.877523808097846,6435,27.980413492927095,0.0,0.3551674499596726,1.5941018598096324,30.337225025078055,28.55644846178994,0.6006332996501649,0.5734138330415716,0.26908745205599205,0.057498057498057496,0.1296863399707809,2.2876383577825408,0.8009048005012298,-1,bot_398,synthetic_bot_398,1,stitch
91000.06992170824,0.8833456955256198,5784,31.12798339674853,0.0,0.3343400043715535,1.6269777626866002,24.01446323456855,29.617678637288808,0.638691665459998,0.565879059593519,0.2579347176667114,0.05912863070539419,0.14052518661586524,2.2641952322475567,0.7952110844544409,-1,bot_399,synthetic_bot_399,1,stitch
111356.02525039282,1.0588221916129323,6066,29.69135598812273,0.0,0.3393206733253496,1.7649345431878962,24.413536434643685,31.89309237920559,0.6359391291639174,0.5834487143065062,0.253516671444529,0.06396307286515002,-0.02858297481016983,2.1851240258130384,0.8326954797714219,-1,bot_400,synthetic_bot_400,1,stitch
108325.14796710928,0.936564770519967,6485,27.722882271254434,0.0,0.3347710747084214,1.5757782266354032,27.304418140659948,28.37693908396608,0.646935853504094,0.5559743304966228,0.2793503669752866,0.05628373168851195,0.08242398860034189,2.2587217542770874,0.7946513948511733,-1,bot_401,synthetic_bot_401,1,stitch
109235.82015683646,0.9579017894660542,6300,28.584405272351912,0.0,0.3480416351963872,1.6561518123845322,21.042716515871877,30.329586453303346,0.6303759865905328,0.58161948103377,0.24662797678607165,0.06111111111111111,0.09033982973995133,2.421573821831451,0.8095109836176089,-1,bot_402,synthetic_bot_402,1,stitch
105171.83710956862,0.9802639378343513,6061,29.68108286563222,0.0,0.3486264185643317,1.666958776054246,22.76052553196761,30.093100861874223,0.6245549041792418,0.5661047494994659,0.26997475990490455,0.060716053456525323,0.17698325620739275,2.1843348701397916,0.7822268693015282,-1,bot_403,synthetic_bot_403,1,stitch
99169.55354515288,1.0384928655410857,5225,34.42993874425727,0.0,0.3670187398554938,1.8059299596172027,27.933333333333334,34.579001392081864,0.6066759563867444,0.6161384772416474,0.23248892050117634,0.06832535885167464,0.054008175886477064,2.2108383730081145,0.7910998585582631,-1,bot_404,synthetic_bot_404,1,stitch
99543.2014341549,1.0599470208054358,5264,34.20140604218127,0.0,0.33770369971688224,1.9997287446833845,29.19047619047619,35.889428513483494,0.6041387169741621,0.5910458560897893,0.20748645720476708,0.05832066869300912,0.11387034394728464,2.4270396612412206,0.7224795880535089,-1,bot_405,synthetic_bot_405,1,stitch
105963.95502502628,1.0079881664826567,5904,30.50364345026267,0.0,0.33899924674146703,1.7891713286845654,21.077800374779464,34.360908165164645,0.6143911909500285,0.5633873261426272,0.283945422220352,0.057926829268292686,0.10875777085941674,2.449878394146652,0.7711572990821715,-1,bot_406,synthetic_bot_406,1,stitch
99211.46968311827,0.8990073536682295,6161,29.225361259944798,0.0,0.3564212994623012,1.6565450779365414,39.85739887270567,29.089911008200126,0.6109729608756614,0.5794367264784803,0.29753186254968733,0.06508683655250772,0.02422152887709585,2.7214653518773395,0.7959823620834252,-1,bot_407,synthetic_bot_407,1,stitch
109105.86831149185,1.04415574842103,6398,28.15485687470671,0.0,0.33756343993276944,2.077989284932158,47.18315377335432,30.347820668499008,0.6679980340923354,0.572724964853376,0.27711003862981975,0.05986245701781807,0.029076574448718348,3.988268806788445,0.8049782573067427,-1,bot_408,synthetic_bot_408,1,stitch
117439.4811201017,1.0476382579674082,6351,28.35575862612258,0.0,0.34685722109190076,1.7522799091493924,19.900062813971214,33.77720796402797,0.602821412850267,0.5930475393066807,0.27657283204232,0.0675484175720359,0.036623324858731404,2.121888788133264,0.8071162278039314,-1,bot_409,synthetic_bot_409,1,stitch
103256.98914550249,0.9587872577955887,6339,28.410576164167324,0.0,0.34814982963905067,1.538245373371237,20.066666666666666,26.087038409382473,0.6290800258298606,0.5856794807453352,0.3157426427778937,0.06609875374664774,0.075454216973591,2.0673745807748185,0.829305199339021,-1,bot_410,synthetic_bot_410,1,stitch
128872.48824696254,1.182723400731977,6251,28.80969910371319,0.0,0.33947340219350736,1.897198176580629,23.8,33.94141108229939,0.6371231044695054,0.5779194382227751,0.2729447942850726,0.059510478323468244,0.08753495421511252,2.675239392933902,0.8319864432271549,-1,bot_411,synthetic_bot_411,1,stitch
103090.39749151432,0.9466897387652267,5956,30.240591397849464,0.0,0.3910842712174755,1.6918730800733852,19.5305249865435,30.700370794567068,0.5952040919162354,0.6229190564329369,0.25733538494190056,0.06799865681665547,0.05136596133658248,2.1719662271835016,0.7915511798691532,-1,bot_412,synthetic_bot_412,1,stitch
104890.311660292,0.9244377513120561,6446,27.9332712600869,0.0,0.3609993350976978,1.5418906843832045,17.18522712244444,28.628979343915578,0.6399864292912797,0.5959111105060813,0.27608879492600424,0.06515668631709587,0.19006738589274103,2.1348754220094537,0.8079194442169716,-1,bot_413,synthetic_bot_413,1,stitch
107631.57449168076,1.055446005386945,5985,29.60578692088978,0.0,0.3405542929683184,1.8213687030189305,25.141610762160333,32.08039894703388,0.5906973033584952,0.5949807236360868,0.23842901646639963,0.061152882205513785,0.08401477672057185,2.2675574125448907,0.7955264265915953,-1,bot_414,synthetic_bot_414,1,stitch
95066.84234465184,0.9915665317799788,5503,32.73572208075664,0.0,0.35087890877770617,1.7647396976155645,22.670195803692955,29.932942834444066,0.6127380897449825,0.5832343318545831,0.2286526318202134,0.06323823369071416,0.11330442933952511,2.3549385602441495,0.7834935771685155,-1,bot_415,synthetic_bot_415,1,stitch
124561.09987174744,1.190332596046289,6110,29.473718683477976,0.0,0.33611817071255284,1.9944865440571022,30.46481577164057,36.707165157320865,0.6501124322308572,0.5900014307755131,0.20643172338753552,0.06088379705400982,-0.06731680163768115,2.1996392605462005,0.7860364938701763,-1,bot_416,synthetic_bot_416,1,stitch
104572.12665058058,1.0061527703179338,5792,31.08012433085823,0.0,0.35864489342023065,1.7015903742887954,23.440499808024573,31.880415222015426,0.6386465373686158,0.6063275692273853,0.2681869363444074,0.06422651933701658,0.242796225539888,2.2635083048313605,0.8142673846739026,-1,bot_417,synthetic_bot_417,1,stitch
127055.46838517718,1.1965382895208065,6170,29.142996108949415,0.0,0.3399893091601303,2.317593201159659,32.96001892023459,41.84171483994041,0.6100080498567986,0.5642367332391991,0.25711164443068135,0.06207455429497569,0.007654044154950598,2.98029311071393,0.7802915288196632,-1,bot_418,synthetic_bot_418,1,stitch
108246.21387845484,1.0624495875672646,5998,30.017845230153437,0.0,0.33234455355157344,1.861789375641373,26.59090909090909,32.10026966777365,0.6312645494700417,0.5720689413910709,0.2399000162575191,0.05735245081693898,0.04106444924222739,2.43995169437286,0.8355683762097554,-1,bot_419,synthetic_bot_419,1,stitch
124977.21475416969,1.0916315816727469,6422,28.03239370814515,0.0,0.3368298077147561,1.8569207279540232,20.934527409755933,33.89632886761685,0.656912184836308,0.5921269518110236,0.20932588224185145,0.058393023980068515,-0.0017669992730842503,2.1556349286328045,0.7971159306414491,-1,bot_420,synthetic_bot_420,1,stitch
119601.23501681478,1.0852899614378277,6033,29.862618218018916,0.0,0.35237408711834645,1.9735835184320487,25.675323215535617,36.21211885431248,0.6373041633217921,0.5827950624357622,0.2648515307155612,0.06132935521299519,0.15834763460340928,2.2630400115926683,0.8367473228380402,-1,bot_421,synthetic_bot_421,1,stitch
100782.11753071763,0.9743706261074632,5484,32.80897646414888,0.0,0.3508603683149344,1.7121415032847558,17.946206466287304,32.97434886630522,0.6143382147894716,0.5880146462980275,0.25034778072425334,0.06327498176513494,0.07076690242911747,2.232747851346614,0.8020249879313628,-1,bot_422,synthetic_bot_422,1,stitch
102485.35819997909,1.0266102476442622,5949,30.25605245460659,0.0,0.33079586310448456,1.6846558572665866,18.52068100799752,27.65270837328804,0.6500370090886202,0.5852565862839317,0.24233119056473462,0.056816271642292825,0.09339233299840646,2.132599891245916,0.8125820700688866,-1,bot_423,synthetic_bot_423,1,stitch
113346.78055452472,1.0189819662668962,6213,27.142949130714747,0.0,0.33626581706955155,1.8837278896107128,24.38012766578551,35.275845136087234,0.662632494466713,0.5622312177674521,0.24955469329199603,0.05923064542089168,0.07572798272158857,2.3904011136042116,0.8230464433409854,-1,bot_424,synthetic_bot_424,1,stitch
112563.96964134322,1.1381128111703174,5751,31.304173913043478,0.0,0.3266896380569513,1.883639491252586,23.761570758221332,31.624352858224462,0.6152075707714202,0.5510569886876264,0.26274367237855684,0.055120848548078596,-0.052051665254164325,2.1979042183970976,0.8371175785323051,-1,bot_425,synthetic_bot_425,1,stitch
126130.15424536305,1.0616979190296971,6631,27.152813395685623,0.0,0.33516801984964045,1.8736478395524816,20.08502636352934,33.582678275971325,0.6259846361502274,0.5767701829825372,0.2780195769970285,0.06273563565073141,0.02859650737658639,2.1544692024568013,0.8245194042213378,-1,bot_426,synthetic_bot_426,1,stitch
99593.26720757253,0.9723853634939301,5606,31.75950044603033,0.0,0.35691410691504794,1.58325344373003,16.2436255774635,31.406217943930102,0.5949647825991236,0.5805106905847266,0.2781702322363208,0.06261148769175882,0.20879672199611468,2.0701146961229133,0.7912061854275769,-1,bot_427,synthetic_bot_427,1,stitch
114131.83238854466,0.9993327864723209,6497,27.71177829099307,0.0,0.3449996458319739,1.6274913295566367,22.564998079370525,30.162083519638713,0.6483707500994859,0.5824093123272333,0.221255811769126,0.06002770509465907,0.09862865220689901,2.088321772296808,0.7837523419910245,-1,bot_428,synthetic_bot_428,1,stitch
118851.90069506923,1.0706393863570998,6085,29.48931623931624,0.0,0.33598873737598856,1.9029670571162676,22.540467261347125,35.30755332297982,0.653399619988579,0.5769720142401022,0.21735120177961043,0.05965488907148726,-0.03413575865374471,2.2728999903607985,0.7896227928667836,-1,bot_429,synthetic_bot_429,1,stitch
131764.88385074068,1.1489551522788417,5890,30.52862238831323,0.0,0.34668877076582544,2.020840867556697,24.147327504416225,41.93211554965134,0.6480686633517613,0.5929442656972467,0.28346062881992423,0.06434634974533107,0.16619756247927342,2.111862830120707,0.8030060272327023,-1,bot_430,synthetic_bot_430,1,stitch
100413.27449911596,0.9186397548902591,6086,29.585963182117027,0.0,0.34963716803181843,1.552256116589751,24.376242192593033,28.30402881826523,0.6327751118262561,0.5941081161218549,0.2637069703152768,0.06720341767992113,0.0684136556312925,2.1475327718635033,0.7978181369502853,-1,bot_431,synthetic_bot_431,1,stitch
98275.82214087085,0.9823608834955513,5677,31.70983086680761,0.0,0.35165840931436,1.7476830242408252,23.006708629773808,32.35744788213941,0.6584643182818861,0.5865342430305802,0.23785021282270702,0.06253302800775057,0.08676595789246144,2.4749008096958027,0.7725618662970277,-1,bot_432,synthetic_bot_432,1,stitch
91855.96689769565,0.9450040490062538,5283,34.08142397273244,0.0,0.35646451078709496,1.6243316269473453,17.20794238861811,30.94574196565991,0.5966133316754412,0.5933981184468535,0.31434054909584874,0.06700738216922203,0.09423921676269575,2.1715118914754945,0.7887335548818607,-1,bot_433,synthetic_bot_433,1,stitch
134969.4320613375,1.1629179583625706,6516,27.630334663801044,0.0,0.3308129965185142,2.087285333660316,29.121758188680847,38.88002582974128,0.6545328486958428,0.5703392645048624,0.27897038035438376,0.05954573357888275,-0.009178413464652146,2.2963027976279635,0.7934107127635897,-1,bot_434,synthetic_bot_434,1,stitch
125756.63668541303,1.1636622203770786,6088,29.588361006082526,0.0,0.33749267899710145,1.9163142823361938,20.758039256433307,35.57437663406791,0.6262512596516204,0.5674149687880882,0.2828122927260668,0.06176084099868594,0.05920107427763954,2.0593483873163123,0.8424162362935707,-1,bot_435,synthetic_bot_435,1,stitch
117654.41594549833,0.9748429099253858,6675,26.977368105515588,0.0,0.33834174148061685,1.6122678148320495,24.413536434643685,30.505535818062743,0.5951449485670651,0.5892260512544645,0.24726495407363155,0.0599250936329588,0.03520506105056508,2.1243397591257085,0.803559136254193,-1,bot_436,synthetic_bot_436,1,stitch
98836.26143661857,1.081256544295048,5066,35.5228125617223,0.0,0.3334004900884338,1.7732152089315973,21.94609572575702,35.56437096071343,0.6487964627385501,0.5836531364423339,0.22032255605527665,0.05902092380576392,0.09059948836199037,2.0217884708353986,0.8123341397739225,-1,bot_437,synthetic_bot_437,1,stitch
108262.89782450968,1.0902172701999995,5848,30.78313665127416,0.0,0.36069883190436824,2.006281133312847,22.461670178749728,33.935640636522876,0.6142887748082732,0.5993739623446721,0.2370179167931977,0.07028043775649795,0.12011434605996085,2.35790917804545,0.7689426802010235,-1,bot_438,synthetic_bot_438,1,stitch
100211.38524301705,1.0112063672006186,5653,31.851707662360646,0.0,0.3585491265251105,1.7649351562427475,21.687240943768906,30.76087470624532,0.5975118053255446,0.5905620468845519,0.21916393178027654,0.0627985140633292,-0.14533711081390974,2.170293250914441,0.7873663043628364,-1,bot_439,synthetic_bot_439,1,stitch
99834.61816447416,0.9753912564016178,5947,30.270602085435588,0.0,0.33645158078960896,1.7002695100541412,23.70095470170539,30.057937340315227,0.6626515371051727,0.563053551370608,0.2419562139200523,0.053304186985034474,-0.10651988172914902,2.3396944368576205,0.8111738980612195,-1,bot_440,synthetic_bot_440,1,stitch
115622.47877193418,1.0659397181668928,6708,26.84489187173751,0.0,0.30979253631120734,1.8567366166206885,28.49274880901942,30.42324063092501,0.6196822526620369,0.5490708610161802,0.21541833784161926,0.0511329755515802,-0.08642761046034582,2.2741882330258463,0.832880680499889,-1,bot_441,synthetic_bot_441,1,stitch
85045.15949384015,0.9313802066127614,5454,33.013756419662506,0.0,0.32716276682180434,1.6278098218643808,23.771043309034628,28.69164558071631,0.6762176483653152,0.5687542192781407,0.32242322935483003,0.0539053905390539,0.17678899827159167,2.5489899981911917,0.754418496615868,-1,bot_442,synthetic_bot_442,1,stitch
105900.58088549275,0.9345963957562778,5982,30.11007025761124,0.0,0.3347513181090661,1.6456470794026814,26.44643761454461,31.77185407441411,0.6210732560718998,0.5703593091238441,0.26223410317781026,0.05917753259779338,0.13494455514488352,2.195788120888764,0.7871892349153857,-1,bot_443,synthetic_bot_443,1,stitch
105538.48171662372,0.968518249151351,6115,29.449443717277486,0.0,0.3563093368128904,1.6368351902800096,24.22375122595157,29.430263425585448,0.6078587646079598,0.5789678372899837,0.2891697399427261,0.060670482420278005,-0.05317320561380322,2.1277413108500616,0.8098180659900089,-1,bot_444,synthetic_bot_444,1,stitch
85966.75314268214,0.8589175373530854,5741,31.35772782714759,0.0,0.35692030602858266,1.4364722090450237,17.94358710902311,24.721858344874565,0.6422171760349756,0.5810932055396087,0.3083691749200963,0.06253265981536318,0.023660053423340453,2.1625563030638153,0.8114764219988428,-1,bot_445,synthetic_bot_445,1,stitch
49927.54065784571,1.0195538721135506,2481,72.58145161290322,0.0,0.36961713471173896,1.7647395550913016,18.09578588839718,36.10278695473133,0.6148647862391399,0.6301547384286266,0.2556848822577746,0.0769850866586054,-0.059499086461560505,2.032091510377199,0.8263022617329394,-1,bot_446,synthetic_bot_446,1,stitch
107389.00566044863,0.9963120613746987,6034,29.851077943615255,0.0,0.34735657587345053,1.7031542646788875,18.471599822430107,30.751319836681137,0.6198538942096002,0.5840701671024365,0.2796801163213377,0.06181637388133908,-0.04088537935801705,2.1987793541519713,0.8215014423436968,-1,bot_447,synthetic_bot_447,1,stitch
119324.08562557626,1.0288556759332723,6382,28.221386014424585,0.0,0.3356168069232461,1.6985813516338883,21.700287885902938,31.875916781970755,0.6501426818124808,0.5717930379239631,0.237113964570223,0.059699153870260105,0.06327859002177996,2.239137515327914,0.7910602563076252,-1,bot_448,synthetic_bot_448,1,stitch
119121.52396655804,1.048415728585821,6435,27.989426216762556,0.0,0.3468144633235746,1.8049313928208275,22.643321311150444,33.32945318142693,0.6302753812687636,0.5915498902827117,0.260469431301605,0.06060606060606061,0.06899960711362675,2.5826353922767895,0.7776727631279899,-1,bot_449,synthetic_bot_449,1,stitch
103072.08369350068,1.0786807377048309,5589,32.22864816472695,0.0,0.3381500146541424,1.8574552534360529,16.81435863332289,31.931055297899707,0.6267259821213379,0.5786717776953838,0.227904245614403,0.05492932546072643,0.07676481445719792,2.2444670467462,0.8226425199746285,-1,bot_450,synthetic_bot_450,1,stitch
85671.05662376703,0.9655807187252533,5045,35.593378271213325,0.0,0.34911139700851546,1.5953399221001876,15.841226102939268,29.79250451315497,0.6450672608737515,0.6038706476427136,0.22594052401526063,0.062438057482656094,0.041844360177582626,2.207370560986904,0.7679239508503923,-1,bot_451,synthetic_bot_451,1,stitch
96948.24507752585,0.9546003728602345,5591,32.200894454382826,0.0,0.3511773277759122,1.8376670033596345,43.46324026620508,36.48212784355292,0.6295785119651107,0.5906605733855483,0.2838525805302412,0.059202289393668395,-0.010915426294690788,2.4595187126092672,0.7871022278720653,-1,bot_452,synthetic_bot_452,1,stitch
103370.32537111147,0.8740688990441768,6540,27.517589476904252,0.0,0.3506315463673684,1.4108651339293514,14.543812820216058,26.056287852424344,0.6236165970208172,0.5681480649276865,0.2893777633991157,0.05856269113149847,0.08386160076054698,2.05716189953287,0.806501965917958,-1,bot_453,synthetic_bot_453,1,stitch
115683.58961796373,1.118282820265267,6028,29.86076999668105,0.0,0.3251873511754819,1.930987854971431,26.83500786396053,35.05651091199416,0.6559143895070726,0.5807542476462497,0.23554965040236708,0.05806237558062376,0.0708356772202936,2.232310863307427,0.7969466694006728,-1,bot_454,synthetic_bot_454,1,stitch
117365.62133318499,1.0464577149878693,6671,26.720905818836233,0.0,0.34334799482595557,1.7776994556555246,21.85209117885263,30.22505351297778,0.6058279277689205,0.5601541608817613,0.2826860459629088,0.05621346125018738,-0.03267146496037775,2.271481857325216,0.804230310892424,-1,bot_455,synthetic_bot_455,1,stitch
110771.6798064108,1.0955487623223903,5418,33.211041358936484,0.0,0.3162631700931542,1.8872246677372413,27.933333333333334,37.413888610025744,0.6479377609770882,0.5672444908712949,0.24233347879557265,0.05278700627537837,0.07311074740784011,2.692859905892361,0.8170456282038092,-1,bot_456,synthetic_bot_456,1,stitch
110015.36713465537,0.9289455448255101,6358,28.32908404154863,0.0,0.36362663618394747,1.6561391668888912,25.09011536220766,31.657394593837008,0.5846979219569726,0.606079671700334,0.2534815051274889,0.06527209814407046,0.015639744984328345,2.2459259222813457,0.7952602324468727,-1,bot_457,synthetic_bot_457,1,stitch
126402.39606233065,1.0803651780701087,6660,27.043719951923077,0.0,0.35377139043431455,1.914838761078028,22.616591345329486,34.51975564099182,0.6326612007016419,0.5828995459642364,0.2475863197512682,0.060810810810810814,0.030007183041461518,2.31181884989525,0.8076988146521358,-1,bot_458,synthetic_bot_458,1,stitch
120930.32351819593,1.0859117240369167,5996,30.028194861528196,0.0,0.3549313616082621,1.9544124696670415,23.315515890711062,39.35182351605764,0.5841651523372597,0.5869675433318299,0.21738782478792082,0.066711140760507,0.10556352951445663,2.173099626211469,0.7897257757115621,-1,bot_459,synthetic_bot_459,1,stitch
97802.64751632264,0.9326463070473379,5525,32.5893536121673,0.0,0.35838746131830557,1.6924643759516849,20.896733462140805,31.644909119378127,0.5995622650670409,0.6135996313707084,0.22884689976173325,0.06823529411764706,0.028190580289390126,2.2708230329350734,0.8174380528694071,-1,bot_460,synthetic_bot_460,1,stitch
123058.8129527837,1.1023427261472147,6264,28.75399361022364,0.0,0.3556427735124466,1.8461520211535323,17.29679560849337,33.557102974887314,0.6148717838872438,0.6015382316590945,0.2839212841207944,0.06369731800766283,-0.036993154027147875,2.1386018566448346,0.6624891279929889,-1,bot_461,synthetic_bot_461,1,stitch
106354.11370491571,1.0291728195430565,5807,31.006029285099054,0.0,0.3613063863116381,1.7834499602468397,24.86083716389687,33.28368857750611,0.6519196080060504,0.5960114473881813,0.26034166168066186,0.06629929395557087,-0.11261775925750112,2.192607288049278,0.8088428764254965,-1,bot_462,synthetic_bot_462,1,stitch
100916.5570184926,1.0218364273397518,5503,32.112,0.0,0.33328565070415517,1.8286431795014346,19.939220145231356,33.92346235130675,0.6595104850525394,0.5746576849156294,0.22177137260388974,0.058331819007813916,0.012544195252821615,2.275976242706745,0.8097576666964053,-1,bot_463,synthetic_bot_463,1,stitch
101268.75387986383,0.9436676980143677,6284,27.947142174812928,0.0,0.34628783861129975,1.695966409504463,21.0,28.979042361496628,0.6303964336915523,0.5695553100866327,0.27972857602199774,0.059516231699554424,-0.03229808176020448,2.2396570145756742,0.8128805193717618,-1,bot_464,synthetic_bot_464,1,stitch
102098.03812232596,1.027462800615361,5980,30.10906657745065,0.0,0.3458611819505371,1.6627205921698713,18.009997223764362,28.341912123732737,0.6340716223542415,0.583207228347215,0.2893338467462457,0.06321070234113713,-0.01885936323466992,2.092433052693507,0.8136896584545597,-1,bot_465,synthetic_bot_465,1,stitch
103388.06007190097,0.9386288229199106,6088,29.549638395792243,0.0,0.34932522060294674,1.6131723255950432,17.502121672487277,30.704084561651555,0.6190103977477461,0.5853369077722198,0.2512801988823492,0.06455321944809461,0.055509923474493045,2.1035488492060574,0.819795774367784,-1,bot_466,synthetic_bot_466,1,stitch
115050.16693820112,1.0139965961005892,6513,27.645369374904007,0.0,0.3421427792317399,1.8287724943731043,24.660504777229697,32.75845687274032,0.6490591521302297,0.5805575399320225,0.23133757239633035,0.06126209120221096,0.22845417102892066,2.343456801765709,0.8091258460260469,-1,bot_467,synthetic_bot_467,1,stitch
115142.08665826106,1.063496780106843,6098,29.54736496470202,0.0,0.33468254327224317,1.8058464059275328,26.586868379858767,34.898895143707094,0.6070076538231273,0.5812083551420704,0.3137131072320186,0.060019678583142014,0.12130142370560142,2.1679325787913513,0.7001305003861125,-1,bot_468,synthetic_bot_468,1,stitch
120920.14384747272,1.0609869127559977,6695,26.723684210526315,0.0,0.35535414940434507,1.8218687315578053,20.78147816472023,30.824332298122172,0.6417204434757653,0.5971126671653345,0.272688964007292,0.06243465272591486,0.06327422054040145,2.1391658692190108,0.8129476199254457,-1,bot_469,synthetic_bot_469,1,stitch
108814.24613530285,1.0419630457443585,5780,31.14708427063506,0.0,0.34298968157999987,1.8866059736752814,29.58584651568359,34.47510420075382,0.5956705925142811,0.5787132583305393,0.2452301347374322,0.06366782006920416,-0.018387738382496806,2.3039835730601754,0.7717188739272574,-1,bot_470,synthetic_bot_470,1,stitch
78756.77800270628,0.8152797311038629,5304,33.94775556393814,0.0,0.35134261733466404,1.4411248617353887,22.285828754284775,27.06606778483105,0.5917705988520088,0.5876970523855363,0.25501149265166817,0.06184012066365008,0.035549078646693766,2.1649805989699815,0.8042269773640884,-1,bot_471,synthetic_bot_471,1,stitch
118284.00285442552,1.043395050441388,6677,26.970332634102487,0.0,0.3283550513141426,1.7697876308518432,22.970266347926284,30.08276760378493,0.6605514471086438,0.5545117777661003,0.27705306987517936,0.05781039388947132,0.14532007403233058,2.292189050405367,0.8164930157929324,-1,bot_472,synthetic_bot_472,1,stitch
101922.7233217864,0.9516554902340733,5838,30.831048663468128,0.0,0.3721344161487429,1.751064468363231,28.61522516268413,32.399971581634084,0.5966919299423082,0.6120252426528234,0.2269135486075517,0.06920178143199726,0.10727777729566092,2.3070613074106525,0.7965764353141112,-1,bot_473,synthetic_bot_473,1,stitch
100287.96805498615,0.912961576958604,5911,30.47908552074513,0.0,0.34273623999343283,1.5968313293087766,23.22134296785544,30.344297886372473,0.6263919419175135,0.583493920613733,0.2440348605686059,0.06022669599052614,0.032702215883891814,2.2789415162266637,0.7973854326421634,-1,bot_474,synthetic_bot_474,1,stitch
122949.83656714641,1.1486635616573728,6275,28.153220663265305,0.0,0.36681392164742216,2.0297712436164965,26.88457945077248,35.76615763249969,0.6400123094160683,0.6108449204039879,0.24058549567531604,0.06836653386454183,0.11563279475466957,2.170411328781523,0.8048926502664051,-1,bot_475,synthetic_bot_475,1,stitch
99998.22292869209,1.0186680908991856,3807,47.29138202837625,0.0,0.14697171245290852,0.641677249035637,4.951767361255979,13.747231656473769,0.7742947069405035,0.30862945674101444,0.36694671502142995,0.021539269766220122,-0.03085001125447519,1.617218922050649,0.9570732670117218,-2,smooth_0,synthetic_smooth_0,1,smooth
137659.2796498933,1.45990306855179,6008,29.96370900615948,0.0,0.15920850954078145,0.9631758203037075,14.3287298809071,12.464298607861393,0.7928433436254892,0.31208857712215154,0.30019438600420767,0.019973368841544607,0.00840474504259173,1.9971783570734287,0.9513126222149118,-2,smooth_1,synthetic_smooth_1,1,smooth
182004.51884123968,1.2525550906318474,8722,20.640522875816995,0.0,0.1716100706141397,0.7814255114176138,5.623151670615314,11.604873102661148,0.8022074557980888,0.31387235871960373,0.3665063401836467,0.01891767943132309,0.07372591377689053,1.5386767805938324,0.9544277587376393,-2,smooth_2,synthetic_smooth_2,1,smooth
178427.9325986873,1.6550665030944582,6932,25.97071129707113,0.0,0.1523818626650058,1.0640747339859697,7.343023900274328,13.865206095547194,0.7789652885996052,0.3244120565566238,0.3232640500518194,0.02495672244662435,0.052625133963859205,1.6203971173883072,0.9595941478905181,-2,smooth_3,synthetic_smooth_3,1,smooth
111814.20616851779,1.0127217878527615,4346,41.42416570771001,0.0,0.1565541361295061,0.6992976590740755,6.649050800167636,15.15769931612609,0.7739474862807795,0.3133354367528082,0.40968417067193924,0.028531983433041877,-0.09584509713428867,1.8720840841359436,0.9616303102621415,-2,smooth_4,synthetic_smooth_4,1,smooth
121057.10190336083,1.1354555471674221,4909,36.67318663406683,0.0,0.1554898074827236,0.788213926028032,6.548960901462833,14.02860052046859,0.7919614543251067,0.307751236337876,0.3802338740098076,0.020778162558565898,-0.11308023023509178,2.202670464503012,0.9620953977222605,-2,smooth_5,synthetic_smooth_5,1,smooth
143455.97236179275,1.3535524573798836,6201,28.988870967741935,0.0,0.16251602570249582,0.8998406893452918,6.574360974438673,13.306791308513242,0.808185953643505,0.3098573131710862,0.3139855802775409,0.022899532333494597,0.06980365264868117,1.5482875126013635,0.9510781965202769,-2,smooth_6,synthetic_smooth_6,1,smooth
172822.41057288315,1.6269815149390683,7263,24.78614706692371,0.0,0.1580947767152323,1.0660560893524373,5.869412236331676,13.355355565615751,0.7948949525087847,0.310270720588186,0.4033784105033655,0.026159988985267797,-0.019484644176246534,1.5229309199248708,0.9606065387288741,-2,smooth_7,synthetic_smooth_7,1,smooth
104924.79907604645,0.9031155139197717,4461,40.35470852017937,0.0,0.16251454325020984,0.5774473245466091,5.203844732503075,12.537554658702499,0.7555982892478702,0.3212963649507384,0.42850376117921707,0.020847343644922665,0.0529798797783265,1.816104308748126,0.9576472333568239,-2,smooth_8,synthetic_smooth_8,1,smooth
170976.13629364327,1.6024332108791215,6620,27.19308052575918,0.0,0.15302080578659072,1.092477155561252,9.867117106835208,14.265481681643688,0.7723537936420758,0.30674871804418247,0.4605203517360167,0.020996978851963746,-0.13286870393496253,1.8764564171841156,0.9639378651325446,-2,smooth_9,synthetic_smooth_9,1,smooth
109345.17144486553,1.2773923294942537,4579,39.31869812145042,0.0,0.1574352019212641,0.8506878477455364,5.234974563231988,13.230989229769113,0.7434902341724406,0.3092648962841362,0.3643400934041328,0.030355972919851495,0.22688474908931527,1.758644257222465,0.9574371258074812,-2,smooth_10,synthetic_smooth_10,1,smooth
118024.22654536966,1.2142782007885624,4538,39.67577694511792,0.0,0.1495289417175986,0.7455944390568,6.822830820719744,13.16436696589568,0.7527031668109022,0.3300311664790535,0.30581286205948444,0.02357866901718819,0.1481084057989388,1.656074294150046,0.9587543334210541,-2,smooth_11,synthetic_smooth_11,1,smooth
145533.08979197152,1.1267120051958839,6042,29.792252938255256,0.0,0.16054748270428248,0.7718775989143035,6.69991708074726,13.934186205801677,0.8094872507493417,0.315509312642891,0.33755972210468005,0.015392254220456803,-0.11581862648021961,1.7693728538433755,0.962628335936597,-2,smooth_12,synthetic_smooth_12,1,smooth
150072.86088170696,1.3973875385952,6328,28.45471787577051,0.0,0.15863839334796384,0.9013780756618582,6.407807737440318,12.916519115306608,0.7909841596855749,0.3132942341655147,0.3299063007790551,0.021175726927939318,0.07859141579358005,1.504595781805732,0.9557831288186662,-2,smooth_13,synthetic_smooth_13,1,smooth
131691.04678974143,1.206949888411407,5597,32.19335239456755,0.0,0.16233010451008362,0.7297125495565481,5.703561365050609,12.219578424098211,0.7636575360509068,0.3309322321615638,0.3664803683785019,0.033232088618902984,0.02624951847400537,1.6665429951541304,0.9579651067227544,-2,smooth_14,synthetic_smooth_14,1,smooth
117935.11932476863,1.5603103758776715,4768,37.75833857772184,0.0,0.15049452413824596,1.0069726714381104,5.8,13.778961867493697,0.7981393222015183,0.2913911797761818,0.34343658814663086,0.02181208053691275,-0.13378500828174308,1.6218626805885037,0.9601914802934628,-2,smooth_15,synthetic_smooth_15,1,smooth
154767.52910016436,1.3680818146191713,6567,27.513706975327445,0.0,0.1646818117877461,0.9190672532490306,7.374805428080175,13.216773874759959,0.7564641773545709,0.32931985011040016,0.33234397735581345,0.023907415867214864,0.12675876861677057,1.598105011548499,0.9530995976277747,-2,smooth_16,synthetic_smooth_16,1,smooth
121432.84724588052,1.2671628579294187,5027,35.815957023477914,0.0,0.16143906332581295,0.8265562986968431,6.368324391514267,13.691511564817445,0.7902741196924558,0.316875589832414,0.4050269092031404,0.02009150586831112,-0.04561578034998726,1.637099496449109,0.960226749303128,-2,smooth_17,synthetic_smooth_17,1,smooth
137771.4097062356,1.1350289530687385,6225,28.917898457583547,0.0,0.1618810550644583,0.7565392804316268,6.445402227676968,12.657639470763549,0.8266914380968827,0.2929597362339386,0.421491825613079,0.014136546184738957,0.04980322620842705,1.7618310549994607,0.9591346280135233,-2,smooth_18,synthetic_smooth_18,1,smooth
149586.78024634783,1.0568194049108355,6655,27.049894800120228,0.0,0.1664624444033238,0.7131207917155373,6.791351042288407,13.07165264996678,0.805908549043175,0.3150791611426606,0.3309936753762321,0.019383921863260708,0.048548824755054815,1.798137007744867,0.9574497858040638,-2,smooth_19,synthetic_smooth_19,1,smooth
141876.28393639665,1.3911893212313375,6450,27.910683826949914,0.0,0.16693047935354194,0.9701468527539006,5.738805128031502,13.23213975206198,0.7835656626369951,0.3053626266196415,0.37213539326301687,0.01891472868217054,-0.08987355120358298,1.6772629777519028,0.9602591236659399,-2,smooth_20,synthetic_smooth_20,1,smooth
120005.07579584135,1.4318867138641904,5203,35.02806612841215,0.0,0.15388305294179652,1.0108271548573546,12.4,12.877778220296962,0.8047015966138975,0.29348162526561167,0.36389024378580515,0.03363444166826831,0.043553880781388936,2.0192700043750618,0.9580751379848571,-2,smooth_21,synthetic_smooth_21,1,smooth
124727.67495667239,1.2477016868945205,5794,31.075608493008804,0.0,0.16896171016498013,0.8154642524241553,6.0878978309429606,11.599863117338794,0.7632155811470186,0.32192394956000425,0.33491000343016014,0.026924404556437694,-0.0900361423945699,1.5869193045908345,0.9510161717885897,-2,smooth_22,synthetic_smooth_22,1,smooth
176621.8393399672,1.5898271874752947,7404,24.314196947183575,0.0,0.15677018128320297,1.0549858873507094,11.40701538527936,13.26486951012184,0.787277119503805,0.3056221805007021,0.35515505763922717,0.02404105888708806,-0.0030608895576250354,1.952312087667422,0.9608021803492592,-2,smooth_23,synthetic_smooth_23,1,smooth
113568.26148867191,1.1722016792502181,4990,38.7580677490479,0.0,0.16047279158967984,0.7671629775477287,6.778688463408731,12.728894729816584,0.7845055409841487,0.30360298070382913,0.3816909113011062,0.021442885771543085,-0.14770413080997533,1.7271419451764098,0.9578432995696418,-2,smooth_24,synthetic_smooth_24,1,smooth
123753.43719803405,0.9226343314271405,5323,33.81754979331078,0.0,0.16186206331258376,0.5956695531959961,5.525474115180603,12.408230485779681,0.7470894146719195,0.32028439296625927,0.3231511108291109,0.021040766485064814,0.00994462117200189,1.828116012551627,0.9519208290816346,-2,smooth_25,synthetic_smooth_25,1,smooth
143856.2938264722,1.2045562332054727,5547,32.45438153624234,0.0,0.15835398856772664,0.8246409066276583,5.01733107449679,15.563779296180686,0.7824601277042452,0.3222344055952513,0.3435404137409868,0.01838831800973499,-0.06421219088689717,1.6021358408410222,0.9590230883218296,-2,smooth_26,synthetic_smooth_26,1,smooth
151737.4194113668,1.4491849091064926,6624,27.176959081987015,0.0,0.16434292616888316,1.0205310083515444,8.011471367319974,13.614820166351066,0.7974576644228885,0.3125790660991973,0.35395618797977907,0.021135265700483092,-0.09508771328735838,1.784913565868848,0.9553812936638572,-2,smooth_27,synthetic_smooth_27,1,smooth
159279.22989071027,1.2544266793555925,6361,28.300786163522012,0.0,0.14997714343828153,0.8641552059595881,8.226388599364553,15.086598759793993,0.7962662343708538,0.3005594491746194,0.3216742638216952,0.017292878478226695,-0.1000885548516551,1.804592187765737,0.9612702209967827,-2,smooth_28,synthetic_smooth_28,1,smooth
182372.94318676824,1.5940092130272432,7465,24.116291532690248,0.0,0.15752805705829584,1.0848662181710658,6.996471773969407,14.17412467162888,0.7990997808662598,0.30112807001028563,0.31251710527116033,0.017012726054922975,0.10171277386903299,1.5537015420372233,0.9586931882043117,-2,smooth_29,synthetic_smooth_29,1,smooth
170957.06455933035,1.6059375639405604,6901,26.097101449275364,0.0,0.1562950582943746,1.0856583816687055,7.2886898685566255,14.283737106595188,0.7896352564961461,0.30566604348560106,0.3459011596978402,0.017823503840023184,-0.11492740534601895,1.601685368444312,0.9625563189359561,-2,smooth_30,synthetic_smooth_30,1,smooth
136627.2815713801,1.034649942866969,6028,29.86809357889497,0.0,0.1667170642863921,0.7235395340323164,7.833333333333333,13.548288735235607,0.7951131501409054,0.31273132397373465,0.3542467348806256,0.015759787657597876,-0.16314548968885917,1.9957823565367956,0.9579826411771442,-2,smooth_31,synthetic_smooth_31,1,smooth
115849.71968715743,0.8851258972321234,4934,36.48814109061423,0.0,0.16279711077743392,0.5368433268796,3.39934634239519,12.320298707367497,0.7465786595591503,0.324485183546857,0.4387360670825238,0.016011349817592217,0.013976609416480228,1.5326763101845622,0.9577284718122325,-2,smooth_32,synthetic_smooth_32,1,smooth
212725.31739258015,1.543508138734243,9381,19.18912579957356,0.0,0.1714642910131247,1.0682126688825155,7.520804478245662,14.14174276033308,0.8045507667284356,0.31210452058775195,0.36060835933159535,0.02025370429591728,-0.0011785004402189343,1.6470385624227444,0.9551576939010613,-2,smooth_33,synthetic_smooth_33,1,smooth
164127.12087376323,1.2881264965503414,6476,27.79953667953668,0.0,0.15710669300267419,0.836503781987049,7.555006618130788,14.232018340736863,0.7683249857321118,0.31801611395573626,0.38265223255584035,0.03042001235330451,-0.01791016637185029,1.679999879304151,0.9627714375310137,-2,smooth_34,synthetic_smooth_34,1,smooth
132451.41649006685,1.1669524450556423,5404,33.35276698130668,0.0,0.15666179792045445,0.7487409006968441,3.823529411764706,13.728095155276852,0.8036786874756914,0.31848381337214643,0.5562980745676351,0.04385640266469282,0.09447554365681672,1.6068972090837625,0.9611020082975981,-2,smooth_35,synthetic_smooth_35,1,smooth
143430.322071156,1.4350778464688527,6372,28.256003767069533,0.0,0.16658262951838337,1.0058598812519417,13.92838827718412,12.67574468867689,0.7720464072862686,0.33188004969790336,0.3060076010453365,0.01726302573760201,0.014943787117136271,2.3296126606708114,0.953755322179935,-2,smooth_36,synthetic_smooth_36,1,smooth
143301.8369944553,1.4279356567679586,6390,28.173579589920177,0.0,0.16717506647850464,0.9660097862409543,9.240610850419408,12.457639012167744,0.7543670049029751,0.32378766406175785,0.33612990739942133,0.022065727699530517,-0.035343474705375674,1.9981689311773672,0.952346913685783,-2,smooth_37,synthetic_smooth_37,1,smooth
87839.90059959757,1.3084919457591064,4428,43.36638807318726,0.0,0.17299826190118575,0.8915410569016923,6.914658342969665,11.680836057887573,0.812091037009051,0.3056710758974748,0.3128358667280823,0.026196928635953028,-0.1395943860149161,1.7743313362986368,0.9441980696233943,-2,smooth_38,synthetic_smooth_38,1,smooth
123916.28046823671,1.1782360760208803,5308,33.91859807801018,0.0,0.15574945376235752,0.7694023504893477,5.072937401304201,12.748321767306809,0.774798620356951,0.30338921274887215,0.32567907647390715,0.014129615674453654,0.07661546419250673,1.6235314529552554,0.9574175007462398,-2,smooth_39,synthetic_smooth_39,1,smooth
147317.29847805144,1.3366206259921145,6609,27.257717917675546,0.0,0.16722826232018578,0.8807079459445653,5.762215285808055,12.762140029598937,0.7599392013970522,0.3105177035773245,0.35977511618477276,0.020426690876078075,-0.08436771976346884,1.556062432579615,0.9549122869066479,-2,smooth_40,synthetic_smooth_40,1,smooth
93866.12208329955,0.9750958568112168,3730,48.27138643067847,0.0,0.16369959974123213,0.7667853284169124,6.502611061510903,15.975862529433778,0.8142612068764707,0.3090648165827418,0.35971780195312025,0.019571045576407507,0.06913773327165729,1.9212263386034982,0.9577830476895521,-2,smooth_41,synthetic_smooth_41,1,smooth
126501.46359325829,1.3724039374412187,4895,36.777073968124235,0.0,0.14794030647369008,0.9085988849259156,7.25292618683004,14.233893498312367,0.8105917227132451,0.30340349009406054,0.35800867778031514,0.016547497446373852,-0.025426780031853856,1.7535825959277482,0.9631072030833718,-2,smooth_42,synthetic_smooth_42,1,smooth
153342.49402692795,1.4452188211518213,6779,26.55665388020065,0.0,0.16291633657383456,0.9892891042330353,14.0089257261219,12.855773632618003,0.7881024761796713,0.3124921133080695,0.3275022356236466,0.026995132025372473,-0.03865378025509987,2.1228096645781327,0.9564480696892244,-2,smooth_43,synthetic_smooth_43,1,smooth
131251.0533470866,1.4632299098175747,5621,32.04217081850534,0.0,0.16314593474035896,1.0618490206110334,9.80433577556379,14.114990694386714,0.7872153040414422,0.30479326539225143,0.3737652930371192,0.02419498309909269,0.14135874806166418,2.0405941269591,0.9568927434531185,-2,smooth_44,synthetic_smooth_44,1,smooth
94766.59895292042,0.831253032251562,4420,40.718035754695634,0.0,0.16994253343090895,0.5019657221023526,3.7684730181983377,10.553039365827045,0.7087094452380697,0.3344677723149006,0.35597534349027127,0.03076923076923077,-0.08941259918105457,1.666695039506201,0.9470729196992702,-2,smooth_45,synthetic_smooth_45,1,smooth
137888.1275891825,1.107532411981252,5996,30.033194328607173,0.0,0.16712403192996536,0.7485772137771929,7.726181304565691,12.858787259263783,0.7704395467462966,0.323479531534011,0.34886868918896746,0.01817878585723816,-0.07042077499009733,2.0570563078919624,0.9553394315143046,-2,smooth_46,synthetic_smooth_46,1,smooth
89290.22485175531,0.8697292414445394,3864,46.65234273880404,0.0,0.16714224949828613,0.6579581747885724,5.545454545454546,15.09349219562265,0.8166425936463497,0.3039934296761325,0.4188647812462814,0.039337474120082816,-0.1397059434584985,1.7628715855612134,0.9591153381705904,-2,smooth_47,synthetic_smooth_47,1,smooth
129151.48511568163,1.2573775678320769,5301,33.96132075471698,0.0,0.15375484451698931,0.8522791688522136,7.634215742301235,14.377000550663055,0.8094069199385941,0.2977021203705716,0.4494462240843205,0.031880777211846824,-0.04054016062417252,1.749568933400804,0.9652764581811548,-2,smooth_48,synthetic_smooth_48,1,smooth
125050.70116757372,1.15587256398021,5634,31.970885851233803,0.0,0.16026358919968037,0.7338068276377835,6.111111111111111,11.909158921573857,0.8230050371835802,0.2977862667307297,0.3055860384438387,0.022719204827831026,-0.07009208369941992,1.6938886965574727,0.94947284789718,-2,smooth_49,synthetic_smooth_49,1,smooth
148337.48363369316,1.4526188044209047,6413,28.071116656269496,0.0,0.16060970723687068,0.956530380229274,8.0,12.555748897587002,0.7710149758173046,0.3187939583773823,0.35608719748753004,0.020895056915640108,0.08465367915382398,1.949527318044744,0.9552991717335328,-2,smooth_50,synthetic_smooth_50,1,smooth
116120.77600290198,1.2590024378104558,4795,38.26032540675845,0.0,0.16057746896580755,0.8997644933996557,7.871030745715583,14.43218543379559,0.7845404677342795,0.3161301274932394,0.30028213650769114,0.01564129301355579,0.019738558205302893,1.6360863913447774,0.9563064847715015,-2,smooth_51,synthetic_smooth_51,1,smooth
177793.61636842348,1.6241310789983083,7291,24.691358024691358,0.0,0.1536064299138204,1.0924384130024034,9.5818839483684,13.901359682598322,0.8175338011009344,0.29769942390598614,0.358031214960498,0.014949938280071321,-0.004933840721991394,1.8752845622581342,0.9596208969246289,-2,smooth_52,synthetic_smooth_52,1,smooth
127759.14579709712,1.1887302200592968,5527,33.44209192906261,0.0,0.15783174186463916,0.7874115497998303,6.019252857180672,13.224800659710763,0.7817687571004818,0.2959179854012382,0.39286038201309653,0.019540437850551838,0.0877529044549766,1.626567968875559,0.9588358385847775,-2,smooth_53,synthetic_smooth_53,1,smooth
188120.51809166837,1.5288276113572403,7963,22.592690278824417,0.0,0.16268579513011272,0.9868141104069146,9.529559276272959,13.272013449629672,0.7729955291286806,0.325372566670263,0.3827965553287869,0.028255682531709153,0.10642238445969533,1.7662262297612357,0.9569744245957187,-2,smooth_54,synthetic_smooth_54,1,smooth
119420.9533786388,1.317151372564954,5606,32.11471900089206,0.0,0.17551506351667406,0.8654791449319369,6.791538853603062,12.32820219045306,0.7602576834824609,0.3331279902735585,0.353285067172558,0.026043524794862646,-0.011411672050676256,1.6016450803529787,0.953162506587451,-2,smooth_55,synthetic_smooth_55,1,smooth
104551.20326593974,1.1327269148932866,4233,42.991965973534974,0.0,0.149054360163826,0.7940830663522077,8.917993734293491,14.528412700315585,0.8058070398350686,0.2917131764526973,0.3827577396887462,0.01842664776754075,-0.01691174451407113,1.9345069651112747,0.9640210304855783,-2,smooth_56,synthetic_smooth_56,1,smooth
128173.87349536532,1.1752149244640027,5371,33.518621973929235,0.0,0.1624565470066628,0.8219868407785754,7.804245639393983,13.473556991457244,0.7816239587216659,0.32592293539014167,0.37611736486061575,0.01954943213554273,-0.02130946036544672,1.7456618747447605,0.9583225298400412,-2,smooth_57,synthetic_smooth_57,1,smooth
115032.16787027288,1.2234447775140191,4959,36.341266639774105,0.0,0.1581580754027203,0.7895132613151494,6.29111476608081,12.721761567875378,0.7979896396698617,0.3006291882614912,0.33077414607698863,0.013510788465416415,0.0013809139723698408,1.8068973459321493,0.9544635197986178,-2,smooth_58,synthetic_smooth_58,1,smooth
136794.7520620299,1.1111692470551808,5755,31.258602711157454,0.0,0.16609958607303163,0.8143157850833199,6.147367197165802,14.819778774460971,0.7748356136882085,0.3152410217889736,0.34197668795544367,0.019287576020851432,-0.10728557888059613,1.7935787927752764,0.9586926395271791,-2,smooth_59,synthetic_smooth_59,1,smooth
138975.52071430435,1.3603348795621406,5643,31.906593406593405,0.0,0.1558786805273772,0.9174019763193763,6.384796394561067,14.243178336124839,0.773837610830875,0.31741321078388524,0.37084130965740314,0.021796916533758637,-0.04285413307202702,1.728116257275991,0.9605971704712594,-2,smooth_60,synthetic_smooth_60,1,smooth
188283.29852306462,1.6297808504486035,7546,23.856461232604374,0.0,0.15760961743592283,1.1006593507206757,9.008884503644166,13.957791308823731,0.7730015439887906,0.32575951844451695,0.35671228905183555,0.02080572488735754,0.07152080655400189,1.8165100797933462,0.9562759091094823,-2,smooth_61,synthetic_smooth_61,1,smooth
114068.77092708007,1.1825312453383023,4419,41.362607514712536,0.0,0.15194253984277475,0.8196356293244016,5.522680508593631,14.763771642823992,0.7994957343937978,0.3071157947427728,0.38184496596566087,0.020366598778004074,-0.15174301788725106,1.6196901261605359,0.960820484437532,-2,smooth_62,synthetic_smooth_62,1,smooth
182166.44582520967,1.7246873946594776,7355,24.475659505031274,0.0,0.15596429946130624,1.1648093787011036,9.56882960450232,14.637411509526887,0.7752870733472824,0.31547426960102226,0.316458739120787,0.019986403806934058,0.03780145305858124,1.6900611942269983,0.9569545210634012,-2,smooth_63,synthetic_smooth_63,1,smooth
148273.2414902043,1.3601263253233569,6758,26.65398845641557,0.0,0.16607328521067255,0.8873830348122501,14.467636296230287,12.071666061588054,0.8031357860852586,0.30491680805934646,0.31698693889806334,0.018792542172240308,0.14466158513703092,2.379492658253142,0.9510934905791705,-2,smooth_64,synthetic_smooth_64,1,smooth
156969.38685742515,1.593511327942581,6268,28.729216531035583,0.0,0.15351334324819296,1.090786755972461,12.003332870498927,13.99397080145445,0.7851675055302704,0.3043286416165583,0.33062622519980184,0.021218889597957882,0.03351143692851221,2.046251519874627,0.9573497034056331,-2,smooth_65,synthetic_smooth_65,1,smooth
162087.70211491486,1.3162029154433015,7569,23.78448731501057,0.0,0.16931020195670654,0.8591689788513749,5.778272211662074,12.164531103664354,0.7977007182993713,0.31390616353915113,0.38449513911690386,0.023120623596247853,0.04384237931641475,1.5127188995319245,0.9579290749947516,-2,smooth_66,synthetic_smooth_66,1,smooth
130416.86282361104,1.2886705110315468,5206,34.58021133525456,0.0,0.15417488602377658,0.8488877391249123,6.168468205316454,14.528266586764564,0.7903098147773433,0.3053411313267816,0.28808035565063345,0.0155589704187476,-0.03861791080377401,1.7315843012952983,0.9557744813420643,-2,smooth_67,synthetic_smooth_67,1,smooth
138248.93396025765,1.2752249490063072,6275,28.693656359579215,0.0,0.16849305304432055,0.8342791131618491,4.6923076923076925,12.508181220842326,0.7567836544354493,0.3250115641309959,0.4278274651873656,0.024223107569721115,0.040933370411522556,1.6081000855658787,0.9589623480284557,-2,smooth_68,synthetic_smooth_68,1,smooth
143019.45415841683,1.3756794418700597,6336,28.41468034727703,0.0,0.16400806382878622,0.9784345915407093,7.715608352223301,12.871108841342826,0.7833209601859604,0.31821606066799624,0.3357768810143509,0.014835858585858586,0.0306175956228907,1.8223838673441013,0.9565592701542893,-2,smooth_69,synthetic_smooth_69,1,smooth
179046.61166095827,1.717560964885226,7145,25.19820828667413,0.0,0.1513738378641878,1.1694050212353622,8.861749953869042,14.166388721973696,0.818519242210469,0.29180682905496214,0.35107141947155196,0.01623512946116165,-0.02647532043799919,1.723369178892374,0.9610826744233646,-2,smooth_70,synthetic_smooth_70,1,smooth
124778.77098272977,1.2089842390856738,5488,32.80991434299253,0.0,0.16777404369077153,0.8105003188569277,7.007932013876213,13.140783881198605,0.7740682405858006,0.3213429663812218,0.3426789010849104,0.01731049562682216,0.008151925130747426,1.8282585358378733,0.9572264792881433,-2,smooth_71,synthetic_smooth_71,1,smooth
209391.26780420932,1.72195094562617,8154,22.07898932908132,0.0,0.15279291864170644,1.1642336623281313,8.73212459828649,15.21073816487911,0.8069478925564018,0.30200383232898675,0.32062864168493077,0.022810890360559236,-0.12774449547271302,1.875564313388944,0.961324497259201,-2,smooth_72,synthetic_smooth_72,1,smooth
141698.71298716482,1.3506955921322448,6694,26.891976692066336,0.0,0.1681633438503331,0.914850656239151,8.160882305241266,12.3689792065985,0.7726430769571926,0.3144703471047494,0.30256134945458507,0.016880788766059158,0.08057726206250831,1.5884724876882466,0.9458539749230117,-2,smooth_73,synthetic_smooth_73,1,smooth
147139.02703234585,1.170488663538579,6299,28.579707843759923,0.0,0.16769236628217496,0.8028343647521801,7.25764902621745,13.461241525506665,0.7611657710240801,0.3256239245324171,0.344502561585422,0.019685664391173203,-0.012438909076535611,1.6871932667562612,0.9548420767100829,-2,smooth_74,synthetic_smooth_74,1,smooth
115728.97164056133,1.026769172366622,4852,37.10410224695939,0.0,0.1589033790873348,0.7035051737849755,6.889784887967775,13.664185913820427,0.7847666439402906,0.3080569425733296,0.27902329894738853,0.013190436933223413,0.04565455043969001,1.8211747679316632,0.9575740060646687,-2,smooth_75,synthetic_smooth_75,1,smooth
132183.97198278125,1.235815655662301,5498,32.743860287429506,0.0,0.1577854654869921,0.7895853352430217,8.062257748298551,13.149741711001283,0.768071903192941,0.325494036163694,0.3964859699028168,0.025827573663150236,0.07578302050936371,1.6178014235483782,0.9599678163567622,-2,smooth_76,synthetic_smooth_76,1,smooth
156483.5152193592,1.1021956210627168,7458,24.13624782083948,0.0,0.16918694095331974,0.7020031785312525,5.632051136131489,11.977653814426056,0.7691538326322838,0.3089927380699763,0.37402620266721437,0.015687851971037812,0.08338813610751201,1.5962536692953289,0.9563056220856285,-2,smooth_77,synthetic_smooth_77,1,smooth
171314.31397696532,1.5359346860155298,7266,24.77577426015141,0.0,0.16395164613085644,1.0692565968178742,10.925251077714924,14.18371686919919,0.7826571473263751,0.3082353473236109,0.3256015779092702,0.02559867877786953,-0.023481134305931885,1.7041976888167882,0.9548979651864571,-2,smooth_78,synthetic_smooth_78,1,smooth
147425.65296433592,1.4996341491348273,6428,28.100980239614127,0.0,0.16710413804387647,1.0222347599070067,11.319231422671772,12.99343293503525,0.7732262385830749,0.3199162845367832,0.4003733822738348,0.01882389545737399,0.020073617561298367,2.0282121964104225,0.9570752031323682,-2,smooth_79,synthetic_smooth_79,1,smooth
125302.54576634773,1.2545725775557532,4978,36.17279485633916,0.0,0.1527433224657834,0.800125430860511,6.879543952908507,13.244545276723388,0.771567886233324,0.31062404507825003,0.4166056822076683,0.01747689835275211,-0.059114080527508855,1.6953184027036974,0.9629456275645996,-2,smooth_80,synthetic_smooth_80,1,smooth
115400.12186446496,0.9298884609081194,5004,35.99300419748151,0.0,0.17372210296638518,0.690601820344231,5.756735185849702,14.998763748656739,0.7878016923897595,0.32355790452593747,0.3727814773892356,0.025379696243005595,-0.055575269561903555,1.7787767028022596,0.9584995474116524,-2,smooth_81,synthetic_smooth_81,1,smooth
127018.84258785925,1.4960510922173695,4983,36.130469690887196,0.0,0.15661395339398926,1.0859128921220376,14.304719500919967,14.845720219469841,0.7515566542088904,0.33471744849711604,0.3929985509787815,0.0190648203893237,-0.04406199473053016,2.0965960543317883,0.9604174968921446,-2,smooth_82,synthetic_smooth_82,1,smooth
123182.48310724736,1.1275793392524742,5635,31.966631167909124,0.0,0.16161601098236023,0.7288364566232173,9.02830017675712,11.895065332921643,0.804731968328523,0.2972192046350584,0.3614107688690336,0.02732919254658385,0.00832389184045545,1.761141943935367,0.9555213089578904,-2,smooth_83,synthetic_smooth_83,1,smooth
140285.12227083836,1.5470786930936071,5302,33.96868515374457,0.0,0.14642224063194947,0.97413008102677,5.442247289085231,13.944736985878357,0.7580919186658002,0.31134855123993105,0.38024898352684744,0.018106374952847983,0.03685715494873338,1.5546887129026032,0.9638948413991018,-2,smooth_84,synthetic_smooth_84,1,smooth
153346.4176862602,1.595255969029444,6186,29.10315278900566,0.0,0.1563940490342131,1.1051142777426997,7.774894185250159,14.099740606178491,0.7604030781781019,0.32711973780383924,0.35080950894250923,0.022146783058519238,-0.0402313452836507,1.6866146483639817,0.9605163150632154,-2,smooth_85,synthetic_smooth_85,1,smooth
169252.14606388414,1.252409216496618,6972,25.820255343566203,0.0,0.16147501438338113,0.8641441654926466,7.926419431243845,14.504242753641858,0.7764858361155453,0.31536407636361263,0.3003690672603548,0.026391279403327597,-0.03471313659585047,1.9037182557381516,0.9577979074257572,-2,smooth_86,synthetic_smooth_86,1,smooth
141503.76358898848,1.1736190567181617,6249,28.8095390524968,0.0,0.16392907388942257,0.783155754642574,7.181791211111612,13.320800860395094,0.7727124253715798,0.3176365254098279,0.33156783879574686,0.023203712594015043,0.0785619322320839,1.8394499452783288,0.9552188972311914,-2,smooth_87,synthetic_smooth_87,1,smooth
115168.5029593925,1.3557630212559109,5430,33.15435623503408,0.0,0.17340003279729907,0.9350158800653448,8.910044269749106,11.945542229859177,0.7592286358974962,0.3105173458354012,0.3943189193574558,0.020994475138121547,0.1434394214955124,1.8638427721864526,0.9546787052348924,-2,smooth_88,synthetic_smooth_88,1,smooth
151209.61356242799,1.3891849127038007,6752,26.77277440379203,0.0,0.16882915217641595,0.9475904304844566,7.502083044061829,12.539674295342717,0.7932492848621429,0.3294108192685472,0.3278860580796322,0.019697867298578198,0.044505377786831446,1.6682033922190602,0.951707301949696,-2,smooth_89,synthetic_smooth_89,1,smooth
116297.8119628498,1.0420638931523998,5475,32.95432955791012,0.0,0.1669913449093749,0.7695740291758366,7.529571332051012,12.403794482293353,0.7750402616457616,0.30692964861887656,0.39963337306794616,0.020821917808219178,0.02770316768349829,2.06326207900599,0.9576058460286704,-2,smooth_90,synthetic_smooth_90,1,smooth
133827.62516702685,1.030906690655171,5991,30.047746243739567,0.0,0.15680832575139983,0.6585423965770414,6.364762688555847,11.84173865850308,0.7914060668131573,0.29362862210410784,0.335297769387113,0.016357870138541144,-0.09897009448480477,1.7006313400659727,0.9555555339070456,-2,smooth_91,synthetic_smooth_91,1,smooth
121682.03926255992,0.9706004439820933,4944,36.78717378110459,0.0,0.16100971201609157,0.6628018453473414,5.25594901040716,14.571314896422727,0.7523039080431582,0.31864908752111537,0.44438907616395523,0.018001618122977348,-0.023540596629744382,1.7395384971559296,0.9641412348091482,-2,smooth_92,synthetic_smooth_92,1,smooth
137969.00146541113,1.2267274068647274,5805,31.01223294279807,0.0,0.15897753466552905,0.780172330239961,4.591473908568056,13.343410349414992,0.7769700306784958,0.31838829693136295,0.37121727726963366,0.03238587424633936,0.14892567508526208,1.5945596990729636,0.9554848804902056,-2,smooth_93,synthetic_smooth_93,1,smooth
117182.56194852415,1.0100038103989226,5019,35.868274212833796,0.0,0.1591771379748632,0.6907156162236499,4.503778821016753,13.291242039957737,0.7889385711540755,0.312051691551993,0.3421649896260508,0.026100816895795974,-0.12175385622580338,1.6746661495006374,0.9571313286654752,-2,smooth_94,synthetic_smooth_94,1,smooth
108067.14533241907,0.847543339192825,4843,37.171829822387444,0.0,0.16846389032773895,0.5627123326557273,4.454545454545454,12.548068440040002,0.7712530664598489,0.32463661074529776,0.35850880511074684,0.01755110468717737,-0.0929533966655267,1.7209067877498967,0.9536583467930129,-2,smooth_95,synthetic_smooth_95,1,smooth
146220.41119653755,1.274368814658259,6826,26.372454212454212,0.0,0.18034679590948086,0.8955295436713233,5.468343238840973,13.151684000458719,0.7594781111886264,0.3294997998026547,0.3224432900169102,0.019337825959566363,-0.007453894120964809,1.5698973363741096,0.94664703222326,-2,smooth_96,synthetic_smooth_96,1,smooth
147642.7380746077,1.2930013857287577,6254,28.785223092915402,0.0,0.15771742217514628,0.9208306374482988,9.253791280400941,14.452475127076713,0.7831807877406506,0.2994651113253047,0.39241583659059387,0.021426287176207228,0.1308370603969797,1.8331671639890434,0.9653235599149645,-2,smooth_97,synthetic_smooth_97,1,smooth
148797.74473804337,1.4284421598056163,6652,27.06450157870997,0.0,0.17010263047067345,0.9877384519474928,8.94427190999916,13.38635665946224,0.7746437590760042,0.3201370050263535,0.372563154746384,0.02254960914010824,-0.1312503814455334,1.603481375001975,0.9548738380930111,-2,smooth_98,synthetic_smooth_98,1,smooth
126905.50508923501,1.2814788474125873,5130,35.09241567557029,0.0,0.15339125615412424,0.8466492617066513,6.136311676215145,13.764096965669008,0.7852765562958777,0.309749147269021,0.31309388316878856,0.020857699805068228,-0.03391289162552552,1.6665978044139331,0.9594467691781339,-2,smooth_99,synthetic_smooth_99,1,smooth
114445.72566014846,0.9089624438111847,5101,35.329803921568626,0.0,0.1704768981399361,0.6357695408765556,5.573304979548646,13.688404205572889,0.7576486660559109,0.32901811119806984,0.40271836692824536,0.020976279160948835,0.055200701980481486,1.7253704910345804,0.957971111264757,-2,smooth_100,synthetic_smooth_100,1,smooth
165757.3998782441,1.5004855279516525,7035,25.59724196758601,0.0,0.1618048023774127,0.9889443440161357,5.605676686280713,13.909986137643726,0.7662203326883295,0.3054799981491293,0.3733505033301486,0.019331911869225303,0.035960914321900225,1.6009114454013351,0.9610139310946955,-2,smooth_101,synthetic_smooth_101,1,smooth
168262.9379910326,1.197729366098173,7348,24.50102082482646,0.0,0.16384770901465623,0.7658909571471053,7.504165509901817,13.2543637840053,0.7933158394435366,0.31306595317785113,0.3842524718421912,0.02694610778443114,0.005960301652446011,1.7997715562493943,0.9596690697617214,-2,smooth_102,synthetic_smooth_102,1,smooth
139143.613333048,1.0744516758059979,5995,30.02802802802803,0.0,0.1613946942154523,0.7163403089535437,5.87632963677158,13.078970690467298,0.780338225079378,0.3192196872251596,0.36906045751633987,0.022852376980817348,-0.006754358547334855,1.7528387396422707,0.9587665437939612,-2,smooth_103,synthetic_smooth_103,1,smooth
126714.47999011102,1.3562799111726709,5187,35.65734670266101,0.0,0.16184622080304284,0.9945438948591818,7.714285714285714,14.600002251449999,0.7919889422265692,0.3175691508551631,0.2958528422217732,0.020821283979178717,0.06773458412625118,1.681358221631475,0.95588556791918,-2,smooth_104,synthetic_smooth_104,1,smooth
126974.61203523142,1.183422684010667,5465,32.944180087847734,0.0,0.1602850306691919,0.8083021265556215,8.675557971822272,12.959379350524742,0.7463046594781114,0.3212734522360961,0.36407534813561193,0.02909423604757548,-0.13266883815107783,1.6387005711039897,0.9611177769374275,-2,smooth_105,synthetic_smooth_105,1,smooth
147167.5439658604,1.4045572389588294,6268,28.722993457794797,0.0,0.16621447273026818,0.951152864791408,5.492293624361169,13.994333560281678,0.7572912564202153,0.32474248467976435,0.38508386021427826,0.02249521378430121,-0.04102613756122231,1.6200931152697584,0.9590437777710367,-2,smooth_106,synthetic_smooth_106,1,smooth
127822.73949117625,1.0137157486019674,5921,30.38597972972973,0.0,0.16505610136658272,0.6698734178422334,7.236097782030804,12.036267647675032,0.8121775566949078,0.2963384653203445,0.39017233728480477,0.015875696672859315,-0.1280604094051799,1.8661049665377551,0.9601698491490036,-2,smooth_107,synthetic_smooth_107,1,smooth
161332.1347252107,1.4191583441130524,7082,25.41914983759356,0.0,0.16280029698886989,0.9529614097057045,7.126096406869612,13.080728575887248,0.8062663362637886,0.30755919019063127,0.3351591727253476,0.02301609714769839,-0.0322342855526674,1.6775115865496528,0.9553328389856585,-2,smooth_108,synthetic_smooth_108,1,smooth
129219.6933631392,1.2166891561311994,5529,33.147612156295224,0.0,0.1643923345026522,0.8266168831663389,8.718968296952644,13.47694200899204,0.7516698024337334,0.3270722004532403,0.3210187859380317,0.024597576415264968,-0.047121061989405306,1.7774854960638604,0.949156955333284,-2,smooth_109,synthetic_smooth_109,1,smooth
57894.491590066245,1.4312037079712285,2364,76.1726618705036,0.0,0.15925775651896829,1.0835360611769551,5.632796380282922,14.291852753341466,0.798661208256542,0.30531578177702606,0.30835268587962084,0.01311336717428088,-0.06534773448232953,1.6180141015869194,0.9545241010647837,-2,smooth_110,synthetic_smooth_110,1,smooth
108702.73525621762,1.3008087371344543,5159,34.89685924777045,0.0,0.17286973820681514,0.9148121417761966,7.60504665954638,12.248322899761577,0.7452973787166846,0.3119797025044856,0.3888574086151412,0.019965109517348322,0.1590803321168694,1.7083749992972186,0.9558246235186874,-2,smooth_111,synthetic_smooth_111,1,smooth
136829.21633828233,1.325414844884612,6123,29.400686050310355,0.0,0.17039815013446313,0.9179776971692994,5.5165295943584045,13.443716079663925,0.769507483784115,0.32312476583160055,0.43194782593409686,0.03478686918177364,0.04195839827200818,1.5712038034190718,0.9605612440058382,-2,smooth_112,synthetic_smooth_112,1,smooth
123276.90800212335,1.4196171044942645,5352,34.115118669407586,0.0,0.1632734857362557,0.9641006316144518,8.516490606165075,13.066506012835003,0.7863797182547969,0.306331716898277,0.4208262689540887,0.017563527653213753,0.018298436366258705,1.8083959760501525,0.9606136430158712,-2,smooth_113,synthetic_smooth_113,1,smooth
126815.87567214172,1.4948201393034497,5272,34.15405046480744,0.0,0.1649829096713043,1.1060077298669584,14.467636296230287,14.44240726263051,0.7602987492194141,0.3200790471042342,0.3199290255276274,0.027503793626707133,0.0488369620267293,2.2232649454165547,0.9557323190605093,-2,smooth_114,synthetic_smooth_114,1,smooth
121723.03572738735,0.9823543271381685,4972,36.2102192717763,0.0,0.15620995382310124,0.6098372272129302,4.217241274452073,12.944693178443167,0.8037063265257368,0.3142775472421236,0.3905332797950248,0.018905872888173775,-0.09740511895757542,1.7932518718486095,0.9624099404117907,-2,smooth_115,synthetic_smooth_115,1,smooth
194984.52252212178,1.5551932285598535,8367,21.527372699019843,0.0,0.16262299155587764,1.0391863197184532,16.08765054319617,13.4131637308931,0.775004996443386,0.31013223089423536,0.427237747576647,0.02629377315644795,0.025769133175536973,2.004620710062798,0.9615794149919631,-2,smooth_116,synthetic_smooth_116,1,smooth
151612.48952499934,1.3496749309157055,6722,26.781431334622823,0.0,0.16404303033932857,0.9848650677286529,12.432316759156356,12.718973899688711,0.7745350508180441,0.31289910393297343,0.35065276900400083,0.02097590002975305,0.023008314649525956,2.4740292576249807,0.9548923431473368,-2,smooth_117,synthetic_smooth_117,1,smooth
89298.65180819921,1.3404932767268471,4345,41.81698895027624,0.0,0.17778631148334145,0.9580030096986729,13.860916275629112,11.369763415548105,0.7668607976836168,0.3271796533180134,0.34365630525587476,0.02094361334867664,0.03451244920611833,2.171249492092867,0.9467974419982532,-2,smooth_118,synthetic_smooth_118,1,smooth
87077.94568670433,0.7643970260547845,3895,46.220338983050844,0.0,0.1666266755869443,0.5060342728828072,5.598848760059208,12.485039146785141,0.7421552849051687,0.31877455149047024,0.3748138777984214,0.02053915275994865,-0.21384229769898633,1.9563856016011616,0.9569350454591943,-2,smooth_119,synthetic_smooth_119,1,smooth
155007.63325008948,1.129256635557639,6822,26.51077554610761,0.0,0.15444597584108982,0.7485282703145217,5.8,12.66900761551635,0.8032685167019507,0.2899430064040854,0.38629400456566143,0.0257988859571973,0.11333496351407434,1.6673503885412277,0.9608553347246194,-2,smooth_120,synthetic_smooth_120,1,smooth
73199.34410579961,0.8616519016430486,2890,62.59674627898927,0.0,0.15055494003849193,0.5903764363607509,4.843711228132666,14.287773247498134,0.7864152007779213,0.31384685235669324,0.3096370119776904,0.018685121107266434,-0.1543183959088339,1.686996942498976,0.9613339660190545,-2,smooth_121,synthetic_smooth_121,1,smooth
187542.37072950375,1.6072862657269686,7826,23.00255591054313,0.0,0.15855532800662941,1.086292013237399,12.257650672131263,14.19249967569423,0.8025600037608284,0.3120866511702416,0.3113931044422958,0.01980577561972911,-0.11355254251586185,2.042130045560853,0.9559905266001021,-2,smooth_122,synthetic_smooth_122,1,smooth
146988.36502934102,1.2460512614609391,6237,28.872835150737654,0.0,0.1616184934970418,0.8041576811391921,6.975403214151853,13.250893305423585,0.8043057676602933,0.3151587239760519,0.3925552222525225,0.029982363315696647,-0.021051128536132217,1.751281639858495,0.9554962091999178,-2,smooth_123,synthetic_smooth_123,1,smooth
100818.2374944565,0.962917645076003,4105,43.8640350877193,0.0,0.1566992354710117,0.6678691345720358,6.31674240157862,14.032057452303793,0.7918657490603214,0.30405039971812553,0.41825820793035623,0.02874543239951279,0.07496111981775656,1.8099711169806059,0.9589822037924347,-2,smooth_124,synthetic_smooth_124,1,smooth
124331.92637694137,1.25756115072413,5206,34.578674351585015,0.0,0.16504508335903986,0.9175431856772539,6.73145600891813,15.116296335078088,0.8067736371277247,0.3022618436773296,0.3618748171980111,0.017095658855167114,0.11859016191066826,1.8688775311053738,0.9606200471367157,-2,smooth_125,synthetic_smooth_125,1,smooth
166686.12318195848,1.4380973826932888,6741,26.76988130563798,0.0,0.1567693335395867,0.9172891565604454,6.078701940706636,13.582601056275077,0.789308882084418,0.30885543003881816,0.4257613753315842,0.02699896157840083,0.012940225263869625,1.5363763568612552,0.9625471726234991,-2,smooth_126,synthetic_smooth_126,1,smooth
143077.27793100764,1.2688062980645243,5973,30.14367046215673,0.0,0.16613159542236058,0.8326676773427585,6.262764742685312,13.613300582354496,0.786600731519165,0.3340825777391438,0.3545421631747131,0.025950108823037,0.02479582602410685,1.7578352518380187,0.9543397232214207,-2,smooth_127,synthetic_smooth_127,1,smooth
169821.31906770208,1.5156573960477109,7031,25.601422475106684,0.0,0.1652157116984047,1.0434115169861218,14.75211849193193,13.725003078048196,0.7607775255988275,0.3335581194402282,0.369157673250526,0.033707865168539325,-0.09589053890794609,2.331302734524076,0.9567458610679052,-2,smooth_128,synthetic_smooth_128,1,smooth
162963.13007548806,1.412120130890998,7055,25.528919761837255,0.0,0.16640804198745932,0.9541183191508851,5.622476758329837,13.853423910668985,0.7908992915737328,0.3183383180202666,0.33096260728980914,0.025513819985825654,-0.04972918507339189,1.6741963040071723,0.9570653648878508,-2,smooth_129,synthetic_smooth_129,1,smooth
112596.05704869321,1.0198674425166594,5008,35.9592570401438,0.0,0.16175434905213748,0.6794452325739869,4.708044230184417,12.603651926653136,0.7701506257283401,0.3076479899375261,0.4405570333281177,0.022364217252396165,0.07022341005695933,1.7224874545389555,0.9634151870084084,-2,smooth_130,synthetic_smooth_130,1,smooth
202157.3811314325,1.52687640820377,8990,20.000444988319057,0.0,0.1680895562990089,1.0123897679388,8.579691784155834,12.95809456324361,0.7514235237736056,0.3202206699337167,0.36899267056131807,0.027474972191323693,0.0012634085468543775,1.8225377087690633,0.9522278001349291,-2,smooth_131,synthetic_smooth_131,1,smooth
157788.37989173603,1.3067373768373387,7109,25.326955543050083,0.0,0.1626983779973204,0.8215962831024531,5.20446152383572,12.219601466481567,0.7835278880116231,0.31772997780051765,0.31943663950547907,0.01856801237867492,-0.02958466985315873,1.5261038810953638,0.9505029601148716,-2,smooth_132,synthetic_smooth_132,1,smooth
126203.53879734679,1.0785722991233155,5837,30.84184372858122,0.0,0.16972145601890637,0.8291812337384684,15.878444508200417,12.868885833629884,0.7616830940549874,0.3147176193734531,0.3937051352843733,0.022100394038033235,0.05271457607401537,4.054600971801027,0.9569240349485146,-2,smooth_133,synthetic_smooth_133,1,smooth
182798.84243425686,1.5275642615826637,7827,22.999488883209814,0.0,0.16050973897985857,1.0388967817298065,6.064392756421061,13.720090424062924,0.7962322760906415,0.3088298672297498,0.3719401376233032,0.01775903922320174,0.008444697265452846,1.6032180891300374,0.9603899359615344,-2,smooth_134,synthetic_smooth_134,1,smooth
126526.5445685262,1.4483438497099574,5184,34.750530580744744,0.0,0.16029194002458907,1.049310492678805,9.668103341515451,14.338181523976722,0.7922838669211759,0.30863356987687934,0.42129343390626933,0.032407407407407406,0.034707626084854226,1.7603508818289586,0.9638192068809642,-2,smooth_135,synthetic_smooth_135,1,smooth
186060.63431344042,1.4483030301014759,7997,22.511005502751377,0.0,0.16115873569863154,0.9716321565761217,10.525102269231295,12.779576694185938,0.7860821031762247,0.31412176597934,0.3538907637763618,0.01738151806927598,0.027504691677207743,1.796861980234401,0.9574558814226021,-2,smooth_136,synthetic_smooth_136,1,smooth
135723.5615198078,1.4433816525383112,5638,31.935781444030514,0.0,0.15600312703198654,0.9756484891543886,9.633275663033837,13.44990577031881,0.7862169098516154,0.3037267729659185,0.36254896002160997,0.017382050372472507,0.07848515776233843,1.853658245002727,0.9578209104494455,-2,smooth_137,synthetic_smooth_137,1,smooth
84911.60099157006,1.1312055450734775,3687,48.83369506239826,0.0,0.16381813184405827,0.7664480690820918,4.687782913273108,13.136357295763895,0.7931429399173082,0.30460054190322566,0.3982536889129552,0.015188500135611608,-0.058280791077703474,1.7302031676825593,0.9590527103807831,-2,smooth_138,synthetic_smooth_138,1,smooth
93958.77987383326,1.1884113361081472,4059,44.37949728930508,0.0,0.16130145691293257,0.813173397923532,6.460239459768579,13.419491648497296,0.8371674108033726,0.2993250570965498,0.444333732736331,0.017738359201773836,-0.1559165961020425,1.747069280324347,0.9626544652140248,-2,smooth_139,synthetic_smooth_139,1,smooth
185955.40813631483,1.661416467125497,8097,22.24888833992095,0.0,0.1595093831423233,1.1184408215600647,11.513470371699404,12.810726551751936,0.7950901640709127,0.305441883217155,0.3136338382008358,0.019513400024700506,-0.04288973049676137,1.8515048969956063,0.9607779937512222,-2,smooth_140,synthetic_smooth_140,1,smooth
91185.9801135252,0.9595502110154371,3605,49.94062153163152,0.0,0.15329278235668736,0.6559670261564792,6.11310068623117,14.156317130149338,0.7503057553159254,0.3131304652551873,0.376506061938564,0.01331484049930652,-0.1210801257468319,1.7525041744521577,0.9593433298433948,-2,smooth_141,synthetic_smooth_141,1,smooth
126873.93161260584,1.1437814026951885,5778,31.156136402977324,0.0,0.1740962447306642,0.7655534066551051,5.200078492343228,12.967761418660604,0.796621399455393,0.3245765463292695,0.28153939709842757,0.028037383177570093,0.030055950957216374,1.7498317808167998,0.9419096048928254,-2,smooth_142,synthetic_smooth_142,1,smooth
133771.13609090398,1.0328522364198691,5121,35.155078125,0.0,0.15144937469910524,0.7060968652628561,6.6007575322836995,14.896378472110442,0.8032816035356489,0.31424229541183163,0.41491591992710997,0.025971489943370434,-0.06584937941481983,1.9342246402198657,0.9644092756199769,-2,smooth_143,synthetic_smooth_143,1,smooth
154363.2360563106,1.4410429767601458,6214,28.97135039433446,0.0,0.15384627432441383,0.9818339864368042,6.810485742543091,14.737819768544538,0.8033328684944896,0.3010890061906698,0.3444624284169346,0.01496620534277438,-0.014027700640338061,1.548869302289831,0.9611503732097202,-2,smooth_144,synthetic_smooth_144,1,smooth
114769.26218540058,0.9747989500888127,4651,38.708172043010755,0.0,0.15494580095943972,0.6633292527698061,5.098209051930892,14.400396083950938,0.8418043881995929,0.2961179293803793,0.40377426927688387,0.021715760051601807,0.04240618864891972,1.7155438648463741,0.9635043863901451,-2,smooth_145,synthetic_smooth_145,1,smooth
168715.54136455304,1.1630492405255257,7604,23.673681441536235,0.0,0.16975609141606426,0.7592906928531999,6.579053930261094,13.162802164311367,0.7804404015994303,0.3186782768583041,0.366168230724279,0.022225144660704892,-0.018337280884161485,1.6681091200952969,0.955199967713086,-2,smooth_146,synthetic_smooth_146,1,smooth
92792.56073111325,0.9820411397075496,4019,44.79840716774515,0.0,0.16385797987387518,0.7069051150493678,4.075400457487446,14.725891857537075,0.8212167284501158,0.30385608622858284,0.3093375702762161,0.01567554117939786,0.05599409211366242,1.6973371754533493,0.9592140695430652,-2,smooth_147,synthetic_smooth_147,1,smooth
145178.84790269553,1.303129763390081,5985,30.111798128342247,0.0,0.1636066757921704,0.8862941860698159,7.634215742301235,14.25269404559735,0.7816422480475766,0.3199948490096248,0.3773325151829825,0.022222222222222223,-0.11441183073230217,1.7287339143621518,0.9563128395057718,-2,smooth_148,synthetic_smooth_148,1,smooth
166076.09238069397,1.523262388014296,6884,26.14891762312945,0.0,0.15477762531382275,1.017607669298244,8.166666666666666,13.30190219992834,0.786728480878668,0.29844765644677973,0.38779114301114925,0.028036025566531085,0.17842033236118085,1.8859794181249276,0.96264385940935,-2,smooth_149,synthetic_smooth_149,1,smooth
131884.69745296068,0.9758962744268058,5314,33.87596461509505,0.0,0.1576932186234052,0.6760953624839434,4.882926909816649,15.095741232950942,0.7946008022138573,0.303902737937887,0.27759463265137085,0.018441851712457658,-0.045514356053739116,1.598090882234713,0.9530699253036583,-2,smooth_150,synthetic_smooth_150,1,smooth
175220.82202567437,1.4162919888466463,7110,25.31931354620903,0.0,0.15397270395153512,0.9827129826547465,10.5,14.39096556141662,0.7908417051616314,0.3034871156236263,0.3592537362892269,0.02278481012658228,0.05906183512517295,2.03125729680762,0.960357567575888,-2,smooth_151,synthetic_smooth_151,1,smooth
143456.21185642114,1.628004377861216,5914,30.440723828851684,0.0,0.15889294833869283,1.122852571757657,14.76905548774193,13.825602593590974,0.7523466183157649,0.31823731042051995,0.40475182778566154,0.022996280013527222,0.07826913367434692,2.0387786626585984,0.9597327615874374,-2,smooth_152,synthetic_smooth_152,1,smooth
143497.87315055495,1.1618417522513955,6470,28.461740609058587,0.0,0.1636947747304946,0.768706784340851,5.800170282728083,12.579609663911112,0.8030300760559621,0.30394699472781966,0.40809859728580505,0.02472952086553323,-0.0319155103059075,1.7199488737786472,0.9584710693196771,-2,smooth_153,synthetic_smooth_153,1,smooth
178214.43466037113,1.5874741033899042,7593,24.03082191780822,0.0,0.15863104700051583,1.095168953163198,8.439325934114775,13.534194538567512,0.8031556525857281,0.29957949566725944,0.3455312254895658,0.021467140787567496,0.007943963969104583,1.762635185467853,0.9568661994991647,-2,smooth_154,synthetic_smooth_154,1,smooth
114956.92209577351,1.16540515943957,4812,37.419247557680315,0.0,0.15886643468415923,0.7932416659722649,6.160407233612939,13.173518478943917,0.7574767262580557,0.30606227777908845,0.3587170523947284,0.02805486284289277,-0.12017504480192129,1.688355569427869,0.9514928013764068,-2,smooth_155,synthetic_smooth_155,1,smooth
99191.48824218726,1.084654283578459,3869,46.55868665977249,0.0,0.15714039445778655,0.7103460922865404,4.364583230602838,14.459864160271234,0.7540603283737592,0.3180212692787326,0.3293818797629128,0.013181700697854742,-0.05763824817206812,1.6737600803714558,0.9563641872976818,-2,smooth_156,synthetic_smooth_156,1,smooth
154517.96743207116,1.2015062267143084,6686,26.92610321615557,0.0,0.16587455023124567,0.7859474713341063,5.74543296888929,13.391528092646434,0.7930130010862925,0.31103075537712394,0.43949542135874275,0.022135806162129824,0.03828206362357411,1.6369925804617838,0.9594795331467993,-2,smooth_157,synthetic_smooth_157,1,smooth
109959.25425248891,0.8946860309384195,4929,36.53632305194805,0.0,0.1616814736370088,0.5754805118591287,8.678277478854891,12.210064586486148,0.8053272492852948,0.306616019173465,0.3750365451280124,0.02333130452424427,-0.10092758317587716,2.785627294656771,0.957909206256678,-2,smooth_158,synthetic_smooth_158,1,smooth
77470.6937915173,0.7498798518851798,3463,52.00346620450607,0.0,0.1763183028587967,0.5553117223746448,4.677150804172388,13.941742584814099,0.7775236814673677,0.31962601662292306,0.49080764227387425,0.03003176436615651,0.22691150075966007,1.823955577195827,0.9600877237550955,-2,smooth_159,synthetic_smooth_159,1,smooth
176060.3036345583,1.4465080990942885,7745,23.24380165289256,0.0,0.16848114203866546,0.9368449929587042,5.758472019555187,13.197840425874563,0.7662240046129681,0.31950121375576757,0.3910114752788945,0.028147191736604262,-0.03294143716483704,1.6567026422945605,0.95720956689899,-2,smooth_160,synthetic_smooth_160,1,smooth
162311.9756915434,1.4874316613015621,7047,25.544564291796764,0.0,0.16159474359933246,1.110543285209588,10.49571341072154,14.618897146193914,0.8380298377320052,0.2886332627979981,0.388708223672351,0.031502767134951044,0.14035417178781567,1.8450978560238707,0.9659403820071133,-2,smooth_161,synthetic_smooth_161,1,smooth
144256.82187148137,1.5239124791635488,6127,29.38328436173686,0.0,0.15896906334342628,0.9960783474188138,9.170716483259449,12.531833259559852,0.7858651199304667,0.3157439665560848,0.4697038763556924,0.028562102170719764,-0.006018327570552226,1.635261973949624,0.9610096406656501,-2,smooth_162,synthetic_smooth_162,1,smooth
194068.56474882262,1.5988001361859336,8131,22.425338253382535,0.0,0.16202497601815596,1.0427469034726529,6.4055639876594785,13.504421770141416,0.7805246555885684,0.3208299137821011,0.3389322795958098,0.02435124830894109,-0.04805671819210521,1.5425797663988183,0.9551566334906085,-2,smooth_163,synthetic_smooth_163,1,smooth
139687.360947666,1.049901515524132,5573,32.30671213208902,0.0,0.14856717834812813,0.6656104471976871,9.5,13.596808765877485,0.7777395588303144,0.3182458003724421,0.30773012361537305,0.013098869549614211,-0.021813894341620885,2.2867186679317344,0.9591444589038522,-2,smooth_164,synthetic_smooth_164,1,smooth
157687.1195479788,1.5562133088571823,6425,28.030199252801992,0.0,0.1561356352340099,1.0052691811712706,11.09414259868693,12.956891435968819,0.7891023730304858,0.31151808502913847,0.38474240914027286,0.02396887159533074,0.09005836831413935,1.9452071113126328,0.9593968633096749,-2,smooth_165,synthetic_smooth_165,1,smooth
145632.57436675075,1.615555420109996,5965,30.18108651911469,0.0,0.1506702446742704,1.0760867290352725,8.898520858512821,12.995585777005958,0.7898121218461753,0.31246096395700124,0.331730880884368,0.02196144174350377,0.030251836747800718,1.7210128489270964,0.9589561641761464,-2,smooth_166,synthetic_smooth_166,1,smooth
85981.46282970661,0.8677310250162621,4238,42.49138541420817,0.0,0.17876834057693233,0.602139655746369,4.449996532111286,11.80551099397387,0.8235629049150096,0.31221660301013476,0.3623008234413432,0.02336007550731477,0.019438522606415657,1.7188461879936494,0.952756059854591,-2,smooth_167,synthetic_smooth_167,1,smooth
87759.27350601347,1.3691148517686142,4247,42.55346208195949,0.0,0.17077154210854398,0.9604619237696749,5.601062472999768,12.057271988324525,0.832532011338749,0.3035275127747497,0.2631983629937372,0.015069460795855898,-0.0035111901577559623,1.5270708625209257,0.9421443160483925,-2,smooth_168,synthetic_smooth_168,1,smooth
182638.29227504396,1.6850552296003112,7361,24.455570652173915,0.0,0.15748980882888663,1.181189374138783,10.005554013202422,14.504837835704718,0.7604949160956933,0.30921187345442047,0.36982748258693876,0.027170221437304715,0.018573394732686335,1.747671024906011,0.9594592396204851,-2,smooth_169,synthetic_smooth_169,1,smooth
155347.60326575016,1.3622273793935085,7034,26.32148443054173,0.0,0.1732426222204403,0.9402005830463134,7.920523586073778,13.556877644704493,0.7669963748261541,0.3211970911295247,0.34208852065530154,0.01833949388683537,-0.06390956853149019,1.6068103590450693,0.9542303694508965,-2,smooth_170,synthetic_smooth_170,1,smooth
117302.94128960099,1.0669508707337405,5568,32.336087659421594,0.0,0.17615895598741632,0.7794475701643732,8.338540040078959,13.55144795605798,0.8019810279796371,0.3098752263428804,0.43196875158524833,0.022808908045977013,0.06237145320153071,1.7695873896517185,0.9549021288701421,-2,smooth_171,synthetic_smooth_171,1,smooth
83650.09564458265,0.8071893695105118,3625,49.66418322295806,0.0,0.1629381908779727,0.5352471709720272,4.362408995600705,13.392532389266407,0.7880182131471363,0.3139705272442193,0.3007623099179559,0.015172413793103448,0.09413478446267468,1.6474240733350844,0.9492076256259315,-2,smooth_172,synthetic_smooth_172,1,smooth
107106.8717781025,0.9811817269549409,4428,40.65936299977411,0.0,0.1612233473966616,0.7041746713164011,5.869412236331676,14.586461103107858,0.7984613699602562,0.3146571888866319,0.35733267345906805,0.028681120144534777,-0.01507573975525607,1.8113836220462858,0.9563467340268149,-2,smooth_173,synthetic_smooth_173,1,smooth
163623.3721464374,1.5191946423578184,6684,26.932664970821488,0.0,0.15643831695820465,1.0346762747700993,8.877640452282352,14.277042401460301,0.8024397797065542,0.30221963390446005,0.4012286238428936,0.017504488330341114,0.016742776680261667,1.7749807819647314,0.9635795906015515,-2,smooth_174,synthetic_smooth_174,1,smooth
123034.72619580176,1.3226419203919333,5663,31.788767220063583,0.0,0.16661333697306102,0.9605651061782796,12.75774274705365,12.222105076414818,0.7750045847099354,0.3194966829856942,0.31297536713318447,0.019777503090234856,0.06937243190051505,2.121379118351108,0.949891693126691,-2,smooth_175,synthetic_smooth_175,1,smooth
183477.24678344745,1.5376159352179632,7841,22.967602040816328,0.0,0.16440787609528767,1.1051211437073134,8.274794391537606,14.602944576356363,0.7993922157270732,0.3058859796135051,0.37178823172734393,0.029205458487437826,-0.04660686990131862,1.721613640241579,0.9593140975983607,-2,smooth_176,synthetic_smooth_176,1,smooth
124975.5986164878,0.9145025408909074,5306,33.93138548539114,0.0,0.15650568350223407,0.5827609630964121,4.840671313509326,12.570742900769194,0.7635950617904924,0.3171656374000741,0.32651846323346484,0.018658122879758765,-0.06835773285581516,1.7601708848992665,0.952352859152377,-2,smooth_177,synthetic_smooth_177,1,smooth
119684.373079388,1.1458061753258586,5490,32.79085443614502,0.0,0.16926356874504542,0.7414092888809223,4.600354910887034,12.26036554657668,0.7910685427950388,0.31498808490444047,0.37044323684185393,0.016029143897996357,0.018527822778420116,1.70608444753598,0.9561009015056094,-2,smooth_178,synthetic_smooth_178,1,smooth
93044.67085632934,0.7841245334532744,4062,44.32233440039399,0.0,0.16652586129481303,0.5350277878509404,5.79396237474839,13.48368584525588,0.7677503595435685,0.32866090730892183,0.30845972523155313,0.01674052191038897,-0.00834032248157506,1.8856435162079432,0.952956675579489,-2,smooth_179,synthetic_smooth_179,1,smooth
158111.23725916742,1.1933577554268717,6389,28.177207263619287,0.0,0.1558444611822177,0.8430622988242897,9.594558643082836,14.742563275599554,0.7983869378432773,0.3133317406091757,0.31115183392552387,0.019251839098450463,-0.02758513318070758,1.8512924641173574,0.9545706916703334,-2,smooth_180,synthetic_smooth_180,1,smooth
142094.67325322167,1.5024447931162777,5886,31.209175870858115,0.0,0.1612988298290251,1.1008630251136788,10.699169230469357,14.694166447979683,0.7946754756674792,0.3112248845356596,0.4185870548564849,0.019707781175671082,-0.13262508811819132,2.1444276970682044,0.9603245121900396,-2,smooth_181,synthetic_smooth_181,1,smooth
200373.04317796888,1.5830739115655301,8200,21.966093426027566,0.0,0.158871313694148,1.0418737195820056,8.721381771256205,14.077195797350823,0.7949096150042302,0.3157563212092696,0.35988165343802453,0.025853658536585365,0.19804294591300264,1.7329393056567794,0.9585699095814793,-2,smooth_182,synthetic_smooth_182,1,smooth
134718.12423008276,1.5976093648370704,5361,33.58152985074627,0.0,0.15617120034075738,1.1245258410461192,5.8309518948453,15.010660729406856,0.7883903913708691,0.29735732271352155,0.33384771946214675,0.016787912702853944,-0.005411945322546197,1.5681786583937976,0.9556543516869332,-2,smooth_183,synthetic_smooth_183,1,smooth
163597.9137150776,1.305865446378393,6367,28.27411247251021,0.0,0.15921933688220236,0.8976316454691164,9.348202441586773,14.450953012736868,0.7610510735332148,0.3281965723018209,0.35605768489241924,0.024972514528035183,-0.015323649654902875,1.7634990535017712,0.962239231888844,-2,smooth_184,synthetic_smooth_184,1,smooth
142688.45240378834,1.1509654541044838,5957,30.226494291470786,0.0,0.15743328354293684,0.7674216934518734,6.1400325732035,13.17677339412243,0.7937464680212016,0.31769206612135037,0.3229999612207702,0.017794191707235184,-0.0534673183885235,1.6927374679636276,0.9552754300657094,-2,smooth_185,synthetic_smooth_185,1,smooth
175714.80862722098,1.5506119192726955,7335,24.54445050449959,0.0,0.15890844778483462,0.9997072164321567,7.857142857142857,13.236209496149144,0.7737795964228604,0.31201583974761593,0.37849173115657797,0.020586230402181323,0.0628653776977604,1.7128686650229847,0.959547676949509,-2,smooth_186,synthetic_smooth_186,1,smooth
204741.4457487397,1.6021074177539911,8503,21.198423900258764,0.0,0.16143922058913698,1.0600184984188654,11.180339887498949,13.156160018157067,0.7571146634537308,0.32536148583124413,0.34251302299346364,0.018111254851228976,0.03555369350937444,2.300107383777895,0.9565091675979203,-2,smooth_187,synthetic_smooth_187,1,smooth
111288.99805438533,1.1047350644179257,4858,37.03994235124563,0.0,0.1686720948023948,0.8047293969345687,6.627216610312357,14.21825497352027,0.7704912679956356,0.3146709994005956,0.2821275547894607,0.020172910662824207,-0.10096791362232402,1.9034267543693821,0.9466262413728528,-2,smooth_188,synthetic_smooth_188,1,smooth
104857.75349353756,0.9214340568918388,4617,38.9896013864818,0.0,0.15990214649624881,0.5786702511305386,4.00195264839553,12.095464784867232,0.8237106791038242,0.2930328266602938,0.4498288211180684,0.025557721464154214,0.15590216778696178,1.650394837423816,0.9601024292133464,-2,smooth_189,synthetic_smooth_189,1,smooth
166832.02195596817,1.2425848050918258,6939,25.935283943499567,0.0,0.1586699163755411,0.7783624481664325,5.981743057002699,13.469314790791113,0.7998489098447069,0.31148798862224425,0.3462643775774334,0.026516789162703558,-0.079307052588416,1.7059159011151563,0.9558733542597282,-2,smooth_190,synthetic_smooth_190,1,smooth
112972.34670200507,1.1392766076003347,4834,37.24249948272295,0.0,0.16184021753525993,0.7125592501789881,6.778688463408731,12.172639078669546,0.7665990491962298,0.33006592521429656,0.34744346215035143,0.01779064956557716,0.2068003307495854,1.7320538007676487,0.9542518850033053,-2,smooth_191,synthetic_smooth_191,1,smooth
131643.80391678357,1.4252942057234494,5774,32.13892257058722,0.0,0.16465940224888168,0.9259301188433671,8.06225774829855,11.960517684002873,0.7872587481741282,0.31001573131810595,0.3558312611939001,0.024766193280221685,-0.035564786197870714,1.8878852562380661,0.9535750200051589,-2,smooth_192,synthetic_smooth_192,1,smooth
121710.67484434549,1.632969925060301,4786,37.61128526645768,0.0,0.15367685869829986,1.2015877428117736,9.839334327077214,14.714322425229083,0.8213538482845525,0.30567372317240504,0.4180310398945961,0.01713330547430004,-0.15502345566831338,1.8707962933866145,0.9643535902151491,-2,smooth_193,synthetic_smooth_193,1,smooth
175768.8843488666,1.541511963277802,7563,23.80282993916953,0.0,0.16252777806263255,1.0884757598193624,11.75265927354316,13.815300991532052,0.7698998866728638,0.31397924934121346,0.31665148385275665,0.02023006743355811,-0.11684691222371746,2.2135354230884086,0.9566553890940745,-2,smooth_194,synthetic_smooth_194,1,smooth
180102.75361013066,1.7022611409037973,7629,23.535395909805978,0.0,0.1550885779019775,1.1775654561839162,11.3718951806636,13.42575659924325,0.7796926590910113,0.30526765497501607,0.34961530006594854,0.018613186525101588,-0.005642582414830679,1.8882674913496964,0.9574594176939867,-2,smooth_195,synthetic_smooth_195,1,smooth
160163.8709653283,1.2779784856082095,6468,27.833307561465904,0.0,0.15571604289447694,0.7354917601048181,7.442371187255369,12.445220885635017,0.73052476177304,0.3362132362401735,0.37728159673970174,0.021954236239950527,0.1032885363467034,1.7343474548459539,0.9563241907695793,-2,smooth_196,synthetic_smooth_196,1,smooth
122316.53245303089,0.919395402404983,5565,32.348310567936736,0.0,0.16895558912544495,0.6086502370666235,5.255214929060208,12.827119592438752,0.8051672158477338,0.30471866007104265,0.37131170100695665,0.030907457322551662,0.03888737914733671,1.7832206230387389,0.9527355744305455,-2,smooth_197,synthetic_smooth_197,1,smooth
75723.2091124313,0.8341316056077589,3449,52.19808584686775,0.0,0.17203064139556878,0.5897374996025602,3.588717421804622,13.17449687641896,0.7495589633619021,0.3330199459675876,0.36014149873769824,0.0272542766019136,-0.016921677640366093,1.6164536350956513,0.9560466137415062,-2,smooth_198,synthetic_smooth_198,1,smooth
138057.75215228196,1.4067942821989143,6163,29.21080817916261,0.0,0.1617197014307233,0.91826386635496,8.32165848854662,12.075729031506317,0.7751908925236172,0.3209440534741446,0.3244200054086391,0.021093623235437287,0.037778823959671096,1.6554090105493258,0.9528913073618829,-2,smooth_199,synthetic_smooth_199,1,smooth
113382.08209972925,1.4065897236096043,4928,36.5341993099249,0.0,0.15743081003497364,0.93661752295578,13.050383136138187,11.589553985896806,0.7916215900258547,0.3043173626302298,0.3811673023738781,0.023133116883116884,0.09303378696524721,2.040101888597991,0.9566577030440491,-2,smooth_200,synthetic_smooth_200,1,smooth
106715.46256199156,0.9222632022118403,4595,39.285154549412276,0.0,0.16779165495570697,0.6355540020656315,5.70087712549569,13.493678311392069,0.7533549519428651,0.33841167430588637,0.3147799615356926,0.018715995647442873,-0.16146956977001875,1.8791520647357969,0.9521826748555346,-2,smooth_201,synthetic_smooth_201,1,smooth
121898.32598666576,1.4065751831755733,5178,34.77496619663898,0.0,0.1573421813231277,0.9108593228790269,6.894244864007803,12.528177775806546,0.7722041117206248,0.3206239346366442,0.3060272574885212,0.02433371958285052,-0.06138389602142219,1.655149459092794,0.9492004354002177,-2,smooth_202,synthetic_smooth_202,1,smooth
91585.69179275667,0.8652989739894129,4569,39.406742556917685,0.0,0.183448209937796,0.6045180861766261,4.608111747511232,11.589197204621698,0.7870715317161511,0.3373296654733008,0.31661816926415465,0.024513022543226088,0.027687716173538223,1.6500712636082788,0.9461268653649757,-2,smooth_203,synthetic_smooth_203,1,smooth
188332.63540880047,1.4724374469595882,8086,22.273593073593073,0.0,0.16592172323570856,0.9637560053701365,6.505458297024199,12.983251371678005,0.7628913188543208,0.3267988185552639,0.35919896784389255,0.0351224338362602,-0.050592377826773324,1.6555605157713194,0.9552818606388942,-2,smooth_204,synthetic_smooth_204,1,smooth
113784.47867672372,0.9910148613853709,4590,39.22967966877315,0.0,0.15472378176343893,0.6577804781208448,3.8461538461538463,14.810825735317641,0.7870792875208472,0.29430069269061854,0.4678320187593264,0.01786492374727669,-0.0848122737327289,1.5964648058687239,0.9625615183424334,-2,smooth_205,synthetic_smooth_205,1,smooth
143477.1451314837,1.08624210060497,6105,29.486893840104848,0.0,0.15576307605685388,0.7302108687933075,7.877894673692707,13.139348994042733,0.7708879233872771,0.30387239628392865,0.37324761577595655,0.02620802620802621,-0.011223892126967443,1.7476380493836963,0.9592828824064822,-2,smooth_206,synthetic_smooth_206,1,smooth
174484.93564951277,1.2433273112747043,7430,24.23017902813299,0.0,0.16644080720374116,0.8393146396518983,6.020797289396148,14.012442002093424,0.7786224337710076,0.3191618973995697,0.37953139693513993,0.02180349932705249,-0.041881065759089925,1.76158051015372,0.9585641545267086,-2,smooth_207,synthetic_smooth_207,1,smooth
150963.48235875816,1.1474258498340295,6538,27.537096527459077,0.0,0.16017594658466014,0.8124795885312746,11.01635148313633,13.495638251109943,0.8082166603240188,0.2969883428495184,0.4088356882828407,0.014989293361884369,-0.2117865796322055,2.040583455455462,0.9607505475431604,-2,smooth_208,synthetic_smooth_208,1,smooth
108862.84486018862,1.1434276790416618,4363,41.27624942686841,0.0,0.15885433523331538,0.7636994073484327,7.0,13.284769038697368,0.7989212444944661,0.3305160176597276,0.3584797128157057,0.029566811826724732,0.11596294696306127,2.098406472551036,0.9569985216345109,-2,smooth_209,synthetic_smooth_209,1,smooth
86747.23739309507,1.1227389615476753,3795,47.701107011070114,0.0,0.1642244230610104,0.8215669744834723,9.004534005325386,13.869872159610509,0.7829262949044015,0.3062266103359836,0.5039045840257659,0.025823451910408433,0.036467227949255124,1.8826254588823323,0.9653203799419923,-2,smooth_210,synthetic_smooth_210,1,smooth
151805.93445835565,1.2912502080351143,6194,29.06297432585177,0.0,0.15015400331883286,0.7848831697250958,7.2843135908468355,13.026427146030878,0.7829348755237753,0.3148509747971233,0.34314657253198166,0.022279625443978043,-0.1060000346968991,1.705732791839345,0.9580721990103148,-2,smooth_211,synthetic_smooth_211,1,smooth
175051.8265983576,1.59900326219381,6935,25.969426016729162,0.0,0.1543558125515796,1.0570605185817186,7.00446286306095,14.432305881982352,0.818232352189714,0.31583236414651755,0.38271713357337317,0.028550829127613555,-0.026746434195814236,1.6353803671705334,0.9598438393753075,-2,smooth_212,synthetic_smooth_212,1,smooth
196390.30200089043,1.6396190135921147,7982,22.55394060894625,0.0,0.15376049039599876,1.0964437402530753,14.783859441972519,13.376841191609335,0.7992347849154989,0.30725212543136665,0.3685955679324098,0.021172638436482084,0.026409283441542395,2.1029828147014498,0.9617422912851807,-2,smooth_213,synthetic_smooth_213,1,smooth
136867.26109736363,1.3438918284114385,5549,32.442141312184575,0.0,0.1566650643449455,0.8861056713231519,9.35141591374465,13.768036852487393,0.7793739775506996,0.31791217026967067,0.39892974279302607,0.03189763921427284,-0.13593718655728035,1.787767480432069,0.9602725864492038,-2,smooth_214,synthetic_smooth_214,1,smooth
119389.4159821328,1.1189972268055945,4988,36.10326849809505,0.0,0.16616795656776426,0.8041084065079706,5.261231372554866,14.94734926131053,0.7496759425620351,0.31333186203620955,0.34551309371596345,0.01623897353648757,-0.13914271193883423,1.704878609002006,0.959977768117174,-2,smooth_215,synthetic_smooth_215,1,smooth
83926.82997749545,0.9503065311672542,3454,52.1280046336519,0.0,0.15301592919775273,0.635010893263896,6.503076195155643,13.39273060242879,0.7795568034372071,0.3053826478557983,0.33138636671635724,0.024030110017371164,0.042039291336576495,1.817605619642116,0.9553453683947513,-2,smooth_216,synthetic_smooth_216,1,smooth
107034.44669508722,1.0505917425992457,4440,40.60779454832169,0.0,0.15882910950412285,0.7030961099524949,4.769851076285383,13.784529621000388,0.8031978592733624,0.3135354001801977,0.33701934355605795,0.03288288288288288,0.017362594833934618,1.5775907944056722,0.9564412497733946,-2,smooth_217,synthetic_smooth_217,1,smooth
100607.33692952001,1.0581760285515187,4727,38.086542530681335,0.0,0.1737409851022917,0.7500589647682273,7.683179680314654,12.110876225095783,0.7610896534117072,0.316787859692205,0.48413322525617913,0.024116775967844298,0.013071991149958363,2.299592358639941,0.9570955870754789,-2,smooth_218,synthetic_smooth_218,1,smooth
151316.32449677563,1.5989953199761922,6325,28.463788741302974,0.0,0.16243013951363242,1.0375461315449004,13.313526955694348,12.735934268992997,0.7675966981561623,0.3271746501205039,0.3278978850986905,0.0183399209486166,0.21255792767754086,1.9946668829194731,0.9558720341419936,-2,smooth_219,synthetic_smooth_219,1,smooth
91869.99461649617,0.9473109151686042,3727,48.275093934514224,0.0,0.16085749464099902,0.721616219836179,6.300793600809346,15.254704727388939,0.753144449037213,0.32400119412147255,0.25254257056216467,0.025489669975851892,-0.06272945432883316,1.7335062672294177,0.9450760636672512,-2,smooth_220,synthetic_smooth_220,1,smooth
175643.36029386322,1.5028748824421752,7169,25.111886160714285,0.0,0.15868559486311454,1.0338671141813796,7.67752853752068,14.535211259676956,0.8028673344450303,0.3052677386373904,0.4325500316634549,0.019249546659227228,-0.01567917109578341,1.8438537114656512,0.9635363408852828,-2,smooth_221,synthetic_smooth_221,1,smooth
118399.9273934465,1.1781331564474338,5021,35.873505976095615,0.0,0.1677161601967181,0.7647124760576481,4.7229357870904405,13.116446921780893,0.7444323511331679,0.35117954490032516,0.29310231054214314,0.029277036446922925,0.07141645255100024,1.6511633486260835,0.9470596698950318,-2,smooth_222,synthetic_smooth_222,1,smooth
120618.44370694451,1.2171757512209216,4914,36.635864034194995,0.0,0.15833074079945958,1.0138725466840988,15.656468311851176,14.579378779988126,0.7825345503143386,0.32342243814880356,0.2457268013588414,0.02442002442002442,-0.059705424111233106,5.034549402183694,0.9480278558358008,-2,smooth_223,synthetic_smooth_223,1,smooth
86100.20976041118,0.885563624803532,4123,43.66593886462882,0.0,0.16361269616137789,0.5824120652792159,3.931167973090575,11.86801514049302,0.8237341527649126,0.28245661387261467,0.38273767024558475,0.023284016492845016,-0.0592193018833326,1.6867387092260502,0.9573236316628514,-2,smooth_224,synthetic_smooth_224,1,smooth
143912.182356435,1.1376686416481046,6456,27.88241673121611,0.0,0.1707209857585048,0.7785650226854105,8.14900300650331,12.908825079325641,0.7252403763890368,0.3379436719492528,0.32504769563092256,0.025247831474597273,0.04756557883421089,1.6963603597063954,0.9528609194920332,-2,smooth_225,synthetic_smooth_225,1,smooth
81528.27885067699,1.0613897916171233,3676,48.97768707482993,0.0,0.16584413476496845,0.7367863608330242,6.4621977685614045,12.185762539282488,0.8169467163439124,0.3004558527996873,0.3306461513279044,0.012785636561479869,-0.032772175770365675,1.831576478441458,0.9530104484245099,-2,smooth_226,synthetic_smooth_226,1,smooth
95198.19510693781,0.8574360236551712,4418,40.749151007471134,0.0,0.1684211930362658,0.6034792940344235,5.006939628599934,12.666822657494818,0.7679239612719813,0.31503341783121885,0.4492285884243966,0.023540063377093707,-0.03236924968019987,1.7654025310184698,0.958061084924337,-2,smooth_227,synthetic_smooth_227,1,smooth
152713.7185200072,1.5012058115315174,6248,28.804386105330558,0.0,0.15948352781673045,0.9960600770290476,5.50820095655358,14.375858189259613,0.7759293056186259,0.3162631968425008,0.3639666884831524,0.02352752880921895,0.051405337975731616,1.6389355546301416,0.9538559411401297,-2,smooth_228,synthetic_smooth_228,1,smooth
100855.18645772882,0.9705621579519262,4449,40.48875899280576,0.0,0.16156142053332506,0.6370241442225065,4.843711228132666,11.931262628029103,0.8104972674340656,0.2924963958395484,0.34994994994994993,0.016857720836142953,-0.06388899102927026,1.607612357873905,0.9532000535591569,-2,smooth_229,synthetic_smooth_229,1,smooth
141507.28709645942,1.472773026810481,6132,29.35981079758604,0.0,0.15702089190561527,0.949380199488888,8.609297300012354,12.290100518393643,0.8031696304258779,0.2973739087776259,0.3593200848679203,0.018101761252446183,0.032123412841725804,1.956139034632322,0.9575911011568837,-2,smooth_230,synthetic_smooth_230,1,smooth
127240.73882591454,1.3614048854778995,5705,31.58695652173913,0.0,0.16714479581579691,0.880457973283794,7.731609003162134,12.470891144566766,0.7658899648657982,0.3197946185620882,0.3595406756987278,0.021209465381244522,0.0998895242231501,1.6796312695733011,0.9557315125844393,-2,smooth_231,synthetic_smooth_231,1,smooth
138207.91451685264,1.1171483855143551,5725,31.445317959468902,0.0,0.158716156318045,0.8002112938689059,6.4031242374328485,14.619124221460511,0.8083746824664618,0.2945180668591633,0.3544756608706478,0.01834061135371179,0.08516012950822179,1.8418038296410808,0.9597787821785736,-2,smooth_232,synthetic_smooth_232,1,smooth
195435.5874879511,1.5646675815791082,8136,22.130178242163492,0.0,0.15898844929441053,1.0095607460721254,10.25,13.277580623892057,0.7685899849814343,0.31779499472246464,0.38096090826065937,0.022738446411012782,-0.0017750013446235955,1.77530010940536,0.9569870796286728,-2,smooth_233,synthetic_smooth_233,1,smooth
123593.48890384287,1.2268674590630608,5902,30.501779359430603,0.0,0.1712577707081345,0.8449001913510048,7.336765295414595,12.155276353733452,0.7726551355723877,0.3129608612741815,0.3548820680893373,0.01643510674347679,-0.06555731679217694,1.6461584629360528,0.9503101338378307,-2,smooth_234,synthetic_smooth_234,1,smooth
45181.36092890306,1.1666344298692441,1814,104.85659128516271,0.0,0.1517617825070872,0.8292078630124817,3.820594034376095,14.188257718818466,0.7955462639773808,0.2921321486874506,0.25948229582428867,0.010474090407938258,-0.2838030208582571,1.5799848001313848,0.9500199705104677,-2,smooth_235,synthetic_smooth_235,1,smooth
146162.41037229204,1.4302405677730248,6345,28.3734237074401,0.0,0.1701359314971297,1.0374737928671163,12.700885795880538,13.467217718561404,0.7653767639859465,0.3267253501074803,0.4043458527175763,0.030575256107171,-0.08026547771651527,2.0246381029132654,0.95772427673901,-2,smooth_236,synthetic_smooth_236,1,smooth
114543.72733913967,0.9177498442114329,4973,36.19991954947707,0.0,0.1642490645757871,0.6022293832468322,6.835934464285041,12.566477850100634,0.7786699798733411,0.31722013056659637,0.3224141140052702,0.016891212547757894,0.014464533445874506,1.9746425090867405,0.9510767849482764,-2,smooth_237,synthetic_smooth_237,1,smooth
156796.77578295517,1.4177042863290406,6428,28.005601369223587,0.0,0.15814913464499156,0.9777696904849923,5.857142857142857,14.909043283888316,0.806601724558585,0.3040625366202418,0.3450238469186323,0.012445550715619166,-0.02180916842493301,1.5556748878531703,0.9588051086464122,-2,smooth_238,synthetic_smooth_238,1,smooth
148774.99080050192,1.5310568158831341,6335,28.794758446479317,0.0,0.16277220413829982,1.1118175829117176,8.77147510457643,14.116102643015214,0.7778362394932197,0.3143801102434151,0.4088276539610354,0.020678768745067088,-0.0375910630554008,1.7147839066224317,0.9611790172949656,-2,smooth_239,synthetic_smooth_239,1,smooth
138601.50050810247,1.2313032891854425,5894,30.54318683183438,0.0,0.15599523032652557,0.795500375779464,5.912116795192734,13.03502449788705,0.7877284566863423,0.3054608937066594,0.3631598125113868,0.023583305055989143,-0.014643541574571857,1.6754851531713575,0.9587226092473753,-2,smooth_240,synthetic_smooth_240,1,smooth
133003.23761196138,1.3837381380463452,5958,30.248447204968944,0.0,0.16194022123845234,0.895063047201938,9.334077351297235,12.51557700417423,0.8158452462096438,0.3126294990809509,0.33811699869925377,0.015609264853977844,-0.11597880268047853,1.8481335186357732,0.9558835275045303,-2,smooth_241,synthetic_smooth_241,1,smooth
150474.42755969113,1.6659397534552218,6296,28.66417791898332,0.0,0.16147461187430148,1.113489531992899,7.850159234053791,13.766116364451957,0.772210161093735,0.3208736804424759,0.3188217830689417,0.017153748411689963,0.11563336941079384,1.6468928032778312,0.9547089327739835,-2,smooth_242,synthetic_smooth_242,1,smooth
94391.72379836466,1.5344414410477585,3729,48.285139484978544,0.0,0.156176933087655,1.0293552410844011,9.735387911006823,12.704785559552585,0.7972249440883002,0.3284394768106459,0.3902184713141399,0.02145347278090641,-0.06649935090292551,1.837900951381152,0.9604364600494577,-2,smooth_243,synthetic_smooth_243,1,smooth
139765.58759842598,1.3667529221167434,6011,29.954908485856905,0.0,0.16544632305357843,0.9030395843675918,4.919490714381814,13.20411875010565,0.796463464126405,0.322067745043183,0.2962626721137842,0.02478788887040426,0.03446813185009575,1.5438235954437294,0.9526135005276177,-2,smooth_244,synthetic_smooth_244,1,smooth
151722.60570074167,1.5786309751481062,6192,29.115328702955903,0.0,0.1589615359665589,1.0674484181462027,6.846897107449476,14.076229027566889,0.7715504931547097,0.3157203585132152,0.33360326922355943,0.02503229974160207,-0.04834078821167289,1.5945609311438322,0.9577471682139644,-2,smooth_245,synthetic_smooth_245,1,smooth
112007.85614503476,1.3482714182322948,4854,37.1425922110035,0.0,0.15389729846136313,0.8937422872868919,8.498365855987975,12.903312609753538,0.814344837127042,0.292611249819424,0.3422273188012573,0.019983518747424805,0.024251950135998405,1.6355115705206815,0.957388901336403,-2,smooth_246,synthetic_smooth_246,1,smooth
229164.2141259445,1.6980618391732056,9185,19.599085365853657,0.0,0.15681866529330563,1.0343677999118235,15.008331019803634,13.100815805913097,0.7685861671992176,0.33021771267954164,0.38074781144439596,0.021339139902014154,0.023210572304032,1.9605746591529059,0.959346453712706,-2,smooth_247,synthetic_smooth_247,1,smooth
81274.86186526381,1.3524111162531538,3471,52.259942363112394,0.0,0.16063477730778072,0.9545816532014606,5.233439489369194,14.026063335196971,0.8419370677559502,0.2958655012796297,0.35132378623821164,0.01613367905502737,0.009141666220045983,1.5876628112258464,0.9605707839145525,-2,smooth_248,synthetic_smooth_248,1,smooth
103647.37927965297,0.8819036766027127,4795,37.54526491447643,0.0,0.17037346922335622,0.5983445888196471,6.312685640834652,12.604973033597489,0.7831252903734263,0.30897508467775475,0.31697918236421174,0.017518248175182483,-0.21549315602964214,1.7635688796640836,0.9517048565610537,-2,smooth_249,synthetic_smooth_249,1,smooth
101485.4081136459,1.055734841846787,4836,37.26556359875905,0.0,0.169962333386803,0.653601430291414,5.65685424949238,10.751928951386542,0.7591385199553026,0.3166763622661721,0.37396871041730856,0.03453267162944582,0.16292055713333686,1.612225463149852,0.9536016117696049,-2,smooth_250,synthetic_smooth_250,1,smooth
115742.43536390566,1.2424110868493534,4556,39.53743139407245,0.0,0.15312808288499213,0.7717407593444536,5.448977704550768,13.292409025829294,0.7562240146736279,0.33173405136640594,0.34677162216022317,0.021729587357330993,-0.07483941993564813,1.5777787735321558,0.9611613429683912,-2,smooth_251,synthetic_smooth_251,1,smooth
127439.43382298911,1.5188413470664592,5194,34.663393029077604,0.0,0.1618760728723059,1.0518739384689473,9.0,14.206590521584639,0.7717892951473541,0.32189993990195764,0.3460781331090392,0.0215633423180593,-0.022865365144116148,1.8234316397399464,0.9592773342529355,-2,smooth_252,synthetic_smooth_252,1,smooth
178755.58343969297,1.4852869078163968,8015,22.46106813077115,0.0,0.1641785913651266,0.96749118902005,5.86909541511599,12.599246792139072,0.7911052713016948,0.3049340513873463,0.3395744303123296,0.02395508421709295,0.006105229762183359,1.5157336205117073,0.955516475019633,-2,smooth_253,synthetic_smooth_253,1,smooth
145031.0280019152,1.124751397642804,6444,27.93760670495111,0.0,0.16243030352201301,0.7332962703542323,8.159541960183795,12.847748069665759,0.802650766242452,0.3053978008914844,0.3239057863501484,0.024674115456238363,-0.1446615971039379,1.8400185474836153,0.9526045374206982,-2,smooth_254,synthetic_smooth_254,1,smooth
179900.05133318668,1.4522259102461308,7590,23.718671761760444,0.0,0.16562771947139818,0.9917231701994902,10.309219175087899,14.20487042094789,0.7577309641218505,0.322160119156447,0.3195189058431766,0.02015810276679842,0.08242749666213596,1.8519950707066446,0.9531769188258097,-2,smooth_255,synthetic_smooth_255,1,smooth
194387.34217508836,1.474076427939701,8429,21.356786900806835,0.0,0.16489305992946213,1.000111350694509,6.705221845696085,13.62824446133604,0.7964128750181653,0.3181692663426872,0.330112749653685,0.024676711353659984,-0.027069206812512864,1.630644792448271,0.9540527039094049,-2,smooth_256,synthetic_smooth_256,1,smooth
170826.27281982842,1.4160803860449331,7413,24.27644360496492,0.0,0.15987815580128031,0.9423171788569428,7.623808036643619,12.86039350051279,0.7807717471909944,0.3126550517677501,0.3166714075146751,0.015243491164171051,0.018839546314884263,1.8344821870881904,0.952656281600705,-2,smooth_257,synthetic_smooth_257,1,smooth
130377.79437874828,1.3997692626590792,5665,32.391419491525426,0.0,0.15828966133976843,0.8726816016149642,7.646713164636307,11.261814418424231,0.754149075201981,0.3173646043342802,0.29695897565495744,0.027184466019417475,0.05032688459721107,1.6791555351667653,0.9476086489054951,-2,smooth_258,synthetic_smooth_258,1,smooth
145870.60510665705,1.1569046430192649,6364,28.286028602860284,0.0,0.1599917277283237,0.8071240768967347,9.855906294648346,13.152400835088086,0.795891832415862,0.29460098536652246,0.4150102920365367,0.022313010685103708,0.023384858494494072,1.9786161397484006,0.9589588740343031,-2,smooth_259,synthetic_smooth_259,1,smooth
136884.5111071131,1.1819336457829515,6193,29.06863695090439,0.0,0.17136225930681134,0.805009823161075,5.5787497685047525,13.261432917106905,0.781738230281058,0.3156053696029118,0.4017355264862065,0.02874212820926853,0.01394139228033782,1.7228631874040914,0.9560960797955731,-2,smooth_260,synthetic_smooth_260,1,smooth
147770.8909265094,1.3682450433223508,6164,29.21337011195846,0.0,0.1585194298284662,0.9461849903717283,10.017983829094556,14.249126553780297,0.7786223366267984,0.31387931327067764,0.3813590471498174,0.022063595068137574,0.02029878556467168,1.674290165606428,0.9601907904340048,-2,smooth_261,synthetic_smooth_261,1,smooth
64493.55493515189,1.2068855011427113,2538,71.01694915254237,0.0,0.1573685409194479,0.7891671005211575,7.86233594618115,13.464355835201701,0.7385067902127057,0.3421210102845263,0.4730024938620063,0.031914893617021274,-0.012841899787116971,2.1373119864374908,0.961424869844876,-2,smooth_262,synthetic_smooth_262,1,smooth
179821.89075956956,1.4754267752571044,7913,22.75088473205258,0.0,0.1663293705219675,1.0331752659919027,9.973576200251454,13.286878464243104,0.7484723854275661,0.32557655064976476,0.38702972490454407,0.022747377732844687,-0.11056314410553064,1.7444045440906355,0.9571968836580949,-2,smooth_263,synthetic_smooth_263,1,smooth
184900.40331909386,1.503964834310689,8076,22.27331269349845,0.0,0.16124840745550603,0.9834091509421659,14.022303662380159,13.02694415944491,0.7863026188365277,0.302195671518045,0.35724721118250813,0.017211490837048045,0.03226140126366834,2.0009875279419695,0.9564345166062738,-2,smooth_264,synthetic_smooth_264,1,smooth
70639.83106882904,0.8934382267387975,2972,60.58094917536183,0.0,0.1664964094557696,0.5863691106372343,3.4118360159890453,12.901581103356687,0.7853493225889739,0.32694023710009756,0.3281030070377479,0.022543741588156124,0.0005948471254853833,1.749049354891723,0.9594363573075291,-2,smooth_265,synthetic_smooth_265,1,smooth
148770.22463505395,1.5510642802579775,6129,29.37304177545692,0.0,0.15450296255971366,0.9649100974566263,7.905694150420948,12.343911266895434,0.8072215334619245,0.3043763096378605,0.326000480350656,0.01908957415565345,-0.006633339392376673,1.672616228962642,0.9521112472766433,-2,smooth_266,synthetic_smooth_266,1,smooth
148995.17747058763,1.4477077092937989,6639,27.12428442301898,0.0,0.16054386395025813,0.9542280671251004,5.502524673073059,12.771390368355249,0.8252245664356134,0.2830558910721699,0.36248370476131353,0.023346889591805996,0.04903568819308506,1.589367412946296,0.959579118293445,-2,smooth_267,synthetic_smooth_267,1,smooth
113666.18184873706,0.9779978200798334,5004,35.985208874675195,0.0,0.1672543675132813,0.6755393079069866,5.830951894845301,13.077410247110015,0.7755456569290363,0.313285971048738,0.3669266833724032,0.029776179056754597,0.10283497760393574,1.7594698450583743,0.955250476668399,-2,smooth_268,synthetic_smooth_268,1,smooth
148458.46531308658,1.286721426352543,7103,25.344410025344974,0.0,0.1718449354774444,0.8454710794185047,7.7195749063464545,11.570177596142745,0.7634006055531136,0.31069900730737576,0.2902557220606874,0.0308320427988174,-0.06002804957980392,1.731617954781255,0.9440810376799604,-2,smooth_269,synthetic_smooth_269,1,smooth
121709.785352012,0.9247904503990165,5278,34.11578548417661,0.0,0.16723072827491386,0.6105524698088011,7.626024521334822,12.904985364397602,0.7455798830938983,0.32820541754804594,0.39602863961813844,0.02197802197802198,-0.09972029727853807,1.8520395431710304,0.9549925732689005,-2,smooth_270,synthetic_smooth_270,1,smooth
166809.90104099788,1.2047403718047969,7291,24.691632373113855,0.0,0.16437493920319834,0.7697740271363734,6.670832032063167,13.27568993164867,0.8106926747457874,0.3076055812685853,0.4379872330810078,0.01975037717734193,0.08787063378519885,1.6725129841225148,0.9613673659325919,-2,smooth_271,synthetic_smooth_271,1,smooth
129998.85617453982,1.4206573145329784,6232,28.891670678863747,0.0,0.16529866748797584,0.9349514296310469,11.470069746954461,11.712639697309642,0.7973892009618779,0.30600803331546,0.32432010138800876,0.020057766367137356,-0.0466944857316199,1.816333519366067,0.9533339412608951,-2,smooth_272,synthetic_smooth_272,1,smooth
101536.6865900399,1.1447644720485666,4216,42.70320284697509,0.0,0.15804237950609823,0.7686575023274643,6.835817073454233,13.090570319549505,0.7623357371873826,0.3184922663656751,0.3832235326637796,0.0329696394686907,0.04384164179564815,1.8154866092539752,0.9582488056864149,-2,smooth_273,synthetic_smooth_273,1,smooth
163108.41807790194,1.351750418615445,6934,25.975335352661187,0.0,0.15977511750737755,0.8959163600482072,6.511528238439882,13.443593153760055,0.7893770855178556,0.3056257799481674,0.3295178801702741,0.01471012402653591,0.12061445637459571,1.569859754277527,0.9589289964068056,-2,smooth_274,synthetic_smooth_274,1,smooth
127718.5258053364,1.0353829505715881,5423,33.19605311693102,0.0,0.16247601810856047,0.6905441323954951,4.112196037398995,13.394658933680619,0.7765415881515324,0.3115774001631772,0.3703670393121498,0.02563156924211691,-0.014640268429704452,1.5425754177458753,0.9591882266135199,-2,smooth_275,synthetic_smooth_275,1,smooth
129476.51648534724,1.3173100537568465,4920,36.592396828623706,0.0,0.14927781816784075,0.8567773708638922,6.010407640085654,14.5389909962302,0.7924675902729658,0.2997597778386729,0.38523863085603505,0.03231707317073171,-0.1420790480853659,1.7365384734058342,0.9644376100476053,-2,smooth_276,synthetic_smooth_276,1,smooth
132327.58490454004,1.3199163124306006,5340,33.71211837422738,0.0,0.15608505200818715,0.8564532670249961,6.198386886924694,13.648691113563185,0.8059510276841464,0.2969830371195101,0.4342850875589515,0.021161048689138578,0.19955685047879845,1.7273050655371764,0.9643158383280829,-2,smooth_277,synthetic_smooth_277,1,smooth
94109.53014529725,0.8310408985529123,3796,47.42635046113307,0.0,0.15766334449137995,0.5829740663375919,5.016540687901652,14.551305323540332,0.7766441236629346,0.31272140362526646,0.30844304555650814,0.021865121180189673,-0.10945247177594593,1.7335422914465506,0.9557772071840124,-2,smooth_278,synthetic_smooth_278,1,smooth
138385.81365604387,1.1536325123164353,5814,30.965766385687253,0.0,0.15696735716068566,0.823607490054556,7.470105028431827,14.366902170799007,0.7878638288454262,0.3019715764108029,0.40331388326557,0.01719986240110079,0.04048905399368861,1.9882597477165171,0.9622771639965833,-2,smooth_279,synthetic_smooth_279,1,smooth
105350.33971013754,1.056908761441841,4552,39.54911008569545,0.0,0.1530911592350516,0.6762915891654592,6.129437168288782,11.769762514154895,0.7927698226398234,0.30304552134325596,0.4215908840448745,0.01867311072056239,0.014994820841605638,2.0843961739594445,0.9629961978283226,-2,smooth_280,synthetic_smooth_280,1,smooth
124513.4203631476,0.9237375550525792,5274,34.13351033567229,0.0,0.1610894343119513,0.6586753786142492,6.281172263200556,14.323449377057129,0.8142010918141062,0.3056565743957408,0.36430957010354353,0.02901023890784983,-0.11748139162433544,1.836376458018111,0.9593319099573547,-2,smooth_281,synthetic_smooth_281,1,smooth
167766.54043164302,1.5843471773895743,7048,25.54136511990918,0.0,0.15742345043727865,1.0250653886176193,9.838981428763628,12.905817221579648,0.7756936247559575,0.3118750951224854,0.3718743776225697,0.022985244040862655,-0.0880963298660059,1.8585939001144722,0.9571770546571834,-2,smooth_282,synthetic_smooth_282,1,smooth
144279.86658530627,1.2233142325866972,6000,30.075845974329056,0.0,0.15989780125383013,0.8221151464745363,8.505700369488112,13.821905016360226,0.8009909503209375,0.3135880947093595,0.3959384704968944,0.028833333333333332,-0.0899206828866347,1.7773493016562267,0.9603523248228201,-2,smooth_283,synthetic_smooth_283,1,smooth
117563.8765744204,0.9333812199836595,5235,34.38956820787161,0.0,0.16740037999454827,0.5838270527400116,6.2,12.153434483645636,0.7473623056719674,0.3182455074195338,0.3204069026753658,0.023304680038204392,0.056439453735729075,1.6489757530552176,0.9528522792835958,-2,smooth_284,synthetic_smooth_284,1,smooth
152703.69882951648,1.346290518079006,6574,27.383842994066637,0.0,0.16426970924293927,0.886137217047247,6.766184301362179,13.19934347626839,0.7834955898297702,0.3066426299669371,0.3406581223114107,0.02707636142379069,-0.1254189908656356,1.563130663656767,0.954752403286921,-2,smooth_285,synthetic_smooth_285,1,smooth
128703.26591582329,1.4150319513260594,5417,33.255908419497786,0.0,0.16169762833650986,0.9652004878863176,6.206095793653205,13.728282924492515,0.807519943105505,0.3036888526089508,0.4434509890230818,0.019198818534244048,-0.05524391462599493,1.5583320357121155,0.9613492572426887,-2,smooth_286,synthetic_smooth_286,1,smooth
130330.62472651541,1.2799061109129524,5278,34.114269471290505,0.0,0.15530368974876896,0.8305246800830495,7.401435671543731,13.513357133284988,0.7965165266681459,0.3157964458786955,0.3789845678464243,0.02178855627131489,-0.017077547506823332,1.6916401618740644,0.9581334082922548,-2,smooth_287,synthetic_smooth_287,1,smooth
113506.56207628128,1.2353983458245381,4616,39.013434452871074,0.0,0.15780457957987526,0.8183160200983353,6.6673176765472935,13.635180966590154,0.7746860278801463,0.31830311343289597,0.35133855252949653,0.01993067590987868,-0.08696889540256424,1.6764557764834491,0.9570937962777252,-2,smooth_288,synthetic_smooth_288,1,smooth
139947.86655734995,1.1217892658607986,6177,29.195919689119172,0.0,0.16398596844871804,0.7462727701087792,5.285251583181322,12.841711921878026,0.7649103028663512,0.316169769699706,0.46674987088999825,0.022340942204953862,-0.0473535927311635,1.613703939496589,0.9582654108104164,-2,smooth_289,synthetic_smooth_289,1,smooth
143008.0571886623,1.125433464652648,5973,30.139149363697253,0.0,0.16710942195102432,0.7705087410541036,7.256329718780309,14.101284205998507,0.7493336412155813,0.3383901858538943,0.31461173681090693,0.019588146659969864,-0.027114269775359693,1.7711861869424255,0.9523409415812059,-2,smooth_290,synthetic_smooth_290,1,smooth
158871.98195139965,1.3420425126057414,6323,28.471527997469156,0.0,0.15595543340061696,0.8942702633892246,7.525996611745184,14.161521904763756,0.7911300963869954,0.31602253304135897,0.3400542005420054,0.023406610786019296,-0.040927618564145576,1.761873842663199,0.9589892003467837,-2,smooth_291,synthetic_smooth_291,1,smooth
151998.50485571608,1.418650201657947,6425,28.489414694894148,0.0,0.16785826067843201,1.0727188811340227,14.15317985471816,14.147942256079084,0.7888183824527408,0.317950750333511,0.34855033248574796,0.018988326848249026,0.07688450976963492,2.138453003268209,0.9562256927093293,-2,smooth_292,synthetic_smooth_292,1,smooth
123156.29657077373,1.2464938859847983,5374,34.24976735529499,0.0,0.16275829776604267,0.8248637834455833,8.162882644092374,12.878922814212848,0.8011583404934083,0.31020170010414605,0.3496883505336591,0.026423520655005583,0.04206384678864426,1.849803093915809,0.9541572850013628,-2,smooth_293,synthetic_smooth_293,1,smooth
114580.92940962494,0.9653638178835537,4950,36.368559304910086,0.0,0.16423180893643,0.6668506102817393,6.294839156007086,13.875472992488985,0.7872608518362574,0.31647829103863523,0.3804695460919923,0.026464646464646465,0.11368060686645354,2.2353281915011336,0.9586751121372559,-2,smooth_294,synthetic_smooth_294,1,smooth
154975.867295623,1.360969437264429,7387,24.393311670728405,0.0,0.1733710876133668,0.9123019883267991,7.302610834489265,11.836703565972751,0.7831361053096716,0.320930459153044,0.34327369600978264,0.017327737917963992,-0.06337861237310262,1.6961408943740515,0.9536489317349776,-2,smooth_295,synthetic_smooth_295,1,smooth
132081.14340262796,0.8902310258859993,6205,29.013539651837526,0.0,0.16806426576200295,0.5848773028502607,5.669258846425041,12.213878097919864,0.811002640716826,0.3005893747466519,0.371973587674248,0.021595487510072522,0.004050329088947068,1.8740106529261886,0.9579685519391898,-2,smooth_296,synthetic_smooth_296,1,smooth
103501.11513264923,0.934841864588408,4535,39.69739744155271,0.0,0.1697882876013688,0.6139050114865713,4.341658669218482,12.840315209390097,0.7453513131146713,0.33213877212986,0.4246238061427819,0.027342888643880927,0.05041028805090895,1.673716235077976,0.956444409782704,-2,smooth_297,synthetic_smooth_297,1,smooth
164793.64105051424,1.4871931517639798,7046,25.551312987934704,0.0,0.1632690304138255,1.0081997669912253,8.294911425419537,13.29554115226178,0.7504324714273594,0.32831763572597783,0.336587180788094,0.017740562021004824,-0.01433744272212691,1.7887448890002144,0.9542951757364438,-2,smooth_298,synthetic_smooth_298,1,smooth
117771.49919934607,1.3509771439901759,5186,34.731340405014464,0.0,0.16634502189673483,0.9848481868197329,5.730619512757761,14.282069803613192,0.7806725279325859,0.31139412784961273,0.3363601895734597,0.014654839953721558,-0.04789680720158017,1.607768887262657,0.9607051699087376,-2,smooth_299,synthetic_smooth_299,1,smooth
164507.45933348016,1.7859928198309878,6626,27.301584905660377,0.0,0.15869753760389546,1.247070411121769,10.32593821403169,14.47669016232485,0.772389309392077,0.31661214890122474,0.3301176567385223,0.021279806821611832,0.09547515956995499,1.7764614249140025,0.9600646775734594,-2,smooth_300,synthetic_smooth_300,1,smooth
193851.81235877157,1.5124787534281081,8457,21.287251655629138,0.0,0.1648179530837371,1.0243283210290506,7.410802925459562,13.66307810392413,0.8000311608161192,0.29955322427800835,0.37731053876292786,0.019037483741279414,-0.03222757751998164,1.6053974637191033,0.9583600396367808,-2,smooth_301,synthetic_smooth_301,1,smooth
177385.18138272228,1.4876967547569706,7607,23.664869839600314,0.0,0.1578406435913266,0.99730036846833,10.022197585581939,13.245873000518925,0.7872709955630569,0.30411500266831026,0.3509485871496532,0.016037859865912975,-0.014943772473833107,1.6970174554388358,0.9561585077899842,-2,smooth_302,synthetic_smooth_302,1,smooth
140071.92978572188,1.1819335471258927,6092,29.575603349203742,0.0,0.16332208030752213,0.8165919052644154,5.0,13.419630855311421,0.7340898303460837,0.31468240621658683,0.3008142948712876,0.02133946158896914,0.1831605599402408,1.5571472789522076,0.9542110963660335,-2,smooth_303,synthetic_smooth_303,1,smooth
169647.2311079172,1.252933782934336,7356,24.472739632902787,0.0,0.16028737285722602,0.819047966074277,8.539225219359118,13.401873349759564,0.8118124362781327,0.30133345224611313,0.33644449178494396,0.016041326808047852,0.01381238278959317,1.8598988754121069,0.96017318568547,-2,smooth_304,synthetic_smooth_304,1,smooth
48560.815866951656,1.3905151143718977,2098,86.16213638531235,0.0,0.16607052258913488,1.1012852644389002,7.975657409336932,14.509005794931523,0.83170175283657,0.3056647388759763,0.32603852401949407,0.017159199237368923,0.11493741942342726,1.7619904085194968,0.9558997011488913,-2,smooth_305,synthetic_smooth_305,1,smooth
78224.84661819892,1.05973796133795,3498,51.46897340577638,0.0,0.15550224130885035,0.7504919745855254,7.462833078062273,12.538374416584253,0.8081971991213711,0.29077734009792644,0.3462727034197254,0.017724413950829045,0.0883764664035566,2.252505649423571,0.9577629385537731,-2,smooth_306,synthetic_smooth_306,1,smooth
150351.40961862376,1.3508740981698626,6664,27.014558006903798,0.0,0.1663252276613677,0.8918831717877155,7.571428571428571,12.892639889235753,0.7887150849585961,0.31108301378372016,0.342319615828825,0.017106842737094837,0.12938230701952347,1.5847323282365375,0.9555047708400799,-2,smooth_307,synthetic_smooth_307,1,smooth
129152.2158946631,1.182314220808343,5596,32.17068811438784,0.0,0.16585795305714882,0.816321943089067,7.477858473315657,13.807913365452992,0.7779053766064903,0.32246970241788553,0.3449229274325339,0.026804860614724802,0.17098629632940193,1.8342114329519734,0.9518172320552735,-2,smooth_308,synthetic_smooth_308,1,smooth
109072.89961935302,1.1225629312466787,4747,38.27602191319006,0.0,0.16525169237328213,0.7766910001051403,8.370258328737288,13.392969646065707,0.8012803931686165,0.31500415226580003,0.437610541209763,0.03138824520749947,0.018043595481425593,1.8640912635408042,0.9592516017493014,-2,smooth_309,synthetic_smooth_309,1,smooth
93847.80808300154,1.5374971831827158,3593,50.11219376391982,0.0,0.15336226132455116,1.0767913330588443,5.0990195135927845,15.504742497725287,0.7594323804055638,0.3218822066873675,0.3591772720198259,0.01586418035068188,0.06666171361345356,1.568551484546317,0.9579675955173426,-2,smooth_310,synthetic_smooth_310,1,smooth
159923.625535572,1.323303110644561,7331,24.556616643929058,0.0,0.16454893406639837,0.8697148083970548,5.491541203832347,12.669076311064885,0.7979087923040074,0.2976319064605515,0.37095789672562385,0.026735779566225616,0.02568748615503414,1.5347205141992282,0.9537282642507856,-2,smooth_311,synthetic_smooth_311,1,smooth
169265.38662945142,1.557326362279024,6908,26.06500651512958,0.0,0.157665880040047,1.0707296864474716,15.751984002023365,13.933079993910322,0.7692441540094381,0.3187413050089925,0.36017023814364524,0.02967573827446439,0.16318602559545392,2.0796717399014026,0.9560449312504231,-2,smooth_312,synthetic_smooth_312,1,smooth
115298.39752094875,1.070717960686307,4991,36.06973947895791,0.0,0.1677659123257889,0.7148104616699554,6.833333333333333,13.38478171671505,0.7481841263690202,0.3234091493269031,0.3631085038126743,0.019835704267681827,0.006017143373298264,2.042958878026904,0.9543821177090646,-2,smooth_313,synthetic_smooth_313,1,smooth
144319.74635137932,1.0343135453043002,5747,31.3661677688827,0.0,0.15539692177560233,0.6704404804196912,6.681465057054626,14.172293307136945,0.771788375146756,0.31272225282093813,0.3771953155854309,0.02262049765094832,-0.004079452383884179,1.850371522671248,0.9578838790084483,-2,smooth_314,synthetic_smooth_314,1,smooth
104600.95778077253,0.9711429614951008,4530,39.95848973283285,0.0,0.16622767406991149,0.7040016317520139,5.3226476975652535,14.111630482179518,0.7416393999489342,0.33741856289941247,0.3061222323646167,0.019205298013245033,-0.006143089576141143,1.7702341536107948,0.9511902498423239,-2,smooth_315,synthetic_smooth_315,1,smooth
111554.32862422502,1.0618229636469458,5104,35.27258475406624,0.0,0.1741471547584234,0.7683316196810164,7.47512882968636,12.696427491229484,0.7737219808329926,0.33738971897339937,0.3784816532237243,0.026253918495297807,-0.02990171036118974,1.8454871514239313,0.9520958253923322,-2,smooth_316,synthetic_smooth_316,1,smooth
112019.58790545713,0.9305955125566521,4798,37.5232436939754,0.0,0.16527256037681257,0.6282401885052344,4.385290096535146,13.282347324304142,0.7790571472082303,0.3178990163013223,0.40428059353117707,0.025218841183826595,-0.04289669429467041,1.6199089014219796,0.9599321948620794,-2,smooth_317,synthetic_smooth_317,1,smooth
96795.18059259752,0.9309670829220966,3948,45.60096275652394,0.0,0.16139101128496705,0.6563157763887831,4.478086023947041,14.791020944693036,0.7965280758463444,0.30892408775209673,0.3919150683607904,0.021023302938196556,0.1490495499199638,1.6178603982293733,0.9609353223885029,-2,smooth_318,synthetic_smooth_318,1,smooth
132883.0886064616,1.5170752458810008,5911,30.46311336717428,0.0,0.16272786923997834,0.9692233276625494,8.601138984851639,11.593452700779348,0.7735758543991663,0.31831240813694883,0.3339412052749776,0.02520724073760785,-0.09654700995999763,1.710805293635144,0.9500365902008936,-2,smooth_319,synthetic_smooth_319,1,smooth
114323.23407152301,1.1364178297141228,5001,36.0202,0.0,0.16674211706074915,0.8637718577250646,14.426538046253508,12.710387593375852,0.7761623101926224,0.3224467113074768,0.34600102791175774,0.01779644071185763,0.025718990009655034,4.038657786207238,0.9495584165347847,-2,smooth_320,synthetic_smooth_320,1,smooth
136126.45131987118,1.1334673384155804,5959,30.205270224907686,0.0,0.16096076817637486,0.7513749259812774,6.418966038233884,13.201606627550152,0.7869263662034784,0.3039641239083773,0.3945812223596591,0.022654807853666723,0.1445493409077805,1.7674187664799457,0.9583267659581737,-2,smooth_321,synthetic_smooth_321,1,smooth
105085.49139013005,1.144553623797108,4788,37.60204721119699,0.0,0.16507953868760555,0.7571037222762643,7.675040716504376,12.665316774465238,0.7789204213353442,0.3075205210114608,0.35572160823582843,0.022138680033416874,0.014708161650512004,1.765707567541789,0.9539535738586076,-2,smooth_322,synthetic_smooth_322,1,smooth
155953.83172283578,1.3417553038851227,6964,25.84963377854373,0.0,0.17293525447243854,0.9447495436899394,5.457574916292231,13.884796952210152,0.7601311198959215,0.32128531195438503,0.31854459250745304,0.0215393452039058,-0.048749001338760006,1.5993784089012713,0.9542851883147095,-2,smooth_323,synthetic_smooth_323,1,smooth
137040.84196617606,1.4363931586858132,6231,29.2784911717496,0.0,0.16684791842291494,0.9766443144228635,7.010037446404977,12.227118894766704,0.7622594910866471,0.3223221133677864,0.4152782281742728,0.03017172203498636,0.12060624050905912,1.6710134001597983,0.9556787853582074,-2,smooth_324,synthetic_smooth_324,1,smooth
102885.75085843509,1.331789948081342,4623,38.94309822587624,0.0,0.15723950175459422,0.9443850388030977,8.909980645435814,12.70489778766459,0.8057606390769599,0.28958624426017643,0.3635924836674674,0.01946787800129786,0.00793695680429365,1.7322812268946914,0.9617667807183141,-2,smooth_325,synthetic_smooth_325,1,smooth
120378.70765556043,1.1657797874717335,5301,33.96377358490566,0.0,0.1667878791141927,0.772860607056632,6.958430360822745,12.850926233629949,0.7576726917349241,0.33198936519558925,0.30011801150612183,0.027353329560460292,0.1091255078364302,1.71850814915197,0.9505405603456005,-2,smooth_326,synthetic_smooth_326,1,smooth
99837.40098030845,1.1255992779870354,4668,38.569102206985214,0.0,0.16560402932881033,0.736825863435,7.893826701923472,11.520619739081267,0.8033717455968484,0.3054835180021156,0.3189374713517502,0.014995715509854327,0.016289136828132874,1.8509095514331613,0.9478857211950364,-2,smooth_327,synthetic_smooth_327,1,smooth
134670.82697842317,0.9895641534396236,5674,31.72994888066279,0.0,0.1643052557234672,0.6534444214623267,4.334180887658261,14.001680620421203,0.7995603276355342,0.31347932718183463,0.3283578355750869,0.02238279873105393,-0.03759685745323955,1.6792966542774717,0.9551522435784401,-2,smooth_328,synthetic_smooth_328,1,smooth
92057.69797379928,1.2452568902829135,3858,46.66658024371273,0.0,0.16071086742915627,0.8173528426907123,7.374463780464497,13.107952907441275,0.7590152766171357,0.33064249762597664,0.41433895569985013,0.02514256091238984,-0.15620045171291302,1.7381942735634721,0.9581810195529723,-2,smooth_329,synthetic_smooth_329,1,smooth
149615.53331830632,1.3418084449795977,6455,27.924078091106292,0.0,0.15996953669200895,0.8843836508207349,6.645544771207433,13.253503971438263,0.8185160645869357,0.301876704243841,0.3652563631913852,0.021223857474825716,0.0026295437854893093,1.6710085733009223,0.953973978518776,-2,smooth_330,synthetic_smooth_330,1,smooth
149843.30372865553,1.4169222183314776,6487,27.750385445575084,0.0,0.16057958200198685,0.8836096195946824,5.251487884400001,12.539042965625546,0.7711084017597738,0.3229872519559107,0.35097561727443666,0.02682287652227532,0.10315546938429138,1.6010669324877966,0.955014414120489,-2,smooth_331,synthetic_smooth_331,1,smooth
115331.9169112392,1.0955274342869565,4925,36.556661251015434,0.0,0.15520309643652835,0.7617407040017611,5.374838498865699,14.019918786091294,0.79784276360472,0.2860477174054868,0.3376386094832697,0.01786802030456853,-0.13900326838903868,1.7568733307525706,0.9549072095015404,-2,smooth_332,synthetic_smooth_332,1,smooth
163548.58637872484,1.4371884942938649,7265,25.230451541850222,0.0,0.16138837987934102,0.9445009422351835,7.391929720986259,12.776219106469908,0.8066949996991968,0.30478575116742157,0.4025448152631276,0.019408121128699243,-3.0686474603023843e-05,1.5848784345188403,0.9595174123956618,-2,smooth_333,synthetic_smooth_333,1,smooth
113521.26111223103,1.109960100817293,5216,34.53422818791946,0.0,0.16543080375780583,0.7456808282436489,8.286945721298958,12.561513617168119,0.7854229800475581,0.3105097744980508,0.3744425949900335,0.028182515337423313,0.08104122901384768,1.8615747510092033,0.9581076144174219,-2,smooth_334,synthetic_smooth_334,1,smooth
124320.07434491525,0.8841988085143718,4965,36.257453666398064,0.0,0.15658010212938672,0.6157801206193307,5.055937104039171,15.677134029543668,0.7850252838163989,0.30443982161855654,0.41192571417895113,0.013091641490433032,0.056322156738532164,3.0622562578576553,0.9638830302274027,-2,smooth_335,synthetic_smooth_335,1,smooth
141645.06880897883,1.1418233961558686,6502,27.760806029841564,0.0,0.17027886204644443,0.737948843990119,6.9796883442397375,12.360734427255867,0.7723986272983462,0.3126861437299595,0.3607502229015412,0.020455244540141495,-0.10171429178354276,1.6341847252046144,0.9511063652183929,-2,smooth_336,synthetic_smooth_336,1,smooth
75256.94651921131,1.0887143870656284,3177,56.884445843828715,0.0,0.16570720882429724,0.744290100375739,5.63489716993154,12.888561510530609,0.7419702828973828,0.3440768219651794,0.4205849802371541,0.032420522505508344,0.0006127311643581999,1.6247933313822123,0.9572917927700862,-2,smooth_337,synthetic_smooth_337,1,smooth
160449.6538396548,1.2552844749675742,6630,27.152813395685623,0.0,0.15903152929399728,0.8510385700445428,6.136311676215145,14.679183361308267,0.7797735275861928,0.30389617004701036,0.37079070567739436,0.017345399698340876,0.14482999672298996,1.7114055531667374,0.9617184183575864,-2,smooth_338,synthetic_smooth_338,1,smooth
120947.07988608509,0.9615671530323842,4976,36.17708542713568,0.0,0.159193539640864,0.65707965694374,5.94810894318522,14.523998693131556,0.7710824654526284,0.3176109825012423,0.35429797251120054,0.03195337620578778,-0.03895383066844483,1.765842139059024,0.9557342643724553,-2,smooth_339,synthetic_smooth_339,1,smooth
108233.374732679,0.9301293001956411,4746,37.93256059009484,0.0,0.16836932450793415,0.6358589762119131,5.772347875864725,13.624189780880641,0.7979477361586903,0.3044863841695658,0.46078956668452675,0.040455120101137804,-0.20319429126214708,1.747751687917193,0.9587846380280671,-2,smooth_340,synthetic_smooth_340,1,smooth
104292.03678302365,1.5051642411853474,4532,39.72897815051865,0.0,0.15348568498714707,1.0368551476770562,5.982066864131673,13.079367802558316,0.8384660195735074,0.29353909031663183,0.2643516051859049,0.012135922330097087,0.03582627475687432,1.5584598917734833,0.9503843516678362,-2,smooth_341,synthetic_smooth_341,1,smooth
136926.8337175803,1.2059273035835019,5959,30.2134944612286,0.0,0.16267574617718805,0.7386789489944585,5.28707149563915,11.900837737869466,0.7709628477511817,0.31549051509421466,0.3516838038829651,0.025339822117805,-0.04780286642547038,1.5947736747595027,0.9548412308301593,-2,smooth_342,synthetic_smooth_342,1,smooth
87250.3869923384,1.0411516803010024,3870,46.49987076764022,0.0,0.1664012627757466,0.736154577890016,8.402380615040002,12.366738093674435,0.7792223078923793,0.3223000641853336,0.30998387665642163,0.016795865633074936,0.03981870405679098,2.3313310233903253,0.9496489848758167,-2,smooth_343,synthetic_smooth_343,1,smooth
152827.6780950029,1.137508389371672,6750,26.669136168321234,0.0,0.17132393012496483,0.7674138918101029,7.875992001011682,13.208787911557742,0.7643365815359999,0.33346358558085654,0.40950321980042625,0.018814814814814815,-0.036567385831107524,1.8336490214867616,0.9569022477750294,-2,smooth_344,synthetic_smooth_344,1,smooth
144441.52980902855,1.2472265795761601,6228,28.90412718805203,0.0,0.1624953200809089,0.8690719011733973,7.796233064756338,13.840680813512252,0.8022864249849827,0.30262166717575906,0.4431116687578419,0.02472703917790623,-0.04306825607934604,1.8616394956446074,0.9626693417228429,-2,smooth_345,synthetic_smooth_345,1,smooth
133161.3540727906,1.4927295338312292,5700,31.58554132303913,0.0,0.1598686901743978,0.9769947133572393,6.000688665712454,12.880722998999074,0.774916534160587,0.3130122683422736,0.4010293161897736,0.023157894736842106,0.019094033153103568,1.5114898051931156,0.963590425835716,-2,smooth_346,synthetic_smooth_346,1,smooth
118019.21092041601,1.1421828417116136,5227,34.56027554535017,0.0,0.16603693653512908,0.7497452044249535,6.689774765995719,12.80690450795138,0.7408611291249874,0.33007876104736333,0.3178903786622708,0.031184235699253875,-0.06727923407652187,1.705092158934404,0.9526371338953228,-2,smooth_347,synthetic_smooth_347,1,smooth
136105.88118820847,1.4335679250893976,5566,33.29344115004492,0.0,0.15602814968350856,0.9821503841548851,8.253787009609589,14.209611408798764,0.79224841143631,0.31849483380642535,0.31324789881001913,0.024074739489759252,0.004562764608445749,1.6553651044283957,0.9595044534892296,-2,smooth_348,synthetic_smooth_348,1,smooth
103849.80567203439,1.1423604196231385,4583,39.28459188127455,0.0,0.16460406920474815,0.7833401860721927,5.323532661682465,13.531760762021692,0.7927813218724951,0.3069954017318347,0.37371869906247607,0.013310058913375519,0.07033556911841944,1.6601907231911164,0.958414327754636,-2,smooth_349,synthetic_smooth_349,1,smooth
120693.41821828907,1.1052610326235806,5513,32.66455007256894,0.0,0.16528106472054005,0.7478020875494369,7.308088892816379,11.83936948727767,0.7757716316179354,0.31878806942222027,0.3653488862073589,0.02557591148195175,0.01582474542238795,1.6404646450120441,0.9537231458442007,-2,smooth_350,synthetic_smooth_350,1,smooth
150093.446078428,1.3718841821584637,6631,27.15188536953243,0.0,0.1700469822264009,0.8985672294305322,6.302067072216548,12.680508585296735,0.7682033223584505,0.3373861777137791,0.310123216026948,0.019152465691449252,-0.07853785923535365,1.5662825351181942,0.9491736098913317,-2,smooth_351,synthetic_smooth_351,1,smooth
112768.08058382085,1.5837678427358957,4751,38.69621052631579,0.0,0.16157061079996937,1.120205272609153,5.928638994792862,14.24380379191774,0.7645381897028167,0.32847446035773087,0.39050594018844736,0.02146916438644496,0.07584356149442067,1.5659370153891807,0.9590973199518722,-2,smooth_352,synthetic_smooth_352,1,smooth
120346.40312560333,1.4710808999688916,5133,35.07755261106781,0.0,0.15824233701556042,1.0013013325766096,12.093386622447824,12.519325623817467,0.826352865574928,0.29296019984639887,0.3406665912604155,0.01928696668614845,0.08394725065089227,2.1357085802664137,0.9551324026911724,-2,smooth_353,synthetic_smooth_353,1,smooth
150977.5449089738,1.1529595283809662,6503,27.651030452168563,0.0,0.16534635808990283,0.7688988456971759,5.432668671002207,13.627538380411844,0.7793028394782338,0.30980312089878226,0.4033616695415413,0.021989850838074736,-0.04261137507377683,1.6175997543736806,0.9591180516803282,-2,smooth_354,synthetic_smooth_354,1,smooth
150958.75909389067,1.6236973606612617,6406,28.027322404371585,0.0,0.15962034452955706,1.1393033886651434,6.754628043053148,14.218652793287456,0.7863571288457919,0.30266830899864994,0.38125832784525143,0.016546987199500467,0.08542227602028918,1.7289170624633763,0.9607235794358757,-2,smooth_355,synthetic_smooth_355,1,smooth
115006.672320563,1.2284439267991043,4876,36.92225641025641,0.0,0.16143403038560525,0.8631526869141272,8.008784239820674,14.322333133223573,0.7895810718583472,0.30084155099619764,0.35902634880803014,0.021534044298605413,0.010918985229948781,1.837770054768909,0.9620829153960317,-2,smooth_356,synthetic_smooth_356,1,smooth
97947.16403596854,0.9401940433126983,4163,43.33829889476213,0.0,0.16393686626895887,0.7052085566794789,6.239390995922599,14.533830513013076,0.8107667024254064,0.31360795847267786,0.289416408232309,0.015613740091280326,-0.13468753825099186,1.8309965931755543,0.9571777481179282,-2,smooth_357,synthetic_smooth_357,1,smooth
199425.34039893516,1.5637606076583623,8815,20.423757658270933,0.0,0.16375170393488095,1.0073888219877416,8.5,12.649887213298298,0.7908706974427661,0.3067347296405569,0.36436319783857746,0.016562677254679522,-0.03267737699409105,1.7116509316622253,0.9584340262370846,-2,smooth_358,synthetic_smooth_358,1,smooth
173524.98862694472,1.4104128189694805,7328,24.568991401665073,0.0,0.15380964909943978,0.9400071474771913,7.027846398435298,14.077194991872425,0.8341340070795046,0.2805011264355284,0.33857035757358456,0.014328602620087337,-0.12424258466145066,1.599245351658609,0.959647420036116,-2,smooth_359,synthetic_smooth_359,1,smooth
91841.82758730449,0.9848419218711497,3761,47.86941489361702,0.0,0.14545613146554537,0.6436166582131172,5.471587667664503,13.537596129134219,0.8319046591764101,0.27446749955039407,0.2631918765040794,0.023398032438181334,0.09716521545135143,1.7562984893695692,0.9513567739461497,-2,smooth_360,synthetic_smooth_360,1,smooth
136811.22387442744,1.10610295953384,6250,28.80332853256521,0.0,0.17242429320789113,0.7963059481518622,9.917717031207893,13.633648043085213,0.7684658435534537,0.32447908324129865,0.3815068434596018,0.02288,-0.018193144985938072,1.9563825215595056,0.9574446279908726,-2,smooth_361,synthetic_smooth_361,1,smooth
158733.09981014783,1.5125210189370613,6694,26.89376961004034,0.0,0.1625175377495195,0.959895043362534,5.417307654381669,13.375279216567096,0.7764432416165993,0.3302616451079233,0.29456353970159493,0.015835076187630713,0.12174604715444771,1.572664279878623,0.9521445600465402,-2,smooth_362,synthetic_smooth_362,1,smooth
136402.58755911572,1.1409304594570222,6248,28.814470946054104,0.0,0.1643270752366418,0.6964640685907724,5.973191135873606,11.442128380511543,0.804069312904053,0.3039234316196623,0.3550343201246473,0.02672855313700384,0.11026254840579405,1.608665689989501,0.9544704977939722,-2,smooth_363,synthetic_smooth_363,1,smooth
165110.65414167658,1.1770012355409836,6366,28.279183032207385,0.0,0.1515388809591648,0.7619883202003207,5.63748614188984,14.4246782920732,0.7863036120618994,0.31610141552006277,0.399599409806619,0.027018535972353125,0.004343303589853338,1.634159915355309,0.9612431056147783,-2,smooth_364,synthetic_smooth_364,1,smooth
125745.62254841592,1.2083121124857996,5126,36.01092682926829,0.0,0.15957142372237815,0.8095100356716743,7.878967254659712,13.966831889014273,0.7878764199373117,0.31293900034015615,0.32607330594377365,0.026726492391728442,0.1430537470839969,1.6814701481988548,0.9561006000478498,-2,smooth_365,synthetic_smooth_365,1,smooth
182153.27350993908,1.4543024812030647,7452,24.228962555361697,0.0,0.15205467308660925,0.9295329583844719,8.590455073355947,13.615595458437122,0.7832891510857848,0.3075905632474634,0.3326943663023725,0.02549651100375738,0.03064426423999497,1.5993184019329072,0.9533012443619004,-2,smooth_366,synthetic_smooth_366,1,smooth
104830.69136701533,0.9209182859452191,4929,36.52495941558441,0.0,0.1749729253060334,0.677911797783641,6.348908723182957,13.28161930343942,0.7982176449365652,0.3100972607396981,0.2907488066514169,0.019476567255021303,-0.08426307889645336,1.910156129874625,0.9436450042493885,-2,smooth_367,synthetic_smooth_367,1,smooth
131759.00860062242,1.187057822283485,5899,30.523397761953206,0.0,0.16165498928644975,0.7580731883551374,4.706787243316417,12.184957594354959,0.7862097882062332,0.30905684534138045,0.32363941024555826,0.020003390405153417,-0.002020524449794209,1.662404841577871,0.95461428619219,-2,smooth_368,synthetic_smooth_368,1,smooth
134046.17162476107,1.1651295379620212,5855,30.747523061154766,0.0,0.16612368966944488,0.7400782590123364,5.411464738615965,12.706519100313747,0.7678561084119473,0.32225572867587965,0.4446683116468145,0.024765157984628524,0.23606561539159496,1.5992657946246083,0.9617598768491344,-2,smooth_369,synthetic_smooth_369,1,smooth
121493.79073857745,1.3048558006377207,4652,38.71619006665233,0.0,0.1464429840759699,0.8859962602245479,6.635604719993498,14.799402326165369,0.7793658657442964,0.29923175102055405,0.32176123501688497,0.023215821152192607,0.1132314825281369,1.7773164174563998,0.961631043188038,-2,smooth_370,synthetic_smooth_370,1,smooth
179758.8921750079,1.6886162488540244,7351,24.517551020408163,0.0,0.1634597238884699,1.14251884650146,6.604338267428258,14.447175796828116,0.7678935138568269,0.32660732956788857,0.34810242082145576,0.02067745884913617,-0.020040546622754635,1.5817579792940624,0.9603477880860123,-2,smooth_371,synthetic_smooth_371,1,smooth
127714.19499784059,1.0793494293426198,5073,35.667586750788644,0.0,0.1537853378484132,0.7620391418676535,5.374838498865699,14.8910121109546,0.7785909784712385,0.3204454500453523,0.3447171355408699,0.02188054405677114,-0.0786455901926962,1.6435297343743862,0.9570746506233647,-2,smooth_372,synthetic_smooth_372,1,smooth
170311.0480791789,1.4473124193928635,7122,25.28184243785985,0.0,0.15573323919063098,0.9786037576765857,10.198039027185569,13.600965945119148,0.8053512326640162,0.2955301967508958,0.3874477327162749,0.016427969671440605,0.07898237181367519,1.9634296622306877,0.9602551315308762,-2,smooth_373,synthetic_smooth_373,1,smooth
158249.28446228005,1.3234250661048745,6902,26.08346616432401,0.0,0.16529850738223134,0.9052089542894617,10.309219175087899,13.259869277076765,0.7984356849347716,0.31416195795953555,0.3824281953441595,0.023906114169805853,0.015487873577041575,1.7747005401279365,0.9562840293698043,-2,smooth_374,synthetic_smooth_374,1,smooth
175017.2561771972,1.32959930392998,6988,25.783598110777156,0.0,0.15014377507963564,0.8139141872761431,6.398302243950209,13.352213122113772,0.8224224123447453,0.2928589967172194,0.4064879291191373,0.015741270749856897,0.054546991676648934,1.6589514203071343,0.9618399189521445,-2,smooth_375,synthetic_smooth_375,1,smooth
159809.9360089521,1.3690377219427492,7050,25.535253227408145,0.0,0.1637683426923543,0.8561845517801114,5.031152949374527,12.214189052937858,0.7812421110971208,0.30852851423189176,0.38090988892999905,0.02226950354609929,0.09979124551522929,1.536750732230421,0.9589108736729384,-2,smooth_376,synthetic_smooth_376,1,smooth
168242.91569813841,1.4574031787591626,7156,25.156813417190776,0.0,0.16195618229830813,1.0111809428306782,7.857142857142857,13.500901236221978,0.7981870588150476,0.3136639122231666,0.41672738591266334,0.03353828954723309,-0.11958664860727201,1.749646144919362,0.9613966396640923,-2,smooth_377,synthetic_smooth_377,1,smooth
116455.06320680352,1.4689224128024416,4894,37.609646433680766,0.0,0.15504888702949973,1.1179431992202464,13.050383136138187,13.924450622487814,0.7888714743423147,0.30885065779643456,0.39471011213355456,0.022272170004086638,-0.00543354325761843,2.260181829948195,0.9607699590522039,-2,smooth_378,synthetic_smooth_378,1,smooth
139448.7507249714,1.2057455192101239,6098,29.521075938986385,0.0,0.16791172560373235,0.7720343139203428,5.609735805050817,12.805512995048336,0.7413181769613009,0.3347409989185269,0.3578101843133081,0.02197441784191538,0.015006402612380804,1.7327024084548197,0.9563612682042669,-2,smooth_379,synthetic_smooth_379,1,smooth
135174.06740043548,1.209956280590518,5582,32.27002329331661,0.0,0.16260734516417438,0.8657768463333271,7.509369147937795,15.028464437835172,0.8123519279835207,0.29878937315487186,0.3854436017399877,0.022214260121820137,0.06445375673264779,1.741648778288664,0.9615585923213603,-2,smooth_380,synthetic_smooth_380,1,smooth
144766.8230692424,1.4776326103415756,6148,29.30307467057101,0.0,0.16800853063096505,1.073595914455782,12.955307792561317,14.225097791371304,0.7492343336959081,0.31716610989632205,0.34967833045661384,0.022121014964216004,-0.09182567270374499,2.0562043724270063,0.9571936938531533,-2,smooth_381,synthetic_smooth_381,1,smooth
180006.97032449412,1.593220657495528,7346,24.801225323349218,0.0,0.16305550864209564,1.0958147283475426,13.612953390061982,14.347453397028566,0.7709471312301037,0.330887318462365,0.32423583499005965,0.016879934658317452,-0.027133604098709005,1.9939371383083278,0.9574967155605218,-2,smooth_382,synthetic_smooth_382,1,smooth
109079.41065213297,0.9851828010067348,4608,39.068591274148034,0.0,0.15575553704313522,0.6349858499679151,3.935429240347884,13.245509728394625,0.780132587967561,0.30256330772137513,0.3215440041173443,0.016927083333333332,-0.1195387906401377,1.630978186296589,0.9555149540997017,-2,smooth_383,synthetic_smooth_383,1,smooth
145460.7790206283,1.1633663918817168,6458,27.875019358835374,0.0,0.1671056185724339,0.7593866472969885,6.125,12.841619767937996,0.7558926430929092,0.3257841602396101,0.32056644313776467,0.020439764633013318,-0.014518169674271563,1.7148227009014616,0.9506142338389232,-2,smooth_384,synthetic_smooth_384,1,smooth
110056.07977687169,0.886162687458972,4941,36.43502024291498,0.0,0.1686246075216139,0.6240490298153618,4.943482227026372,13.343085418176889,0.7813757839741771,0.3153043720668202,0.3812500654457115,0.024286581663630843,0.04099955908703635,1.9062823118311047,0.9573705885098989,-2,smooth_385,synthetic_smooth_385,1,smooth
158779.80911572653,1.7701316152935074,6242,28.841531805800354,0.0,0.15037188748610886,1.148334496581089,6.8996331983377885,14.048411051460414,0.8078907023474312,0.3084712631445305,0.3252074834716556,0.018904197372636974,0.1689350938362313,1.590180203515375,0.954625442563611,-2,smooth_386,synthetic_smooth_386,1,smooth
119190.67269190415,1.5472199982305366,5108,35.2455453299393,0.0,0.15903058098534403,0.9885780302987965,9.834745661287952,12.146286196270143,0.7984584848475624,0.3139187011515516,0.35525656347584716,0.01624902114330462,0.05444096047496276,1.760261619103808,0.9599695091272364,-2,smooth_387,synthetic_smooth_387,1,smooth
95707.1524466652,1.4399333715775897,4208,42.82172569526979,0.0,0.16685406984222972,1.0305095557922428,8.802272433866154,12.99610040367756,0.7753424722121184,0.3041853252729985,0.38404618147197417,0.027566539923954372,-0.060144999116215035,1.8904173051733766,0.9601108186018024,-2,smooth_388,synthetic_smooth_388,1,smooth
160405.82810199336,1.4778809721269417,6769,26.59559692671395,0.0,0.15949397721424396,0.9980357343303118,11.892854997854805,12.9837978853366,0.7664121061221703,0.32040818680134564,0.32799988732156315,0.015807357068990988,-0.14636320566206873,1.9258063153901936,0.9533185753456666,-2,smooth_389,synthetic_smooth_389,1,smooth
103863.7474778945,1.115927747879069,4407,40.90127099409896,0.0,0.1603852631544717,0.7013970244619777,7.374805428080175,12.24274465320538,0.7717953608668537,0.32615163029553973,0.3738300179231297,0.02405264352167007,-0.03505648355269414,1.8113000602282192,0.9538947297244601,-2,smooth_390,synthetic_smooth_390,1,smooth
97585.35688886234,1.3402794623114256,4839,37.208350558081854,0.0,0.17749955646683724,0.9550223325887568,6.312685640834652,12.280136570666631,0.7886690105524831,0.30198179055362395,0.4315541096135283,0.015705724323207274,0.1754791052747157,1.51527214717912,0.958354498934689,-2,smooth_391,synthetic_smooth_391,1,smooth
115599.14273655588,1.1367089657312404,4802,37.49135596750677,0.0,0.16353519687170312,0.8073372238385631,5.270462766947299,14.212058453846465,0.8108121516138712,0.3093915208543759,0.30087653733777264,0.017076218242399,0.030884346396628404,1.7134853988970278,0.9571754764489167,-2,smooth_392,synthetic_smooth_392,1,smooth
230616.95237935078,1.6206523496157297,9666,18.623279875840662,0.0,0.15929830469238673,1.081913186272997,15.787653403846944,14.128009646179663,0.7935894351627318,0.30597243492283693,0.39562661342368505,0.017277053589902752,0.020213104394401486,2.073731820696794,0.9621310059211681,-2,smooth_393,synthetic_smooth_393,1,smooth
189915.43422242743,1.516852436277107,7634,23.58207781999214,0.0,0.1525350238121827,0.9994003278275772,8.830605406014623,13.641043061057767,0.7936044919653027,0.2990437979044071,0.39904351157301565,0.02292376211684569,-0.009816960219894354,1.8288394390682818,0.9602518185345131,-2,smooth_394,synthetic_smooth_394,1,smooth
117844.16789295609,1.0404418615647564,4475,40.23111309789897,0.0,0.1430563135628011,0.6237810507010662,4.824065188020536,13.50140384558327,0.7884966771952342,0.3169645175371995,0.31955698326700865,0.01899441340782123,0.12322372379463319,1.6636911699193542,0.9592398469980192,-2,smooth_395,synthetic_smooth_395,1,smooth
155520.4667137878,1.438158477760526,6910,26.053263858734983,0.0,0.16651023755157632,0.9961921690566375,15.508062419270823,13.089357807110485,0.7734443791921204,0.3221242818453206,0.3412134442946727,0.018668596237337194,-0.058674730672255086,1.951484374597197,0.9547889026867933,-2,smooth_396,synthetic_smooth_396,1,smooth
127785.21017208602,1.4106689114804638,4867,38.215782983970406,0.0,0.15517224923200934,0.9761679238686937,7.525996611745184,15.646649847515333,0.8060036599536872,0.30103385738573707,0.40225848781118895,0.02177933018286419,-0.04073868413449489,1.8192237634735178,0.9631901505493377,-2,smooth_397,synthetic_smooth_397,1,smooth
130461.10907739194,1.2038329948072182,5503,32.717557251908396,0.0,0.1656505450975877,0.8724513263229692,7.243771270700243,14.27683899604205,0.767284933813789,0.31396950534736506,0.35178875638841567,0.02453207341450118,0.03470341299030529,1.7541530420509983,0.9561112526168585,-2,smooth_398,synthetic_smooth_398,1,smooth
153392.60075176088,1.5149433763693696,6544,27.522390340822252,0.0,0.1632076060099992,1.0149797887707068,5.1867887731984785,13.535949795890371,0.798375979672037,0.3050220134328352,0.42483731783904843,0.03270171149144254,0.025528199510253136,1.563933512907252,0.9604380596557107,-2,smooth_399,synthetic_smooth_399,1,smooth
167485.75909260585,1.4628524934588347,7256,24.961268090971743,0.0,0.15704887576099258,0.9490147894385924,10.338708279513883,12.411649384931877,0.7826628023443285,0.30748965653446547,0.3265299170918802,0.026736493936052923,-0.10866969411751745,1.79246539035568,0.9575794446098431,-2,smooth_400,synthetic_smooth_400,1,smooth
111935.52929359183,1.1345830187364367,5036,36.60913604766633,0.0,0.15570873851320902,0.7086026185754493,7.939824703765859,11.547928655623455,0.8178554605085164,0.30409204980423954,0.32094718754035184,0.01886417791898332,0.0379752201097123,1.799592876156299,0.9484697750266151,-2,smooth_401,synthetic_smooth_401,1,smooth
83243.90088584437,1.1820105786342037,3276,54.96030534351145,0.0,0.1580374543886873,0.8336364210792957,5.052615720578274,14.359234758055374,0.7949365782457688,0.30666230781597964,0.4905466868812985,0.025335775335775336,0.053310553980982466,1.6019919114312549,0.9681102563444131,-2,smooth_402,synthetic_smooth_402,1,smooth
104574.6615236227,0.8587027680403494,4596,39.03873775843308,0.0,0.15985202603156407,0.5818644764026848,5.96824932455071,13.180907161502653,0.8343290841296507,0.2878173108938632,0.3689643183102264,0.02175805047867711,-0.06401983878808097,1.7479512786890092,0.9580099651119431,-2,smooth_403,synthetic_smooth_403,1,smooth
145818.24789383804,1.668327803132697,6411,28.724804992199687,0.0,0.16445471166969672,1.1707197816528707,11.01635148313633,12.988889031608663,0.8063855579324997,0.30796968991271856,0.3845873992448925,0.036811729839338635,0.0738027237396271,1.9023728815511636,0.9584744004905005,-2,smooth_404,synthetic_smooth_404,1,smooth
91074.94641153162,0.8715071610555896,3947,45.602128737962495,0.0,0.16061904352563755,0.5353465097553327,4.462886439503119,11.735154537167084,0.7512628279796624,0.31648790379043346,0.3161046136620867,0.013427919939194325,0.022906988061849348,1.7063438872599517,0.9540631605464662,-2,smooth_405,synthetic_smooth_405,1,smooth
142560.55002366746,1.3116754115280718,5857,30.73650956284153,0.0,0.15677542232782446,0.8545246008323645,7.814249804043892,13.44582801102974,0.7778716439945271,0.31181934079771984,0.3705401488381182,0.022024927437254566,-0.04047280463276402,2.0029424088450596,0.9601237876209442,-2,smooth_406,synthetic_smooth_406,1,smooth
117607.68102715585,1.155631959576812,4949,36.378132578819724,0.0,0.16794833513334761,0.8486229333902398,9.02830017675712,14.35696167998356,0.8029889286270214,0.32365708073338567,0.356452729382172,0.026469993938169328,-0.010555597645697553,1.8278843596939844,0.956542736203228,-2,smooth_407,synthetic_smooth_407,1,smooth
128023.2157021372,0.927073736517086,5680,31.733932030287022,0.0,0.16277337218024399,0.6152556068363653,5.267238522498537,12.925671321498664,0.7588321208811972,0.3104344009955795,0.33135421045257113,0.02147887323943662,0.06128391331514778,1.7781650288145132,0.9532590411586825,-2,smooth_408,synthetic_smooth_408,1,smooth
117486.30171818077,1.1283298089042388,5111,35.22407045009785,0.0,0.16813883894095405,0.8139929268039657,11.567735301259274,13.350388764793426,0.7988892706253325,0.32974877349539194,0.2990033850867074,0.025826648405400117,0.05240593116590734,3.5451308897004665,0.9494828390313255,-2,smooth_409,synthetic_smooth_409,1,smooth
57452.271196768466,0.8717772845965007,2515,71.53341288782816,0.0,0.17022719222682933,0.6016724530846852,3.5325945672736494,13.374052777323353,0.7339036926837438,0.3316861084920928,0.42776862906545904,0.02982107355864811,0.07901107888451744,1.6302463293820777,0.9589997683567064,-2,smooth_410,synthetic_smooth_410,1,smooth
97251.71228308487,0.8807491281530266,4530,39.74409361890042,0.0,0.17666917877644758,0.642121831722852,5.078397725345084,13.44843261681583,0.7853105226654886,0.30666861471313117,0.33000371246925614,0.020088300220750553,0.017772267218568963,1.8040435812169837,0.9470673250917097,-2,smooth_411,synthetic_smooth_411,1,smooth
144132.19235913735,1.1377692820593277,6236,28.869125902165198,0.0,0.16556868170980746,0.8128154981101654,8.077747210701757,14.039242350012548,0.7874298979569565,0.3057479296882658,0.38111956309732786,0.023091725465041693,0.15888078166264627,1.681395190551683,0.9608568472726063,-2,smooth_412,synthetic_smooth_412,1,smooth
133317.18979735317,1.295917860668334,5263,34.20752565564424,0.0,0.1521783296865054,0.8776917835370285,6.337230769599644,14.4069396056967,0.7843810428996741,0.31003996780405124,0.3415769690756877,0.02413072392171765,0.006878116229218522,1.750536100228436,0.9603343098249792,-2,smooth_413,synthetic_smooth_413,1,smooth
173638.98627441187,1.3331430416531496,6742,26.702566384809376,0.0,0.15045640955758272,0.793443594754541,7.571428571428571,13.022437026642287,0.7712538598468321,0.32926806320212787,0.3723767987185182,0.025215069712251556,-0.032507015517182436,1.7519503720455902,0.9579665017997958,-2,smooth_414,synthetic_smooth_414,1,smooth
157521.56190112303,1.749915728267204,6292,28.613733905579398,0.0,0.15946238534095827,1.1554752111761497,10.003124511871277,14.160902762232878,0.738561229764074,0.3279496544806751,0.32929169450327644,0.016369993642720914,0.03403340088549947,1.6611901635883473,0.9544937735669696,-2,smooth_415,synthetic_smooth_415,1,smooth
163250.51557459054,1.4803913327909803,7041,25.566761363636363,0.0,0.16282605332894,1.0057684909989741,6.226189211609733,13.635189888371052,0.7575728596869954,0.31594219791077316,0.38293320824982585,0.028689106660985654,0.08301054592748557,1.7511647669555248,0.9583772662103431,-2,smooth_416,synthetic_smooth_416,1,smooth
176676.43291296306,1.4548572272108904,8087,22.26626267623052,0.0,0.16667821620614745,0.9132309522578118,6.009252125773315,11.892003858287936,0.7877488061889899,0.3207363615355293,0.3899972742805098,0.025596636577222703,0.10382777135945946,1.4734360943358555,0.959072999559448,-2,smooth_417,synthetic_smooth_417,1,smooth
141228.73417613044,1.1558250518767401,6120,29.415590782807648,0.0,0.15280696313098763,0.722393234514414,4.47213595499958,12.420053672071456,0.8043801479139066,0.28446939766593454,0.32882196895264293,0.02483660130718954,-0.015535180134628283,1.603271499307654,0.9549665995277123,-2,smooth_418,synthetic_smooth_418,1,smooth
167548.7914313623,1.4115290645313139,6830,26.359789134573145,0.0,0.16088220517305427,0.9812322226184794,5.254471187057866,14.946556955766269,0.7783920785890048,0.3157864875440665,0.3634627144614158,0.02474377745241581,-0.04397875697435523,1.5724303292671422,0.9612344918408195,-2,smooth_419,synthetic_smooth_419,1,smooth
158229.5292379734,1.2168897910758656,6736,26.725612472160357,0.0,0.15869304129186054,0.8031950773791228,5.63929542518939,13.649592745150489,0.8049510168318841,0.2985105717373821,0.35791289348857264,0.02271377672209026,-0.114705777391588,1.6264315676398304,0.9593874927344368,-2,smooth_420,synthetic_smooth_420,1,smooth
164597.71491256804,1.211552971994592,7034,25.591781601023744,0.0,0.16644709651439912,0.8373362885619073,8.016584372411982,14.068140065154166,0.7636152262410956,0.323049950511337,0.4316008976051836,0.020898493033835654,-0.07582624773584891,1.9216818752057598,0.9595603520368211,-2,smooth_421,synthetic_smooth_421,1,smooth
165241.7385169434,1.4603631484195827,7111,25.3154711673699,0.0,0.16294718521438073,0.9433620488649215,10.854146673046206,12.71758721799292,0.7630994820374869,0.3312631616520578,0.3293877855048518,0.02376599634369287,-0.16830178182897074,2.0132089727567,0.9551796030453356,-2,smooth_422,synthetic_smooth_422,1,smooth
202389.32172227037,1.5819236935009502,8208,21.93213110759108,0.0,0.15555693171050253,1.0418150845518637,6.759538299668947,14.129373207879336,0.8135917364093962,0.30182894778523517,0.41771771417794334,0.028386939571150096,0.03653469036592814,1.568230524928485,0.9620247865762637,-2,smooth_423,synthetic_smooth_423,1,smooth
116305.3018195893,1.1807852167573327,4652,38.70135454740916,0.0,0.15538941846767312,0.8244460499883377,9.372125409632416,14.618014591495982,0.7888729822712969,0.3165347298647974,0.37492941281367953,0.019131556319862426,-0.11953729898422083,1.9998553471803477,0.9585731375030944,-2,smooth_424,synthetic_smooth_424,1,smooth
173706.55082800635,1.4074806599930885,7608,23.662284737741555,0.0,0.16773830463285444,0.9770112632551404,12.003332870498927,13.665540561302546,0.7849841818817229,0.31400942427940476,0.38192600696436435,0.016430073606729757,-0.023922704212358793,1.8575419391293944,0.9581850255609637,-2,smooth_425,synthetic_smooth_425,1,smooth
174588.93723739393,1.5949199998388086,6964,25.85020824357317,0.0,0.15101674287950187,1.0049417475130948,9.263503656824453,13.283891610084122,0.7821889906396212,0.30158087657807553,0.36809762737196083,0.025129236071223436,0.006578826519238517,1.8560445373332959,0.9608882367808704,-2,smooth_426,synthetic_smooth_426,1,smooth
152525.8580401202,1.3863513563301382,6930,25.975898398037234,0.0,0.1727836574041833,1.0748226565724803,16.08182203607539,14.182965517658493,0.7925740848865229,0.3162278636193241,0.320033500591403,0.023088023088023088,0.05472936484607606,2.3261748904621307,0.9517531355416741,-2,smooth_427,synthetic_smooth_427,1,smooth
75150.93872350015,0.8727319615885655,3218,56.01025800435188,0.0,0.15537305638664353,0.6384715498941338,3.8,14.255843190922596,0.8290875479188438,0.28179910984175566,0.4046609494054261,0.03511497824735861,-0.15137068132874437,1.6223739348521382,0.9618922912455168,-2,smooth_428,synthetic_smooth_428,1,smooth
141635.23033708625,1.1141992703467434,5958,30.22074869900957,0.0,0.1570349877325105,0.7121234567869366,4.4760163339985946,12.685223706386507,0.7700910520789268,0.30457216787205904,0.3012495119094104,0.01460221550855992,0.09945500532525868,1.5747651719301754,0.9550447733571911,-2,smooth_429,synthetic_smooth_429,1,smooth
148230.13184604162,1.460672641759698,7006,25.693790149892934,0.0,0.1664613451222357,0.9285688379304766,6.48459713474939,11.646940408350407,0.7939398389041612,0.3038980046468039,0.32464138098711404,0.02469312018270054,-0.00444964817522505,1.537609654442703,0.9471948317503767,-2,smooth_430,synthetic_smooth_430,1,smooth
133870.293944276,1.561000320471276,5572,32.30981870400287,0.0,0.16372870643102508,1.1251147859992874,10.607544484940895,14.834056105582889,0.7751546618072483,0.3302444771492206,0.25770957234763164,0.015434314429289303,0.05056188741469456,1.828434946688705,0.954688784751527,-2,smooth_431,synthetic_smooth_431,1,smooth
106788.81195411514,0.9203999297483679,4712,38.453406919974526,0.0,0.16402899871475385,0.6155736923683492,5.7140178508646615,12.633607039152173,0.8233002409079577,0.3036426899208502,0.2863869641990479,0.01931239388794567,0.16200661790005955,1.8034360400739737,0.9486986115887974,-2,smooth_432,synthetic_smooth_432,1,smooth
169539.56070021962,1.318082313240512,6720,26.796249441881233,0.0,0.15995286274841014,0.9085333191502143,7.254309064273454,15.430794281200022,0.761226954613519,0.32830244174748296,0.3053124096417212,0.02470238095238095,-0.20597539781520657,1.9728581556912381,0.9545347016151455,-2,smooth_433,synthetic_smooth_433,1,smooth
154363.09926939348,1.415000200576158,6812,26.426809572749963,0.0,0.16004462605310718,0.9404801900265616,9.179613615095624,12.206712719324024,0.7733160084733358,0.3131812467025493,0.3251497136703316,0.014386376981796829,-0.06308229427703592,1.7821282054715277,0.9552088986075824,-2,smooth_434,synthetic_smooth_434,1,smooth
140759.6894294229,1.5195234385501277,6116,29.448896156991005,0.0,0.1685444348927804,1.057195500834613,9.202173656261873,13.446153250063984,0.7862774491293034,0.32085030668393677,0.3581960382075774,0.018803139306736428,-0.00221131788745903,1.6550258124880093,0.9567561456843998,-2,smooth_435,synthetic_smooth_435,1,smooth
114706.36688485829,1.2627543286960536,4740,37.98100865161427,0.0,0.14804717047839072,0.8039916604613299,7.91063366614837,12.527054622404163,0.8146467646583827,0.28965291779192903,0.34535228591550693,0.013291139240506329,-0.021864222806110216,1.6974632805018768,0.9600098231361407,-2,smooth_436,synthetic_smooth_436,1,smooth
87329.2363969205,1.0250991488173207,4152,43.69284509756685,0.0,0.17435976555140373,0.67399957958032,4.142010381445223,11.673448365197544,0.7550298307696527,0.32102862867849374,0.37782583054845686,0.019990366088631986,-0.05041649551679194,1.625952200278351,0.9539163861534599,-2,smooth_437,synthetic_smooth_437,1,smooth
126727.3913287736,0.949037568895201,5138,35.03776523262604,0.0,0.15640338917804616,0.6392428125804841,4.9393009844385904,14.314904278888934,0.7631185121310247,0.30996067903623153,0.348621309554687,0.01985208252238225,-0.057443450281053327,1.8467489294812238,0.9571897809303377,-2,smooth_438,synthetic_smooth_438,1,smooth
208023.3930738867,1.5053580079322908,8511,21.150763807285546,0.0,0.15289621861358615,0.9232924522624079,7.2886898685566255,13.2938490005945,0.8132563360383065,0.2995845100647649,0.343868992001037,0.013981905769004817,0.11318905857395087,1.5622240428781105,0.9612660204163889,-2,smooth_439,synthetic_smooth_439,1,smooth
119756.27960625046,0.962747224794804,5120,35.161750341863645,0.0,0.16311351391067008,0.5939018239281996,5.2345009313209605,12.248563308343481,0.768545171194297,0.3226766927413946,0.3714195238506492,0.0228515625,0.029688776137210843,1.7891561164346759,0.9569177912058819,-2,smooth_440,synthetic_smooth_440,1,smooth
185490.06966225785,1.7714000709683644,7236,24.88016586040083,0.0,0.1538725486047096,1.2259570556761676,9.020039418489873,14.64952102251677,0.8025730814540812,0.31644641584068195,0.4461147115593563,0.02321724709784411,-0.10934124023710348,1.6989420861834292,0.9625827096424779,-2,smooth_441,synthetic_smooth_441,1,smooth
153569.9265114112,1.503041479496198,6042,29.841416983943056,0.0,0.15273844574142476,0.9891244112857829,6.511528238439882,14.249779715881054,0.7788281288332065,0.3241701033742623,0.36054366161597395,0.02267461105594174,-0.25506947606376484,1.5641969770433386,0.9592850694678119,-2,smooth_442,synthetic_smooth_442,1,smooth
127604.11562689001,1.1632793590193056,5160,34.89164566776507,0.0,0.15561196239675118,0.7645697698351359,8.506533436783231,12.61791365094179,0.7547083605672446,0.3388890063079839,0.2790331416050397,0.017054263565891473,0.004633440054074459,1.9727154888831784,0.9539917510046514,-2,smooth_443,synthetic_smooth_443,1,smooth
146469.22088768682,1.314630709820702,5811,30.979690189328743,0.0,0.16020861389175917,0.9178318202085981,6.932656662136221,15.5049552191256,0.7774239359235663,0.31856448358413375,0.3466322405089712,0.01944587850628119,-0.19770649658403772,1.7610831310624968,0.9602019540260938,-2,smooth_444,synthetic_smooth_444,1,smooth
136126.26374989378,1.6449036447155443,5519,32.6194273287423,0.0,0.15775450433135285,1.0831129604895182,7.014095156482947,14.19238258072203,0.7999943848148079,0.31841222066799285,0.3758098992772247,0.012502264903062148,0.17176623525703086,1.5355588543811347,0.9593278438039329,-2,smooth_445,synthetic_smooth_445,1,smooth
100929.54951226877,1.2281897756738824,4012,44.872849663425576,0.0,0.15839660319055313,0.8693296157697104,6.491209630657124,14.823922838943501,0.8172988998292026,0.2898851060231599,0.37574833261250595,0.020438683948155532,0.02433610380464258,1.8396854361430826,0.9574194661322706,-2,smooth_446,synthetic_smooth_446,1,smooth
126727.12426712835,1.2852623448151625,5367,33.580320536712634,0.0,0.158948937435755,0.8965199622905066,7.094231811831356,14.000094790773456,0.8132864429432809,0.3002202696219506,0.3248454015174773,0.02440842183715297,-0.14233185775517523,1.95608404935496,0.9576746380828287,-2,smooth_447,synthetic_smooth_447,1,smooth
128772.31325614695,1.2902620113607144,6310,28.901410683151052,0.0,0.18030078968018576,0.9577305911502807,7.056622305844839,12.982157994182197,0.7567657374899632,0.31845761227558056,0.40382277393347166,0.022820919175911253,0.035823313939239716,1.6782738874605563,0.9563733683583062,-2,smooth_448,synthetic_smooth_448,1,smooth
164665.72216795845,1.3897146396281839,7045,25.578364565587734,0.0,0.163231632175778,0.9136515180161299,7.721722605740251,13.487472431064225,0.8023331107271734,0.31648731529073154,0.4502886135519688,0.020723917672107878,0.0685943441462291,1.541381924887233,0.9618053669345493,-2,smooth_449,synthetic_smooth_449,1,smooth
148871.1186177844,1.3679273592346508,6851,26.313576642335768,0.0,0.1683327171924669,0.918328586805649,7.256462636849996,12.356818216797217,0.7944118908234249,0.3108705898076719,0.45057726641539375,0.01970515253247701,-0.042571709855523186,1.7299009468102113,0.959231359864172,-2,smooth_450,synthetic_smooth_450,1,smooth
134338.85564440626,1.282348536031989,6128,29.37538762852946,0.0,0.16836001560256228,0.8699355979013725,5.159268897388036,12.525497492266997,0.7915567389251604,0.3176056105539466,0.3416736471770816,0.020071801566579634,0.048304753667928996,1.4980718024719577,0.9523301621163753,-2,smooth_451,synthetic_smooth_451,1,smooth
150382.8637075868,1.1963619503531544,6488,27.746878372128872,0.0,0.1656315918832011,0.8335758010573958,6.7155614383384785,13.651614027336967,0.7731639684603581,0.318114606445273,0.3684295302013423,0.024198520345252775,-0.0197271499664571,1.6183255369286915,0.9574993572357489,-2,smooth_452,synthetic_smooth_452,1,smooth
105250.28294661274,0.8796237742835898,4751,37.89368421052632,0.0,0.16007013145607954,0.5966547668136047,5.660505482202944,12.784015352051279,0.8059100474027237,0.2849193470505572,0.37313022437307525,0.02083771837507893,-0.08294079170326463,1.7277497581055945,0.9576536051151092,-2,smooth_453,synthetic_smooth_453,1,smooth
156848.9765013408,1.2612686914569609,6532,27.561476037360283,0.0,0.16357090109191946,0.873214282207996,7.010037446404977,14.559584293753007,0.7661516624369178,0.32876228774235755,0.40322090324685433,0.01821800367421923,-0.10287265529716615,1.704943104766571,0.9617444562695296,-2,smooth_454,synthetic_smooth_454,1,smooth
166763.1885795219,1.4562778763436013,7229,24.902600996126175,0.0,0.16361688363585142,0.9709406530337333,5.529784118452927,13.918255649175398,0.8138298245547488,0.3131857207904811,0.35765245049420297,0.02074975791949094,0.04263403308806353,1.6307496531858108,0.957435266660818,-2,smooth_455,synthetic_smooth_455,1,smooth
186156.2981651866,1.3585819450869394,7989,22.534176264396596,0.0,0.16065097397946498,0.8771787748526437,5.391300001157359,13.074268608280848,0.7994546340957303,0.3089330116407939,0.3290288599502352,0.022781324320941293,0.04947369183327,1.5251385161166373,0.9576357779385825,-2,smooth_456,synthetic_smooth_456,1,smooth
142890.52246782748,1.294000052319892,5846,30.795209580838325,0.0,0.16811941212401357,0.8900010755064797,5.663755379604596,14.793206388911772,0.7913421336892883,0.32588975252036834,0.4044745674557704,0.029250769757098873,0.019893890009664923,1.727741568905117,0.9598008251912152,-2,smooth_457,synthetic_smooth_457,1,smooth
141704.88067045654,1.1941324324625822,6029,29.85982083609821,0.0,0.15794427814010664,0.7737156300456687,6.280842267708745,12.610570958001716,0.7993472277677899,0.3123222627905086,0.31995038049571795,0.01525957870293581,-0.029847720353500577,1.5925799485188152,0.9546208500815552,-2,smooth_458,synthetic_smooth_458,1,smooth
103970.45873899099,0.9405328587089541,4330,41.57981057981058,0.0,0.15693861199542888,0.55855781725667,4.060788100849391,12.006256957282476,0.7698746541188767,0.3186748598716715,0.37533091588618717,0.023325635103926098,0.1040721833347003,1.6494092625988623,0.9561002791887803,-2,smooth_459,synthetic_smooth_459,1,smooth
141327.52634427225,1.1799010199810636,6018,29.94149908592322,0.0,0.16670220207345796,0.7765257341307222,7.592961294810464,13.512424566807026,0.7736969782595832,0.31872306572030573,0.4263565233625825,0.01744765702891326,-0.06248676988950857,1.6723595492615084,0.9560708221180212,-2,smooth_460,synthetic_smooth_460,1,smooth
113104.83308971328,0.8917693838553081,5192,34.67424388364477,0.0,0.16902530955307724,0.5621588241620772,4.333660374890718,11.284219493070545,0.7616568531755358,0.3280792296185101,0.34335404729238966,0.03216486902927581,0.20851406512740447,1.7358688238781081,0.9463879369883691,-2,smooth_461,synthetic_smooth_461,1,smooth
122184.41964882772,1.3152727458259859,5363,33.80361805296531,0.0,0.16465223985139552,0.9485508458374973,5.403830945624492,13.943753761678378,0.7908520323777737,0.3059928160547379,0.44275716097083695,0.027223568898004848,0.038985033423039515,1.5746300965231976,0.9614097768962853,-2,smooth_462,synthetic_smooth_462,1,smooth
178279.21416901122,1.4050430053160181,7790,23.109385030170753,0.0,0.16145710646520295,0.9982439820317094,10.489412651706376,13.47938704425609,0.802654090130111,0.2935627117876641,0.3760934633581153,0.02220795892169448,-0.01924644855769304,1.9851467967926184,0.960138078347736,-2,smooth_463,synthetic_smooth_463,1,smooth
136623.17905687867,1.5912337620448525,5535,32.526201662450305,0.0,0.16291642021711233,1.0693072835062862,5.770615218501403,14.193078188180056,0.7463140427970039,0.3338687421063542,0.3378443613513447,0.022583559168925023,-0.09685131677548084,1.64795338162326,0.9573485482108299,-2,smooth_464,synthetic_smooth_464,1,smooth
132723.88404521148,1.1794233735219601,5790,31.136638452237,0.0,0.16590974706568754,0.8241192411093246,6.502611061510903,14.11173620116411,0.7724568024373218,0.3066272499037231,0.34214207724853285,0.0153713298791019,0.09298100386137952,1.699394057132618,0.9585153123164096,-2,smooth_465,synthetic_smooth_465,1,smooth
128505.22128612817,1.3645746263093237,6081,29.612993421052632,0.0,0.17411265522138553,0.9315983464338711,6.864765108872991,11.909040692232763,0.7577915828996357,0.32533363645496155,0.39091024226086013,0.022529189278079263,-0.06350172759005565,1.6249934603123792,0.9561964489604433,-2,smooth_466,synthetic_smooth_466,1,smooth
102052.51345596972,1.0625754237755864,4581,39.30174672489083,0.0,0.17071672737836247,0.7432532252840447,7.732782058699633,12.974729342220144,0.7766893257630312,0.3163883374899468,0.40676761793826444,0.018773193625845886,-0.07653548044307606,1.7001604907566994,0.9602009389646827,-2,smooth_467,synthetic_smooth_467,1,smooth
135051.40577834958,1.14946715041188,6033,29.839688328912466,0.0,0.16355632797986122,0.7495295909648622,6.000833275470999,12.686858444024798,0.7989787737744005,0.2993334604891362,0.3830901704269617,0.026852312282446545,-0.08124604732434308,1.7290397712538066,0.9581937751452474,-2,smooth_468,synthetic_smooth_468,1,smooth
167176.37830525433,1.611491719137419,6791,26.50957290132548,0.0,0.1606835122774506,1.189966120519649,9.602083107326242,15.08050699304888,0.786856534241415,0.3144077153509048,0.34370754018968186,0.018701222205860697,-0.012134201476084079,1.81699775861761,0.9608016904129295,-2,smooth_469,synthetic_smooth_469,1,smooth
142946.71546453,1.1161362456000499,6596,27.292645943896893,0.0,0.1642300944317774,0.7120598692001286,5.174636171184621,11.991062699757308,0.7801076512714094,0.3097972678631611,0.36656576818975317,0.019405700424499697,0.09308172729046593,1.6738899783287071,0.9537018539729376,-2,smooth_470,synthetic_smooth_470,1,smooth
80884.65419714572,0.9339070269218612,3250,55.40966451215759,0.0,0.14514890250585147,0.6054628828795476,4.701063709417264,13.051957944786986,0.8096933174727148,0.2814778618059573,0.32603839776355636,0.013846153846153847,-0.05298224531891098,1.6973056962423616,0.9598861315430398,-2,smooth_471,synthetic_smooth_471,1,smooth
98588.27922665316,1.4935335722174905,4201,42.85809523809524,0.0,0.1645167706908657,1.0111665687569074,8.286945721298958,13.370080446765805,0.7646595120714801,0.3208027871890637,0.29574243685817375,0.013806236610330874,0.14066933962630676,1.6735013395238059,0.9516119413739401,-2,smooth_472,synthetic_smooth_472,1,smooth
108232.0083129395,0.7494163623679903,4787,37.615336397826994,0.0,0.1627730089377476,0.4754912363487559,4.0,12.414570456524048,0.7856965226160495,0.31640888046389243,0.34162210711003427,0.019427616461249218,0.042345502984046456,1.7959299789612841,0.952597733468479,-2,smooth_473,synthetic_smooth_473,1,smooth
112155.90308510109,0.8688599575127095,5118,35.17862028532343,0.0,0.17261883453265908,0.6129624288150208,6.0074953183502355,13.203471398026917,0.7572197054478693,0.3250401144350525,0.3130709698009335,0.023055881203595155,0.14749498730433683,1.704078867785535,0.9515211673256765,-2,smooth_474,synthetic_smooth_474,1,smooth
108650.99043401398,1.0887991694908503,4650,39.28479242847924,0.0,0.16429110407459005,0.7372219836593767,4.331930862790864,14.197934199725317,0.7802275069439273,0.3243919172163206,0.3545184241265796,0.023225806451612905,-0.010508954899032176,1.5902924484866643,0.954903834876518,-2,smooth_475,synthetic_smooth_475,1,smooth
142299.9710338529,1.408498804057788,6355,28.341831916902738,0.0,0.37972430959900166,1.33099220354841,9.669898884913144,18.831589007996307,0.8070494928119313,0.520063765581041,0.44957063757832966,0.04673485444531865,0.032000597507463965,2.1403466095403028,0.929789143121476,-3,bezier_0,synthetic_bezier_0,1,bezier
92557.62416470598,1.1736039314670672,4061,44.33472906403941,0.0,0.3520730413136425,1.0739121953382709,9.197297308328016,18.041166823012436,0.7295307961461168,0.48726390793590824,0.4226912727826573,0.03989165230238857,-0.025724514578015452,1.8549003607509276,0.926483926746002,-3,bezier_1,synthetic_bezier_1,1,bezier
182602.1549308051,1.6391423931496314,7448,24.17147844769706,0.0,0.36112069687128584,1.591273178806061,16.62077013859466,21.343940872572073,0.7372798772777298,0.5075940227506748,0.4314437504395246,0.033029001074113856,0.0630683543978778,2.3442117891099428,0.9303474477410945,-3,bezier_2,synthetic_bezier_2,1,bezier
130324.4196738206,1.2322700788033831,5429,33.70615327929256,0.0,0.3593027343939719,1.174281603783798,14.10319112825179,20.470109063103894,0.7788300292545268,0.49868847126933663,0.44771932348471905,0.04715417203904955,-0.04600264367927035,2.4025378701643967,0.9305433227472377,-3,bezier_3,synthetic_bezier_3,1,bezier
204844.60902305623,1.6518276733614339,8032,22.421118167102478,0.0,0.34093452785929595,1.4971397730175984,16.278820596099706,20.916559704235148,0.7932898337443981,0.48863077726661275,0.41974060107416294,0.041085657370517926,0.07636984162756373,2.6804918837994403,0.9351351865471715,-3,bezier_4,synthetic_bezier_4,1,bezier
160667.81521517484,1.5328498792823004,6482,28.06094738466286,0.0,0.3505935199293266,1.4018798262776857,12.578641509408804,20.83182801934932,0.8111024933968763,0.5050610817421387,0.47785236922010504,0.04350509102128972,-0.01913157957621619,2.1694568087457182,0.9399401732182129,-3,bezier_5,synthetic_bezier_5,1,bezier
124262.0997655582,1.0442904458968676,5494,33.65628982341161,0.0,0.36654674229773104,0.9789820194907304,12.272654788412959,18.847054566104163,0.7815807333162162,0.5055442036042018,0.4196186309395274,0.042591918456498,-0.04327768636989573,2.3296512884600267,0.917133607640507,-3,bezier_6,synthetic_bezier_6,1,bezier
140244.1122398451,1.2059028169115444,5709,31.533111422564822,0.0,0.348991771838408,1.1155340007774242,11.185143629678116,20.373841412920644,0.805942220068792,0.4930008410766339,0.4230666688884075,0.03415659485023647,0.07142031382221485,1.971002001199934,0.9338739512032237,-3,bezier_7,synthetic_bezier_7,1,bezier
123119.67710115641,1.3371567115267065,4895,36.80057212913772,0.0,0.3467846023304655,1.2255268049357715,11.884864324004713,20.83043001296731,0.8518236781375434,0.48507212166483077,0.43111069223882004,0.03472931562819203,0.09235897848161762,2.4148640343388186,0.9282366558552488,-3,bezier_8,synthetic_bezier_8,1,bezier
131385.607225062,1.0684101301617512,5719,31.50367261280168,0.0,0.37074990517231327,1.0097787548698427,8.527713262717283,19.401699901879372,0.7861927604139154,0.5190322119993863,0.4151125004415245,0.04895960832313342,0.08870016099434545,1.991955484657596,0.9256490327009856,-3,bezier_9,synthetic_bezier_9,1,bezier
132927.51732683787,1.3426876966875823,5372,33.96965183392292,0.0,0.359613486569138,1.2494742449100378,8.965331150033322,21.238007349190134,0.7807169675644473,0.5126001398568766,0.3571164292561511,0.029784065524944156,-0.10286566652519662,2.144251044327336,0.9156317069691998,-3,bezier_10,synthetic_bezier_10,1,bezier
190738.2475033974,1.7078335207941182,7315,24.608969100355484,0.0,0.33552049949468055,1.6426045947923518,16.507574019219177,22.2870327864488,0.8090541568574561,0.47763039895288956,0.46114539992206455,0.03650034176349966,0.022852366310375974,2.2095221677389234,0.9351220586913311,-3,bezier_11,synthetic_bezier_11,1,bezier
121730.16686826333,1.1235444997814497,4938,36.458578083856594,0.0,0.3488751105395917,1.0781934043806152,9.116277139037605,20.990251473510956,0.8111565037581288,0.4940344471998585,0.46383279919781367,0.050222762251923854,0.03241512006983648,1.978294798472387,0.9337119487224583,-3,bezier_12,synthetic_bezier_12,1,bezier
175660.06468228204,1.6638972697893075,7326,24.53556313993174,0.0,0.3628527184403583,1.5969411188065024,18.645895566789044,20.902756490201,0.7798791436736728,0.5080495801192524,0.43769161046093147,0.04559104559104559,0.11307455947599049,2.0832132048149803,0.9246010576004635,-3,bezier_13,synthetic_bezier_13,1,bezier
143565.7595445066,1.4631105299259932,6062,29.694769839960404,0.0,0.3578319296087903,1.3791126154245137,25.155764746872634,20.03627527514482,0.7940955479002405,0.4897567773860314,0.4368903604754273,0.04206532497525569,0.09562769156990256,3.558067046118486,0.9310151501245234,-3,bezier_14,synthetic_bezier_14,1,bezier
141928.31087448282,1.4488038285130855,6199,29.041949015811554,0.0,0.3756120177883856,1.4002401734205228,10.237267843158252,20.003281785302242,0.7901057930180652,0.520713792958557,0.5138433186073148,0.04807226972092273,0.1606506731428371,2.159302651242718,0.9361256478909519,-3,bezier_15,synthetic_bezier_15,1,bezier
172978.98778572542,1.5562472271688434,6798,27.161541856701486,0.0,0.3412559567456523,1.4680901008456495,18.800349065908325,21.872695888647335,0.822695394612734,0.48760453079175226,0.45456615333664513,0.040305972344807296,-0.034902484673470575,2.3470148233348027,0.942244176092272,-3,bezier_16,synthetic_bezier_16,1,bezier
164691.94233180513,1.306267522249488,6496,27.711624326404927,0.0,0.3620471267106181,1.2414645069553387,12.9319205032058,22.20161421255396,0.8030120614564448,0.5154067944553512,0.4213832079008477,0.037561576354679806,-0.038036631743331974,2.227292927624957,0.9355309683725007,-3,bezier_17,synthetic_bezier_17,1,bezier
171810.1670926587,1.5676069742731886,6331,28.435545023696683,0.0,0.34520261384827067,1.494955947496471,9.509060007288955,23.728335147341788,0.7844334909090994,0.4945683151562412,0.41721845427981663,0.03711893855631022,-0.077237925495446,2.1532689929071958,0.9307472174802756,-3,bezier_18,synthetic_bezier_18,1,bezier
168397.19332974235,1.6064153252480415,6462,27.85884537997214,0.0,0.3346919088496971,1.4952872329197862,15.709162223930905,20.98535246142759,0.7812245061062639,0.4813705747782291,0.41883967126340715,0.04379449086969978,-0.00040604433081484106,2.116868371894049,0.9358384137014211,-3,bezier_19,synthetic_bezier_19,1,bezier
177259.9979157297,1.667696520597454,7238,24.871493712864446,0.0,0.35315643311020084,1.6360974393719896,16.173800936536033,21.602643503951878,0.7797786202866389,0.4989654214831727,0.4035959493605108,0.03702680298424979,0.1224850692068787,2.1104866532797586,0.9273786442278678,-3,bezier_20,synthetic_bezier_20,1,bezier
126242.65243844158,1.367046349163417,4955,36.315300767056925,0.0,0.3436357461866458,1.298982646601459,13.278860079088114,21.98273352529747,0.8030338745013855,0.488216872226861,0.427604834026235,0.033703329969727545,0.08833846179752919,2.3971993876692093,0.9319292040740633,-3,bezier_21,synthetic_bezier_21,1,bezier
167820.74830891853,1.4678225712908624,7609,23.658780231335438,0.0,0.37188626864497265,1.3665865105289132,20.988091861815356,18.581301453158122,0.7688462789580807,0.4991633814508425,0.4657116100852831,0.04389538704166119,0.0995798077548429,2.4728040545917644,0.9330077158691517,-3,bezier_22,synthetic_bezier_22,1,bezier
180828.72545165807,1.5049930835116556,7659,23.50470096630974,0.0,0.3578195851309779,1.447961123118223,10.155294185792945,20.52964011525746,0.804728563171913,0.48736772568646997,0.43409353707054804,0.03721112416764591,-0.09923126527418184,2.000235297868381,0.9328000051736174,-3,bezier_23,synthetic_bezier_23,1,bezier
124569.6544444928,1.0591680990021581,5846,30.795722840034216,0.0,0.3764697329148326,0.9419740136886059,8.173466556826153,16.858820080002758,0.8066825409375864,0.5025109396181099,0.4649607583520427,0.03780362641122135,-0.031602293482422814,2.104401706727786,0.9282678766465503,-3,bezier_24,synthetic_bezier_24,1,bezier
110234.51922749802,1.0420719431506253,4524,39.79902719434004,0.0,0.3617037095453602,1.0121942282870864,10.100192517417126,21.44769848212939,0.8048548687156907,0.5079568629237148,0.4112214561325827,0.045313881520778074,-0.09500491805764176,2.1226409939179516,0.93019897100866,-3,bezier_25,synthetic_bezier_25,1,bezier
119345.25137298081,1.334924381860851,4623,38.941583729987016,0.0,0.33240149447347933,1.2650716139579938,12.53058757600776,22.11242796633944,0.781740391099923,0.47044879763196407,0.45827896987093275,0.036340038935756006,-0.1423600138707875,2.254638399199101,0.9375930931285192,-3,bezier_26,synthetic_bezier_26,1,bezier
184195.20386235326,1.2626298460925327,7627,23.602150537634408,0.0,0.35177510045831084,1.1502904036321553,10.15983376941878,20.705324376552095,0.8085520156250191,0.493719095533675,0.47245695075152944,0.04720073423364363,-0.002919289803858508,2.1005493410157006,0.9392252013087201,-3,bezier_27,synthetic_bezier_27,1,bezier
174681.73156378127,1.6098034706154016,7054,25.531405075854245,0.0,0.3578566784796448,1.540133972768764,12.280065146407,21.296274610725938,0.8124729312313875,0.5010529148860429,0.40725431639736565,0.03785086475758435,-0.09478757214405982,2.1609920247143153,0.923192654147293,-3,bezier_28,synthetic_bezier_28,1,bezier
143481.86765175866,1.620038848714173,5807,31.001550120564932,0.0,0.35085789278406604,1.5574803334397849,16.401219466856727,21.244040909536658,0.791328127477351,0.4936845238989129,0.449419066412295,0.03513001549853625,0.12783512375933123,2.5776945760852885,0.9379713566898076,-3,bezier_29,synthetic_bezier_29,1,bezier
120879.20415447056,1.3354241970680092,4531,39.72781456953643,0.0,0.3385140589984081,1.289376386572989,10.104454463255303,22.83855105920952,0.7793257197861532,0.4854993212147372,0.48750236603273595,0.03840211873758552,0.04170164299890216,2.077228753871401,0.9395334646788431,-3,bezier_30,synthetic_bezier_30,1,bezier
129014.45077311236,1.0648063034355624,4803,37.5131195335277,0.0,0.3463767840557546,1.0582309366598657,11.9091613894514,23.828679927991296,0.8091250171478112,0.49387616334305523,0.3872690226937399,0.03393712263168853,0.08729079103900735,2.339667386375732,0.9264700520206084,-3,bezier_31,synthetic_bezier_31,1,bezier
116018.08532971371,1.3741655569711648,4965,36.26087832393231,0.0,0.3710527573960912,1.3473766233747815,11.555555555555555,20.134750793315764,0.7987188349280563,0.519041635419,0.5142421105431105,0.053172205438066465,-0.004805439215520083,2.1041124468814854,0.933303630582472,-3,bezier_32,synthetic_bezier_32,1,bezier
125568.25449669964,1.2576444523534436,5100,35.30064718572269,0.0,0.3502298044525401,1.1313914877396392,8.038491583548216,20.098363902353,0.7684597130711424,0.49438903701664016,0.36997202923396194,0.038431372549019606,0.07513068616657717,2.051972365362882,0.9203953595961396,-3,bezier_33,synthetic_bezier_33,1,bezier
136482.26966550385,1.4559148087522895,5509,32.679193899782135,0.0,0.3559066825990806,1.3468987386471991,9.091372900969898,20.619134277959798,0.8089681464222456,0.4833825276669127,0.4441195863409217,0.03775639862043928,0.058525166256772884,2.009862235066272,0.9324842831759588,-3,bezier_34,synthetic_bezier_34,1,bezier
160385.84214979556,1.6913145136137602,6090,29.55986204631302,0.0,0.34035661150144214,1.6362626618614717,16.0312195418814,22.227661943722218,0.7813641193563899,0.4898187565721552,0.3925846158234799,0.03776683087027915,0.20383957222430987,2.0312952684649948,0.929033035690424,-3,bezier_35,synthetic_bezier_35,1,bezier
168156.90370633488,1.2737880815724991,6761,26.627514792899408,0.0,0.35197056468626686,1.198076374409692,10.25,21.48461595081319,0.7919074221419619,0.4984288769028452,0.4065808238714278,0.029877237095104276,0.05385826933971015,2.1989924797606695,0.9259397983149602,-3,bezier_36,synthetic_bezier_36,1,bezier
145571.38248143604,1.2221353077608619,6228,28.90589368877469,0.0,0.3608820472915609,1.1404880690362007,10.225007640583943,20.04507873731581,0.8182492524308523,0.5009695159231753,0.3782440122568945,0.03901734104046243,0.07614156032006916,2.2170973849312534,0.9211211191380216,-3,bezier_37,synthetic_bezier_37,1,bezier
110878.31405225294,1.5160539897276644,4660,38.63382700150247,0.0,0.3682333429993194,1.5197297360386794,13.834337312964756,20.947581533519884,0.7963866031316896,0.5018928996334993,0.5170981788060938,0.04763948497854077,0.11493029349734282,2.1958334300493387,0.9449748027024052,-3,bezier_38,synthetic_bezier_38,1,bezier
180703.8195475773,1.5304400543357333,7306,24.637234770704996,0.0,0.3532921676684027,1.4952088780925994,14.703847285659627,21.19866336224793,0.829443726762379,0.4964507960611864,0.36319309870600736,0.032302217355598135,-0.0067533031669098735,2.141362174205623,0.9200581901380256,-3,bezier_39,synthetic_bezier_39,1,bezier
121561.93110057138,1.1965551922080706,4984,36.12141280353201,0.0,0.35619235250547304,1.238368175802639,12.449186661011636,22.53713515843021,0.8000030695359753,0.4868469970105944,0.41110803138769153,0.03571428571428571,0.029460062873583465,1.9793914164790476,0.9265653119522381,-3,bezier_40,synthetic_bezier_40,1,bezier
147045.63921127713,1.1295330552997183,6013,29.975382568196938,0.0,0.35615305688841714,1.0653331624103994,10.151907431108496,20.64209814849443,0.830463845912997,0.4892235000535793,0.42104222209915904,0.03143189755529686,-0.03374883795029231,2.217112357200998,0.9340302728625367,-3,bezier_41,synthetic_bezier_41,1,bezier
114998.39367359833,0.9326336318436447,4892,36.79860969126968,0.0,0.3591965951285989,0.8750186078333112,7.023676476746348,20.309387576970398,0.8184716076058124,0.49424133052553687,0.4627314765936781,0.0410874897792314,0.011134421300706685,2.070091858180749,0.9403138843083056,-3,bezier_42,synthetic_bezier_42,1,bezier
133207.36673277963,1.314404192459793,5232,34.412349455171096,0.0,0.351434597746614,1.2058707809542502,8.457592103993361,21.63484479680999,0.77709491208941,0.5014094115660225,0.4284068349404424,0.03937308868501529,0.03051437037420991,2.1304996626663475,0.9403985954378795,-3,bezier_43,synthetic_bezier_43,1,bezier
132290.06168755807,1.1252059548896547,5104,35.272192827748384,0.0,0.33829556898936164,1.0588710583994796,7.6027935086915575,22.003696529414544,0.7917865246741191,0.4791891276007515,0.3890359850764232,0.03428683385579937,0.027916836673182923,1.991144906902525,0.9299772626629415,-3,bezier_44,synthetic_bezier_44,1,bezier
97560.96681389357,0.8729795574956855,4253,42.35630291627469,0.0,0.3676897499968251,0.8237075165245551,9.407663484171026,19.227161059887887,0.8207082843889901,0.5186564154504638,0.41992276510517856,0.051257935574888315,-0.10989796804724886,2.084516436385443,0.9239510077433628,-3,bezier_45,synthetic_bezier_45,1,bezier
186038.1980944325,1.4598052832297992,7551,23.841059602649008,0.0,0.3498542073248627,1.327073160059076,10.24122322094507,20.707260689772486,0.8063656427521138,0.4943048013153867,0.38439394680226874,0.03324063038008211,-0.11959663495257267,2.061156822592727,0.921139517619245,-3,bezier_46,synthetic_bezier_46,1,bezier
146573.16671998426,1.3371440450170335,5988,30.06263571070653,0.0,0.35299356205933724,1.2393430672147379,8.76406805592522,20.836990530223154,0.7694422921229255,0.5052131937124136,0.4021283608795969,0.03657314629258517,0.006056051825643034,2.1266090787425607,0.9298078592179659,-3,bezier_47,synthetic_bezier_47,1,bezier
184917.49851600346,1.5822333150980612,7496,24.012675116744497,0.0,0.3549640309501961,1.5268849213787528,14.1718029904455,21.318357712673535,0.8213159559346029,0.4989928464118398,0.38986570420315564,0.04202241195304162,-0.08400570433043138,2.2782516079167565,0.924374808080318,-3,bezier_48,synthetic_bezier_48,1,bezier
129951.65083871689,1.1621715766931795,5730,31.437074533077325,0.0,0.36568959426245345,1.064564622733318,7.960681439399006,19.09429739536428,0.8056442249813431,0.49731940363050253,0.42011440143534723,0.030366492146596858,-0.12838323632001244,2.0584453308143025,0.9187641625803787,-3,bezier_49,synthetic_bezier_49,1,bezier
118810.70535995736,0.9730106524575869,4902,36.726790450928384,0.0,0.34513484550223794,0.9158586896623403,10.705606008068857,20.384434389252533,0.8061979357469411,0.4856127649350158,0.42453671588544245,0.04243166054671563,0.06616940188017809,2.3517408686858268,0.9305215596407836,-3,bezier_50,synthetic_bezier_50,1,bezier
183017.86365023677,1.4622541967193352,8039,22.394003483453595,0.0,0.3774371211991994,1.3495861678887062,8.787430506766048,19.58911183690188,0.7940199763794129,0.5225545760295404,0.4261187494806548,0.045528050752581165,0.012330283848931074,2.1532909237814737,0.9247669191331123,-3,bezier_51,synthetic_bezier_51,1,bezier
168289.53779946303,1.2368979186380196,7150,25.178766261015525,0.0,0.36314386499352075,1.1247602236256116,12.60466385987378,19.945718070993593,0.7678475495007514,0.5083498466614852,0.3727991851977593,0.04657342657342657,-0.017143928025285686,2.4965575774893,0.9233418220814202,-3,bezier_52,synthetic_bezier_52,1,bezier
141098.24652301145,1.098115039122075,5927,30.374789065136685,0.0,0.36443986423190816,1.0307285474457502,10.63420987911591,19.845111097503963,0.790806380233134,0.5191539338942102,0.43700623006129846,0.045216804454192676,0.022180876604731448,2.44743363741171,0.92793034959409,-3,bezier_53,synthetic_bezier_53,1,bezier
117201.79799852747,1.2964589913902334,4964,36.267983074753175,0.0,0.3646493367006195,1.2510394852283906,9.535979826037991,19.89934402143114,0.8085404754326493,0.5106336252814907,0.3906355101921446,0.038678485092667206,0.045161157973264886,2.004658973734449,0.9268798316738166,-3,bezier_54,synthetic_bezier_54,1,bezier
133230.73275480248,1.189692282286278,5682,31.694419996479493,0.0,0.3626351300618514,1.148795767807056,10.934781408169277,19.976876868611345,0.7694708039110062,0.49621821406141575,0.4804472831822979,0.04276663146779303,-0.08675391470799663,2.0723238752488897,0.9331734828758762,-3,bezier_55,synthetic_bezier_55,1,bezier
145967.34944752388,1.4356605781471596,6096,30.16456111566858,0.0,0.3602506238606282,1.3951641444810496,10.175385080598254,21.607243499089087,0.8308101513299619,0.4965071482450472,0.4644164094671262,0.04691601049868766,0.04882117068310745,2.138747560848455,0.9381681890045137,-3,bezier_56,synthetic_bezier_56,1,bezier
133086.39571158466,1.0955393672214926,5666,31.771932921447483,0.0,0.371002737747057,1.06049814185833,9.399106088680572,20.332608299902947,0.8129749818378962,0.5092045592271441,0.42911785799665314,0.05171196611366043,0.05412517972581937,2.0888776919900036,0.922588776268155,-3,bezier_57,synthetic_bezier_57,1,bezier
164896.72398959252,1.4534724259400476,7022,25.6218487394958,0.0,0.36236038443982604,1.3545906905848464,10.141361951050866,19.85364928588215,0.8039015618041997,0.5115340025736494,0.4250979561580006,0.036884078610082596,-0.09063458805341897,2.1122717635789336,0.9274226742286344,-3,bezier_58,synthetic_bezier_58,1,bezier
139458.5934140105,1.1968462559442892,6034,29.833581965854467,0.0,0.3598926255407333,1.126797201019758,7.967154796761235,19.956419357868217,0.8369643277330425,0.49370513956445233,0.3992060426238401,0.03679151474975141,0.00995676476641509,2.1385008246491077,0.9202486317622085,-3,bezier_59,synthetic_bezier_59,1,bezier
65338.974836946785,1.456685563836433,2614,69.27286643704554,0.0,0.35733435441690564,1.4358083434447093,9.221050795748702,21.23759110802593,0.8578205970218882,0.5041157936346395,0.4707544761696386,0.03289977046671767,-0.06620959602309211,2.029647782987455,0.9325372937238819,-3,bezier_60,synthetic_bezier_60,1,bezier
139954.9206317258,1.5630724030961205,5535,32.76310083122515,0.0,0.3611338052277066,1.5398330613841529,10.466878978738388,22.255456150029698,0.7608275157972806,0.5055329981991054,0.4138269959601849,0.03902439024390244,-0.06969804441384671,2.0211327598199214,0.935254168872512,-3,bezier_61,synthetic_bezier_61,1,bezier
151057.54960850027,1.5012447474772503,5942,30.29708803231779,0.0,0.3389130742375178,1.3718914244551539,9.647089018486989,20.76632392025057,0.804395256985445,0.48672470887927416,0.4815300036972142,0.04442948502187816,0.025533279017571055,1.9832398816055865,0.9388807758982938,-3,bezier_62,synthetic_bezier_62,1,bezier
122594.9881904499,1.5375587197316254,4924,36.57464960390006,0.0,0.34887236747200456,1.4740658371714865,16.006942938057293,20.708009276979887,0.8199265944622692,0.4952970238286414,0.37868305236461286,0.035337124289195776,0.09990857215215468,2.474839490663541,0.9280743306526841,-3,bezier_63,synthetic_bezier_63,1,bezier
102939.20264223144,1.4746236361802392,4325,41.65402405180389,0.0,0.3557820165643197,1.4266886259490645,10.732220439198757,20.106266530387767,0.8416197880804679,0.4925633859794766,0.48414599774520856,0.03791907514450867,0.10467842778502244,2.0725563795679176,0.93052487661741,-3,bezier_64,synthetic_bezier_64,1,bezier
116551.7609009979,1.0048223406841568,4632,38.86979054199957,0.0,0.36491372761289215,0.9622506251771199,7.221581168130787,22.313731696878055,0.8230526120849512,0.5119595341779781,0.3871992959123802,0.03432642487046632,-0.005004789733876372,2.514387418986495,0.9296282036306895,-3,bezier_65,synthetic_bezier_65,1,bezier
212687.23738395493,1.653051535367628,8552,21.05683545784119,0.0,0.3427996180510859,1.504093039482477,15.4823488205117,20.77103659713497,0.7853047889154471,0.49256683241485455,0.43386864047406626,0.040809167446211415,-0.0433099799532391,2.118608436553082,0.9333580429370543,-3,bezier_66,synthetic_bezier_66,1,bezier
152284.11796400195,1.35846330491625,6603,27.263405028779157,0.0,0.3577472206219004,1.329721445388981,16.62077013859466,19.649432004475916,0.8102798125895276,0.49060385335294,0.44666862614668257,0.03922459488111465,-0.1414308839559004,2.415318763038588,0.9254387020856545,-3,bezier_67,synthetic_bezier_67,1,bezier
113479.54376305979,1.5346091206607286,4777,37.93132328308208,0.0,0.35659194498074726,1.506859701979313,16.183261697929545,20.382356673631744,0.8084127060816018,0.49220165471476746,0.5097729451756298,0.039355243876910195,0.028908467290531623,2.193161209075824,0.9381467006037445,-3,bezier_68,synthetic_bezier_68,1,bezier
97652.85834139337,0.8121118147834302,4107,43.831709693132005,0.0,0.3602616916514771,0.7493370206094746,6.847090846573053,19.761820645510358,0.8181510654579219,0.4992521560837204,0.4638339319413161,0.04187971755539323,0.046032788158029636,2.324797296316803,0.9303424805927202,-3,bezier_69,synthetic_bezier_69,1,bezier
165321.73349528085,1.1927631837666262,6908,26.060663095410455,0.0,0.36366957309944675,1.1238134688129244,10.000499987500625,20.408756432094737,0.7931814300238338,0.5117487250059108,0.4701688312621736,0.03372900984365953,-0.041479019679996364,2.056964287899108,0.9362802821545242,-3,bezier_70,synthetic_bezier_70,1,bezier
74402.7052703678,0.8473472816579607,2952,61.19925449000339,0.0,0.3537319321192166,0.822486826731725,9.64689069078737,21.748140149428675,0.8487666222724403,0.5029864757401503,0.45491116325846465,0.03387533875338753,0.2734078902392971,2.260136914001272,0.9450093059798872,-3,bezier_71,synthetic_bezier_71,1,bezier
186606.0816538285,1.7712662130242245,7062,25.504177878487468,0.0,0.3394230695204981,1.6522233065108358,13.439680055715613,22.488104885728394,0.7789280029557418,0.4953488401633243,0.4062463474799919,0.03554233928065704,0.00037410991471472147,2.2796512534204805,0.9331822964646354,-3,bezier_72,synthetic_bezier_72,1,bezier
142813.0415933031,1.1725024163018818,6452,27.901720663463028,0.0,0.37761249117090145,1.0906635396415443,12.500624984375781,18.96080041098817,0.8084108771432439,0.518095549915619,0.5569735966274684,0.050681959082455055,0.07227189011139926,2.308847628957245,0.9382012759681746,-3,bezier_73,synthetic_bezier_73,1,bezier
98551.73689163137,0.9077454340315183,4251,42.36494117647059,0.0,0.35668842292111475,0.8312705911580832,8.194578153334747,18.98048649969587,0.7909423631960849,0.48704763350877833,0.48253777029269673,0.048223947306516114,0.10550504976116423,1.96242495694352,0.9354182970739268,-3,bezier_74,synthetic_bezier_74,1,bezier
113604.2545929708,1.2230576576675802,4889,36.82242225859247,0.0,0.38174389734542497,1.134945256369638,12.250637738501617,19.19625717690767,0.786321789093094,0.5210819760333547,0.43181137183183,0.04438535487829822,-0.11322478248469381,2.4721987664526788,0.9250914791917534,-3,bezier_75,synthetic_bezier_75,1,bezier
183483.75790948654,1.4729823672845714,7224,24.937699017028937,0.0,0.3537961692739641,1.3739867869295146,10.2892203570317,21.764513918198425,0.7984855887898107,0.49512669947438614,0.3691098033692384,0.026993355481727575,0.016779402577242038,1.991127660230119,0.9314337241277159,-3,bezier_76,synthetic_bezier_76,1,bezier
129969.14438937049,1.2331519973552014,5620,32.033635878270154,0.0,0.3569900677415757,1.1201295099170254,9.617692030835673,19.101116383297516,0.7762417626382959,0.4932310703504903,0.4410391020999276,0.04786476868327402,0.039025460949256456,2.0714875349962107,0.9287913791805418,-3,bezier_77,synthetic_bezier_77,1,bezier
150414.68165153963,1.4280613276679108,6611,27.69682299546142,0.0,0.3661182249558156,1.3441147419732251,9.912426461119772,19.130583436912396,0.7985711555155223,0.5062581386580234,0.4152763495157552,0.03766449856300106,0.023607152883654572,2.1167289583696163,0.9255763618376466,-3,bezier_78,synthetic_bezier_78,1,bezier
151505.75774670157,1.460453660548034,6285,28.644971355824314,0.0,0.3543573874040339,1.3414272726839094,10.459578279155322,20.390402478734597,0.77454539938938,0.4912977314514629,0.4258585858585859,0.03309466984884646,0.17444724407717352,2.1291370349682666,0.9338452353315607,-3,bezier_79,synthetic_bezier_79,1,bezier
111745.43741176446,1.121013141999734,4559,39.49232119350592,0.0,0.35156984671599256,1.0476066958275743,13.27173270107897,20.088353699061475,0.7926495571447888,0.4982918068254168,0.42729802089348523,0.044966001316078086,0.05468797188961661,2.8395194091526608,0.9318478597946634,-3,bezier_80,synthetic_bezier_80,1,bezier
220858.63532941506,1.6727142652654234,8970,20.665403054967108,0.0,0.3461975551849209,1.5211804822057318,15.325682471259691,20.30910255871912,0.7882163752527648,0.48988946113445075,0.40900407140620104,0.03801560758082497,-0.02319924952015694,2.159947208409388,0.925727441718657,-3,bezier_81,synthetic_bezier_81,1,bezier
192308.14131480115,1.512917164071565,7582,23.74396517609814,0.0,0.3556579613156325,1.4157437217601838,10.12232870744368,22.112627438360267,0.790011246206541,0.5012846411955757,0.4449320175032556,0.03811659192825112,-0.05702593914952272,2.048648810787154,0.9282695126775005,-3,bezier_82,synthetic_bezier_82,1,bezier
120061.97176975837,1.1316270660149903,5232,34.41043777480405,0.0,0.3651621299975552,1.0993995112250816,18.738329701443508,18.752349222075193,0.7823769117375051,0.5081750935876691,0.4723393574297189,0.05676605504587156,-0.016948220627729296,4.176822885735995,0.9305002125685211,-3,bezier_83,synthetic_bezier_83,1,bezier
164654.76830431796,1.523707637862326,7004,25.701699271740683,0.0,0.3637314919250691,1.4517914890881158,15.347819244295117,20.26154077598703,0.8114536777506398,0.5008634325127611,0.46495660810996964,0.03640776699029126,-0.0873767559947004,2.166708056394811,0.9337280133014718,-3,bezier_84,synthetic_bezier_84,1,bezier
105263.33756085069,1.411627440509077,4403,40.99182189913676,0.0,0.3646249310582856,1.400763188797477,10.72510036213078,20.857464141545684,0.7810402263073268,0.5099684921819363,0.4695277984967583,0.05042016806722689,0.012166914585449077,2.0057970190487553,0.9394448895387462,-3,bezier_85,synthetic_bezier_85,1,bezier
200475.8909127741,1.514826784930446,8261,21.790072639225183,0.0,0.35191966225803434,1.4410408293390298,16.468275004767595,20.47365823542285,0.7886213912096347,0.4910706221310506,0.4350677229446395,0.041641447766614215,0.0017122405020334628,2.1700728508118283,0.9295722038036425,-3,bezier_86,synthetic_bezier_86,1,bezier
142851.49046158016,1.4307888788350347,5962,30.10199630934407,0.0,0.34561416773320935,1.31869222692465,16.30828010551695,19.301567270542254,0.7731203237036405,0.4970828509358776,0.4682040124892048,0.038074471653807444,0.03396746124159762,2.606378887718809,0.9352027593922178,-3,bezier_87,synthetic_bezier_87,1,bezier
101566.5773421464,1.2316832900246457,4106,43.995858708891596,0.0,0.34659869282789546,1.1534657657177212,10.642577827289653,20.710441123068282,0.7793596574652741,0.49733555989469,0.4360828433807307,0.04578665367754506,-0.08342910364455185,1.9982504148985831,0.9267221768683136,-3,bezier_88,synthetic_bezier_88,1,bezier
100589.35973293331,1.246367332780883,4168,43.19438444924406,0.0,0.36207037211124793,1.2031066926626994,8.14316345845465,21.0277282475871,0.7905004975372403,0.5014646986530708,0.4421391965614151,0.04246641074856046,-0.0532161494420629,2.180172319326655,0.9375139950445046,-3,bezier_89,synthetic_bezier_89,1,bezier
164030.3587138267,1.63773286415958,7223,24.920243699806147,0.0,0.36299110970802023,1.5761245775283672,15.984686549370704,19.181989955661013,0.8061198046212734,0.4942153346952375,0.4512937983760952,0.0454104942544649,0.0014356330219428253,2.122430588525252,0.9300348035980357,-3,bezier_90,synthetic_bezier_90,1,bezier
84452.10850364354,0.8496614128978511,3698,48.688936975926424,0.0,0.352080347081419,0.7537935646666335,5.905294234837076,18.15325989521283,0.8106265364523163,0.49970973172367783,0.45133721255525094,0.03704705246078962,0.09837352077197868,1.9038950319386978,0.9240118229887017,-3,bezier_91,synthetic_bezier_91,1,bezier
132972.83028664335,1.2692317877232702,5434,33.13141910546659,0.0,0.35785530425805717,1.2275954075761977,13.094632020606841,21.581738960219134,0.8139466797019302,0.5121842316024896,0.4465858932432674,0.04747883695252116,0.014491303082558405,2.2796135735699665,0.9410993589762755,-3,bezier_92,synthetic_bezier_92,1,bezier
110393.55719941453,0.9044847474291074,4777,37.688023450586265,0.0,0.36920971952943454,0.8410520343524828,8.521577550584006,19.127538223134966,0.8048720093553697,0.5198125800210373,0.4355854142899396,0.031609796943688505,0.11782809409029729,2.2620317327005166,0.9312099173323037,-3,bezier_93,synthetic_bezier_93,1,bezier
156129.07266577863,1.3968223886887885,6462,27.859309704380127,0.0,0.3640489441049243,1.3969027784844967,11.547967594150737,21.923704922362333,0.8312449956303944,0.5020004298726995,0.42245022925160924,0.03822346022903126,-0.022415340776618584,2.013491661743458,0.9280528492613012,-3,bezier_94,synthetic_bezier_94,1,bezier
121697.937772007,0.9578134503701481,5017,35.884768740031895,0.0,0.34981352187345804,0.8720153551639154,6.383087156924348,20.18174017214067,0.8112743781579261,0.49404612222531025,0.4863977769275689,0.04145903926649392,0.04864217434798974,2.13997990568661,0.9380877377387948,-3,bezier_95,synthetic_bezier_95,1,bezier
168338.2553344834,1.2566230894864567,7022,25.64506480558325,0.0,0.35926989290318934,1.1190443832168186,12.005857945186591,19.78183349931571,0.7661820687111043,0.5055947366384514,0.39935596587989447,0.03560239248077471,-0.035724577675465156,2.34355993980432,0.9220970364373204,-3,bezier_96,synthetic_bezier_96,1,bezier
73362.21844847326,1.0328454813911938,3011,60.07840531561462,0.0,0.3520621764189852,0.9804266179767763,9.596367947185945,20.79429030342,0.7953139796010157,0.4809373225068069,0.4565189528661604,0.03786117568913982,0.07921821678209526,2.217507733551245,0.9337301444157866,-3,bezier_97,synthetic_bezier_97,1,bezier
148523.69351818273,1.2283557976516766,6474,27.80781708635872,0.0,0.36752626937789407,1.1034043550227481,9.146379064963359,18.866210222414576,0.7787112429036166,0.5084544263949639,0.4298142431969433,0.03830707445165277,-0.14483465648419125,2.1184512338717068,0.9321819904836197,-3,bezier_98,synthetic_bezier_98,1,bezier
148347.85831565637,1.4544211351518126,6499,27.708217913204063,0.0,0.36613591779857685,1.318727991848719,9.638433912416668,18.81997519383404,0.7861324183971502,0.5119676220207351,0.40368194099294735,0.0392368056624096,-0.062008493320062696,2.09502398523017,0.9251180564643329,-3,bezier_99,synthetic_bezier_99,1,bezier
128989.26349931856,0.9254478203320098,5368,33.53773057574064,0.0,0.36254488782491584,0.8517517139323736,6.489277821421935,20.06508478836902,0.7756833586220375,0.509634441234553,0.42795834130607113,0.052719821162444114,0.019437760224352736,2.024935534050424,0.927481998752222,-3,bezier_100,synthetic_bezier_100,1,bezier
154444.66236627445,1.2949219120942608,6830,26.370771708888565,0.0,0.3664564201623697,1.1907009564531121,17.340126873814967,18.59618642492393,0.7873974272696173,0.49946488121050503,0.4429302952717136,0.04494875549048316,0.01599879978805656,2.414567544263795,0.9311298874891183,-3,bezier_101,synthetic_bezier_101,1,bezier
150194.5712039502,1.542463772122141,6545,27.506112469437653,0.0,0.3695386133185115,1.4896738104511176,11.32352516764202,19.803596442062638,0.804027446094082,0.5033314788507155,0.48417028810558504,0.04125286478227655,0.0794754742055643,2.1399543087710904,0.9398288163213777,-3,bezier_102,synthetic_bezier_102,1,bezier
117096.33426660621,1.1321317577885852,5392,33.561491374513075,0.0,0.38330855175747197,1.0646914028939811,7.792945527847605,19.06278413611918,0.7913908813976278,0.5165891360146198,0.44885192222177306,0.03820474777448071,-0.1259241596031533,2.0954992963683403,0.9290643466945715,-3,bezier_103,synthetic_bezier_103,1,bezier
194700.25259829592,1.7011334365092479,7737,23.26783867631851,0.0,0.3432169889662253,1.611688494419316,15.628499608087784,21.31925925273863,0.8001260694715421,0.49317439857456563,0.3994021802836713,0.0386454698203438,-0.10471564040692351,2.2253955690601086,0.9233536255240516,-3,bezier_104,synthetic_bezier_104,1,bezier
106818.15595616016,1.0495502682242714,4885,36.854832104832106,0.0,0.3678561712731239,0.9678858112582321,7.112438179661328,17.821210076935674,0.8165919556393725,0.49656434988082676,0.4663617602766468,0.04257932446264074,0.03468367304006059,1.9075250608983376,0.9296505795630468,-3,bezier_105,synthetic_bezier_105,1,bezier
123467.67576579395,1.1038650458242323,4783,37.64408197406943,0.0,0.3441292809790137,1.056124961474673,8.83912764444506,22.74443793225268,0.8300470690632475,0.49300632001864225,0.5396049561509373,0.034915325109763744,-0.053956528989753075,2.294075276382025,0.9407141473874616,-3,bezier_106,synthetic_bezier_106,1,bezier
159569.57794335127,1.2896657016551714,6369,28.263976130653266,0.0,0.3618142460817234,1.2370633424135384,11.128791488746655,22.339588718444464,0.7745145448988473,0.5046945133521658,0.38504794898830147,0.04411995603705448,-0.10932581666529932,2.166142074526367,0.9246679910194604,-3,bezier_107,synthetic_bezier_107,1,bezier
124559.95409438101,1.0134416927977612,4885,36.867731367731366,0.0,0.3472057764807035,0.9449072085322877,13.038404810405298,21.570277797090878,0.8062857507039155,0.5081812788405736,0.4209475471627699,0.049539406345957014,0.053570911396610806,4.02006883821794,0.9330300919174588,-3,bezier_108,synthetic_bezier_108,1,bezier
91346.25395444207,0.8833868265458498,3465,51.91512702078522,0.0,0.34654948505384064,0.8672309218498938,7.23240570679579,22.696341238142004,0.804221034419228,0.5102655927315745,0.40503147815378426,0.03953823953823954,-0.21907693075232965,2.2017565915000636,0.9259913563073401,-3,bezier_109,synthetic_bezier_109,1,bezier
171476.60638837187,1.5035337442039585,7179,25.077040958484258,0.0,0.36344959373637536,1.432518926143552,10.943500540578077,21.47881222348355,0.8030502460165474,0.5015213031230146,0.4701734750979295,0.04081348377211311,0.07014950255526145,2.153659954990248,0.9362008531080594,-3,bezier_110,synthetic_bezier_110,1,bezier
189064.0602016398,1.5694818089529248,7786,23.13821451509313,0.0,0.348662122667033,1.5048226692568858,12.08014900570353,21.143964371709988,0.7860937576524277,0.4885958217780356,0.40874604399142284,0.03005394297456974,-0.10078199777899584,2.1141390511756764,0.9317485306888265,-3,bezier_111,synthetic_bezier_111,1,bezier
146556.23700497605,1.4666984696326835,6526,27.58498084291188,0.0,0.3689832004836008,1.415906307772114,12.185236969382254,19.12507795230568,0.8011921857110201,0.49780953212474277,0.47020548508629056,0.05271222801103279,-0.026838005670770212,2.008504536872609,0.9310000789422624,-3,bezier_112,synthetic_bezier_112,1,bezier
189228.54141461948,1.575324923345241,8104,22.214488461063805,0.0,0.3563253929574981,1.4455009704791257,14.26252968748601,19.424354808218165,0.7807608206070328,0.48575890478204087,0.40375902201922254,0.0398568608094768,0.050476585757351096,1.9990087265832384,0.9242356658590591,-3,bezier_113,synthetic_bezier_113,1,bezier
146021.6193484205,1.026405720075439,5938,30.30722587165235,0.0,0.3527627087290403,0.9352899380350618,10.213349107907748,20.888978739214195,0.8175171736046591,0.49978818632449507,0.4172668741195852,0.04378578646008757,0.020990669915723348,2.216582881727024,0.9289549982469831,-3,bezier_114,synthetic_bezier_114,1,bezier
146199.56879429676,1.4890540009407562,6245,28.792600896860986,0.0,0.3511630637145954,1.4097493587231351,13.414251703331445,19.702566844087162,0.7987959712220688,0.48976237454470767,0.4175893804749006,0.03362690152121697,-0.11819264678281925,2.322545613284619,0.9279319367034939,-3,bezier_115,synthetic_bezier_115,1,bezier
112307.9450989991,1.4269175996645937,5172,34.85979501063624,0.0,0.3706794242169576,1.320453189704997,12.695009464593653,18.004533239687472,0.799079394702117,0.5127328823567922,0.44255489949616045,0.04659706109822119,0.1193464951316578,2.0439652390208445,0.9336603841204665,-3,bezier_116,synthetic_bezier_116,1,bezier
102316.30438883603,1.033436471715659,4278,42.08136544306757,0.0,0.36642390753670534,0.9474376145871783,8.353309390761112,19.405907626249437,0.7797209930851537,0.5032271754880011,0.5215531227091921,0.0455820476858345,0.049065656843442516,2.393102523535252,0.9393997662218991,-3,bezier_117,synthetic_bezier_117,1,bezier
126873.61142077841,1.5722813861051752,5370,33.52579623766064,0.0,0.366002578441352,1.5261722354159704,11.7912985808274,20.53516766634934,0.7868161465080403,0.5088529947265563,0.4498090817205106,0.04655493482309125,0.10432877177667181,1.9821761530135764,0.9331755891516484,-3,bezier_118,synthetic_bezier_118,1,bezier
161145.45782186903,1.567818726793242,6917,26.93290919606709,0.0,0.36606505419051455,1.5156800099758276,18.118093335736212,20.187940631172168,0.791722090017274,0.5169204054251755,0.44081887296152283,0.04394968917160619,-0.018991367739101712,2.130064137917684,0.9298590700032456,-3,bezier_119,synthetic_bezier_119,1,bezier
177107.4592403092,1.4724703189469281,7376,24.405152542372882,0.0,0.35278903551964547,1.3540293417496683,11.552191350562023,20.118638807271356,0.7561419304414693,0.49535056224608376,0.4024210987058293,0.04324837310195228,0.022351717511148096,2.023769660947156,0.9262111255666554,-3,bezier_120,synthetic_bezier_120,1,bezier
136202.2893871035,1.210057661523741,5704,31.73873399964931,0.0,0.3479103959970548,1.1085941265906094,10.718047546539275,19.945115530094597,0.8147572481415366,0.4990734024312631,0.523219953830616,0.04680925666199159,0.12759105040380503,2.120682803552533,0.9364982369928593,-3,bezier_121,synthetic_bezier_121,1,bezier
76401.35648816222,0.7699274322606899,3475,53.14018422567646,0.0,0.381570611553425,0.7406119401626836,6.780148538283171,19.201008918354763,0.8072592189909723,0.5154095580487946,0.3450990683637318,0.03136690647482014,-0.049249897476777015,2.1248167015944954,0.9103227741817819,-3,bezier_122,synthetic_bezier_122,1,bezier
109241.09300893027,0.9689758177091597,4603,39.13233376792699,0.0,0.3502055527897419,0.8975234401038198,10.1,19.629012906104546,0.7918448055555439,0.4925140652686186,0.407371821944421,0.044536172061698895,0.049486258033103296,2.343452608323633,0.9268555473945601,-3,bezier_123,synthetic_bezier_123,1,bezier
168257.521366791,1.5019637258050058,6995,25.73348584501001,0.0,0.36627301005471236,1.4537190224921153,11.348174526713864,21.10853737658597,0.7799803302164925,0.5052250210336087,0.4184865800865801,0.03917083631165118,-0.03573868527782996,2.087649852178974,0.9341127275657275,-3,bezier_124,synthetic_bezier_124,1,bezier
126072.85562337229,1.5766382405692285,4817,37.96989202657807,0.0,0.3461297590504239,1.5349409159583527,13.746272221951665,22.212283781942585,0.796062659377443,0.4979570415765633,0.4771721593750295,0.04338800083039236,0.07080414500288422,2.256276800871261,0.9408222204645331,-3,bezier_125,synthetic_bezier_125,1,bezier
195219.09212711864,1.7110952396492705,7552,23.90226460071514,0.0,0.3382306101287992,1.6452211746832797,13.77043935392041,22.312042311887094,0.8031914404783084,0.47579639964332127,0.4039392313723641,0.03283898305084746,-0.005542494815607217,2.169592720940763,0.9303069993135697,-3,bezier_126,synthetic_bezier_126,1,bezier
134025.00258845638,0.9835684979118707,5264,34.20026600798024,0.0,0.3576442806736568,0.959586264451185,11.541230437002806,22.311459839209718,0.7845985244242933,0.49991464370514144,0.4126999123907031,0.034764437689969604,-0.06127813140220176,2.462588928656911,0.9307965035150292,-3,bezier_127,synthetic_bezier_127,1,bezier
130727.35285830234,1.2391543455986445,5558,33.28396616879611,0.0,0.35852084743799045,1.135270042212142,10.078702640398726,19.705841277261808,0.807485519200056,0.496608739311115,0.42813238558244443,0.03850305865419216,-0.007274457620104866,2.2176917729938066,0.9301149566872686,-3,bezier_128,synthetic_bezier_128,1,bezier
92355.08539645979,0.773533950069217,4061,44.34926108374384,0.0,0.3574865072927642,0.7252548403348058,7.315846153267003,19.504314578484784,0.7963918843301223,0.5008742385007733,0.4201791194338323,0.032750554050726424,0.03976906036672828,2.220146662085206,0.9279898719924181,-3,bezier_129,synthetic_bezier_129,1,bezier
158248.57415178907,1.1934990394433098,6348,28.359539940129196,0.0,0.35609318732170453,1.1364774061086527,10.454940703990959,21.480806449099493,0.7873379469289667,0.4954437416364108,0.4578483376914457,0.03827977315689981,0.022147812638882155,1.9764612287716568,0.9343010657886783,-3,bezier_130,synthetic_bezier_130,1,bezier
162660.6874206546,1.4624338316990488,6913,26.42824074074074,0.0,0.3609368375821135,1.3899625343501019,10.822430410956681,19.96996823412193,0.8123653826841298,0.4965313671835661,0.45229056678586377,0.04267322435990163,0.014613815944434352,2.3208646668250266,0.9328628907663793,-3,bezier_131,synthetic_bezier_131,1,bezier
172717.42894637573,1.4905208985171403,7492,24.03163796555867,0.0,0.36572093742701134,1.3905302787330296,25.51960031034969,19.24782789659543,0.7986060341655234,0.5074714289342368,0.4339110235207271,0.03737319807794982,-0.028992497154596928,2.719879153148424,0.9267400313802028,-3,bezier_132,synthetic_bezier_132,1,bezier
138902.09695995046,1.4448183960960348,6122,29.41202417905571,0.0,0.37403046286250574,1.4310157671371986,11.908505363814553,19.96103865157923,0.7975850073081618,0.5119519238152497,0.42757992850699894,0.043123162365240116,0.023386047253706858,1.9716313230612077,0.9183643186898203,-3,bezier_133,synthetic_bezier_133,1,bezier
125722.03605095905,1.0461581556367245,6028,29.859631657541065,0.0,0.3905496802649776,1.0313222860341162,8.724168218868266,18.475827049401776,0.7953351229014576,0.5210439630113726,0.41915355647385444,0.04744525547445255,0.00159326219435766,2.0849697649182706,0.9120451709729025,-3,bezier_134,synthetic_bezier_134,1,bezier
135327.23442264268,1.20557475609697,5368,33.53661263275573,0.0,0.3354576283959848,1.079538911051917,11.597285950605785,20.41205815100791,0.7746385704522948,0.4820150263945115,0.4300815045938167,0.0419150521609538,-0.10993761139390491,1.9652717090220908,0.9302803555006199,-3,bezier_135,synthetic_bezier_135,1,bezier
203406.34059877906,1.6374607996533648,7974,22.576570926878215,0.0,0.338351973389401,1.5234161023990134,15.26474191327886,21.773932908698118,0.7883182823318731,0.4816323352100618,0.46567970052827373,0.03862553298219212,-0.1528664008692047,2.179510879981064,0.9316901150931808,-3,bezier_136,synthetic_bezier_136,1,bezier
193565.98656752324,1.5369056582938205,8340,21.601990646360473,0.0,0.3643684482838815,1.4268880598894527,19.256492411651713,19.014080652825484,0.8043285813218701,0.4999417169980853,0.4196137341624423,0.04892086330935252,0.060188502099224,2.7707935494330176,0.9190988591059099,-3,bezier_137,synthetic_bezier_137,1,bezier
93053.06258585767,1.0980839163916312,4112,43.82315738263196,0.0,0.3700915858412696,1.0249685861487197,8.334999833366657,18.541205029716526,0.78807146555698,0.5124313900744241,0.506254695965095,0.044990272373540856,0.033844824930289986,2.1152901130007216,0.9394010650883506,-3,bezier_138,synthetic_bezier_138,1,bezier
119116.88049110328,1.0544833334449997,4571,39.341137855579866,0.0,0.33728820115226177,1.0203937049700889,8.570297544426332,22.736966075516946,0.8131666023196384,0.495142756838719,0.4626735249141064,0.05031721723911617,0.0635205364624748,2.076533102938242,0.934765525738243,-3,bezier_139,synthetic_bezier_139,1,bezier
156612.59387035645,1.2818275638556766,6297,28.587674714104192,0.0,0.3481312207890894,1.1498815027463618,8.840563079100537,20.947867768784878,0.8132767075553069,0.4975167277113729,0.38996534976228325,0.037954581546768305,-0.09924322168534755,2.1859232844028162,0.9265254879068194,-3,bezier_140,synthetic_bezier_140,1,bezier
138322.31164145522,1.2985178626033353,5237,34.37509549274255,0.0,0.3383138517117096,1.21908317913199,9.775542158356021,22.72527580389242,0.8055961534040151,0.4866362060471244,0.3830556493522537,0.04086308955508879,0.13327587948257497,2.0627422980384944,0.9307455008900491,-3,bezier_141,synthetic_bezier_141,1,bezier
125930.34409694266,1.5545948461266503,4984,36.13485851896448,0.0,0.3398747626808981,1.5258283234892076,12.991717446982221,21.88306464847224,0.8130123764201249,0.4781326357467816,0.4162737487610349,0.03812199036918138,-0.06513564748309073,2.1891278797197953,0.9305809082048091,-3,bezier_142,synthetic_bezier_142,1,bezier
111803.76296989419,1.6149575573203905,4463,40.33998207082026,0.0,0.3595755819857765,1.6135260760467218,15.823736126465203,21.900995967973962,0.8125699270947598,0.504895445218277,0.4164524155090193,0.05243110015684517,-0.004227370954282315,2.1848584853171826,0.9194595416746753,-3,bezier_143,synthetic_bezier_143,1,bezier
184133.36745374644,1.5697380459982617,7759,23.200696055684453,0.0,0.35800970021621425,1.4606805197846289,19.907599051618455,19.562861464673134,0.8029347576643037,0.4994580541167141,0.4441072299360932,0.03634488980538729,-0.12002505290044976,2.6802931732327013,0.9313514005852046,-3,bezier_144,synthetic_bezier_144,1,bezier
165390.59611349934,1.6194092648138017,7282,24.72119214393627,0.0,0.3669352942174137,1.4910313511812432,12.40022681244178,18.675923427989954,0.7998650383288776,0.5066785841501713,0.43386358683809106,0.034331227684702,0.05978813281052217,2.0020467805448607,0.9277047445523439,-3,bezier_145,synthetic_bezier_145,1,bezier
162602.14195396524,1.2488238517437862,6691,26.904783258594918,0.0,0.3617405860334176,1.1550290378212635,11.775238851080687,20.902273027251287,0.7668994271067415,0.5140609679999735,0.4441478201733443,0.05066507248542819,0.008308451987784845,2.2835208971945216,0.9213590643638798,-3,bezier_146,synthetic_bezier_146,1,bezier
123671.00331149412,1.0119168560028198,5106,35.3382957884427,0.0,0.36326568868890396,0.9822715354466919,9.5,21.559376500877285,0.7966063759617653,0.5122611345859767,0.42724423127761624,0.031139835487661575,-0.1096371569943507,2.09664821308168,0.9328869018464239,-3,bezier_147,synthetic_bezier_147,1,bezier
90357.5670789079,0.8940371095417595,3813,47.214847848898216,0.0,0.3688526979218282,0.8891304643325778,8.765518782515226,21.55566146373712,0.7680357927383545,0.49913477690952657,0.3642763304662519,0.03619197482297404,-0.0006585549774614578,2.1305093203967855,0.9139734339705969,-3,bezier_148,synthetic_bezier_148,1,bezier
161303.15802391447,1.477773639372879,6848,26.556448079450853,0.0,0.3598155482237871,1.4131456982195008,24.2706097986845,19.618890130116906,0.7629172929440378,0.5043149996302418,0.47728508135075765,0.043078271028037386,0.017163259849758836,3.038139984789775,0.9316742001222504,-3,bezier_149,synthetic_bezier_149,1,bezier
97222.3237825509,1.4710269790893973,4012,45.13911742707554,0.0,0.3597394016944334,1.459747582954526,23.502363947294985,20.369308812948837,0.8233026050069315,0.5022605301311645,0.5574568959933676,0.05059820538384845,-0.01215338244949387,2.6119075483056604,0.9376808351152874,-3,bezier_150,synthetic_bezier_150,1,bezier
121825.7446329733,0.9798285899845274,4893,36.794766966475876,0.0,0.35471309082593355,0.8737989857255912,6.212889826803627,20.474305486807012,0.7914168938193809,0.5105365444519476,0.43102830873457537,0.04598405885959534,0.02184278365523527,2.076457588166158,0.9314355505292458,-3,bezier_151,synthetic_bezier_151,1,bezier
148780.8298428101,1.3931240261608646,6436,27.97047397047397,0.0,0.37026187169319924,1.3848950538326912,15.861904047118681,20.424339175125798,0.8022267950345444,0.5053063051686125,0.39421565303165745,0.040397762585456805,-0.0598947308135497,2.4222686777399964,0.9196934018475342,-3,bezier_152,synthetic_bezier_152,1,bezier
99026.4217912505,0.9526993388857219,4481,40.176116071428574,0.0,0.38134497802121614,0.9296370267695913,9.55426347853585,19.175672002395892,0.7659934005196529,0.5176862623228881,0.361661719718422,0.033474670832403484,-0.020132724268224496,2.0875209845428575,0.9112925723103804,-3,bezier_153,synthetic_bezier_153,1,bezier
154594.45880212903,1.545702847532856,6315,28.50839404497941,0.0,0.33943561434018604,1.4073852386182353,10.821619010874896,19.998000182544324,0.8244555868832901,0.4665068855794858,0.44078066544767386,0.04386381631037213,-0.06952539853618828,2.263737913771771,0.9349709412966554,-3,bezier_154,synthetic_bezier_154,1,bezier
102689.80714700675,0.9383684988735037,4363,41.599037138927095,0.0,0.36392259498757273,0.8729417493028961,8.221921916437786,20.121496637309733,0.7969353730563724,0.505478651077257,0.43194671358552217,0.04950721980288792,-0.0057370858994902395,2.3418373474978993,0.9285559111526243,-3,bezier_155,synthetic_bezier_155,1,bezier
130602.47450611301,1.0610733739273983,5724,31.456403983924517,0.0,0.36116308223092675,0.9848605825319575,9.702519718551923,18.81652993685909,0.7586720209938552,0.49145173429892536,0.3986165834865599,0.03459119496855346,0.0793642597405215,2.2907839204519,0.917113204892438,-3,bezier_156,synthetic_bezier_156,1,bezier
193074.36731365835,1.3572683864429544,7521,23.936303191489362,0.0,0.3423068392523906,1.2349980182761935,9.590375834240039,21.406396970568736,0.8000919104594474,0.4889422335020415,0.4101524779151417,0.032708416433984845,0.017584534249242046,2.1601537518834713,0.9293212886747126,-3,bezier_157,synthetic_bezier_157,1,bezier
155467.72847503633,1.225801195575313,6298,28.581070350960776,0.0,0.3622560472275202,1.2042482646091202,20.86911593719293,21.377549650553618,0.8086125807745418,0.5076980149937381,0.5171159487905362,0.0438234360114322,-0.08113552503554732,2.6350540736026087,0.9377995840443916,-3,bezier_158,synthetic_bezier_158,1,bezier
114335.07876917685,1.0916188754022191,4851,37.14494845360825,0.0,0.3687859305872367,1.103423544609771,15.26843148460247,20.33693052356461,0.8129800348538792,0.5026326460048576,0.41462187242094245,0.0313337456194599,-0.11588485501459614,3.539434295139048,0.9301964213553882,-3,bezier_159,synthetic_bezier_159,1,bezier
98014.47834477137,1.1457854702959347,4232,42.54360671236115,0.0,0.3689651626162477,1.1091790964753434,9.239588735436225,19.8298839198474,0.7998418192501104,0.5093425160407645,0.42512301771693417,0.04773156899810964,-0.11562708867821644,2.17507865081075,0.9137286643091563,-3,bezier_160,synthetic_bezier_160,1,bezier
166066.75831910872,1.4068366904347496,6283,28.65313594396689,0.0,0.3345837436945322,1.310262335000932,9.778803607803972,22.766733824322568,0.7802247494406661,0.48022618945650447,0.42117281183458477,0.04758873149769219,0.08767113574206724,2.220618420043719,0.9338884793201787,-3,bezier_161,synthetic_bezier_161,1,bezier
163708.7683016865,1.6199545379100637,6356,28.522738001573565,0.0,0.3411475228551906,1.5099925383760584,19.072959334559958,21.720793226743677,0.7971757371203253,0.4809150746021059,0.4054452836817144,0.02800503461296413,0.09424082919883577,2.290883034787601,0.9257511285043571,-3,bezier_162,synthetic_bezier_162,1,bezier
175346.97443860694,1.4429431041250136,8046,22.375637041640772,0.0,0.3731216282821384,1.3161255744883438,13.091557924436989,17.946954065286604,0.8315504163568991,0.5056525811496677,0.41378652025648116,0.040392741735023614,-0.030820398478682585,2.1336653399535623,0.9206061222036883,-3,bezier_163,synthetic_bezier_163,1,bezier
136224.84085786762,1.298559991409691,5750,31.790224386849886,0.0,0.35011107048513324,1.2155353120592567,10.653087873945282,20.130351757363687,0.7838699623933093,0.4857625649691328,0.4552917817679558,0.029391304347826087,-0.13641815655802222,2.1500920099796557,0.9315142179249312,-3,bezier_164,synthetic_bezier_164,1,bezier
111591.71424332287,1.147428139389231,4588,40.068672334859386,0.0,0.34102533218640335,1.0084698979951747,6.466115594974618,18.93741977581053,0.794951948778481,0.4802927079322507,0.4321892528723648,0.03683522231909329,0.010774662259344718,1.9799766937650531,0.9304530985064383,-3,bezier_165,synthetic_bezier_165,1,bezier
94925.08794927849,0.9488548862456678,3963,45.624432104997474,0.0,0.36626027524491933,0.9238661900105462,9.669220607706386,20.48906186319397,0.8184865999630646,0.5171365294218131,0.39669651500484027,0.030532424930608124,-0.10230044351719925,2.421054912024328,0.9305982082207728,-3,bezier_166,synthetic_bezier_166,1,bezier
106577.99803797799,1.0320482871189476,4466,40.309518477043675,0.0,0.35454297213391034,0.9590163599359305,6.639506380951747,20.12823791509446,0.7951394868244045,0.49163596867781917,0.3717046797007205,0.03560232870577698,-0.09204500637832297,1.9591401750057857,0.9263464095882179,-3,bezier_167,synthetic_bezier_167,1,bezier
112968.84656846646,1.2081564230610358,4621,38.96774891774892,0.0,0.3531188462735485,1.1726793859747167,15.038492278150759,20.974261641521565,0.8180742418817669,0.4891040457591215,0.5525718565886706,0.05042198658299069,-0.1037213417925086,2.7010974376262444,0.9372016439059927,-3,bezier_168,synthetic_bezier_168,1,bezier
180115.7879043859,1.736828532986351,6930,25.9261076634435,0.0,0.34599849075146816,1.6186191856938794,15.913830462839549,21.75566614090278,0.8021728760678718,0.49415363174133986,0.41871530531324347,0.04098124098124098,0.0962315731395156,2.242556922573386,0.9317070441127726,-3,bezier_169,synthetic_bezier_169,1,bezier
106609.14486933032,1.0201288189677487,4068,44.513400540939266,0.0,0.34103429964953696,0.9895961982308952,8.155297403506813,22.213745237296223,0.779696005514818,0.491312737461527,0.44338353657192,0.04424778761061947,0.10067198368980658,2.1539951053355706,0.9261775099183132,-3,bezier_170,synthetic_bezier_170,1,bezier
175745.39077177388,1.4709187068847984,7337,24.518266085059977,0.0,0.36462401788063453,1.3893769699302942,11.9061725354727,20.763957159464994,0.7702238900638368,0.504827126044431,0.4756230055962883,0.04116123756303666,-0.036449615077682705,2.0005186623694935,0.9363043525671417,-3,bezier_171,synthetic_bezier_171,1,bezier
114988.5226479035,1.35681140930732,4242,42.444234850271165,0.0,0.32749328009416806,1.2275882398532003,8.537075424566291,22.156312568680388,0.8035163907567929,0.4850828110755844,0.5913737446197992,0.04974068835454974,0.11965549434977657,2.0937378946301646,0.9475094318402058,-3,bezier_172,synthetic_bezier_172,1,bezier
122702.44478199107,1.12829346949142,5410,33.30671103716029,0.0,0.3580604707051252,1.1461548448456835,24.075402385006985,18.49836324993869,0.7874952358950507,0.49586935736972737,0.46294412309004057,0.03752310536044362,0.006096483069156704,4.836557636491022,0.9276362237215978,-3,bezier_173,synthetic_bezier_173,1,bezier
105615.70429537946,1.0180611420679306,4387,41.03853169174646,0.0,0.3622609044711481,0.9450164665467954,7.154259706822414,20.525985879917588,0.785832375537912,0.5059828742809253,0.3846387898809006,0.03510371552313654,-0.03718966808710682,2.146158858315998,0.9213469534340247,-3,bezier_174,synthetic_bezier_174,1,bezier
155347.8525533757,1.2084964508647682,6588,27.325034158190373,0.0,0.3606152858880941,1.1652604471456016,8.504377957525431,20.813572834672367,0.7743588535964014,0.49992825969341337,0.44173982743888146,0.03248330297510625,0.10238576917197895,2.048173520456427,0.9356030833671578,-3,bezier_175,synthetic_bezier_175,1,bezier
94841.96384724497,1.1611869873900067,3921,46.17908163265306,0.0,0.3522698757232583,1.0857246459237715,8.523676508672171,19.744412815637443,0.8399165808624672,0.5064213933839493,0.5083600743117717,0.04055087987758225,-0.08570191403396178,1.8613956543857388,0.9431449321280709,-3,bezier_176,synthetic_bezier_176,1,bezier
108832.43707367763,1.0277284317193605,4167,43.20619299087854,0.0,0.3246499082387183,0.9531637493804428,8.7,21.357244237853273,0.8001507524366833,0.4796188491344665,0.45320207796743356,0.03335733141348692,0.09208236648486927,2.2086184275594274,0.9395169257173988,-3,bezier_177,synthetic_bezier_177,1,bezier
165812.66828321328,1.5713799294759294,6502,27.68820181510537,0.0,0.34903115100410337,1.4562469228463593,11.882503000252953,21.824963612775004,0.7512055891744152,0.5024322440332981,0.4222521055984146,0.03952629960012304,0.069456423156247,2.2027851215182315,0.9353460714102017,-3,bezier_178,synthetic_bezier_178,1,bezier
119569.08105676016,1.0921354297695198,4726,38.092063492063495,0.0,0.3495238858535766,1.0711259970333553,8.636307012639607,21.932410882004184,0.7933655046678436,0.4875170865353984,0.49044501684975716,0.047608971646212445,0.07068399316724035,2.032226724264679,0.9374264947283308,-3,bezier_179,synthetic_bezier_179,1,bezier
154916.15733749146,1.5015140984167692,6541,27.547400611620795,0.0,0.3706367943087661,1.5183481597384902,20.646495532602568,21.355064752525237,0.8036950145642449,0.5083875733564011,0.4396895146575842,0.036080110074912096,-0.12146445715796805,2.498036675599245,0.934731604834993,-3,bezier_180,synthetic_bezier_180,1,bezier
144292.77908528264,1.5452778077892606,5750,31.353974604279006,0.0,0.35431453530245066,1.4744469212195221,12.107090181090632,22.021305135924088,0.775984297900073,0.4939328280047782,0.43549127455164804,0.03582608695652174,-0.016944508032579717,2.3494274113214004,0.9337325267500483,-3,bezier_181,synthetic_bezier_181,1,bezier
150384.79839180404,1.1923886185508283,5838,30.90286105876306,0.0,0.3375802283683818,1.1248750573672648,12.206555615733702,21.9590630016926,0.7480041935347106,0.4890664469871951,0.5114213197969543,0.048304213771839674,-0.04648878285584701,2.4856808246375257,0.9348083889495995,-3,bezier_182,synthetic_bezier_182,1,bezier
187972.95729928024,1.5911203699001146,7630,23.594573338576485,0.0,0.3557733932082374,1.524559809758412,11.483381712525086,21.671953695691034,0.8221526241649115,0.49439747892949737,0.4448178114851039,0.045216251638269984,-0.04242808191418426,1.9630286423020482,0.9373947160061001,-3,bezier_183,synthetic_bezier_183,1,bezier
131559.17396082258,1.3047051940665917,5867,30.694851687691784,0.0,0.375656387897246,1.2800099513362846,11.74260996920569,19.93801397821432,0.7509106984034379,0.5170431458229664,0.4915850519005781,0.046361002215783195,0.052841317649458944,2.073065561529308,0.9333969098597952,-3,bezier_184,synthetic_bezier_184,1,bezier
37280.67297571471,1.2263999781141,1380,130.572878897752,0.0,0.3166621807874652,1.2028215767300632,8.375626013087686,22.82030226307213,0.8390655273967246,0.4571932060350734,0.5148426969985864,0.0536231884057971,-0.06671754507666552,1.8851306061096698,0.9344694453727751,-3,bezier_185,synthetic_bezier_185,1,bezier
149180.934643878,1.457373540892574,6406,28.12599531615925,0.0,0.352218342903692,1.4146138978677683,13.789085861248703,19.72078281527108,0.780434031956247,0.4911644500731982,0.39334459798316473,0.03777708398376522,0.056487606576353495,2.236124449533626,0.9271692162978737,-3,bezier_186,synthetic_bezier_186,1,bezier
120388.11332750111,1.0173318640495819,4700,38.30389444562673,0.0,0.3394544971081645,0.9606543836282748,12.258874336577565,21.777152826231795,0.7722077606836311,0.4875457836140277,0.4117857039488283,0.04127659574468085,-0.18895300608277188,2.4434694744882677,0.9310373162420786,-3,bezier_187,synthetic_bezier_187,1,bezier
144930.82696359203,1.2658463139811675,6696,26.88483943241225,0.0,0.36543361992866247,1.110867537697839,9.823181661721607,17.29940003536704,0.7913147000977421,0.4945698280275819,0.4208755292943279,0.04047192353643966,0.09105238333332676,1.986069491544377,0.9213776572400234,-3,bezier_188,synthetic_bezier_188,1,bezier
134910.82453540762,1.506406433392347,5776,31.175584415584417,0.0,0.36186759486620634,1.4401392812747627,12.36931687685298,19.430176148116956,0.7910019625436863,0.5047504213585575,0.4288580273603016,0.034452908587257615,-0.20137548474147457,2.1977863249827942,0.9278003961431829,-3,bezier_189,synthetic_bezier_189,1,bezier
109193.39953808101,1.2464836386696994,4521,39.823008849557525,0.0,0.34666716749088294,1.1967201310507927,8.59793256803311,20.611250435321686,0.7885350928426011,0.49203987510849556,0.4358129785686786,0.04445919044459191,-0.059401408551681564,2.0941138728965916,0.9287809244054388,-3,bezier_190,synthetic_bezier_190,1,bezier
171656.70602228274,1.5863317931923553,6665,27.064825930372148,0.0,0.3472828135795926,1.4782121999023918,14.161763857498668,22.26005690565231,0.8168291452432309,0.5000256276116004,0.4427182875552886,0.03945986496624156,-0.07628345683801716,2.261628752067518,0.9331923172518486,-3,bezier_191,synthetic_bezier_191,1,bezier
155222.77793085776,1.644858814300671,6532,27.62655029857602,0.0,0.35442453821408954,1.540417526374404,14.853450777512949,19.96743030336651,0.8087248679508122,0.49788388005333123,0.40572511113100035,0.034292712798530314,0.06898051566008125,2.313307652520988,0.9267232018083731,-3,bezier_192,synthetic_bezier_192,1,bezier
98414.48099645226,1.3866118189062686,4288,43.002099370188944,0.0,0.37375322237519554,1.4791813998696304,14.725377234348787,21.054620003356444,0.7728383319594457,0.5104442195271716,0.4137560387899978,0.05153917910447761,-0.0026642118529589605,2.1810572599038016,0.9314981863580285,-3,bezier_193,synthetic_bezier_193,1,bezier
159807.84903371587,1.397826555634834,6738,26.71812379397358,0.0,0.37918613256091543,1.343230409643845,10.250762166785453,20.91875737565075,0.8022055643448044,0.5212596742629817,0.44022565829308996,0.03725140991392104,-0.03662521991760615,2.120400714915523,0.928500922648198,-3,bezier_194,synthetic_bezier_194,1,bezier
160411.798223751,1.5342841511895093,6738,26.724061154816685,0.0,0.36397841372829703,1.5263026435421037,15.380588415272024,21.345462998251495,0.8331802033964731,0.4945408236054662,0.41877008472100496,0.049718017215791034,-0.06799973915647589,2.3554783838242845,0.9276219606952434,-3,bezier_195,synthetic_bezier_195,1,bezier
127833.81386390048,1.3822161485756344,5447,33.052699228791774,0.0,0.3648996031754513,1.277053663787262,10.894697996936145,19.67669261808122,0.8412001012133087,0.510015755403167,0.4147968410625517,0.038920506700936296,0.004439150136389743,1.9822776342013007,0.9303623698156236,-3,bezier_196,synthetic_bezier_196,1,bezier
220494.07368443868,1.649302208427722,9061,19.867549668874172,0.0,0.3588581539819327,1.5158394661826131,13.557746862956249,20.836986879573686,0.7980579812038286,0.5028402372243078,0.477099964580552,0.04789758304822867,-0.0864383278185705,2.1952766179171803,0.9349641205090905,-3,bezier_197,synthetic_bezier_197,1,bezier
81629.4850178203,1.4886781337569275,3156,57.048177496038036,0.0,0.33671198338056,1.388580376215404,9.300378563269259,21.653943359373407,0.8158255364933138,0.48900463635136093,0.5534686364132724,0.045627376425855515,-0.18783884103932677,1.9850697391561276,0.9417184167987985,-3,bezier_198,synthetic_bezier_198,1,bezier
125868.25040142285,1.005660229903136,5042,35.70343185875818,0.0,0.3520947678444277,0.9406026339414617,8.553187990064783,21.282323939193983,0.7812621839765473,0.4993461659669187,0.5204903435174925,0.04502181673938913,0.03537975583833857,2.2119178051104993,0.9426174168815009,-3,bezier_199,synthetic_bezier_199,1,bezier
109144.8258988832,1.169203643071768,4686,38.418143009605124,0.0,0.3507814532299302,1.051612932406683,9.871395263307232,19.209785577159067,0.8030200742938193,0.48734183036310713,0.41623267111445816,0.039265898420828,-0.006906473256524475,2.125185108551019,0.928947306525721,-3,bezier_200,synthetic_bezier_200,1,bezier
117882.19672229854,1.2171735162912811,4725,38.10118543607113,0.0,0.3526892646186247,1.1670837349765897,10.671658611512138,21.696081068937517,0.7961011546683552,0.49597187634180456,0.3863559803270484,0.03619047619047619,-0.0872788549248462,2.205145483177317,0.9211866989157748,-3,bezier_201,synthetic_bezier_201,1,bezier
146255.7067814303,1.4594924741436528,6174,29.163291754414384,0.0,0.35870007234166407,1.3667601457659722,13.48998116517346,19.98737780984152,0.8139589930254806,0.49770579420459926,0.4394231622779764,0.044865565273728536,0.04621979961617724,2.2650160154592665,0.9248030038154365,-3,bezier_202,synthetic_bezier_202,1,bezier
189743.2126399642,1.6561838198459022,7562,24.05052241766962,0.0,0.3487379969091715,1.5515141613315693,11.28774846043809,21.536305620408065,0.7901792480321569,0.49120632875743336,0.40399040544911896,0.045093890505157365,-0.02109359850731421,2.0269023808023237,0.9279555120098426,-3,bezier_203,synthetic_bezier_203,1,bezier
139866.58019004232,1.2448614403359057,5591,32.196064400715564,0.0,0.3491534039922346,1.126269161858504,9.948135399353761,20.677188974272976,0.7858678138895083,0.4975448940629641,0.45720966750870484,0.0454301556072259,-0.08322811978122058,2.1648282227825475,0.9341633090589225,-3,bezier_204,synthetic_bezier_204,1,bezier
175136.77607686596,1.5084373780731142,7144,25.199356012879743,0.0,0.3555424586303917,1.4190781997659432,18.336363385966756,20.657580365031848,0.7883145788084219,0.5010665862093346,0.4346245681433164,0.031494960806271,-0.003559318246910902,2.4703561204445172,0.9341756359653492,-3,bezier_205,synthetic_bezier_205,1,bezier
194426.96637184263,1.498680461880549,8256,21.805330102967897,0.0,0.371906832444533,1.4633957120827115,10.069204977995478,21.50172700011044,0.8073507725776033,0.5057927230201623,0.3830075988464261,0.03682170542635659,-0.05246389673822817,2.0249131777106313,0.9189780260800164,-3,bezier_206,synthetic_bezier_206,1,bezier
169101.87597314065,1.4084835292323734,7353,24.481637649619152,0.0,0.36405843762344275,1.3464879434519768,11.74647146324098,19.76290742548706,0.8035363406870761,0.5027056461929059,0.42762388906179755,0.0416156670746634,-0.001201312624063374,2.1809270623232027,0.9262529773446546,-3,bezier_207,synthetic_bezier_207,1,bezier
135779.5431255863,1.4381348833014778,5793,31.572341160220994,0.0,0.36238416491572617,1.4047747380563154,16.690191730474517,19.950455857646226,0.7695377938439567,0.5007576131551477,0.3855795136865398,0.03659589159330226,0.10700151029829397,2.5697006299539016,0.9227906838786575,-3,bezier_208,synthetic_bezier_208,1,bezier
153830.7628135126,1.2462658084978344,6189,29.087912087912088,0.0,0.35519941861647975,1.2080989254345855,8.538808031777638,21.897655025786428,0.8061060990056755,0.4929383891029604,0.426819464247793,0.030214897398610437,0.07510022690403824,1.988223056933441,0.9370396157827574,-3,bezier_209,synthetic_bezier_209,1,bezier
150072.69612223495,1.302727595120634,6172,29.16626154594069,0.0,0.34492315026387754,1.154865660167399,13.321153290912916,19.743062984414827,0.8133083071413582,0.4886104623828601,0.4332996894409938,0.034024627349319506,-0.011334796647655186,2.1983471829853216,0.9344738021242105,-3,bezier_210,synthetic_bezier_210,1,bezier
156067.2935490104,1.3665795948199901,6566,27.393754760091394,0.0,0.37036008747623855,1.3730342104784359,25.004999500099974,21.159222472556674,0.7744921394074529,0.5069416104409161,0.45482661953805836,0.042491623515077674,0.03383250750300794,2.8581467525621873,0.9342837068674728,-3,bezier_211,synthetic_bezier_211,1,bezier
54796.9054081592,1.0854299131370275,2414,86.3580605055947,0.0,0.3638913406094436,0.982278243963869,7.400380057807842,18.00474661407757,0.7908069901041836,0.5071171666860428,0.4832246849196002,0.04432477216238608,0.08237846540862254,2.5993707983342054,0.9299564163450541,-3,bezier_212,synthetic_bezier_212,1,bezier
176209.28449682856,1.5946573429776298,7197,25.018899388549194,0.0,0.3565927191996897,1.564735309230961,12.59308535731288,21.648676493358273,0.7878171473839716,0.49654129360990185,0.38922520938957283,0.03682089759622065,0.02266574515173074,2.0109249950875667,0.9250476813218524,-3,bezier_213,synthetic_bezier_213,1,bezier
217493.6524872977,1.7212571455140644,8280,22.263799975842492,0.0,0.33556063530533636,1.562960701123772,20.655265672462313,21.959402738147652,0.7924673158897342,0.4791853003512805,0.44642239328806815,0.04589371980676329,-0.09297347163920375,2.3798243104973618,0.9335960359838886,-3,bezier_214,synthetic_bezier_214,1,bezier
81459.79889509932,0.876182219287139,3488,51.68568970461715,0.0,0.37411887934890575,0.8459402372860165,7.39493069609175,20.212619870664366,0.8043706819249418,0.5197629729299288,0.45431271578208204,0.040711009174311925,0.04089505326737412,2.095142152947031,0.9242142904282529,-3,bezier_215,synthetic_bezier_215,1,bezier
170685.13665979652,1.602999133064114,6813,27.037580739870815,0.0,0.35581112245976215,1.5452504464562593,11.091162648202797,22.026617906307063,0.7925040024757645,0.4958168078016039,0.4096867511930571,0.03317187729340966,0.1079166783400321,2.062587856917308,0.9277682098912605,-3,bezier_216,synthetic_bezier_216,1,bezier
142488.65080467798,1.5301607338966636,5979,30.110906657745065,0.0,0.362805251866665,1.4480625047121898,10.662082348209472,20.457536380869282,0.7861802416853858,0.5133631817031412,0.443255541724715,0.03712995484194681,0.10185782262182098,2.0978697986878383,0.9335296975912867,-3,bezier_217,synthetic_bezier_217,1,bezier
130941.83001735806,1.0813060597941118,5251,34.28171428571429,0.0,0.3545137340236311,1.011892315222888,11.541230437002806,21.01224063036551,0.7435614098402059,0.513677389370424,0.43487083221596495,0.042468101314035424,0.13381003322992352,2.2133868245179733,0.9297426849252608,-3,bezier_218,synthetic_bezier_218,1,bezier
186929.18416513473,1.5350458284468675,7487,24.044883783061714,0.0,0.3505870407413485,1.4158329800927236,15.086417732516887,20.82301128533077,0.7794062275609942,0.5005776583207296,0.4762716036586946,0.039802324028315746,-0.06778282393578966,2.2610820812226375,0.9372862387909051,-3,bezier_219,synthetic_bezier_219,1,bezier
128303.28968754101,0.9867998269666868,5183,34.75762253956002,0.0,0.3558948936381862,0.9340503595934383,8.004647410429097,21.48984247117483,0.7931674841744977,0.49420371169129673,0.4674179414822516,0.036465367547752266,0.09163945109258428,2.083081340343011,0.9399676745571139,-3,bezier_220,synthetic_bezier_220,1,bezier
187201.58236885833,1.3363268417201521,7360,24.460388639760836,0.0,0.34975347975949245,1.227890786809378,11.480525647190657,21.951590145234725,0.7969016946861626,0.49674742497274016,0.4811205376108758,0.04456521739130435,0.01693076705353086,2.332992349535128,0.9339799021955444,-3,bezier_221,synthetic_bezier_221,1,bezier
165636.3438629458,1.622061033657192,6894,26.111997678804585,0.0,0.3488670067734441,1.4658049868113268,11.285714285714286,19.74549695414362,0.8068626042709437,0.5008629838016593,0.4466703925024719,0.04017986655062373,-0.12876977156898176,2.0455763169603745,0.9354540897203962,-3,bezier_222,synthetic_bezier_222,1,bezier
97327.02901133287,1.0581563439355814,4341,41.47073732718894,0.0,0.3638243552989905,1.017401642421618,11.23548446267944,18.956906541912,0.7706725573920187,0.49954389256845577,0.3560161662817552,0.04307763188205482,0.07700401108214852,2.130381334534863,0.910807373544519,-3,bezier_223,synthetic_bezier_223,1,bezier
169208.55205109925,1.3277446408482536,7321,24.590300546448088,0.0,0.3659424231836458,1.2391588644206688,9.529760045804524,19.445827695675156,0.7810825628215978,0.5048477838940248,0.4312726157192757,0.04439284250785412,0.036869611019575275,1.9742102524893157,0.9267699540331301,-3,bezier_224,synthetic_bezier_224,1,bezier
115362.38069902919,1.008818611374154,4993,36.056690705128204,0.0,0.37664375371383635,0.942292383835916,6.592419889539803,19.74086897236661,0.7943592550696281,0.5224004372386507,0.45988057473409216,0.03945523733226517,-0.023171927764270288,1.9938026089040983,0.9317787293212607,-3,bezier_225,synthetic_bezier_225,1,bezier
125593.35358181466,1.290798873946959,4867,36.98931360460337,0.0,0.33542523554669307,1.2555338682683728,9.725339182888288,22.627379356531545,0.8173708723438953,0.4712744292268573,0.4755775514856752,0.031025272241627287,0.04018740914787081,2.2118826719821434,0.9333942546543148,-3,bezier_226,synthetic_bezier_226,1,bezier
145936.38375294837,1.4646939561188455,5340,33.7113691702566,0.0,0.33207339445238515,1.3504521641599336,10.720074626605918,23.016284675178422,0.8415529341876055,0.49384070262043595,0.485145059984713,0.03876404494382023,-0.08463999723943688,2.1109989279877457,0.9448771427185714,-3,bezier_227,synthetic_bezier_227,1,bezier
107275.60612712565,0.8875998973045212,4053,44.41609081934847,0.0,0.32867430153630783,0.8177768522921101,6.581117770645888,21.900139116125093,0.796421767889657,0.4698577940276856,0.4652487487320113,0.03528250678509746,0.0285507543123253,2.050488246316604,0.9401642663065773,-3,bezier_228,synthetic_bezier_228,1,bezier
147038.28362032838,1.1939902010012466,6028,29.86527293844367,0.0,0.35908310875328237,1.1142476119912128,9.588534820294495,20.48209401621687,0.8253655446833044,0.5002430079593028,0.39815183683671956,0.0371599203715992,-0.06101287217594167,2.201144400825282,0.9300575907712697,-3,bezier_229,synthetic_bezier_229,1,bezier
120930.23553042569,1.1796188445097873,4695,38.34235193864508,0.0,0.3459384368883173,1.169702046842693,17.654870275491813,22.10068480221802,0.7789527084762349,0.48777767863159294,0.38488146936627,0.029179978700745474,0.16963678408896965,3.053538490434048,0.9300909870923806,-3,bezier_230,synthetic_bezier_230,1,bezier
131479.6990814234,0.9244663140120788,5552,32.42767068996577,0.0,0.3623657264511714,0.8595527203076161,7.456762419785409,19.993759129758036,0.8234286061795427,0.49573630271056063,0.4362136629197521,0.03692363112391931,-0.03341677794468658,2.0290449868181204,0.92681777108156,-3,bezier_231,synthetic_bezier_231,1,bezier
181891.59778601915,1.6137104256290182,7575,23.76458938473726,0.0,0.3600094233640677,1.539301162351309,15.66824263152999,20.90198783687009,0.7734071125767141,0.49956132515035956,0.4398154528689466,0.04145214521452145,0.030105826884569344,2.227669541027326,0.9334714605280257,-3,bezier_232,synthetic_bezier_232,1,bezier
128983.65901492858,1.1112848380385654,5891,30.559083191850593,0.0,0.37417689793710945,1.0276581877575184,7.68159777939749,18.69365511264808,0.8174515155764791,0.5068312973850889,0.4250321458970969,0.03870310643354269,-0.013153266547422429,2.0698817293037948,0.9278242233974727,-3,bezier_233,synthetic_bezier_233,1,bezier
118059.51165173954,0.9573061846234017,5063,35.555511655472145,0.0,0.3632658744037575,0.8711752290864951,6.626146480007459,19.32128622524059,0.7837866472401716,0.4984921403572518,0.42109945545377225,0.03614457831325301,-0.07581758306287538,2.1327910595517214,0.9208339860099364,-3,bezier_234,synthetic_bezier_234,1,bezier
166027.53031518302,1.4223636564346678,6805,26.45620223398001,0.0,0.3535868126697261,1.3074295487269338,10.242618932848682,20.667598759394203,0.7445473950967352,0.5017133289486057,0.4216691377456733,0.04246877296105805,-0.007895941522536778,2.0794915672518544,0.9213263060204007,-3,bezier_235,synthetic_bezier_235,1,bezier
125482.28894827701,1.3620805838798336,5466,32.973833485818844,0.0,0.3528193282885232,1.2120920775876631,8.362025435727585,18.53868565122863,0.7986486988923092,0.4739209001759904,0.4333388922860266,0.03256494694474936,-0.0034389625614641645,1.9441638300362531,0.9316814348779242,-3,bezier_236,synthetic_bezier_236,1,bezier
121316.39690004385,1.2691970739813685,4917,36.613303498779494,0.0,0.34810929600581375,1.2161439793819473,10.211322691557205,21.4502839938042,0.7884198766510355,0.485013472040726,0.4998295841854124,0.03945495220663006,-0.14692666489506728,2.1279115475558528,0.9412688518220336,-3,bezier_237,synthetic_bezier_237,1,bezier
125243.25891138696,1.2769285553654492,5002,36.169166166766644,0.0,0.3514154368064482,1.2204259218332185,11.044802140418254,21.194368049753006,0.8247481823480272,0.5039673747053579,0.448547611596347,0.0349860055977609,0.06329320463213753,2.2286801660543043,0.9396371325911388,-3,bezier_238,synthetic_bezier_238,1,bezier
136671.85364917998,1.120619429473866,6024,29.886269301012785,0.0,0.3716490454842815,1.0383335715813922,9.925341137422677,19.265190454465344,0.7477118388435608,0.5078165486065257,0.4540506063677349,0.05693891102257636,0.054634001119951814,2.0612126978343652,0.930989300015196,-3,bezier_239,synthetic_bezier_239,1,bezier
149621.3119722734,1.1133251541218265,6262,28.74860245967098,0.0,0.36396689714975616,1.056819711723401,9.965501717916458,21.041251805394598,0.7716899751650148,0.50260600307171,0.4438439572369197,0.048866176940274675,0.08276824545748271,2.0371496440784767,0.9297040593907342,-3,bezier_240,synthetic_bezier_240,1,bezier
146438.79249970676,1.3436405053988445,5773,31.187110187110186,0.0,0.34595035323213946,1.2185866634936529,8.613323929379762,20.944497880606008,0.8083033385825114,0.48931222702255955,0.3742682813516276,0.034644032565390614,0.06834202015981668,2.057569965842591,0.9270557365968457,-3,bezier_241,synthetic_bezier_241,1,bezier
133293.4664502886,1.3073507114592506,6064,29.680521194128318,0.0,0.38405720962596296,1.3022736735025622,13.417168410781215,19.395967303755498,0.777280376001619,0.517944497786568,0.5028403113822849,0.04172163588390501,-0.01751870268264681,2.2345213102247614,0.9323251589799406,-3,bezier_242,synthetic_bezier_242,1,bezier
119594.4402374245,1.2975980871811632,4997,36.02782225780624,0.0,0.3504155487893373,1.1933939117837764,10.491812283871647,20.015076380912035,0.7982988719707839,0.502167769920807,0.3982024751859261,0.03542125275165099,0.13671553548618565,2.147748911014503,0.9300863046002645,-3,bezier_243,synthetic_bezier_243,1,bezier
127241.07536799173,1.0198212797563948,5240,34.40713876694026,0.0,0.352679709621581,0.9632275589240611,8.089010988089465,20.757463292177526,0.7855045839522677,0.4869677493902419,0.4426390623851863,0.0450381679389313,-0.059842902563238334,2.336603665042427,0.9343364658075971,-3,bezier_244,synthetic_bezier_244,1,bezier
181720.45337206015,1.6365647731729858,7209,24.973085460599336,0.0,0.3470750686043244,1.5521675871462484,19.045267712012407,21.551700849496306,0.7904882820175578,0.49213648358778783,0.4103489154464772,0.04022749341101401,-0.05370427942117234,2.3826263321092886,0.9286258995853216,-3,bezier_245,synthetic_bezier_245,1,bezier
133144.23159887822,0.9525903452771809,5817,30.94738651994498,0.0,0.36787715841268637,0.8614989751748127,7.100226978096958,19.379853548350916,0.8088806697799891,0.5017528339801739,0.4151650924711495,0.04538421866941723,-0.01382471152114572,2.075761588763274,0.9245652693440762,-3,bezier_246,synthetic_bezier_246,1,bezier
94577.27173656732,0.9135776771693832,4216,42.70557532621589,0.0,0.36096071706656924,0.8009217066736556,6.33581091889586,17.948057908947693,0.7933063862233483,0.5029351939224452,0.41113751369719653,0.05479127134724858,-0.16567434813372817,1.9529076819013331,0.9256631374858562,-3,bezier_247,synthetic_bezier_247,1,bezier
172892.99397126696,1.5414152042565241,7112,25.312333005203207,0.0,0.3591949051095692,1.4552436813291956,12.345839505129643,20.623225820363054,0.8111534270160119,0.5039616874136982,0.39586659102603006,0.0390888638920135,-0.07324098367348868,2.175329381381038,0.923126585646111,-3,bezier_248,synthetic_bezier_248,1,bezier
137940.24123505334,1.464682146299907,5572,32.30874169807934,0.0,0.36048428634693647,1.44895240186229,9.982232736928207,22.157908747366573,0.7983370194702677,0.500423176492309,0.5002770330652369,0.0518664752333094,0.04451592816055838,2.0308377930731485,0.9391943308253158,-3,bezier_249,synthetic_bezier_249,1,bezier
157819.8965874283,1.7003395646847497,6702,26.861065512610057,0.0,0.3582570194910696,1.656485033947603,19.425756098540926,20.227476886020316,0.7939446422034744,0.49980367774190576,0.40993293349484444,0.0444643390032826,0.05960725765498864,2.2887180539032084,0.9246343191633918,-3,bezier_250,synthetic_bezier_250,1,bezier
200272.8418326692,1.5922223182674562,8284,21.73186043703972,0.0,0.35226601851424133,1.4516551785799616,14.33575560927602,20.18202532935316,0.8286393051560217,0.4961005557562904,0.42697602492849335,0.0350072428778368,-0.0036470370364369586,2.051395441494266,0.9271293007049014,-3,bezier_251,synthetic_bezier_251,1,bezier
180854.16613316518,1.5238754608881677,7541,23.872413793103448,0.0,0.3645842378721165,1.4775333533563415,20.429417786885438,20.624222296100346,0.8001871885692718,0.5026642055263182,0.42973377089927567,0.04004773902665429,-0.002943417739450268,2.5673998558281155,0.9331115344296723,-3,bezier_252,synthetic_bezier_252,1,bezier
169420.42560515198,1.2680601967647136,6933,25.964945181765724,0.0,0.36040901000403314,1.181443074777681,9.944058402918857,20.758214370240808,0.7543458819362618,0.5037993352609916,0.47114945516626033,0.043559786528198474,-0.10555683629050273,2.000405981345101,0.934463792040277,-3,bezier_253,synthetic_bezier_253,1,bezier
184528.41581238023,1.3153937883869056,7555,23.825522901773894,0.0,0.3581087606507515,1.1959122819290084,10.904414243782194,20.802536717990478,0.7843940498823496,0.5050497830005445,0.43747114348740573,0.047915287888815355,0.12132502528145882,2.213478532201017,0.9389126006241424,-3,bezier_254,synthetic_bezier_254,1,bezier
58559.13492381215,1.461770006840177,2335,78.77720651242502,0.0,0.35113823144311956,1.4597661485509104,9.77853949783626,21.065094718385396,0.7802643934907552,0.48546456378368125,0.36302053348685476,0.039400428265524624,0.08510997861918823,1.997291237886551,0.9229587475760708,-3,bezier_255,synthetic_bezier_255,1,bezier
88826.14459854717,1.126554459465696,3720,49.79349287442861,0.0,0.3588077834368986,1.032464435228699,10.776131031126154,19.05822069564195,0.7884458663982697,0.499371664047673,0.4815542788025401,0.037365591397849465,0.03677713052480863,2.278462849000262,0.9376901661644997,-3,bezier_256,synthetic_bezier_256,1,bezier
155822.8701042284,1.4339052697513672,6483,27.782011724776304,0.0,0.36590644088569796,1.405272290306545,11.903095121412235,21.466448800033746,0.8000758007356564,0.5114538427265751,0.337934991252364,0.0354774024371433,-0.015694689190570314,2.1214826682147865,0.9078292945471567,-3,bezier_257,synthetic_bezier_257,1,bezier
151267.7625711245,1.2240582263724038,6338,29.225027615590975,0.0,0.3560017986981034,1.1200858579696047,10.308812004216179,20.031124968554458,0.7790962842243269,0.4953121740173994,0.4442808739338708,0.04354686020826759,0.12073536721370409,2.171044720255287,0.9266898058117081,-3,bezier_258,synthetic_bezier_258,1,bezier
121379.50082379047,1.1596118322496227,5152,34.94253543001359,0.0,0.34918009589753135,1.090120711940405,11.40175425099138,19.33681675246531,0.7855749026333398,0.4859319015044473,0.43782448420280623,0.039596273291925464,0.17461310719000384,2.5684445024094313,0.9330212732861316,-3,bezier_259,synthetic_bezier_259,1,bezier
84165.58373165921,1.4737243364544945,3324,54.26542281071321,0.0,0.34739129842999084,1.392027297296139,10.077822185373188,21.30789145760258,0.8099760300598162,0.4850302142518243,0.41908105717129274,0.04723225030084236,-0.10487068164165426,2.0079559690514035,0.9190843274398233,-3,bezier_260,synthetic_bezier_260,1,bezier
170785.0556796834,1.5178245351013553,6786,26.530287398673543,0.0,0.34357095157094053,1.405910765255585,9.742240122453886,21.37561212336382,0.8041767291533038,0.4853084284254238,0.45893147227586784,0.04980842911877394,0.03988878788264682,2.02267174406607,0.9355858770315839,-3,bezier_261,synthetic_bezier_261,1,bezier
143661.09628288695,1.572094375752627,5751,31.304347826086957,0.0,0.3545370196842612,1.4815890940796361,18.616189191131465,20.769160129877324,0.8079919562794509,0.5029198671579056,0.45963263917132163,0.047296122413493305,0.025393082682364364,2.6512346292384517,0.9327167242157262,-3,bezier_262,synthetic_bezier_262,1,bezier
120431.5427804646,1.0947910753436538,5108,35.301155277070684,0.0,0.3668039761073226,0.9922422849878042,7.226267010790744,19.802391870094937,0.7752126451618174,0.5145381522900669,0.48165407095418744,0.04483163664839467,-0.06524062226224187,1.9547031049401915,0.9357839418169831,-3,bezier_263,synthetic_bezier_263,1,bezier
151906.40922910476,1.061552795782528,5836,30.846272493573263,0.0,0.34305364688993917,0.9884536305707127,7.392759468695263,22.452160489740447,0.828257360312371,0.49109161445181404,0.4091972718135995,0.03855380397532557,0.11049084998267016,2.14473701561717,0.9305620945186475,-3,bezier_264,synthetic_bezier_264,1,bezier
102371.26197425122,1.0969943895014862,3968,45.467103604739094,0.0,0.3463469351390919,1.0785532271801157,14.557000034347736,22.69531823238217,0.7984512415018958,0.48639987778660926,0.37760702524698136,0.04586693548387097,-0.059728551346258034,2.699117831699122,0.9261546049022611,-3,bezier_265,synthetic_bezier_265,1,bezier
122954.31002188387,1.238838353115013,4870,37.28650646950092,0.0,0.34666487615639957,1.2710772700365536,10.343680947186552,22.36585235980244,0.8010489723505925,0.5009451256809476,0.40999212923053857,0.03326488706365503,0.008917796918851136,2.031909821889873,0.9334158604820106,-3,bezier_266,synthetic_bezier_266,1,bezier
106348.32727474345,0.8826969711702477,4826,37.31336787564767,0.0,0.36438689763500326,0.7735964724744734,6.1435953783054105,17.335809338567238,0.7729143150813723,0.5005693754546655,0.42083962284789217,0.04786572731040199,-0.13118890227597255,2.031007348608561,0.9225421554356359,-3,bezier_267,synthetic_bezier_267,1,bezier
97895.92022826057,0.966083436251236,3877,46.43704850361197,0.0,0.3385542545632564,0.8575074895807713,7.234638899074369,20.207754076120246,0.7840965356759445,0.4901046577235486,0.3551035384227303,0.030177972659272634,0.0804656722364346,1.9408531057700353,0.9282260425130135,-3,bezier_268,synthetic_bezier_268,1,bezier
163119.6242404341,1.6178836876926141,6737,26.721496437054633,0.0,0.3653649652711019,1.5578993978335371,17.341344302626087,20.819776331875133,0.7924554523350738,0.5023946511814105,0.41051373270438,0.04007718569096037,0.035508992891000596,2.3087666834686598,0.9268712601984372,-3,bezier_269,synthetic_bezier_269,1,bezier
123499.6216074801,1.1072047010513297,5562,33.10393814062219,0.0,0.37604151692029064,1.1288314256745184,15.751984002023365,19.115471629161686,0.7990234675680751,0.5106887804311846,0.44173066878179956,0.04638619201725998,-0.13257401516528952,4.28809939488899,0.9313118211513338,-3,bezier_270,synthetic_bezier_270,1,bezier
145448.7129683848,1.2515976726796278,5772,31.208456073470803,0.0,0.3518031776632976,1.11951565851141,7.962804154316493,20.722742121252306,0.8097379832762885,0.501370375708115,0.45272241627285803,0.0524948024948025,0.03860713651236214,2.181083579602316,0.932776839859116,-3,bezier_271,synthetic_bezier_271,1,bezier
144018.63299363753,1.2785139000527668,5839,30.833162041795134,0.0,0.34840190047640485,1.1767952397462118,8.903679587905307,20.75283256059529,0.8148737505655312,0.4919995557277882,0.43983222683716516,0.03665011132043158,-0.044188938878434454,2.1938263412300003,0.9320495216692362,-3,bezier_272,synthetic_bezier_272,1,bezier
137852.11448388093,1.3749549855646568,5998,30.021677505419376,0.0,0.36488857815546344,1.225721609295476,8.262698672292995,18.871478781826976,0.7694812567083743,0.5041372716221599,0.4521424715750872,0.03601200400133378,0.04308983671245243,2.0178897606773933,0.9325654782200095,-3,bezier_273,synthetic_bezier_273,1,bezier
129364.9684313375,1.534522996249512,5458,33.002932013927065,0.0,0.3532862496634842,1.4606540457040982,11.801072244607647,19.67892932951986,0.8067466237716403,0.49235992187694577,0.44830366386616216,0.050567973616709415,0.0802453169347892,2.1105731823739604,0.9350136140480647,-3,bezier_274,synthetic_bezier_274,1,bezier
117863.36835723274,1.3917169757602161,5069,35.51499605367009,0.0,0.36593305149271815,1.4170500679465574,12.653062870309308,20.56306750015688,0.7887626843518174,0.5041194489376748,0.48729930012350764,0.05504044190175577,-0.11472780869150814,2.3189667578476576,0.9409201033097523,-3,bezier_275,synthetic_bezier_275,1,bezier
128496.53355178729,1.1581989288399392,5648,31.873561182928988,0.0,0.3688767216176228,1.0963940108089556,13.930585934905823,19.179983404910832,0.7894864689227745,0.5143194226993072,0.4486701079133393,0.0455028328611898,-0.11244782925161591,2.3455169520432437,0.9299836112453158,-3,bezier_276,synthetic_bezier_276,1,bezier
116428.980900036,1.2432428880393682,4956,36.32734611503532,0.0,0.35932047981134874,1.1272853390353545,11.022423833281582,19.066012619418792,0.7819837804665446,0.49566789407594625,0.3843811073302844,0.03531073446327684,0.09842111766742555,2.3578814110196697,0.9265557781594564,-3,bezier_277,synthetic_bezier_277,1,bezier
131438.19401094926,0.9411399114956327,5741,31.356271777003485,0.0,0.37051946815993747,0.8557884653681422,6.188461210526815,19.12892916589952,0.7822560931555378,0.5128164413643942,0.40553236363002537,0.03588225047901063,0.18392664146980164,2.040794581522127,0.9269015254141242,-3,bezier_278,synthetic_bezier_278,1,bezier
103143.79532026584,1.2183294128582423,4395,40.96222121074192,0.0,0.3532148309007463,1.1177755858729268,9.620810776644555,19.44547519817333,0.7960199562985627,0.49753301549007317,0.37615851709811443,0.027758816837315133,-0.05380005827735777,2.2492785275216396,0.9234027210723086,-3,bezier_279,synthetic_bezier_279,1,bezier
152213.19163030395,1.4603620481469908,6011,29.968053244592348,0.0,0.3476996211401521,1.3356306311366157,9.424782788597566,21.144725004439806,0.7794668756481475,0.49707162951585043,0.40706736415074196,0.040259524205623023,0.15730506847772416,2.1104629645713624,0.924427016223957,-3,bezier_280,synthetic_bezier_280,1,bezier
165623.23329663477,1.5102260021454852,6766,26.608425720620843,0.0,0.3525389582329741,1.4265741778151182,14.069053685480707,21.4328930701841,0.7992733797505456,0.4978510407387838,0.48183692432777747,0.04507833284067396,-0.10774787972164485,2.300501366306153,0.9375314931300742,-3,bezier_281,synthetic_bezier_281,1,bezier
100895.138401381,1.0843605954788713,4369,41.21016483516483,0.0,0.3775986824918006,1.0450101036606807,9.256694363137653,20.288627508053885,0.8032051955372558,0.5191221649782775,0.38788788788788786,0.03936827649347677,-0.018346720145691418,2.2665042156929744,0.9175369869457823,-3,bezier_282,synthetic_bezier_282,1,bezier
191108.971280727,1.5733523613148976,7759,23.203274039700954,0.0,0.34933173254221406,1.4430708061249544,10.383155462352082,20.657995418061738,0.7748663103433105,0.49000283634101877,0.43968826048116316,0.04330454955535507,-0.10020963921958684,2.0037325737673233,0.930641196879221,-3,bezier_283,synthetic_bezier_283,1,bezier
112236.18707588795,1.257308998044823,4557,39.51426690079017,0.0,0.3430753829527485,1.1347456863365741,8.99230736215693,20.675310418432925,0.8154312366658567,0.48114432620791525,0.4384983021003647,0.03357472021066491,0.1152946634517083,2.169117892378175,0.9303953478373027,-3,bezier_284,synthetic_bezier_284,1,bezier
122663.97895364999,0.8747408633621795,4975,36.13791716928026,0.0,0.3590045571765651,0.8184422527078672,5.921946001479956,21.414026265188436,0.8166623315554173,0.49686452955918275,0.44861622384558164,0.03678391959798995,0.08964025009901021,2.990896418802711,0.9295101514025275,-3,bezier_285,synthetic_bezier_285,1,bezier
156274.30741865604,1.2758712462080166,6431,29.35583203732504,0.0,0.35205824584835615,1.1508961700406142,11.511132561112577,20.288181326926992,0.7785288835048215,0.4958401942612626,0.3999687994473045,0.03249883377390764,0.07032111276814357,2.2144086802700618,0.9318050375451749,-3,bezier_286,synthetic_bezier_286,1,bezier
86229.17322305837,1.0722607247230682,3748,48.038163864424874,0.0,0.36016517394728653,1.011949247972421,7.02819717676984,19.092832408444707,0.8044620296728562,0.48950976315219785,0.4628515461032601,0.05256136606189968,-0.03758749814205147,2.003488692950405,0.9308830247417157,-3,bezier_287,synthetic_bezier_287,1,bezier
113742.06780578697,1.1108908008426477,5272,34.15025611838361,0.0,0.380483671219299,1.0249549874214101,11.597413504743201,18.17799277292712,0.7835162803734409,0.5097707475681382,0.4266575655079669,0.03717754172989378,0.03009981253849501,2.3728523285540306,0.919356205950135,-3,bezier_288,synthetic_bezier_288,1,bezier
125059.44067827653,0.9114016953224972,5459,32.993587394650056,0.0,0.36588590722200315,0.822387656443758,9.637369596189824,18.74091037595565,0.7794116317747005,0.5130589087831622,0.4421568904327525,0.03993405385601759,0.0855927743158738,2.2225382753167517,0.9273784319787786,-3,bezier_289,synthetic_bezier_289,1,bezier
113464.028469209,0.9839063801466743,4697,38.33134582623509,0.0,0.3643596407065223,0.954423814488677,9.476416471209065,21.389930439875258,0.7838636081487672,0.4988943681926282,0.43444049642103094,0.036619118586331705,0.051171538706644364,2.4889724711934194,0.9311402654309968,-3,bezier_290,synthetic_bezier_290,1,bezier
105475.4364163187,1.5638880496777197,4436,40.644644870349495,0.0,0.3502073646270761,1.3987818829468543,9.825208507824259,18.89227058422351,0.8312674442192344,0.4870380145477418,0.4065813488614636,0.029080252479711452,0.09915887304911127,1.870583032487411,0.9255530344483966,-3,bezier_291,synthetic_bezier_291,1,bezier
137139.78910673963,1.2120517401032174,5921,30.411655405405405,0.0,0.3777891334585776,1.1778449179975508,9.839334327077214,20.711797756750094,0.797531359402888,0.5242226206843297,0.5087634060318146,0.041884816753926704,-0.03926896902847575,2.2187146365101222,0.9377170558133019,-3,bezier_292,synthetic_bezier_292,1,bezier
106256.5091669531,1.0876790314081666,4572,39.378472981842044,0.0,0.3604599618510003,1.0299187957997342,8.93571143085486,19.10972185989106,0.7944834373753187,0.5002704535368587,0.41630722746480414,0.03652668416447944,0.010072830582919032,2.244735331546714,0.9279502082538309,-3,bezier_293,synthetic_bezier_293,1,bezier
185401.28916631834,1.3892687664190344,6714,26.836734693877553,0.0,0.32444924981613205,1.2755567672726749,10.58417173698654,23.0497840224899,0.818095013250439,0.4786032777169106,0.533749321394342,0.04229967232648198,0.021495910186345495,1.996851934128539,0.9506689851833969,-3,bezier_294,synthetic_bezier_294,1,bezier
162236.42390865507,1.3788942502250772,6275,28.688715333120815,0.0,0.33601018455396364,1.260487592840777,10.554175713905847,21.680442466837395,0.7902143935742507,0.48404036876387496,0.45226594379478896,0.04143426294820717,0.09234486350803028,2.262912058251393,0.9387710813599073,-3,bezier_295,synthetic_bezier_295,1,bezier
158495.99069129472,1.6047594943209798,6188,29.128171973492808,0.0,0.34258733562446625,1.4861654041244976,11.453823931099523,21.39875908704769,0.7951303175650359,0.49404943699380033,0.4296852461441728,0.03603749191984486,0.0177661034813594,1.9995993292974779,0.9378488933863156,-3,bezier_296,synthetic_bezier_296,1,bezier
149596.85864998001,1.287047169204328,5917,30.452332657200813,0.0,0.3402786903862405,1.1617401682056272,11.701007659467349,20.81660863395609,0.7984590761774449,0.4852756947398188,0.5106658259566489,0.04580023660638837,-0.014382715455860126,2.107088703428113,0.943030683344216,-3,bezier_297,synthetic_bezier_297,1,bezier
147906.9582847839,1.4514973349305957,6017,30.69315159574468,0.0,0.34979265763331646,1.3447298095556812,9.677451173965684,20.62166342595746,0.8272827731967176,0.4917593290209947,0.44939879359245793,0.040385574206415156,0.018813887052815406,2.0527076011919725,0.9330388426208833,-3,bezier_298,synthetic_bezier_298,1,bezier
115468.17978439823,1.1716987323858326,5015,35.90546469884324,0.0,0.3646634776450083,1.0919147452085018,8.457592103993361,19.293533103340117,0.7846386879435859,0.5099915472603191,0.45021543122064045,0.04047856430707877,-0.004084448152053122,2.2116230230866347,0.9281990822218288,-3,bezier_299,synthetic_bezier_299,1,bezier
136161.37562998867,1.2016783713273995,5684,31.690656343480555,0.0,0.3562414587927958,1.0958524313995477,9.702519718551923,18.984342799786656,0.7765632590763761,0.50557296113701,0.4350520683304091,0.06052076002814919,-0.020943171329755757,2.0980752903638757,0.92831281798508,-3,bezier_300,synthetic_bezier_300,1,bezier
152562.93499730772,1.495606159271319,6106,29.494348894348896,0.0,0.3480550355305039,1.4327701678912708,10.488574930925205,21.848355547678235,0.8036465993058699,0.48219088981601493,0.43050922329357644,0.027841467409105796,-0.0268376485969576,2.0217048916467153,0.9349303841384694,-3,bezier_301,synthetic_bezier_301,1,bezier
115425.48851007143,1.585756234954478,4760,37.929817188484975,0.0,0.35208283021278264,1.5081942479727066,11.09414259868693,20.350290104809613,0.7421412924201092,0.49403720601042916,0.4127395546659995,0.04579831932773109,-0.118892317044625,1.9517380844181014,0.9363967886547135,-3,bezier_302,synthetic_bezier_302,1,bezier
148987.85656808066,1.570518823969389,5981,30.15,0.0,0.35009713983862173,1.5242633307623605,19.13765920900464,21.23822463226585,0.8216948188153294,0.4974132648133554,0.4005238433723769,0.038287911720448084,0.010612865610957825,2.8013729353894887,0.9192350957834255,-3,bezier_303,synthetic_bezier_303,1,bezier
131042.33070994834,1.1732473000615098,5537,32.52149566473989,0.0,0.35839002860379365,1.08469794432778,9.499187749551778,19.887574122304873,0.8241156700608016,0.49603242265862557,0.43488066997340236,0.039913310456926136,0.03244174949374295,2.1132878419211227,0.9251616756449879,-3,bezier_304,synthetic_bezier_304,1,bezier
140001.71937117813,1.6008928780166372,5976,30.125690376569036,0.0,0.3631238472099892,1.5127969407723052,14.783859441972519,20.156742845387082,0.7763867420879258,0.49981338128629227,0.4817461883638922,0.0498661311914324,0.1111258548146298,2.187766431092742,0.9350361822408281,-3,bezier_305,synthetic_bezier_305,1,bezier
123282.63836132194,1.1442742768435834,5626,32.00391111111111,0.0,0.37503156112644914,1.0130299029989467,9.083765348103631,17.52447552742622,0.8028995126239079,0.5125116968096226,0.42382308025866783,0.03359402772840384,-0.018655247330841628,2.057143509032618,0.9247914494150444,-3,bezier_306,synthetic_bezier_306,1,bezier
99404.56401859921,0.896205928793151,4366,41.72852233676976,0.0,0.35440188239337894,0.8653499747126281,7.439571373555214,19.292269607248365,0.7797112279410654,0.49070171614891034,0.4219269102990033,0.04489234997709574,-0.011395442238617704,2.047352737642535,0.9309998079396087,-3,bezier_307,synthetic_bezier_307,1,bezier
204617.407796801,1.6308819012401214,8641,20.833333333333332,0.0,0.36106414696844913,1.4599471121566903,10.362861037806542,19.482791747410417,0.7910009173181664,0.5049814390286704,0.4800883652430044,0.04166184469390117,0.018112239670289118,2.039659809719407,0.9355680834782258,-3,bezier_308,synthetic_bezier_308,1,bezier
200959.73888227617,1.5524729995553002,7685,23.425429463820926,0.0,0.3392134976347378,1.388540267971514,9.228525368300874,21.668549410214215,0.7908242214682177,0.4829882351283276,0.42796109231795676,0.03708523096942095,-0.015687197208890422,2.016117189973905,0.9349063910010634,-3,bezier_309,synthetic_bezier_309,1,bezier
85648.65196848859,0.975232910038082,3541,50.95762711864407,0.0,0.36267738475936223,0.9297014429029556,7.0178344238091,20.7540562933999,0.7610864859640298,0.4910404158573618,0.4433977764390164,0.04010166619598984,0.05388967785626884,2.154948152847293,0.9318215066943467,-3,bezier_310,synthetic_bezier_310,1,bezier
152974.21942744174,1.1830868209287007,6452,27.905441016896606,0.0,0.35443667314750427,1.1357271561382767,17.31588865753069,20.266502796215708,0.7894146309125678,0.4922014818879278,0.4196134617729545,0.04448233106013639,0.016099653199762747,2.6919486357031794,0.9279961696166739,-3,bezier_311,synthetic_bezier_311,1,bezier
161482.93958213367,1.5207537431304712,6748,26.677338076182007,0.0,0.35521605727475547,1.421812208735046,10.853775584765167,20.81506160083615,0.7527960131634722,0.49369894492155847,0.43995635538774075,0.03808535862477771,-0.14370971932224214,2.1385864213932964,0.9329853330779939,-3,bezier_312,synthetic_bezier_312,1,bezier
182218.39471230214,1.3636745500352911,7015,25.666096378671227,0.0,0.3411126012634287,1.2293922405027764,8.990011818679662,21.698653032237274,0.7563815942919423,0.4935608850043852,0.43866338610570793,0.03578047042052744,0.004411540899577845,2.08773722985688,0.9371113747986382,-3,bezier_313,synthetic_bezier_313,1,bezier
152301.0118138959,1.1543041084124208,6007,29.97102897102897,0.0,0.35501664199114324,1.1466810035894366,8.441202891176115,23.148110509555817,0.8028302508184928,0.4909590786345238,0.3862900566563746,0.03912102547028467,0.07128726999189523,1.9595842006632118,0.9259485048658589,-3,bezier_314,synthetic_bezier_314,1,bezier
130887.01106340658,1.2626879712746921,5157,34.91117145073701,0.0,0.35151173139384834,1.1946702411959724,12.935537290735162,21.537328140288487,0.8058105726846834,0.4904058828408972,0.4892692659096418,0.06573589296102385,0.10590753408059438,2.2290961668691907,0.935218693732399,-3,bezier_315,synthetic_bezier_315,1,bezier
190034.82716366427,1.4412681768834006,7813,23.070404505888376,0.0,0.37134129993896287,1.406403040830925,11.10180165558726,21.979365234726007,0.8249269183118748,0.5147399361899431,0.42650834998793447,0.044285165749392036,0.0814883832415235,2.0738964531223636,0.9301756307580862,-3,bezier_316,synthetic_bezier_316,1,bezier
120773.4715291399,1.0617903379222198,4959,36.36446147640177,0.0,0.3501771271239326,0.9796127562880782,12.411671393364372,19.680061051379372,0.8384231474085303,0.49477490091791365,0.41536217792902286,0.04859850776366203,0.01783675787519125,2.1660952296877554,0.9226009849841383,-3,bezier_317,synthetic_bezier_317,1,bezier
157407.125304394,1.4037343144313144,5950,30.296688519078838,0.0,0.3423068042117654,1.3786705747709154,14.143008568123852,23.500945086992395,0.8041074231979654,0.49872651579956756,0.3982925073104786,0.031932773109243695,-0.1264498310809608,2.4065482767376865,0.9412086458411882,-3,bezier_318,synthetic_bezier_318,1,bezier
143551.49852540647,1.1738303426803778,6233,28.883504492939664,0.0,0.367910426272535,1.1074947573758014,8.89077715204621,19.770539637714087,0.809234347660974,0.4982255931838598,0.38903467591143637,0.04395957003048291,0.08923012770432161,2.15794032561444,0.9190193349210606,-3,bezier_319,synthetic_bezier_319,1,bezier
124232.23374654114,1.1980346710812868,5166,34.875508228460795,0.0,0.3539715609407564,1.1357507175020596,9.489760563657839,20.46164770362656,0.7999864542598474,0.49249695864580306,0.4421633744500992,0.04336043360433604,-0.016422387988549805,2.114711250474605,0.9305999489037418,-3,bezier_320,synthetic_bezier_320,1,bezier
158610.45659046105,1.7223612839489557,6424,28.314494784368677,0.0,0.351575154497197,1.5879476860367248,13.287682265918312,20.815742675197374,0.8035711231503855,0.49243250327911636,0.493709767269126,0.05370485678704857,-0.05376722398199034,2.2717776663671425,0.9376027265372989,-3,bezier_321,synthetic_bezier_321,1,bezier
131792.27383557922,1.1249688920329752,5086,35.39488692232055,0.0,0.3413666114785625,1.042000447658924,8.180676584962585,21.25910342734586,0.7794697469050025,0.48068725935875295,0.4252500819577718,0.03814392449862367,0.0065637811930604716,1.9712213477866245,0.9311478511281754,-3,bezier_322,synthetic_bezier_322,1,bezier
164069.7383495929,1.369190535300608,7251,24.826206896551724,0.0,0.3764211364426549,1.3422032283784662,16.32482771731451,19.788421014336834,0.7730352241902317,0.5183705531709578,0.46249166929099256,0.04137360364087712,0.017941951404999375,2.417687524271244,0.9329973631487083,-3,bezier_323,synthetic_bezier_323,1,bezier
158236.22526410964,1.3804511866815956,6601,27.272727272727273,0.0,0.36069818251928787,1.3043302360475373,12.167808165629319,19.894848734830912,0.7831409485646518,0.5041128630192216,0.4430955880147566,0.03984244811392213,-0.038453665917351776,2.3309891063633517,0.9278129063893177,-3,bezier_324,synthetic_bezier_324,1,bezier
174007.74803784274,1.3873855087251723,6651,27.06796992481203,0.0,0.3385577033161771,1.2579486237139272,10.311552986820171,21.95065666177236,0.8181652444634097,0.48323781282360495,0.41697569015245156,0.03999398586678695,-0.09751111961534276,2.1278687094737516,0.9323759230971094,-3,bezier_325,synthetic_bezier_325,1,bezier
148868.3084047807,1.3910265405898798,6413,28.07829070492826,0.0,0.3702744816230733,1.3395786050071743,9.573447005857634,20.448314040928707,0.7938922889746385,0.5086549503129177,0.4327680598210709,0.04677997816934352,0.05902055504247357,2.0742879417988043,0.9334559961312368,-3,bezier_326,synthetic_bezier_326,1,bezier
174495.18778627992,1.5531180157057274,7044,25.558000851909696,0.0,0.3541209555920352,1.494853527240359,14.483100637696081,21.000128414879136,0.8076037442334733,0.5000323693462582,0.4544798224129439,0.037762634866553096,0.0011201259634764944,2.224309599953494,0.9332208088941083,-3,bezier_327,synthetic_bezier_327,1,bezier
117521.8966937372,1.482579077630154,4872,37.5095462943954,0.0,0.35273004896055227,1.4471501401017044,10.493996709650178,20.65310662741622,0.7872205942574243,0.500332628680557,0.36181479203505806,0.04187192118226601,0.0413535574100612,2.0048493147295567,0.9208626644166685,-3,bezier_328,synthetic_bezier_328,1,bezier
125546.43214356725,1.2371511261708021,5359,33.66629339305711,0.0,0.36379002056554255,1.14638240979475,12.152325388405258,20.096172239638868,0.8007735957032577,0.5064665277849097,0.4318729752128381,0.03844000746407912,0.0043643713117995616,2.278005931998336,0.9236701598851449,-3,bezier_329,synthetic_bezier_329,1,bezier
129826.1754686699,1.212301058250098,5325,34.22877535687453,0.0,0.3457519856462818,1.1128410332719803,8.166326523528733,20.141698101312,0.8041340973493207,0.47750112864156263,0.4150126051912083,0.02629107981220657,-0.017741097880675804,2.075857758877548,0.9271372245796521,-3,bezier_330,synthetic_bezier_330,1,bezier
145496.53051103366,1.4518061430269158,6216,28.99340305711987,0.0,0.3658128709278969,1.3412936258744903,10.804612208238398,19.39770402024395,0.7827721089800587,0.49908173565453684,0.4321414532005872,0.03265765765765766,-0.04397498166964366,2.138571535114511,0.927873157887463,-3,bezier_331,synthetic_bezier_331,1,bezier
186965.19669687314,1.5369377114756966,7896,22.798860037998733,0.0,0.37143541213045006,1.5151481291158895,16.9729196074217,20.96863236130246,0.8113240149114331,0.515563198691541,0.45616589932083534,0.050405268490374876,0.0856746639490686,2.275763430908117,0.9346309830870627,-3,bezier_332,synthetic_bezier_332,1,bezier
131868.82271854446,1.0375092688088012,5289,34.035741301059,0.0,0.3417303763809739,0.9374322792065907,9.798979538707078,20.38783479254289,0.7997138207723778,0.4708967675552473,0.4196246610785235,0.04915863112119493,-0.03780148103174462,2.4535379854746764,0.9281568322155189,-3,bezier_333,synthetic_bezier_333,1,bezier
159064.76232484268,1.2804610348463499,6395,28.150766343446982,0.0,0.34220782032946456,1.1737666707587613,8.741176309016202,21.148409750859038,0.8193958283010855,0.49244793937305475,0.46104282241006844,0.04409695074276779,0.036746830915578156,2.091288979064265,0.9393189231932424,-3,bezier_334,synthetic_bezier_334,1,bezier
125376.47319072012,0.9548413162688346,5213,34.53645433614735,0.0,0.3542934541040791,0.9054664907956382,10.768936809174804,20.481003111104474,0.7664720628034711,0.4878352460463163,0.39213505497685186,0.03088432764243238,0.04227944451115988,2.1471955725759546,0.9233279321171857,-3,bezier_335,synthetic_bezier_335,1,bezier
161750.41518203545,1.6949107284801703,6633,27.143094089264174,0.0,0.34318602572721507,1.5762167276193955,11.180339887498947,20.79696695584227,0.8090005521160109,0.48178113409837275,0.4038214835509436,0.028493894165535955,-0.12947285913986678,2.050444798027511,0.9326752017036881,-3,bezier_336,synthetic_bezier_336,1,bezier
102649.60489124176,1.521586094332441,4430,41.21901106344547,0.0,0.38057007488605715,1.4577168468096056,12.310715617228125,19.972452398377982,0.7874786654469093,0.514824974397864,0.491148972521475,0.05349887133182844,-0.04174299507537164,2.0981358136358526,0.932681514667584,-3,bezier_337,synthetic_bezier_337,1,bezier
87696.68475798074,1.3885176188218549,3906,46.16338028169014,0.0,0.38309290263251916,1.3276804431313363,11.355642530651913,19.172603814806624,0.8283802017146743,0.5198897537673474,0.42914281866540976,0.03917050691244239,-0.06890440204157997,1.9280087226440557,0.9283143900039097,-3,bezier_338,synthetic_bezier_338,1,bezier
172295.26131076302,1.5435148463889106,6948,25.940981718727507,0.0,0.3548797740978195,1.5062527406033763,14.057421922639696,21.210845352421828,0.7560855444226852,0.4995302095863286,0.4382098496931033,0.03929188255613126,-0.02402003455448495,2.2006949586730795,0.940858546965113,-3,bezier_339,synthetic_bezier_339,1,bezier
127212.7917784588,1.1587253541585887,5134,35.06565361387103,0.0,0.34448042257434935,1.0782648028602293,9.65680621375411,20.768074453893234,0.8299717623688442,0.48026014579903903,0.4542184924321894,0.04187767822360732,0.014143504188636667,2.1345307371493987,0.93002526290374,-3,bezier_340,synthetic_bezier_340,1,bezier
122918.12196220335,1.7353082351228333,4680,38.4676212865997,0.0,0.349029345068795,1.696539755633923,13.77145820980806,22.97012229502604,0.8327842822012498,0.5025461092738612,0.4339466571766584,0.0420940170940171,-0.02487720224958806,2.0137714394418826,0.9307066344247327,-3,bezier_341,synthetic_bezier_341,1,bezier
117650.91562182257,1.065563854420197,5187,34.70921712302353,0.0,0.35675290530060316,0.9817772185889205,9.234474007981268,18.414543783597615,0.8165605669034881,0.4865119801825002,0.4872090747055975,0.04896857528436476,-0.050938428198327695,2.1849628557873224,0.9334328340510882,-3,bezier_342,synthetic_bezier_342,1,bezier
229415.69721363764,1.713966324200078,9020,19.95753409468899,0.0,0.34802137401035815,1.6136713144323478,12.539194749212475,22.404874759456124,0.8091561907607618,0.49808085522602974,0.4250247552547494,0.04290465631929047,-0.013178761889348122,2.303486504580925,0.9347000019052912,-3,bezier_343,synthetic_bezier_343,1,bezier
197392.52433747388,1.5573984011436706,7797,23.08786557208825,0.0,0.347798705467354,1.5186762676861925,14.195619923060775,21.969062753260214,0.8093434416015807,0.4890212827895235,0.4783217464356592,0.03988713607797871,-0.00830587047633176,2.3401709388797265,0.9388776952361255,-3,bezier_344,synthetic_bezier_344,1,bezier
119929.9013915142,0.9437377253895829,5021,35.854581673306775,0.0,0.36623727942581363,0.8975636840367314,10.86734436528626,20.67452507475553,0.8138548176135836,0.4935755194722968,0.4749105763759044,0.05158334993029277,-0.12415112372979813,2.135430580203861,0.9324416269383083,-3,bezier_345,synthetic_bezier_345,1,bezier
170162.2091504045,1.5148802782204938,7226,24.913356401384082,0.0,0.36209720345063523,1.464974479377956,12.474665684923876,20.64728101007091,0.7793202169942461,0.5100128042427154,0.5018885707553569,0.046498754497647385,-0.05006354575408855,2.0887542650549373,0.9343149954119433,-3,bezier_346,synthetic_bezier_346,1,bezier
125275.15345094242,1.323823210617595,5038,35.7339686321223,0.0,0.35458540778978986,1.2431423992352617,11.667931479058316,21.334511005503284,0.822391509727741,0.5003588744567532,0.4520727712162838,0.029972211194918618,0.10939010479901201,2.188993120866786,0.9322788999332101,-3,bezier_347,synthetic_bezier_347,1,bezier
143204.2606421185,1.272017943774369,5654,31.839200424553333,0.0,0.3420374777168602,1.202204426426624,10.566752102704028,21.02281111895033,0.8224928027338232,0.4853984875721654,0.4460023520447882,0.04987619384506544,0.0911868460803746,2.094362493550496,0.9340308118398557,-3,bezier_348,synthetic_bezier_348,1,bezier
131185.5406686897,1.5237353344870523,5521,32.60163043478261,0.0,0.37219610742712067,1.490959848482242,12.993855385441911,21.058397637599086,0.7870870917680548,0.5163579122836277,0.4888809720243006,0.050715450099619634,0.052205737766264436,2.070789409526344,0.9390975934196059,-3,bezier_349,synthetic_bezier_349,1,bezier
172097.16970603704,1.5740648923594154,6885,26.14773387565369,0.0,0.347973428624118,1.4736439000557298,18.454147380888546,20.96542577734132,0.8072940610840045,0.4955824299888203,0.443280568400306,0.042556281771968046,0.05148545796638248,2.2516586988118057,0.9349024658340548,-3,bezier_350,synthetic_bezier_350,1,bezier
137499.07448518014,1.2745265145491558,5531,32.54792043399638,0.0,0.3565793271544653,1.2276711209675037,13.57905096094716,21.71178970706736,0.81682864202283,0.5045983834231622,0.45924995669495927,0.04194539866208642,-0.11587561358780898,2.288659993371472,0.9362689597152263,-3,bezier_351,synthetic_bezier_351,1,bezier
61889.5768749016,1.0520144780412504,2729,65.98020527859238,0.0,0.36988855396439957,1.0074538006810465,7.749899472138645,19.112647075189592,0.8432922497497828,0.49670289925712857,0.40482181845094917,0.0395749358739465,0.01797051744747259,1.9979917668361593,0.9184792833432727,-3,bezier_352,synthetic_bezier_352,1,bezier
104448.38045656082,0.9434219670914473,4115,43.752309188138064,0.0,0.3321761269337675,0.854691348535765,6.6402537994825135,21.26196834715918,0.7966307246745945,0.4809799430882925,0.4341093117408907,0.038639125151883356,-0.2236597657739908,2.078763666901133,0.9350262475852882,-3,bezier_353,synthetic_bezier_353,1,bezier
158172.61929015402,1.9603695002922017,5897,30.529172320217096,0.0,0.3384205590366763,1.8472394482967387,16.042036615576908,22.29803705309843,0.8389486269092098,0.49224229626458577,0.48516785570894716,0.039850771578768866,0.08246073242671126,2.1180365714075395,0.9377138041870294,-3,bezier_354,synthetic_bezier_354,1,bezier
94960.03883712928,0.885703640963751,4031,44.66575682382134,0.0,0.3560113486391385,0.8230000796848319,5.865653901451225,20.030785195206672,0.784491285239231,0.4924104136858076,0.44710670196185154,0.048375093029025054,-0.08900199449778844,2.022680858295201,0.9343042382121363,-3,bezier_355,synthetic_bezier_355,1,bezier
149569.89016440685,1.2229114136704717,6553,27.470848595848597,0.0,0.37604942693492316,1.1608039739113742,8.395766128763288,19.86912984731219,0.8074905739743269,0.5073307344743028,0.4393070032832871,0.057530901877002896,-0.04164005567389501,2.19215077390427,0.9289052854403388,-3,bezier_356,synthetic_bezier_356,1,bezier
131899.1223264208,1.2883647477660285,4966,36.265256797583085,0.0,0.3260315021940713,1.2379477349007677,12.75774274705365,22.26525586520966,0.8014195012311178,0.4656276995054502,0.5138626959777071,0.04732178815948449,-0.11311509554664244,2.3157347871611877,0.9412004411248771,-3,bezier_357,synthetic_bezier_357,1,bezier
139964.86903017396,1.046425629388281,5490,32.78830388048825,0.0,0.33842448074173426,0.9636599145041477,8.300602387778854,21.491121622144732,0.8184504895775261,0.47677747021904165,0.4529820092610555,0.02841530054644809,0.0772428616266502,2.117483428945429,0.9398102417165046,-3,bezier_358,synthetic_bezier_358,1,bezier
136285.5113207275,1.2750626757625663,5211,34.54280230326295,0.0,0.34087532271881754,1.3217861248916378,25.04495957273639,22.41444530475243,0.8080544508774251,0.48058304797053014,0.3991125563120279,0.03243139512569564,0.018996653348527223,5.023444187507865,0.933990735542968,-3,bezier_359,synthetic_bezier_359,1,bezier
96505.52972092999,0.8716151275054425,4233,42.5562381852552,0.0,0.3770886102050559,0.9022905656830047,10.511898020814318,21.24879648667289,0.7958114832556115,0.5174992297619302,0.4441221987984841,0.050555161823765654,0.005174922932067979,2.348013157584383,0.9349823911741816,-3,bezier_360,synthetic_bezier_360,1,bezier
98337.66930824934,1.0637591245104612,3812,47.834689057990026,0.0,0.3591089701693311,1.072151909892417,9.747427644205025,23.077796858838447,0.7875382330682789,0.5178800375143341,0.47457231344017303,0.06059811122770199,-0.003421849853620124,2.2852101474626347,0.940837170992161,-3,bezier_361,synthetic_bezier_361,1,bezier
149002.80751573291,1.2139584541148452,6091,29.554515599343187,0.0,0.35069794491992534,1.1623076446917657,10.092546959624782,20.72071457756212,0.7756437306687122,0.492715636898598,0.38944525020911513,0.040715810211787884,0.09495354001403841,2.087472276716584,0.9322356446690869,-3,bezier_362,synthetic_bezier_362,1,bezier
140503.10393207264,1.2830000057529005,5624,32.01191534767918,0.0,0.3401695497128262,1.2128757976300608,11.14273278092769,21.575832778700015,0.8084515099994358,0.48296027490471666,0.40513149033328405,0.033072546230440966,0.07050914502171678,2.2784067652301356,0.9303411999839749,-3,bezier_363,synthetic_bezier_363,1,bezier
157238.5903642591,1.2256973220488663,6598,27.283613763832044,0.0,0.35092369728802403,1.0842163026117606,8.94863816454772,19.56349505476041,0.8018803104472558,0.48937707008540754,0.42763187296101535,0.045316762655350104,-0.022684579297337137,2.179629970513791,0.9308604657090738,-3,bezier_364,synthetic_bezier_364,1,bezier
165977.54090520565,1.616665117276925,7178,25.080256374529746,0.0,0.3680962096679053,1.4976551508640394,11.05447370474456,19.563074872518303,0.8001214904697282,0.5050548738022248,0.4049722991689751,0.040819169685149065,-0.0755631225625233,2.040259584496642,0.9270047326710504,-3,bezier_365,synthetic_bezier_365,1,bezier
196081.07247060077,1.5589656668070355,8008,22.48157861870863,0.0,0.3620254992659729,1.4592128662448143,9.959989402047016,21.18437389318439,0.7812032387674841,0.5045204581289444,0.44276486729316916,0.03821178821178821,-0.06381531659896578,2.0101032652852258,0.9394446762820488,-3,bezier_366,synthetic_bezier_366,1,bezier
206645.33105610794,1.6384808220109226,8403,21.423589621518687,0.0,0.3603957286960098,1.602853154219339,15.572411502397438,22.15504107047552,0.7958281063169761,0.5004468873646419,0.3796185280109118,0.03284541235273117,0.04706035444331573,2.097642583785578,0.9263559195053964,-3,bezier_367,synthetic_bezier_367,1,bezier
144302.81987759547,1.1858874015498908,6138,29.329151051002118,0.0,0.3692588596038129,1.0915763318142937,8.443801145087312,19.919814749991644,0.805567972057647,0.5050440349385047,0.45248601079695316,0.0368198110133594,-0.0015536766351200951,2.148714739493384,0.9310932976312868,-3,bezier_368,synthetic_bezier_368,1,bezier
196348.05531389042,1.5456669152925147,7344,24.51150755821871,0.0,0.3338316221678803,1.4253166675446247,9.774075116280732,22.52447400937457,0.794447059891289,0.4828867891907447,0.4264685855039168,0.03404139433551198,0.05210843556124264,1.985118828012372,0.9384935443123802,-3,bezier_369,synthetic_bezier_369,1,bezier
169165.30325109581,1.3464974334157316,6499,27.701446598953524,0.0,0.3421204472085443,1.1886603587926121,8.625028180308231,21.367031217426867,0.781909985504044,0.49197422525122725,0.43086116772735467,0.05123865210032313,0.004595264491863439,2.050956672497438,0.929030306490609,-3,bezier_370,synthetic_bezier_370,1,bezier
158882.722952977,1.1815198145965096,6985,25.77319587628866,0.0,0.3722213999200482,1.0888708919309307,9.410396142328736,19.164163163891764,0.7790409383186543,0.5102019351997302,0.5147074912864756,0.049391553328561204,0.07256328152632427,2.2930795611494452,0.9403094293073508,-3,bezier_371,synthetic_bezier_371,1,bezier
183906.71342530797,1.5225024135731244,7621,23.621522309711285,0.0,0.36384333259974794,1.4512108929965855,23.592901474808052,21.004794555651028,0.7865328281306377,0.5124879825268349,0.4256355677189248,0.04028342737173599,0.12587952003676972,2.5587670064201786,0.924553374701125,-3,bezier_372,synthetic_bezier_372,1,bezier
189395.9026772582,1.5066607344006773,8089,22.291172106824927,0.0,0.36480113369920963,1.3754151588449373,13.127474186316142,19.465626635384513,0.7909353710625086,0.5083777828657317,0.43562534579113904,0.035603906539745336,-0.06486642702592241,2.0266874192748805,0.9305313461894902,-3,bezier_373,synthetic_bezier_373,1,bezier
119644.08091987095,1.2164426153698427,4631,38.888768898488124,0.0,0.35262796360207,1.1878254376009378,17.80277437677072,22.642773517673685,0.7914996433421896,0.49723958551663444,0.39554110633043277,0.029799179442884904,0.08597489056834044,2.7120884488074433,0.9294371305084141,-3,bezier_374,synthetic_bezier_374,1,bezier
167712.86129348728,1.4167328345539867,7261,24.80702479338843,0.0,0.3655034471346096,1.3888534107147075,21.651789764358973,20.064992121043645,0.7969011740444869,0.5022716304248803,0.5057869522539813,0.05068172428040215,-0.012781410187549476,2.8021987686325738,0.9382885775565728,-3,bezier_375,synthetic_bezier_375,1,bezier
167700.1305688076,1.482351832020629,7117,26.06070826306914,0.0,0.36304216113472443,1.363528596044574,12.284249174360546,19.98704997515355,0.7758351372670801,0.5001040527548762,0.43290999837631394,0.042293101025713084,0.06306818534475982,1.9551746866559334,0.9301082797737021,-3,bezier_376,synthetic_bezier_376,1,bezier
185885.6828071982,1.4953081781023327,7822,23.014064697609,0.0,0.358490371898882,1.4300469910167268,15.21143501126836,20.274762801037493,0.7938359910433664,0.49556359188321025,0.5174565079028323,0.04027103042700077,0.033360184083179124,2.0914643553968197,0.9394763450513787,-3,bezier_377,synthetic_bezier_377,1,bezier
78382.13068056434,0.8583260140713193,3442,52.30863121185702,0.0,0.38009541089819293,0.8652609711300779,6.568020165079344,20.32261210441527,0.7972555277941148,0.5212845090470408,0.3982726512896462,0.04270772806507844,0.16660847479067908,2.134452597013585,0.9273086787625053,-3,bezier_378,synthetic_bezier_378,1,bezier
133248.0753502112,1.062543456442914,5894,30.544714067537758,0.0,0.365239008511807,0.9775969314099717,8.478664700413669,18.81284112693796,0.807761894552828,0.5026263823553863,0.45956235577225263,0.047675602307431286,-0.057107916145172334,2.003231142015075,0.9313705654949302,-3,bezier_379,synthetic_bezier_379,1,bezier
167908.08921839815,1.653343013836391,7065,25.481172140430353,0.0,0.3580879473124172,1.4986308346969894,10.678378986427566,19.804195349894528,0.7794409283136882,0.49904988361923225,0.42063119205206506,0.03722576079263978,0.03416855133428296,2.0054962501453155,0.931958867532369,-3,bezier_380,synthetic_bezier_380,1,bezier
149520.37741262908,1.5168185375458918,6402,28.124824246211528,0.0,0.35575230109258166,1.4065892605993466,11.057378758096332,19.616698136489877,0.7644766451084413,0.5015472946289842,0.41802680415573124,0.03764448609809434,-0.043383858365050564,2.049916554083097,0.9258900898080147,-3,bezier_381,synthetic_bezier_381,1,bezier
121851.72347944006,1.016607830443193,4793,37.56093489148581,0.0,0.3388286749248867,0.9503473274132055,7.71182353417285,21.699562791928656,0.7608410488489321,0.4853333447029725,0.43320020304763,0.040475693720008345,0.07614713257521856,2.0638359190139157,0.9326985116449256,-3,bezier_382,synthetic_bezier_382,1,bezier
158281.1630798831,1.294738301356087,6277,28.67861695347355,0.0,0.34240862308591413,1.1528295676466183,9.944482568943135,20.736463799271522,0.7826303045185523,0.48774425469990723,0.4900463213992471,0.04667834953003027,0.11263785799459834,2.2575581974002317,0.9356128178422979,-3,bezier_383,synthetic_bezier_383,1,bezier
167624.29461961027,1.5470332754062934,6684,26.935956905581325,0.0,0.347462885012141,1.5198485613395398,17.705146772117484,21.974708488821026,0.807018665379554,0.49945782431956154,0.4622859190254389,0.041891083183722325,0.0626769697814367,2.1860262864377313,0.9381306708043031,-3,bezier_384,synthetic_bezier_384,1,bezier
135016.07464327477,1.630269631954791,5405,33.30884529977794,0.0,0.35930121046272945,1.5866950959375472,11.465002441854757,21.968007487030402,0.8171153290671954,0.49697665560259663,0.4763557638975864,0.04810360777058279,0.11500208707192912,2.018583804523337,0.941805435107695,-3,bezier_385,synthetic_bezier_385,1,bezier
114199.34331767465,1.1400911948124934,5177,34.84563369397218,0.0,0.38089318413056156,1.0274857958911041,10.047418438780712,17.97123280542076,0.7741768084161869,0.509687058564335,0.41563276692873447,0.04346146416843732,-0.05254467244073581,2.0792425495915414,0.9183889420332381,-3,bezier_386,synthetic_bezier_386,1,bezier
96372.35864327033,1.2126615917447638,3845,47.32206035379813,0.0,0.3511482918791327,1.2220052029641948,8.863053593895529,22.939022207243944,0.7714954151482286,0.48837722574828546,0.4003044321033166,0.04447334200260078,-0.01328987498424166,2.1788601829824157,0.933221085030472,-3,bezier_387,synthetic_bezier_387,1,bezier
112588.82503449169,0.8667515128821586,4985,36.115369181380416,0.0,0.38440852288244043,0.8319778120802219,10.536239636559731,19.478829716220677,0.8051900214897701,0.524157279468089,0.4627942212074006,0.039518555667001,-0.003045623284233484,2.327396637240229,0.9302066504279118,-3,bezier_388,synthetic_bezier_388,1,bezier
200737.38752006934,1.4850939568459478,8350,21.559947299077734,0.0,0.35140434061066167,1.3140360240996687,10.86223575883314,19.831843282542522,0.8105462910216992,0.49006857940846804,0.3991940324101861,0.03473053892215569,-0.01654164979232127,2.018417840088983,0.9241424480659619,-3,bezier_389,synthetic_bezier_389,1,bezier
99349.49208536113,0.9546045071478272,4225,42.58499053030303,0.0,0.3640138613648508,0.8958133500138946,8.462361978072899,20.22179509878474,0.7681047419200551,0.5075193107755003,0.46243554527492653,0.046627218934911244,0.07497670269098926,2.214014058979323,0.9329724237118602,-3,bezier_390,synthetic_bezier_390,1,bezier
173112.92037627738,1.6735969363453804,7155,25.16452334358401,0.0,0.36464777929172093,1.6326276805182276,15.670212364724213,20.897933892320584,0.800643049446059,0.5075810623917386,0.4427763391031757,0.0363382250174703,0.13704643480121492,2.0897480479036394,0.935304002726345,-3,bezier_391,synthetic_bezier_391,1,bezier
150836.82799465494,1.3911503428793615,6364,28.287285871444286,0.0,0.35488046682904284,1.2543305510387888,8.970695222838923,19.172865153923613,0.8151907708995029,0.4929899393757997,0.43903353565653486,0.040697674418604654,0.043911483548080006,1.9550731473899683,0.929726936678513,-3,bezier_392,synthetic_bezier_392,1,bezier
127680.02663709133,1.2245291123325206,4894,37.61904761904762,0.0,0.34759280570399115,1.1780216707817814,13.024766072755396,22.38081436286109,0.8036304227041059,0.4968533897259742,0.44929995363931385,0.042909685328974254,0.06985389663672521,2.217567775408673,0.9307848849005442,-3,bezier_393,synthetic_bezier_393,1,bezier
140013.76067210318,1.2424663769812765,5815,31.87512899896801,0.0,0.3499848169327022,1.1766045342889637,10.184713793805322,21.13551281366188,0.8001235560494018,0.4827708239219716,0.43292299546642843,0.03989681857265692,-0.07349401011676372,2.2124894514774844,0.9322063672362119,-3,bezier_394,synthetic_bezier_394,1,bezier
118056.2891058227,1.4843817058303221,5286,33.8480605487228,0.0,0.3708598145524051,1.3452430737142436,9.947082207584517,18.499155930415846,0.8040492139272669,0.5148498118266953,0.42212360321993253,0.03518728717366629,0.02157128188678581,2.1459826862916067,0.9282111478592074,-3,bezier_395,synthetic_bezier_395,1,bezier
96644.70853939021,1.143538216276094,4113,43.78501945525292,0.0,0.36547966094446327,1.0864009521385551,12.455545953510027,19.809412358165478,0.7676519266069763,0.5067750986971075,0.45071762061213905,0.04206175540967663,-0.08855198181272843,2.1696418740179197,0.9248610914603979,-3,bezier_396,synthetic_bezier_396,1,bezier
120168.74419941992,1.2917717044153452,5005,35.9998001598721,0.0,0.36609631244882274,1.275217250184873,15.170329228098145,21.31484548624578,0.7858092051822024,0.5023115905600708,0.3933741031444118,0.04555444555444556,-0.022967570730542685,2.7902834361355024,0.9265654499115414,-3,bezier_397,synthetic_bezier_397,1,bezier
171534.81169568724,1.5647250759595879,6995,25.736631398341437,0.0,0.35071226416067547,1.4813047146648457,19.264604849308483,20.378896423927777,0.8060554220846049,0.49419804605492773,0.38864027998557327,0.04088634739099357,-0.051797373254282346,2.620914040411077,0.9219221876499777,-3,bezier_398,synthetic_bezier_398,1,bezier
175610.1904133552,1.4721721470870466,7096,25.365891472868217,0.0,0.35137371672919154,1.3483539205907535,9.830817382812132,20.773633121074848,0.7969691437312978,0.48928211438739083,0.47069366534409635,0.04157271702367531,-0.08741124503953489,2.0779593851458156,0.9368955043676499,-3,bezier_399,synthetic_bezier_399,1,bezier
156354.90871492922,1.361099121039987,7120,25.284309594044107,0.0,0.3711488231564975,1.2394089550247238,9.034655499796326,18.23006299500198,0.8026626143029822,0.5049780989792203,0.5190801507027061,0.04199438202247191,0.018473760672928073,2.005031988847126,0.9347132061961722,-3,bezier_400,synthetic_bezier_400,1,bezier
163809.81451480504,1.494504906013739,6401,28.1240625,0.0,0.3420980047313487,1.414411374786891,11.791773334293149,21.90025952078568,0.7920838979695217,0.4836902698400513,0.4588223273194372,0.04124355569442275,0.1280128563071428,2.010262987476233,0.9360402683357625,-3,bezier_401,synthetic_bezier_401,1,bezier
133548.95456931082,1.2476186788981483,5555,32.465070219661506,0.0,0.37106367384702305,1.1901435135619887,8.092576593296313,20.74117965763624,0.8097137657432154,0.5189707055516575,0.4775069568449009,0.04410441044104411,-0.012284053699373505,1.9228464536848702,0.9413368274177434,-3,bezier_402,synthetic_bezier_402,1,bezier
122352.91423346568,1.0220673040433859,4799,37.514797832430176,0.0,0.36588448547884006,1.0088882961385282,8.636363636363637,22.856242012121466,0.8171811587872921,0.5184174978910182,0.510252279118174,0.04459262346322151,0.014351205422606584,2.1725360807094694,0.940909687117321,-3,bezier_403,synthetic_bezier_403,1,bezier
153830.81107467602,1.2441428983205192,6514,27.634423460770766,0.0,0.37440338331313544,1.2032335040958124,10.164693190368363,20.84328121322685,0.7958536026101924,0.5154743154130307,0.4426525767669806,0.04390543444887934,-0.09412216802700704,2.1826546176851083,0.9330017262419557,-3,bezier_404,synthetic_bezier_404,1,bezier
156549.40960836754,1.500621691011076,6574,27.383842994066637,0.0,0.37466600528591143,1.370386423533823,11.096670431915884,20.290484322424746,0.8156050062409481,0.5230422528546493,0.44991709519916256,0.057499239428049895,0.03773890732630781,2.1869463947389853,0.9339537560353963,-3,bezier_405,synthetic_bezier_405,1,bezier
187606.8014704497,1.450857668107069,7508,24.652857333155723,0.0,0.36382881488661184,1.3842620737412341,9.220297657282485,21.896940308708835,0.7731962689684811,0.5088811689079344,0.4044893447153473,0.0380927011188066,0.03450648615597618,2.058767668730176,0.930951735378091,-3,bezier_406,synthetic_bezier_406,1,bezier
139676.7209209952,1.2734605201451374,5763,31.23759111419646,0.0,0.36392747994787994,1.262037532072645,12.33296561319809,22.18480118014454,0.8035046470191847,0.4938533875355422,0.5497116349047142,0.04407426687489155,-0.05382132590289545,2.1480754170845384,0.9447711423453755,-3,bezier_407,synthetic_bezier_407,1,bezier
174521.72789510258,1.3808314085379585,6394,28.155326137963396,0.0,0.3418298797209761,1.3499998724656936,16.674164979925614,23.892565066976456,0.7792137905282274,0.4954626711675297,0.43896346748380843,0.04566781357522678,-0.017758844863778277,2.486988384294063,0.9333618966171162,-3,bezier_408,synthetic_bezier_408,1,bezier
128142.1551343094,1.0231987375663576,4901,36.63081632653061,0.0,0.337099310813734,0.9096316419432556,7.080684619057412,21.3158842680655,0.7772841619685128,0.484068785825367,0.4234475374732334,0.03978779840848806,0.030276913217921586,2.0682230603997622,0.9375257188543489,-3,bezier_409,synthetic_bezier_409,1,bezier
135147.69637025637,1.130611695706003,5978,30.115609837711226,0.0,0.36483388878084444,1.0860946153879987,8.794855369411035,19.851679310377648,0.7939061927836103,0.5050207894566701,0.41087757608844,0.03395784543325527,0.03443031663110934,2.0745273797175416,0.917271421220883,-3,bezier_410,synthetic_bezier_410,1,bezier
107727.04226640912,0.9554894237044049,4599,39.15724227925185,0.0,0.36242274795851526,0.8939751463051193,8.743356391668794,19.829629915799963,0.8101162213841584,0.4949188053186932,0.5125810754864529,0.045444661883018045,-0.019417883280213384,2.284436418665291,0.9415686200189993,-3,bezier_411,synthetic_bezier_411,1,bezier
133712.05521963164,1.4622436793355889,5312,33.88985125211825,0.0,0.3552244096542882,1.4362523673461756,10.393641218445909,22.00225310950016,0.8508550458293889,0.49977514416125407,0.4245311805271004,0.03765060240963856,-0.02010821616646078,2.0957873650764443,0.9272545181022306,-3,bezier_412,synthetic_bezier_412,1,bezier
170525.17273713945,1.5938924227743672,6507,27.67660620965263,0.0,0.33486100353661585,1.5484299065806444,18.045168305492574,22.846023639319224,0.7841266822476196,0.4736498168688989,0.38909206015665515,0.04210849854003381,0.0007834887426058032,2.266172406460693,0.924965601727997,-3,bezier_413,synthetic_bezier_413,1,bezier
165499.7481043478,1.6183395228363109,6580,27.35826113391093,0.0,0.3434064718112049,1.5366521359164929,10.536215369834022,21.792147074380118,0.8053216468509183,0.4836524220063377,0.47116627316770276,0.03297872340425532,0.009003332533474543,2.20890192520327,0.943350853819152,-3,bezier_414,synthetic_bezier_414,1,bezier
126606.4011942184,1.1498313990945639,5625,32.0049786628734,0.0,0.3572027087398576,1.0173694581230712,7.775049124532198,18.133175752385988,0.7920332713290184,0.5054861271834166,0.4312261826771363,0.039466666666666664,0.07881017170734325,2.0402114367586237,0.9275389754224829,-3,bezier_415,synthetic_bezier_415,1,bezier
132430.76233173168,1.5535474111769447,5465,32.94436310395315,0.0,0.34512715565212965,1.488078414926281,12.016994768464624,20.556377839940627,0.7712556817441685,0.48982805436813276,0.47092996827070815,0.03604757548032937,0.013533305176828738,1.9889940525241263,0.9430603617726909,-3,bezier_416,synthetic_bezier_416,1,bezier
116498.57868086948,1.1483402321079035,4822,37.338726405310105,0.0,0.348378475027069,1.0718440018287758,12.315578321287033,19.760774175351916,0.7659993334828532,0.492919859778431,0.4462792083684416,0.05868934052260473,0.06542174614395954,2.1842602467385195,0.9298000382787257,-3,bezier_417,synthetic_bezier_417,1,bezier
136546.86205519515,1.2922334404622249,5394,33.37715557203783,0.0,0.35643897689324994,1.221278212857735,9.428182486566538,22.049961357292872,0.7658040249562732,0.5025855092593731,0.4762378701169445,0.046903967371153134,0.07273212348312552,2.1513662042927955,0.9416713272971518,-3,bezier_418,synthetic_bezier_418,1,bezier
138772.52360724186,1.5066023429697373,5948,30.26702539095342,0.0,0.36171442725501307,1.477556945498884,11.825819210524063,20.257705949724805,0.771502034507233,0.5053359797198319,0.43712954941199683,0.0484196368527236,-0.03621511109087769,2.0667199186719616,0.9346100235319899,-3,bezier_419,synthetic_bezier_419,1,bezier
152664.62775693345,1.1916375034013365,6627,27.16450347117416,0.0,0.36493783925199735,1.1212198132098103,9.716386327503972,19.82144973841559,0.7880491427251892,0.5048872029083546,0.4194844224292855,0.03847894975101856,0.0007114239877096289,2.1269189528290324,0.918529676083883,-3,bezier_420,synthetic_bezier_420,1,bezier
75991.6013844714,0.8428863099733958,3406,52.87312775330396,0.0,0.3685421314656184,0.794989505697944,6.81797363906141,18.628014018088486,0.7884753494049437,0.5038034774642535,0.5283740459257572,0.058719906048150326,-0.18938703340365115,2.0584852225008894,0.9350738272776729,-3,bezier_421,synthetic_bezier_421,1,bezier
98324.9033740243,1.5025005755423329,4167,43.204032645223236,0.0,0.363958749165416,1.4520491076193247,11.562439189029277,20.348126999335264,0.7777208779764165,0.49689571453134973,0.43247282771154927,0.04151667866570674,0.04126047770634426,2.088543164963126,0.9343506923019955,-3,bezier_422,synthetic_bezier_422,1,bezier
101783.45616338929,0.7720938749302393,4380,41.16670472710665,0.0,0.3626876627296819,0.6864152003644892,5.946801194292983,19.084045260999414,0.8302122558504507,0.5041800132628265,0.5025705705705705,0.050684931506849315,0.09031598989065533,2.0762813190757123,0.9238680007116016,-3,bezier_423,synthetic_bezier_423,1,bezier
121544.41767306587,0.9431972453484522,5032,35.775193798449614,0.0,0.3646935031019304,0.8861846932375788,7.172266465351103,20.940577377577387,0.7862025284793102,0.5106697420300491,0.4836887459296323,0.042329093799682034,0.05758612562508014,2.010454856167923,0.9305009596158194,-3,bezier_424,synthetic_bezier_424,1,bezier
97875.24350575445,1.1601021827525226,3882,46.44060809069828,0.0,0.35639836287358456,1.1062974210047716,6.947404982161266,22.273384476611128,0.8297998484941941,0.4895943165786474,0.3934454776582036,0.03786707882534776,-0.10394455295556347,2.0924987190399444,0.9259954406633626,-3,bezier_425,synthetic_bezier_425,1,bezier
85721.82641363528,1.4863116359514394,3362,56.29306753942279,0.0,0.3485878109427628,1.417846423820956,8.371947573464583,21.83791440622846,0.7429647256679565,0.4942041176123737,0.4805223828479642,0.04937537180249851,-0.08391973900842413,1.969900773881284,0.9340571393052413,-3,bezier_426,synthetic_bezier_426,1,bezier
67928.91994500297,0.9311811181062314,2856,63.048336252189145,0.0,0.3645526494448861,0.9497549422274141,11.268748549752587,21.40011139363938,0.8438852147759145,0.5055106679416881,0.44054631705155606,0.049019607843137254,0.06440843872126993,2.342033601533459,0.9303707877651786,-3,bezier_427,synthetic_bezier_427,1,bezier
112976.90151565478,0.9393833127412026,4822,38.2592823065754,0.0,0.36769325966477023,0.9104911939248693,7.294118095436221,21.17641890969404,0.7692316020362497,0.4991924513044621,0.4201922185481628,0.03919535462463708,-0.004038026432459896,2.325996489167089,0.9220382338179992,-3,bezier_428,synthetic_bezier_428,1,bezier
158020.74929669438,1.4046238922760887,6761,26.646597633136096,0.0,0.3615066502659233,1.3050234194223376,10.023935850793759,20.1964173282478,0.7856791844756336,0.49857172104975767,0.4602532989534355,0.04954888330128679,0.028162760259635603,2.048341182002542,0.9309463621384264,-3,bezier_429,synthetic_bezier_429,1,bezier
173581.30287062124,1.3264109908371164,6780,26.551851305502286,0.0,0.34200596535733513,1.2241716160297662,9.253545221889485,21.743042378575783,0.7699445927581683,0.49282391477901094,0.4341581022822467,0.03436578171091446,0.040365863826025375,2.2601594355234305,0.9363516263747351,-3,bezier_430,synthetic_bezier_430,1,bezier
137020.3191583227,1.0757997093300222,6026,29.904896265560165,0.0,0.3721210220228359,1.0309267147231331,8.842441716528533,19.611816402279306,0.8109363512812928,0.5136685021475621,0.46575770191507077,0.058247593760371724,0.05020234078370287,1.9401729069017664,0.9353982979503241,-3,bezier_431,synthetic_bezier_431,1,bezier
144328.84884856662,1.2112823785330853,5966,30.18105616093881,0.0,0.36544929099677065,1.071507271177322,9.65739644637461,19.78657310750304,0.8251919665436825,0.5114895287639908,0.45750903930962017,0.05011733154542407,0.00030973277140954324,2.2271505332123356,0.9357296537203469,-3,bezier_432,synthetic_bezier_432,1,bezier
94571.86615533463,1.2173221173964168,3775,47.69475357710652,0.0,0.3528514433791482,1.1087512376779831,7.187311002479771,20.605865722258866,0.7475989717269501,0.5028791987459277,0.4084579427816255,0.051125827814569536,0.05230323627237912,1.9832837217531272,0.9313825106359539,-3,bezier_433,synthetic_bezier_433,1,bezier
153786.51542874167,1.5879548800426615,6143,29.30657766199935,0.0,0.34341449833285326,1.4379759612070162,11.52443057161611,20.25400700804861,0.8088746280998705,0.48545194885576354,0.40148894967259685,0.032231808562591564,0.057245422978350495,2.070485676425139,0.9286337339469434,-3,bezier_434,synthetic_bezier_434,1,bezier
169897.5580590197,1.587277226230921,7096,25.369133192389008,0.0,0.36274889017640904,1.5050056381635588,14.206072645175372,20.856680415970207,0.7663221773088557,0.49988031737425315,0.46367048542057643,0.04129086809470124,-0.0680498183305222,2.2277247977345245,0.9294672926208989,-3,bezier_435,synthetic_bezier_435,1,bezier
115160.74537370744,0.9518667453545301,4873,36.94601806239737,0.0,0.3748080059308732,0.9296431560487929,9.39183749701026,21.01972913049007,0.807363396844521,0.503855032597685,0.5099656430720642,0.04925097475887544,-0.16886361986719817,2.1547089588553447,0.9349062517425952,-3,bezier_436,synthetic_bezier_436,1,bezier
176725.87238282445,1.7215210592786965,7072,25.48069579974544,0.0,0.35922255877071485,1.651256155629563,15.83138190624004,21.284602529647845,0.7834592395005799,0.5017009883475477,0.4415857197757782,0.047652714932126694,-0.11255855935640503,2.058027508148053,0.9334921501801785,-3,bezier_437,synthetic_bezier_437,1,bezier
165322.92733443045,1.311009165099546,6554,27.531207080726386,0.0,0.35373584123629054,1.2329787421796046,9.57484652359573,21.20435326680375,0.7617602451152308,0.49371456017636395,0.4060925154533088,0.03478791577662496,0.010379100658659298,2.004400036763447,0.9292941817617348,-3,bezier_438,synthetic_bezier_438,1,bezier
152540.1152723878,1.4761854798097733,6209,29.423163659793815,0.0,0.3573571510569307,1.3499563928389546,9.396587571462614,20.632076889245106,0.7948865604302513,0.5065571947861552,0.41549758542698206,0.0307617973908842,0.05063111769604329,1.9740963838566155,0.9356433906193947,-3,bezier_439,synthetic_bezier_439,1,bezier
149340.9123524452,1.4347284322964502,6330,28.440827934902828,0.0,0.35268236287202387,1.278162891507855,10.44163673845139,19.42778740998314,0.8233778866767828,0.49173511226692634,0.3848313317524669,0.028751974723538704,0.14504470770678907,2.0971915978426656,0.9233422189884606,-3,bezier_440,synthetic_bezier_440,1,bezier
125806.82075865325,1.5048768031074091,5228,34.617562655442896,0.0,0.34777347885327464,1.4704940475248576,18.112495686679956,20.201775587294417,0.8277819771466209,0.48336901073572397,0.4687526562839414,0.04055087987758225,0.014325598127036156,2.6311464765187838,0.935087718403769,-3,bezier_441,synthetic_bezier_441,1,bezier
124226.7564429093,1.299212330346551,4908,36.685551253311594,0.0,0.345165514290581,1.2569435800779845,10.381233067415451,22.29508811263504,0.7764409113124177,0.49326932330185214,0.34464476029268204,0.030969845150774247,-0.05050690427934845,2.2099145197441055,0.9162450011912855,-3,bezier_442,synthetic_bezier_442,1,bezier
100981.00995132542,1.4416624574684502,4050,44.46085453198321,0.0,0.35435967752127234,1.40726581897258,9.942140305092956,21.863367167744727,0.8024613929035581,0.499977235595541,0.4181391784893306,0.04098765432098765,0.1042364265975867,2.0607028098909903,0.9279324856841851,-3,bezier_443,synthetic_bezier_443,1,bezier
115674.44993979295,1.0011296428851015,4646,38.750484391819164,0.0,0.34304433257412015,0.9351452523357903,12.42259987499883,20.684903268899383,0.7970137731042758,0.48614309787491955,0.5264288003418438,0.03077916487300904,0.12746096448428523,2.2241053561298227,0.9394982749211563,-3,bezier_444,synthetic_bezier_444,1,bezier
62343.508542160285,1.194895102216028,2466,73.08722109533468,0.0,0.3499788204917682,1.247802352577033,14.020074892809953,22.04504474676446,0.833447167552999,0.4974694710545111,0.5827300823463525,0.05190592051905921,-0.027915719346595366,3.0129338203844966,0.9438063371589428,-3,bezier_445,synthetic_bezier_445,1,bezier
131248.5472913765,1.1286674901418507,4987,36.104091456077015,0.0,0.3356091259818163,1.0692432331859025,8.837831546029047,22.285354308525438,0.7938600730877766,0.4904295289430863,0.4543618047852241,0.04792460397032284,0.05026774584866759,2.072600311107634,0.9299417597533772,-3,bezier_446,synthetic_bezier_446,1,bezier
191749.0211265772,1.6294918967451433,7895,22.802888269571827,0.0,0.34539002615676606,1.5533509094090026,15.73829334937624,20.663147339766983,0.82512221637023,0.4852633981314463,0.43571888708242584,0.04116529449018366,0.05423715645504704,2.0840221103574406,0.9295026903828092,-3,bezier_447,synthetic_bezier_447,1,bezier
202991.3025906427,1.5564904671515407,8380,21.48311254326292,0.0,0.3529255337968675,1.4019703477295538,9.902300518341965,20.068916474593514,0.8013667168021134,0.49720455285848303,0.45337508493102124,0.051073985680190934,-0.029755146375137646,2.005635469901138,0.9333225711539295,-3,bezier_448,synthetic_bezier_448,1,bezier
174260.3314435517,1.3039246065636534,6747,26.679958493922324,0.0,0.3481547097420463,1.2344189526612606,8.433412653225966,22.478060228576933,0.7824852162144913,0.49327081881429263,0.4645256030239578,0.04579813250333482,0.0004471875631190588,2.0560795300986237,0.937240373414649,-3,bezier_449,synthetic_bezier_449,1,bezier
114053.421065482,1.129112978708533,4987,36.099679101484156,0.0,0.36268760323482746,1.0902022785024317,11.800423721205947,19.336853007419172,0.8151985659907647,0.49595111918994195,0.530361011997801,0.04511730499298175,0.037773239003133244,2.269782000695806,0.9397707137323482,-3,bezier_450,synthetic_bezier_450,1,bezier
128917.2491215401,1.1531772146451682,5235,34.38746656476882,0.0,0.3685674498030736,1.1434016672610288,10.020486826995981,21.78234082790726,0.7842973573898065,0.513082692734743,0.4302859736722651,0.055587392550143264,-0.04603633612880129,2.03490233739963,0.9274451863404338,-3,bezier_451,synthetic_bezier_451,1,bezier
163188.6721289116,1.2041130612045412,6865,26.221299533799534,0.0,0.3681800242587413,1.1413338274437566,14.344532930702206,20.72462629426566,0.8108126027799448,0.5099143839563353,0.3993406068104491,0.03670793882010197,-0.0856120207227306,2.4739652724900827,0.9260626022680378,-3,bezier_452,synthetic_bezier_452,1,bezier
139193.54557197227,1.1995041642325657,5913,30.483254397834912,0.0,0.35910445994594437,1.0977943622075503,9.140956920673323,19.853612009883474,0.7988879554892991,0.5009463948360604,0.44828079265215487,0.032470826991374935,-0.13482617617313475,2.185781999352987,0.9328982399261483,-3,bezier_453,synthetic_bezier_453,1,bezier
157658.4581315678,1.2444857556999276,6617,27.755894800483677,0.0,0.3593623159847887,1.1918433185596964,13.693289336003463,20.74487653638625,0.7975533263127965,0.4989066321029811,0.41021430149495547,0.04035061205984585,0.009391168186088476,1.9178667320691893,0.9269394458569465,-3,bezier_454,synthetic_bezier_454,1,bezier
137769.37533418636,1.2652937732418579,5833,30.861796982167352,0.0,0.36687571744646724,1.165509194072795,9.394147114027968,19.935744836305208,0.7793473418400794,0.513146083713578,0.45242151583381135,0.03908794788273615,-0.07503685310272833,2.1251129866887806,0.9301149024954214,-3,bezier_455,synthetic_bezier_455,1,bezier
118242.50966053942,1.1523169768807466,4672,38.53521729822308,0.0,0.3476216889674599,1.1074635662492847,8.97087300656965,21.713864117119183,0.8049467536057024,0.49392683414042116,0.3798961367468956,0.034674657534246575,-0.014854432720614048,2.1586994735302723,0.9218934186910064,-3,bezier_456,synthetic_bezier_456,1,bezier
169735.9999208792,1.4430808124293193,6849,26.283732476635514,0.0,0.3447838468584861,1.3408475394453048,9.364901968995131,20.984282019918698,0.81610739026887,0.4821057130788065,0.441825053329035,0.031245437290115346,0.06235072156207491,1.9528583905264305,0.9380299380564723,-3,bezier_457,synthetic_bezier_457,1,bezier
114582.21387685963,1.1768999980517343,4671,38.97730192719486,0.0,0.34920230221144294,1.1095667728908576,8.589758472581401,20.894526236500614,0.7703827401294351,0.5024492665552942,0.4559136436763714,0.055876685934489405,0.08767217811741955,2.0883095543011607,0.9353622649335326,-3,bezier_458,synthetic_bezier_458,1,bezier
117244.78719541682,1.1200582966598314,5174,34.79354339841485,0.0,0.35675998156576366,1.05960759432163,8.985378357167454,19.180353696188213,0.792046698039421,0.49285591601424084,0.5092218532540874,0.047158871279474296,-0.07012958027147578,2.044480799180826,0.9379261622465302,-3,bezier_459,synthetic_bezier_459,1,bezier
175926.42765406583,1.5435865411968526,7242,24.857616351332688,0.0,0.3567805780532937,1.48617397077971,11.559027256266468,20.7860838096501,0.7791497795909079,0.4997806685464785,0.4586741545598828,0.04460093896713615,0.018463608119476914,2.232562423964803,0.9305413322594398,-3,bezier_460,synthetic_bezier_460,1,bezier
108686.73382048518,1.0880605586814793,4761,37.81512605042017,0.0,0.3715964448944768,1.050954617471589,9.559430738772196,19.74298892180255,0.7684482958044593,0.5043228020904454,0.3970413950732244,0.04452846040747742,-0.001856303096180071,2.152965028412138,0.9092039000611142,-3,bezier_461,synthetic_bezier_461,1,bezier
162540.91337896508,1.5326749640074013,6848,26.302760332992552,0.0,0.3633722292476297,1.4264080952765301,12.232768492863748,20.04752742452649,0.8250747023868167,0.5042134477293045,0.4044195539485021,0.039281542056074766,-0.08558201381934208,2.25690160616815,0.9270606016084235,-3,bezier_462,synthetic_bezier_462,1,bezier
119785.9451290683,1.2440255987257594,5257,34.238013698630134,0.0,0.36474147718406563,1.1481857277475118,11.89621788637044,18.206322600736623,0.7934567046844652,0.4979437280295634,0.4552447552447552,0.045653414494959105,0.12436333822462593,2.193686108423801,0.9308083958306759,-3,bezier_463,synthetic_bezier_463,1,bezier
109945.19293447782,0.9426481851733378,4456,40.38361391694725,0.0,0.3541597406554477,0.8883753410035513,8.135143241243854,20.70865472658842,0.744367277488259,0.5057952710377596,0.5376690056477836,0.048025134649910234,-0.006405703260099845,2.216722055298242,0.9433119325963579,-3,bezier_464,synthetic_bezier_464,1,bezier
160124.41633465065,1.032334238800328,6583,27.347462777271346,0.0,0.34859861653658697,0.9187581832802523,9.032813292453872,19.887971471595133,0.7905841719957463,0.4938520857755183,0.3970612514446095,0.03721707428224214,-0.035136185244147744,2.1392880492615576,0.9239425886856236,-3,bezier_465,synthetic_bezier_465,1,bezier
104407.42036401347,1.194756671429555,4470,40.28574625195793,0.0,0.3707779556481092,1.1732410170762706,13.00759512224291,20.54457586961524,0.8062958984575169,0.5118709146743419,0.45901339968498184,0.04541387024608501,-0.06865884948099188,2.1609344174081975,0.9323849252208114,-3,bezier_466,synthetic_bezier_466,1,bezier
159458.20515437837,1.4455296704671832,6416,28.059703819173812,0.0,0.3424500670861602,1.2934408915064501,11.83893972563255,20.278098857515097,0.7991851318688733,0.47850797566378633,0.4431084804420316,0.03787406483790524,-0.036218955215656996,2.0786298257613907,0.932773482759075,-3,bezier_467,synthetic_bezier_467,1,bezier
211756.98071314482,1.5530440498683409,8922,20.192467212195943,0.0,0.35625926624846843,1.4411371114052374,28.224546054808393,19.966904998602956,0.7908055732308684,0.49104327512327556,0.437810307646872,0.04225509975341852,-0.10429825306982693,3.286905380950781,0.9312834376903153,-3,bezier_468,synthetic_bezier_468,1,bezier
151358.37434180084,1.2099471246293179,6324,29.096315040328957,0.0,0.3525894532667414,1.1093456275257085,9.101749103040243,20.17307878289462,0.7791787752098566,0.5050584977910271,0.4025813864419763,0.05297280202403542,-0.04343822082137155,2.0497986997590862,0.9212700693744267,-3,bezier_469,synthetic_bezier_469,1,bezier
185219.17915403564,1.5551736071873536,7636,23.574983628028814,0.0,0.35946423248228976,1.5015830056812425,11.277300864697164,21.268038539082895,0.8088864754876127,0.5001613384329252,0.49980606267791283,0.043347302252488215,0.012585043354668589,2.094996101520833,0.9370412588304778,-3,bezier_470,synthetic_bezier_470,1,bezier
117369.92304939167,0.9927451355267146,4740,37.987339101076174,0.0,0.3523123137617772,0.9288796548444372,7.09906291103805,20.895765134589162,0.7817055480397315,0.48979054012669304,0.48222059082026203,0.04451476793248945,0.051430669112565296,2.1085757373171843,0.9356180774589324,-3,bezier_471,synthetic_bezier_471,1,bezier
103227.32809359784,0.9474374023697996,4323,42.68880148079593,0.0,0.36289909791777225,0.8774250743502506,6.324555320336758,20.41140350067118,0.7958935788911703,0.5079468240364485,0.5030062760504,0.04140643071940782,0.10749896585428377,2.102386143808617,0.9419570478413124,-3,bezier_472,synthetic_bezier_472,1,bezier
78688.52375619572,1.0769626527784313,3465,51.96795612009238,0.0,0.3716394970168921,1.074500230546609,8.576189154173505,19.71281222624873,0.7899583527042817,0.5021986911239977,0.4249358877658772,0.04040404040404041,0.08287556034702812,2.3006754004239136,0.9252480930788791,-3,bezier_473,synthetic_bezier_473,1,bezier
100283.63220163345,0.998736164384804,3872,46.49754585378455,0.0,0.35672135881235834,0.9666193810177508,8.083762875185183,22.415838761394898,0.8272598608702335,0.5204763851714101,0.4432163059009695,0.046229338842975205,0.10826570721532078,2.071625686185446,0.933464793818744,-3,bezier_474,synthetic_bezier_474,1,bezier
205097.47290099825,1.6430688791003571,8042,22.385026737967916,0.0,0.3498458640054961,1.5471146644871465,14.0356688476182,21.693649671590794,0.8003410763929303,0.5014139856314563,0.4603438000303834,0.04911713504103457,-0.06883521781297067,2.087404221288456,0.9342432074631133,-3,bezier_475,synthetic_bezier_475,1,bezier
76779.65687826314,0.7344849629397543,6865,26.223047785547784,0.05491624180626366,0.16205701521820987,1.0763688241612412,12.160015052834554,14.915531729082607,0.6979685413284927,0.3839227995985459,0.17312631323907113,0.04748725418790969,0.06351070435213162,2.230094179498659,0.9738589921275933,-4,vae_0,synthetic_vae_0,1,vae
85675.82379344621,0.7430651404733742,7376,24.4024406779661,0.04636659436008677,0.1531604968347337,1.0290123530339181,13.870214573910694,14.795434048153382,0.7088518033451858,0.37228816569894524,0.1940270299405836,0.039723427331887204,0.19216953936524295,2.2558578792871997,0.9734170629530002,-4,vae_1,synthetic_vae_1,1,vae
70202.19610822688,0.7287218413142332,6277,28.67989165073295,0.06531782698741437,0.15166534630624587,1.0829969620080464,11.79305031234218,15.30578124549726,0.7201919406000277,0.37044591393017673,0.16268491278769592,0.04205830810896925,0.1013085040261695,2.2952248657592587,0.9724293376761023,-4,vae_2,synthetic_vae_2,1,vae
69781.98478789418,0.6686175200190809,6775,26.322409211691763,0.06051660516605166,0.15395566954316015,0.88015531618233,11.732101893895635,12.519138653281734,0.7023552825109929,0.3944313378515874,0.15687218000486433,0.04649446494464945,0.050346871072173706,2.024779798489431,0.9751867344927023,-4,vae_3,synthetic_vae_3,1,vae
80986.98551162519,0.8125070033176156,6381,28.212852664576804,0.04842501175364363,0.1655066936422732,1.2036589700665838,11.79305031234218,17.445424876269758,0.7021909816904688,0.3767018705233736,0.18119209641342632,0.048111581256856294,0.1447380027634621,2.2201771410596556,0.9694944328044828,-4,vae_4,synthetic_vae_4,1,vae
84503.2351467264,0.7544255160544836,7243,24.855012427506214,0.07248377744028717,0.17678078545183964,1.0741507100448286,15.20381723259175,14.939850071791765,0.7176226220150114,0.4125839901533815,0.17394099717697084,0.052602512770951265,0.08423499930814822,2.755605559934636,0.9730033612210469,-4,vae_5,synthetic_vae_5,1,vae
85793.58379555814,0.7806427336416222,7031,25.60199146514936,0.042668183757644716,0.17862819953533068,1.1233737082046247,15.20381723259175,16.18035787754218,0.7048632254778234,0.3971329122918983,0.2095443205810843,0.053050775138671596,0.10558523914469758,2.78895341891471,0.9716649922566511,-4,vae_6,synthetic_vae_6,1,vae
89787.85275052756,0.7295088027112551,8015,22.46031944097829,0.06400499064254522,0.1633538163574727,1.0544069053866387,13.870214573910694,14.899308848084976,0.7259437605385284,0.3995493877340523,0.1566957863335238,0.04940736119775421,-0.08205963183104824,2.146276345654656,0.9755423822820761,-4,vae_7,synthetic_vae_7,1,vae
74272.17660998399,0.7407330947951651,6575,27.371463340432005,0.052927756653992394,0.17133569115328418,1.0959302244218938,15.20381723259175,14.820688908793826,0.7063806484159065,0.40234013068659624,0.18076407587281715,0.05201520912547528,0.07067276628138347,3.3944209100316884,0.97427440998535,-4,vae_8,synthetic_vae_8,1,vae
81746.21121062923,0.6807697041119332,7815,23.034553365753776,0.053742802303262956,0.1597609144600837,1.0048230795479585,15.20381723259175,13.946859620989173,0.7266144829639599,0.38734911870442384,0.18199919047455335,0.044785668586052464,0.03318924903863226,2.9423005827911624,0.9748952705100793,-4,vae_9,synthetic_vae_9,1,vae
90637.95127825392,0.7815939525977904,7535,23.89155826917972,0.0418049104180491,0.16789368118752696,1.0408063139901067,15.20381723259175,14.606888105867098,0.7296535253647004,0.3964412696801198,0.20328361620091978,0.048706038487060385,0.09078387884958532,2.6736436795022573,0.9731205482039647,-4,vae_10,synthetic_vae_10,1,vae
92061.91046063855,0.87457925693903,6798,26.151978814182726,0.04457193292144748,0.16840374132451286,1.284722499112833,15.20381723259175,18.20345393105157,0.7346510858429652,0.41991776829300526,0.14976033382686604,0.048984995586937335,0.0036863377714368853,2.6861533022765847,0.9694428621395038,-4,vae_11,synthetic_vae_11,1,vae
72502.84888382276,0.7135153994329378,6565,27.421084704448507,0.048895658796648894,0.1586912917794287,1.053748280941136,13.870214573910694,15.051871280384937,0.6888180374835822,0.38141431521025815,0.17882654971190037,0.04859101294744859,0.06545875039528251,2.1799655126689217,0.9711138500529388,-4,vae_12,synthetic_vae_12,1,vae
89171.505518413,0.7293044953773131,7935,22.68603478699269,0.053938248267170766,0.16656720336901015,1.0309189821540925,15.20381723259175,14.582118447103616,0.7448704756090122,0.4023049867855397,0.18249321406426916,0.04625078764965344,0.07509755735399282,2.76588177979905,0.9749310749488771,-4,vae_13,synthetic_vae_13,1,vae
74007.66684511138,0.7571371343772524,6290,28.621879472094133,0.05325914149443561,0.1722095839417112,1.030504926769289,11.066097657508621,14.962207240766412,0.753538508268606,0.40601613168774103,0.18718267700590105,0.05087440381558029,0.09456259213253375,2.030171758993044,0.9754311618456892,-4,vae_14,synthetic_vae_14,1,vae
72261.56772797788,0.7174799360678912,6540,27.52745068053219,0.05107033639143731,0.15787520584744288,0.974010549409243,13.870214573910694,13.984468733074536,0.6947067839826249,0.38045255198050704,0.18502117280019645,0.04724770642201835,0.15763876108421285,2.0685130881130234,0.9721481015771074,-4,vae_15,synthetic_vae_15,1,vae
83623.54139496299,0.6756642349298719,7989,21.76289434151227,0.06158467893353361,0.17346837787452168,0.9722873278136842,10.22944256825957,14.097791215585913,0.705854410762101,0.39820382990202935,0.20938081654299603,0.04944298410314182,0.14442535593046948,2.307791943924407,0.9706457182564121,-4,vae_16,synthetic_vae_16,1,vae
78902.575676353,0.7214331437601216,7138,25.219840269020597,0.05982067806108154,0.16933018739610212,1.052551154670507,12.160015052834554,14.922007151226401,0.7229070845329941,0.4133378717173474,0.16813645876900774,0.04959372373213786,0.15201365072265907,2.2135204192068842,0.974303180566242,-4,vae_17,synthetic_vae_17,1,vae
72119.01720681113,0.684538891715912,6783,26.540253612503687,0.05292643373138729,0.1555892031169704,1.001209101306807,15.20381723259175,13.91434980269546,0.739728819068265,0.39261340437952313,0.1663369266241531,0.04467049977885891,0.07277166500470285,2.968650875417463,0.974273658163852,-4,vae_18,synthetic_vae_18,1,vae
77353.28960142206,0.7826449371859361,6366,28.27886881382561,0.05262331134150173,0.15921260509203597,1.1659509643942336,15.20381723259175,16.119303221782218,0.7216776991017115,0.39012440706076496,0.14907438143431637,0.04759660697455231,0.0562993470222504,3.2806138014901935,0.9692913612174837,-4,vae_19,synthetic_vae_19,1,vae
77374.6304153635,0.7668700048217764,6506,26.88501152959262,0.04518905625576391,0.16623155883800445,1.0579207339568661,11.79305031234218,15.199458618346785,0.7125177207785437,0.3826416101166468,0.19440020070028444,0.05149093144789425,0.12382555036333875,1.9905560836450442,0.9741116839970256,-4,vae_20,synthetic_vae_20,1,vae
90092.33862975956,0.7023824190326663,8373,21.49988055422838,0.05661053385883196,0.17267301204022462,0.9965973908431914,13.870214573910694,14.048908791867916,0.7031787022472502,0.3940748513847828,0.2090890931648739,0.05195270512361161,0.16151465654152908,2.2370753624817277,0.9728185132089402,-4,vae_21,synthetic_vae_21,1,vae
77388.25554386766,0.6923760723529555,7183,25.063074352548036,0.04552415425309759,0.16440284729320803,0.975883809823125,13.870214573910694,14.023080121228542,0.7196845808887136,0.3825123016139904,0.20571556618107262,0.0481692885980788,0.17630966810521642,2.1304106559917058,0.9737821400506654,-4,vae_22,synthetic_vae_22,1,vae
83412.10958355281,0.7320828888368011,7405,24.288492706645055,0.05523295070898042,0.1659341413086342,0.9973006191214695,15.20381723259175,13.994122738408272,0.7305657360370468,0.3981063671571908,0.17523271122488088,0.04645509790681972,0.1911617391593606,2.7540622188918467,0.9714297089681599,-4,vae_23,synthetic_vae_23,1,vae
72280.84160749291,0.6287017645549204,7461,24.123458445040214,0.0632622972791851,0.1866964708510619,0.9207933994880068,11.732101893895635,13.222956763462197,0.6777442075814206,0.4279932584352699,0.19763738783627904,0.06084975204396194,-0.05667538660816107,2.282732161094216,0.9699334210373987,-4,vae_24,synthetic_vae_24,1,vae
78041.09311243019,0.694385766871524,7324,24.578451454322,0.04874385581649372,0.1811705850403631,0.9647007256376556,13.870214573910694,13.695290248668904,0.6838996700876494,0.3931697909270115,0.25704919345477273,0.057755324959038776,-0.02480275107056387,2.0543016732358743,0.9749510908987397,-4,vae_25,synthetic_vae_25,1,vae
88119.78736016878,0.7296885030220966,7805,23.013710917478218,0.0649583600256246,0.16322223390346063,0.9970195203697414,15.20381723259175,14.167343422105294,0.7345080227247824,0.40067230145990446,0.17255444848654963,0.046508648302370274,0.07200318013428657,2.7912862537107515,0.9727818130434063,-4,vae_26,synthetic_vae_26,1,vae
83553.76232775633,0.7548047863046008,7154,25.16412693974556,0.04948280682135868,0.16547778879501254,1.0718954428016754,13.870214573910694,15.260261978025001,0.728486104851749,0.40532096518609273,0.1690142842164015,0.04906346100083869,0.09522429513073515,2.1736136167149263,0.9711241570673473,-4,vae_27,synthetic_vae_27,1,vae
71515.41588724015,0.7269753667099655,6405,28.09946908182386,0.04449648711943794,0.15501029593998222,1.0348735079648665,15.20381723259175,14.3603712626795,0.7268451120974725,0.3923470178496067,0.181374821685564,0.04652615144418423,0.06092234241760678,2.966991354304325,0.9762201031457938,-4,vae_28,synthetic_vae_28,1,vae
86040.12412040161,0.7354020788127833,7593,23.70877239199157,0.054655603845647306,0.1598966211541836,1.1028706670117725,15.20381723259175,15.676269305740723,0.7834904376367712,0.378838102282769,0.15593603209277998,0.047543790333201635,0.05956596553218845,2.832579415912399,0.9716980536945758,-4,vae_29,synthetic_vae_29,1,vae
85415.75229196649,0.6993067929381599,7860,22.903804555286932,0.052290076335877865,0.1590608044793992,0.9742514471637091,11.066097657508621,14.166404974102884,0.7103549524104661,0.40197222112255504,0.16573569773361277,0.045674300254452925,0.05820317981124721,2.3252224591208384,0.9749188535938953,-4,vae_30,synthetic_vae_30,1,vae
70733.51124623117,0.752990360543548,6105,29.488204456094365,0.041113841113841115,0.16591227959841648,1.0684625322725423,13.870214573910694,15.14778745725206,0.7460018016733326,0.3996579637290512,0.18518146761564452,0.04799344799344799,0.06388733780608358,2.092967505600174,0.9733848256731126,-4,vae_31,synthetic_vae_31,1,vae
84070.79133965101,0.7178085477166893,7585,23.734572784810126,0.053526697429136454,0.16855521073105845,1.0616612568113504,15.20381723259175,15.053992184004489,0.7313918732977388,0.4036268573524697,0.1538875494061035,0.04878048780487805,0.06253841640877969,2.7926125373108492,0.9742603418944993,-4,vae_32,synthetic_vae_32,1,vae
69706.30975184921,0.726019225851985,6186,28.06693613581245,0.05221467830585192,0.1736915737255957,1.0314695041653872,15.20381723259175,14.818096525190665,0.732666742925253,0.4118288116720412,0.1707946802815075,0.053831231813773035,0.01117480925262482,2.886199640241258,0.9757127470767509,-4,vae_33,synthetic_vae_33,1,vae
82912.92810299185,0.7099159433474141,7612,23.6494547365655,0.047293746715712036,0.16938039048962586,0.9538223001190446,11.732101893895635,13.457535690233307,0.7052753265270318,0.38944505060287377,0.2020183755579622,0.04939569101418812,0.06423929871749008,2.1159610802876836,0.9756341567094493,-4,vae_34,synthetic_vae_34,1,vae
72456.58836423677,0.6946968234106021,6784,26.170868347338935,0.0546875,0.17818507200457748,1.0212777639261912,15.20381723259175,14.236719684942694,0.6853507605198936,0.41387523332863013,0.1987270467575426,0.054245283018867926,0.0642843436148301,2.9365697154183317,0.9707828399033711,-4,vae_35,synthetic_vae_35,1,vae
73336.17539182983,0.7110012376728525,6606,26.63224829674489,0.055252800484408116,0.1504481156373752,0.968936203579382,10.22944256825957,13.94962185325879,0.7401219812965526,0.3611475614251441,0.18410003320418178,0.040115046927036026,0.1856516145269845,2.2038624413305077,0.9724387551131328,-4,vae_36,synthetic_vae_36,1,vae
79765.79071355647,0.7582792737415286,6800,26.4735990586851,0.052647058823529415,0.16048879643280953,1.0272977102710432,15.20381723259175,14.70291916456791,0.7125414270795517,0.39098498299200574,0.1842521875947267,0.04485294117647059,0.20044396591919283,2.818537632425174,0.9751833619210352,-4,vae_37,synthetic_vae_37,1,vae
78382.4299883072,0.7352349342422068,6874,26.170958824385277,0.054116962467267965,0.1633458762505697,0.9943521465614519,11.79305031234218,14.343864593534372,0.7184808255584012,0.3900994454136073,0.17771326192444137,0.046115798661623505,0.10392098345165393,2.133403518610186,0.9722674750413833,-4,vae_38,synthetic_vae_38,1,vae
81535.74931913233,0.6880360132890495,7718,23.323830504081897,0.05998963462036797,0.1755802315409249,1.009362268693724,15.20381723259175,14.340259786689458,0.7146204908388748,0.4019097768520779,0.1888329363500061,0.05260430163254729,0.22734105589138962,2.97117034199752,0.9724955949354439,-4,vae_39,synthetic_vae_39,1,vae
79611.453117675,0.6872336160763629,7553,23.834745762711865,0.06434529326095591,0.15983050779721195,1.0125682487852383,15.20381723259175,14.085577280728012,0.7449763850274317,0.3890534200984145,0.1704942956820708,0.047265987025023166,0.10316334748821752,2.8875053172877143,0.9734484392626817,-4,vae_40,synthetic_vae_40,1,vae
79659.63275987771,0.733663450878528,6954,25.113476197324896,0.0632729364394593,0.1676156735562686,1.0166057166988487,15.20381723259175,14.518917872585037,0.7217609538866626,0.4018048116747579,0.169873834736488,0.045585274662064995,0.12195704302929282,2.885744716492385,0.971919713707069,-4,vae_41,synthetic_vae_41,1,vae
82618.17660142163,0.7295540127107427,7366,24.43856076035302,0.05837632364919902,0.16923483932214817,1.0927432368068242,15.20381723259175,14.895271193680689,0.7110710662271343,0.408689724872305,0.164316520249045,0.052810209068694,0.07795954188457915,3.292754460519964,0.9710605404978498,-4,vae_42,synthetic_vae_42,1,vae
85131.74494695732,0.7078013461974688,7822,23.015215445595192,0.0548453081053439,0.17286366110614798,1.0225056005116475,13.870214573910694,14.215574185915436,0.7214596135831701,0.3927354471554996,0.2114972353435713,0.05024290462797239,0.026864529307556263,2.1893944119866933,0.9729121171806425,-4,vae_43,synthetic_vae_43,1,vae
81184.71402794692,0.6891929529635817,7634,23.58207781999214,0.050825255436206446,0.1756080022787427,1.0462741321161133,12.160015052834554,15.096605275649896,0.7145435056105497,0.40570240574844885,0.18158481595937634,0.05030128373067854,0.19398793720372648,2.156491953590056,0.9701585292217396,-4,vae_44,synthetic_vae_44,1,vae
81320.06716017993,0.7407376757911385,7115,25.301518133258362,0.05692199578355587,0.18526437733907464,1.0356537703776567,15.20381723259175,14.489624583284643,0.7069239360522389,0.4142714454583348,0.20614701058243748,0.059030217849613494,0.050164977957876396,2.7834976841307477,0.9739421574199703,-4,vae_45,synthetic_vae_45,1,vae
91825.61530852976,0.7813875279047615,7610,23.656196609278485,0.040473061760841,0.17266414730943763,1.0963380616987628,15.20381723259175,15.57353612459469,0.7092017339614611,0.41359218552649,0.1807195805481079,0.052562417871222074,0.0703029312606073,2.696288578084475,0.9721423853942254,-4,vae_46,synthetic_vae_46,1,vae
83401.80718288929,0.7853462080399126,6989,25.75615340583858,0.041636857919587926,0.1666311241147403,1.167096858283966,13.870214573910694,16.214844003368967,0.726462504320036,0.38419846818393766,0.20305771864322372,0.05079410502217771,-0.06822159920838941,2.2169466530468447,0.9730465055853367,-4,vae_47,synthetic_vae_47,1,vae
86729.25261770189,0.7433545149567836,7580,23.740599023617893,0.05448548812664908,0.17798951627085602,1.1231241631137092,13.870214573910694,15.815185989411063,0.7437803015583325,0.40126264783495164,0.19545224025366964,0.05343007915567282,0.024733979629164397,2.2953471533969156,0.9749988003166616,-4,vae_48,synthetic_vae_48,1,vae
71900.26856554869,0.6867446097694466,6746,26.68628613787991,0.06640972428105545,0.17630646573350814,0.9312826992404118,11.732101893895635,13.521265081890444,0.7048015230367417,0.40899421497260424,0.1814827476270087,0.051289653127779423,0.06443047598767689,2.2144451475355917,0.9730357867032751,-4,vae_49,synthetic_vae_49,1,vae
85785.082453684,0.7192077326836201,7657,23.510971786833856,0.042444821731748725,0.16337473737008437,1.043603881257929,13.870214573910694,14.804651622331104,0.7374423161830276,0.3965130095255664,0.17905895870627028,0.04636280527621784,-0.0587586533291116,2.10734223375967,0.9734834059655861,-4,vae_50,synthetic_vae_50,1,vae
84998.58897772155,0.848186057521114,6504,27.67814854682454,0.03582410824108241,0.16746472196052803,1.0967105998211375,12.160015052834554,15.558214620178193,0.724006877395594,0.399126194079796,0.2067181350250277,0.04627921279212792,0.04563432500786701,1.974871582476467,0.974722588489356,-4,vae_51,synthetic_vae_51,1,vae
74808.33807798523,0.6997103226433857,6964,25.850351859830532,0.04796094198736359,0.1473757993760231,1.0004988958525856,11.732101893895635,14.06313917016417,0.7462327928655024,0.370301337852648,0.16031431279784336,0.04221711659965537,0.13566074386026505,2.152776628822607,0.972629017406596,-4,vae_52,synthetic_vae_52,1,vae
80806.16066498918,0.7033530051902658,7399,24.330900243309003,0.044870928503851874,0.1600830004751716,0.9550985920611474,12.160015052834554,13.710028982519233,0.7364803845578344,0.3751161944867168,0.196138529663691,0.045006081902959856,0.09813075898601673,2.131045403864098,0.9748825352821435,-4,vae_53,synthetic_vae_53,1,vae
82809.7280502524,0.691302869518582,7789,23.11286594761171,0.055334446013608936,0.16956485504939878,1.0463893006170129,15.20381723259175,14.761239092791817,0.7022359734568239,0.40227085819785846,0.19465049472852755,0.04763127487482347,-0.04866293398604195,3.0065537053373306,0.9728292810679846,-4,vae_54,synthetic_vae_54,1,vae
86898.60841280154,0.7758654955475673,7192,25.03017660965095,0.051028921023359285,0.16800172208150313,1.106883668091277,11.79305031234218,16.00164630632706,0.7249883285809785,0.38864393543881304,0.17057020537414838,0.04755283648498331,0.17422052910453115,2.15169457701075,0.9706072065491744,-4,vae_55,synthetic_vae_55,1,vae
75606.95434641007,0.6910588833966509,7045,25.552952867688813,0.057345635202271115,0.1654557736983334,0.8736753766124512,8.966814877126183,12.800872553675767,0.7010963979705093,0.3889312063698914,0.22432063586427184,0.045564229950319377,0.08168895784628374,2.0911060170083955,0.9751300144636742,-4,vae_56,synthetic_vae_56,1,vae
69508.2589962711,0.663832240004034,6773,26.58018310691081,0.05536689797726266,0.17020034793622071,0.8537585179856632,8.58852285074934,12.44921060067759,0.7048790115151301,0.4010682142826624,0.18362341794566048,0.049756385648900045,0.1427926854065704,2.0577377742907332,0.9733456468098798,-4,vae_57,synthetic_vae_57,1,vae
75067.88377804297,0.7786173339588085,6210,28.988564986310195,0.0536231884057971,0.17089868421032864,1.018410063643284,10.22944256825957,14.83692802424082,0.715759482678109,0.41231963793897886,0.17977616728702756,0.049758454106280194,0.04672306719215552,1.99714044730135,0.96993581571356,-4,vae_58,synthetic_vae_58,1,vae
86621.49174442561,0.747020810932561,7503,23.99333511063716,0.06224176995868319,0.18049651716740667,1.0916690772412807,13.870214573910694,15.586875208376943,0.7273668127671252,0.41715709003148255,0.16836188307687988,0.056377449020391844,0.13052402097086327,2.1496202832162443,0.9709097337763576,-4,vae_59,synthetic_vae_59,1,vae
77472.6745315388,0.6409064638790319,7846,22.94263862332696,0.0437165434616365,0.1664972001285478,0.9285353532395539,12.160015052834554,13.161089502864844,0.7201645007473169,0.39330327053768743,0.19197940666764066,0.049961763956156,0.10404894330063522,2.11105205402252,0.9726692192340893,-4,vae_60,synthetic_vae_60,1,vae
76306.54009159999,0.6866534784640239,7176,25.087526132404182,0.06842251950947603,0.16755622582706375,0.9055854807741452,11.732101893895635,13.254433258708342,0.7174975380832338,0.40046650917825,0.17560247583724936,0.04738015607580825,0.023884606508128816,2.042477706418556,0.9719276270720827,-4,vae_61,synthetic_vae_61,1,vae
78461.61409526678,0.7143203623172113,7144,25.198656026879462,0.04591265397536394,0.1722840021183194,0.9992539824569274,11.732101893895635,14.179344076481181,0.6802389055094255,0.41380886258648,0.187155241756315,0.04801231802911534,0.11073737469225978,2.02219772904213,0.9702878696289381,-4,vae_62,synthetic_vae_62,1,vae
89682.14809415228,0.7790014214788258,7452,24.157965373775333,0.05394524959742351,0.17941128219945188,1.0706227740362182,11.79305031234218,15.46367398829134,0.7106948258942103,0.4049845401403435,0.19046456519980018,0.05381105743424584,0.15175270178220587,2.057347691828355,0.9724258136997009,-4,vae_63,synthetic_vae_63,1,vae
74082.38306216482,0.6884959731847341,6968,25.834649059853596,0.06113662456946039,0.16377981278123,0.9518477679676596,15.20381723259175,13.362945651119949,0.710405415321285,0.38689546465574787,0.1968387614624381,0.04778989667049369,0.10755211463712337,2.8874294662496496,0.9734344638190664,-4,vae_64,synthetic_vae_64,1,vae
71198.17703560238,0.6370630369739497,7229,24.144438295517432,0.06985751832895283,0.1747227338001224,0.8907552976803954,15.20381723259175,12.690098646711862,0.7293878210769578,0.4105305552417744,0.18285891073470428,0.05394937059067644,0.17099000236604317,3.1035748953846287,0.9725660145297299,-4,vae_65,synthetic_vae_65,1,vae
82052.94065906559,0.7189003992667169,7454,24.150006708707902,0.07982291387174671,0.18178134375771585,1.0789053763727172,13.870214573910694,15.13812745112966,0.7134086649796444,0.4049150828616617,0.19074967502787635,0.05406493158035954,0.03132430520842615,2.118394265391618,0.9727342628989974,-4,vae_66,synthetic_vae_66,1,vae
68364.03380432354,0.6759943424336492,6436,27.972338772338773,0.05655686761963953,0.16922087188666166,0.9583700557155518,13.870214573910694,14.154036690045869,0.7352406345624404,0.39425190387261416,0.20061086241205894,0.049098819142324425,0.06681210656401536,2.317235272773383,0.9719682740804365,-4,vae_67,synthetic_vae_67,1,vae
88744.701859058,0.809884964267015,7037,25.031125639567936,0.059542418644308655,0.18316441839996891,1.208327442075658,13.870214573910694,17.314052784144163,0.7257421905756578,0.4239553037167991,0.1847741927611172,0.05272133011226375,0.10714065700092387,2.230542779735525,0.9716428182369198,-4,vae_68,synthetic_vae_68,1,vae
85739.76469915535,0.7457374559468196,7532,23.90027884743062,0.046202867764206054,0.15505586226022486,1.053138739383202,15.20381723259175,14.676908236657493,0.7399497673239483,0.3810355773716856,0.1675704776113842,0.043813064259160914,0.08016632741764858,2.791716961306314,0.9727653684430915,-4,vae_69,synthetic_vae_69,1,vae
70271.21022346776,0.6426345865071511,7050,25.535820683784934,0.06765957446808511,0.16631620285674995,0.914468879130971,11.79305031234218,13.125512633824295,0.7089109845415175,0.4000463588849674,0.16993979265641065,0.04950354609929078,0.09936017706435653,2.224010235681747,0.9718208799480024,-4,vae_70,synthetic_vae_70,1,vae
66561.18403578483,0.6729863395003083,6340,28.39596150812431,0.07917981072555205,0.18395394271715265,1.0157341925483507,11.732101893895635,14.717554612416546,0.731439338054028,0.41637901964745677,0.16577784970868636,0.057097791798107256,0.11382233078696677,2.356206041841286,0.9731903383088988,-4,vae_71,synthetic_vae_71,1,vae
77233.01569891325,0.7308503157803785,6846,26.267494521548574,0.05842827928717499,0.17178864146597778,1.0593173212146791,13.870214573910694,15.142642724284922,0.701157758983237,0.4054163579749199,0.1806866795677414,0.05243938066023956,0.05036686449461348,2.1647237569913105,0.9692359607901037,-4,vae_72,synthetic_vae_72,1,vae
81091.98360557601,0.6959892375244814,7515,23.955017301038062,0.06307385229540918,0.17716927971351726,0.9556458256652207,12.160015052834554,13.817186289262237,0.6922403716238338,0.4097707121177842,0.18841731543622678,0.05335994677312043,0.09293579706034943,2.214239463814937,0.9758573834033208,-4,vae_73,synthetic_vae_73,1,vae
81781.37421433846,0.6951621765580482,7536,23.888918380889184,0.049893842887473464,0.1580878925672678,0.9949995252572362,11.066097657508621,14.40230008571652,0.7584940866554499,0.382219911519763,0.16441465286479215,0.04644373673036093,0.06881938767987825,2.1819277695982295,0.9721219196055895,-4,vae_74,synthetic_vae_74,1,vae
87298.43572201498,0.729859754932513,7726,23.30084142394822,0.06588143929588403,0.17033365974227174,1.0329005836042524,11.79305031234218,14.983299591547274,0.7005441231474467,0.39800696249448747,0.198706318812986,0.05203209940460782,-0.052848808858949194,2.171269219839635,0.9742055252534996,-4,vae_75,synthetic_vae_75,1,vae
85417.09800640173,0.6923606596060439,8056,22.34587212911235,0.04816285998013903,0.16275103945734698,0.9600302106952258,13.870214573910694,13.534934190395273,0.6855861723582413,0.39201415654498,0.19980724585846346,0.04779046673286991,-0.001188265170606814,2.151944841734512,0.9712206910503098,-4,vae_76,synthetic_vae_76,1,vae
78012.46015924892,0.7554797459828108,6645,26.24849488260084,0.05071482317531979,0.16436609957708795,1.0589953225246125,12.160015052834554,15.43007724447349,0.7326928288466281,0.3982941985901007,0.17145498574006596,0.04770504138449962,0.1954993808115038,2.1726743712547076,0.9712954108558737,-4,vae_77,synthetic_vae_77,1,vae
89461.96760409964,0.7671342015428426,7587,23.726601634590033,0.057466719388427574,0.17492065725924885,1.1396017791257875,15.20381723259175,16.14127834411102,0.7242881979915632,0.40692472027643123,0.19353813614275284,0.04889943324107025,0.06763492390208553,2.7930344213754883,0.9720009959512018,-4,vae_78,synthetic_vae_78,1,vae
73068.51664380614,0.7450354614421661,6350,28.053551740431566,0.053385826771653544,0.1878369630335179,1.0675963845471679,9.771453483263416,15.172443990501593,0.7113124867042725,0.4213555977261645,0.19570257502024335,0.05606299212598425,0.1880549383812001,2.1953561074191827,0.9737075490698741,-4,vae_79,synthetic_vae_79,1,vae
72755.78135718577,0.6441322895142781,7261,24.788429752066115,0.04765183858972593,0.15761298603526305,0.9339226032001445,13.870214573910694,13.419924704326691,0.7158271071031864,0.37921547855785703,0.18298346489632816,0.04393334251480512,0.02618493792571261,2.084317507600388,0.9737709503357947,-4,vae_80,synthetic_vae_80,1,vae
79046.06330666323,0.6951303430546028,7275,24.74594445971955,0.05127147766323024,0.16503511822887743,0.9534878180600528,12.160015052834554,13.911691619531299,0.7530797758758198,0.3863535036080032,0.17810750032494596,0.04769759450171821,0.1620080214040494,2.1373227891732998,0.9749783608655636,-4,vae_81,synthetic_vae_81,1,vae
81426.09568241637,0.6729139169821142,7850,22.839597400942797,0.0643312101910828,0.16637691641175778,1.0349541537332776,12.160015052834554,14.688230206773833,0.7146275549685134,0.40088214174998305,0.16805692953138524,0.04777070063694268,0.13089567058384396,2.373689459072232,0.9725042202853691,-4,vae_82,synthetic_vae_82,1,vae
75730.9246130971,0.7187210615306425,6782,26.544757410411442,0.05234444116779711,0.1577118182754717,1.017266462256414,13.870214573910694,14.683738241691383,0.7255880150623392,0.39021264238314385,0.16292086796791108,0.045414332055440876,0.047051054542481235,2.074735424182628,0.9754912678286503,-4,vae_83,synthetic_vae_83,1,vae
88465.31330674709,0.7468650157831908,7633,23.58490566037736,0.0461155508974191,0.17068239262528948,1.123770548695254,13.870214573910694,15.967922507165527,0.7024527876100224,0.40014000108200104,0.18317081159768897,0.05305908554958732,-0.02829847589571926,2.161357910527958,0.9731873565720432,-4,vae_84,synthetic_vae_84,1,vae
89790.3327230856,0.7562281339740433,7722,23.306566506929155,0.06073556073556074,0.17451163885465065,1.1328318416971381,15.20381723259175,15.78886475288732,0.7474024294088809,0.39555982588682165,0.2005193847943484,0.05218855218855219,-0.004647725579235446,3.213556384652759,0.971838691437632,-4,vae_85,synthetic_vae_85,1,vae
79845.13363098688,0.721563744006682,7146,25.192862141357594,0.04869857262804366,0.16016754967020447,1.0461507142154307,13.870214573910694,14.778150734371106,0.7357653372567744,0.38579916748081733,0.19139886826965205,0.04506017352364959,0.05479355610714269,2.2291544689490213,0.9748218847309567,-4,vae_86,synthetic_vae_86,1,vae
78808.15098753342,0.7316500359040661,7007,25.69083642592064,0.04823747680890538,0.16580773810787292,1.0042640152277216,10.22944256825957,14.20284843387027,0.7249119880749054,0.4051435143498288,0.16269693445496047,0.05023547880690738,0.17497536272927308,2.1877029189572714,0.9716818319417184,-4,vae_87,synthetic_vae_87,1,vae
90192.43177978421,0.759879893278079,7722,23.122004921642276,0.05296555296555296,0.16999909384489093,1.1051590181067499,15.20381723259175,15.585247814354902,0.7137797817948907,0.3967021181831115,0.17322841060125885,0.050634550634550635,0.05584834591220482,2.7854786655212713,0.9715912790626886,-4,vae_88,synthetic_vae_88,1,vae
88787.77124582924,0.7810743813563578,7355,24.476475387544195,0.048538409245411286,0.16512718849347321,1.1293143564827464,13.870214573910694,16.112076801326662,0.7369019617955361,0.3973158274373767,0.18174000954415362,0.046227056424201225,0.020519439258654324,2.172224841198119,0.9733433670281322,-4,vae_89,synthetic_vae_89,1,vae
99995.58994560278,0.8819739312981113,7335,24.53926915734933,0.045807770961145196,0.1706715592798407,1.323058232357309,15.20381723259175,18.795759608212293,0.7383578605198179,0.40217332501517244,0.15787682460117947,0.047716428084526245,0.010953802004948153,2.608088821126409,0.971429412711105,-4,vae_90,synthetic_vae_90,1,vae
75122.22565479283,0.696931310856407,7051,25.531631205673758,0.05687136576372146,0.1645051308344906,1.0404107163508594,15.20381723259175,14.379597523867952,0.7516309991971405,0.3837180514252952,0.19417637170590937,0.05134023542759892,0.061144500380328544,2.907284889956745,0.9712538641962978,-4,vae_91,synthetic_vae_91,1,vae
88073.40857518557,0.8124743904703815,7030,25.607767819035423,0.049359886201991464,0.18198174043236506,1.0900522024176662,11.066097657508621,15.516327493251342,0.7183194979008031,0.42737887228544186,0.17792411322746132,0.05220483641536273,0.18200483092355405,2.1329391001097653,0.9740598146365792,-4,vae_92,synthetic_vae_92,1,vae
85302.94311823518,0.755125030599802,7353,24.470756256800872,0.04419964640282878,0.16046855751543126,0.9455481308917157,9.771453483263416,13.52126355340809,0.7200866853936414,0.38140886929110307,0.18576463373847593,0.04637562899496804,0.1072297193232491,2.065652461179661,0.9753557794202188,-4,vae_93,synthetic_vae_93,1,vae
90107.97640065345,0.7840468830699135,7436,24.207800941492938,0.04303388918773534,0.16284648946378777,1.1185482129370923,15.20381723259175,15.622366180258387,0.7108797577861588,0.3877478334704946,0.16991746846874942,0.0472027972027972,0.151848718787565,3.1115900022241405,0.9710709625215385,-4,vae_94,synthetic_vae_94,1,vae
82906.97937488943,0.7604175917584758,7080,25.42421245938692,0.04562146892655367,0.17441308402273717,1.106959539854289,15.20381723259175,15.430830537039522,0.7192702967178142,0.4184961206473289,0.1676866293538085,0.05141242937853107,0.01099829032168835,2.8285395887898392,0.9747997895914283,-4,vae_95,synthetic_vae_95,1,vae
88101.06975720217,0.7307588425893774,7865,22.885808748728383,0.04907819453273999,0.17663347211916314,1.0183682612232754,15.20381723259175,14.19819300888097,0.6995381018190637,0.4032867115195401,0.1966367281554266,0.05454545454545454,0.09267311610761862,2.7879260043317675,0.9736598844783098,-4,vae_96,synthetic_vae_96,1,vae
87232.22442870162,0.7889159524803988,7139,25.203838610254973,0.04202269225381706,0.16762365009761923,1.1828242610004285,15.20381723259175,16.525211776605506,0.7265551906958146,0.4131322315309847,0.16198241245958528,0.04846617173273568,0.022501983336948472,2.716533398782189,0.9727951544429787,-4,vae_97,synthetic_vae_97,1,vae
71968.25623246247,0.690684322660587,6734,26.708896480023764,0.08033858033858034,0.18337395563458944,1.1491695906424042,13.870214573910694,16.340264061989778,0.6917923281623082,0.40511409143503896,0.19027165524247,0.05375705375705376,-0.14533578209599393,2.366472040672129,0.9731427282475587,-4,vae_98,synthetic_vae_98,1,vae
73693.67817453128,0.697649353517068,6787,26.52534630120837,0.04862236628849271,0.16176232290943357,0.9313513790529596,12.160015052834554,13.298765769882296,0.7211119452572262,0.3991550249232016,0.17425189433492144,0.047738323265065566,0.15167035740988571,2.057431213686659,0.9695056578722042,-4,vae_99,synthetic_vae_99,1,vae
97402.84434085799,0.7764153091814671,8158,22.06595562093907,0.056018632017651386,0.170191668691772,1.1332627194457165,13.870214573910694,16.165823873343804,0.6650947193556904,0.40462202665858205,0.1764132540249227,0.051605785731797006,0.05354013357930189,2.140237188676674,0.9727280633795083,-4,vae_100,synthetic_vae_100,1,vae
85813.53598188405,0.7362144414973627,7507,23.98121502797762,0.05261755694684961,0.16927303074994862,0.9763352851518378,12.160015052834554,14.226447793407107,0.7024515300728505,0.4038239142394155,0.19315810466019684,0.04848807779405888,0.07989284704977534,2.0482048913140884,0.9730274875561173,-4,vae_101,synthetic_vae_101,1,vae
68708.3416945358,0.6859136340670472,6550,27.464498396701785,0.06519083969465649,0.17129859491463847,1.0274204598224954,15.20381723259175,14.084166417154947,0.7262378042890686,0.3923191150236736,0.18034685850556179,0.05526717557251908,0.0741341827791093,2.99540851229025,0.96927031662125,-4,vae_102,synthetic_vae_102,1,vae
77546.00765856051,0.7652842301865229,6577,27.29257907542579,0.05154325680401399,0.17785508332234298,1.1590194045998925,13.870214573910694,16.575365358919218,0.7102686786116119,0.41833865136558035,0.17647248675168178,0.05291166185190817,0.059198928291678526,2.1985746564460804,0.9739643022311649,-4,vae_103,synthetic_vae_103,1,vae
79152.96661945636,0.6652650070381332,7725,23.30346970481616,0.0570873786407767,0.16490268450318796,0.9111460259976817,15.20381723259175,12.759032439881402,0.7095288588329651,0.3909457931464184,0.1901553366080849,0.05048543689320388,0.10005060772028361,2.9317699841135285,0.9755913829467565,-4,vae_104,synthetic_vae_104,1,vae
80319.81498256407,0.7265263620837059,7156,25.13892382948987,0.057294577976523195,0.17786930373122659,1.0837417205425566,13.870214573910694,15.383739845658068,0.7065105227231995,0.40916442465811936,0.19025627947571938,0.05575740637227501,0.0712128736409884,2.167560688114385,0.9717065788232635,-4,vae_105,synthetic_vae_105,1,vae
96039.85838152343,0.8760199191471058,7047,25.250496735736586,0.0421455938697318,0.15769911955617824,1.2027238715180677,15.20381723259175,16.926831002909594,0.7395243324363764,0.3970081221018476,0.14390639221573887,0.04328082872144175,0.03175983431583316,2.557830045058808,0.9736637649356708,-4,vae_106,synthetic_vae_106,1,vae
79931.2867935732,0.6589061177301114,7818,23.022515031341946,0.05781529803018675,0.16055257133395448,0.9559671995867565,12.160015052834554,13.864875475334353,0.7388617544260018,0.3709048218988401,0.17619889459499335,0.04668713225888974,0.2992841486539022,2.2756115959203513,0.972605690934415,-4,vae_107,synthetic_vae_107,1,vae
86586.7940426548,0.7650707836065217,7261,24.792011019283745,0.04062801267043107,0.16341661601491908,0.9742783795255403,15.20381723259175,13.927553600538912,0.6988406756591838,0.39937923010632226,0.18454593676772454,0.04792728274342377,0.0991467873374252,2.6659941204427815,0.9726599262810334,-4,vae_108,synthetic_vae_108,1,vae
69901.89625441779,0.7160790493679123,6311,28.52662440570523,0.04230708287117731,0.16857561429281157,0.9503972286972988,15.20381723259175,13.568679065736381,0.6895657366576574,0.4174005898713089,0.1878556919094858,0.04737759467596261,0.10557599072666692,2.925234470605418,0.9753644255756833,-4,vae_109,synthetic_vae_109,1,vae
89371.48937605512,0.7834710375055152,7430,24.228025306232333,0.03983849259757739,0.1613235995244413,1.0571918110076897,12.160015052834554,14.858185482930542,0.7490110022735557,0.39231380193724236,0.1692985942402487,0.04401076716016151,0.14802382415901688,2.1741903482253315,0.9733606309391707,-4,vae_110,synthetic_vae_110,1,vae
84127.6429183133,0.7269893187963397,7508,23.970294391900893,0.06486414491209376,0.17735121293205625,1.1214364268395025,13.870214573910694,16.017467246344726,0.7200231848749858,0.41104353645164654,0.16387332508233055,0.05567394778902504,0.09453776723216842,2.235227933943493,0.9712272428594044,-4,vae_111,synthetic_vae_111,1,vae
68666.17612005727,0.6719004362318939,6601,27.272727272727273,0.05393122254203909,0.16693820490251704,0.9350348689818044,11.79305031234218,13.355631910859648,0.7072889460781974,0.3992086205801401,0.1707774459402364,0.04893198000302985,0.11938233730366535,2.1988433183592484,0.973555167037536,-4,vae_112,synthetic_vae_112,1,vae
78787.74993672917,0.7015259747372085,7372,24.407678741012074,0.06728160607704829,0.17737284184800986,1.033113978422292,15.20381723259175,14.5097117387184,0.7036821203011722,0.41090703852502486,0.17410668214993044,0.05425935973955507,0.054184233813383616,2.918731284154466,0.9723361116989073,-4,vae_113,synthetic_vae_113,1,vae
93600.35998371016,0.7855260611230087,7643,22.953807903690134,0.050896244930001305,0.17751081177055097,1.189110694675383,15.20381723259175,16.995049553810013,0.7391628318516933,0.4127558382796965,0.16336717090548672,0.057176501373806095,0.1950782521120746,2.784510611663801,0.9703587834951213,-4,vae_114,synthetic_vae_114,1,vae
82297.09857054995,0.695216689528926,7579,23.57468989179203,0.051721863042617756,0.1666325545629511,0.9844263848423483,13.870214573910694,14.11980548490244,0.7153687621345536,0.38934656681540214,0.18806840354287563,0.04934687953555878,0.10049001723687118,2.305148160896938,0.9712296175650716,-4,vae_115,synthetic_vae_115,1,vae
79348.48820913478,0.6849833451895787,7548,23.849476613223796,0.046767355590885004,0.1671773502370082,1.0288475157067971,12.160015052834554,14.582229376935068,0.7160487600289583,0.37683602534258315,0.1873064065922131,0.048754636989931106,0.0639865741672335,2.190067588068921,0.9712537824774856,-4,vae_116,synthetic_vae_116,1,vae
71010.85312252172,0.6979119490805984,6619,27.195829555757026,0.07312282822178577,0.17600686061988188,1.0883503184853303,13.870214573910694,15.459129712606217,0.6978476162752516,0.4256317355725836,0.1491836487486013,0.051065115576371056,0.09605122816047759,2.3897689411043688,0.9734357300409248,-4,vae_117,synthetic_vae_117,1,vae
77971.6991262607,0.6764263203460469,7418,24.268572199002293,0.05554057697492586,0.15521006865740888,0.9005192739018678,11.066097657508621,13.053667408437839,0.7363273898564284,0.3734407477876207,0.19665399426813412,0.042194661633863574,0.027651909699097105,2.1041386472016406,0.9759452003451421,-4,vae_118,synthetic_vae_118,1,vae
82291.53973168557,0.73704560035343,7281,24.70686813186813,0.052190633154786434,0.1686985811845973,1.0314744742400397,13.870214573910694,14.550162455756062,0.7166120658709607,0.39126358753754087,0.19417652657248025,0.048757038868287327,0.006553285131556884,2.3294595117726495,0.9739642025083715,-4,vae_119,synthetic_vae_119,1,vae
77721.88049089885,0.6593437773695171,7662,23.483357264064743,0.05390237535891412,0.1643284060830233,1.0309944999256735,15.20381723259175,14.455097753995222,0.7316777273910544,0.395403753141291,0.17340514453526906,0.048159749412685984,0.06272038030617755,2.9848274257510163,0.9726920625955187,-4,vae_120,synthetic_vae_120,1,vae
82125.23657436424,0.7218920760242795,7255,24.814309346567413,0.04217780840799449,0.15909732845132338,0.9810189959083973,13.870214573910694,14.599910209636247,0.7269088772771912,0.3908572292253465,0.19526222239982008,0.04534803583735355,0.1025163917597383,2.152544992148038,0.9728463317488505,-4,vae_121,synthetic_vae_121,1,vae
82858.20611794543,0.6767717706123493,7919,22.724551654458196,0.07235762091173129,0.1824544162139626,0.9468746587637132,11.066097657508621,13.625731541149293,0.6913089318126252,0.4264891191697226,0.16847249268354253,0.05796186387170097,0.04628566742007538,2.2244521950835323,0.9735077639420113,-4,vae_122,synthetic_vae_122,1,vae
78890.98253652477,0.7097365728331388,7221,24.930609418282547,0.07367400637030883,0.17725438500590832,1.1096876938853832,15.20381723259175,15.397785527352129,0.7308688640661357,0.4009015587821275,0.17725709562685057,0.05553247472649218,0.0992774707770813,3.466881340127528,0.9724675563585101,-4,vae_123,synthetic_vae_123,1,vae
92045.3099521141,0.7925071974186598,7498,24.009603841536613,0.05708188850360096,0.16901071656453612,1.1410235300639164,15.20381723259175,16.01441695987976,0.7278099507676661,0.41560955877251043,0.14988723748950908,0.048412910109362495,0.007249804669423216,2.6774953393161955,0.9724776883718966,-4,vae_124,synthetic_vae_124,1,vae
82030.07112807626,0.7262177400236712,7254,24.81648972838825,0.053487730907085744,0.16702538978194806,1.098056930301998,15.20381723259175,15.769802611364518,0.7137536138936559,0.3953899736987697,0.18844606254287496,0.04687069203198235,0.164904815107997,2.8626763344748505,0.9703949665118631,-4,vae_125,synthetic_vae_125,1,vae
78671.87153187455,0.7313064265851629,6948,25.909313372678856,0.0551237766263673,0.17814208196029385,1.0563013428179944,13.870214573910694,14.7868360698613,0.7010097516849054,0.41581150136723416,0.1995463282464606,0.05397236614853195,0.043739729480336824,2.0893380214070083,0.9713570145694255,-4,vae_126,synthetic_vae_126,1,vae
76394.66980661787,0.73516727277039,6688,26.91745177209511,0.06444377990430622,0.16510790295519295,0.9864012689411659,9.274450108513577,14.284117955739324,0.7363816012228609,0.3816003130316094,0.18861213868620122,0.04724880382775119,0.07104443831344501,2.2124818173654117,0.9750393626891812,-4,vae_127,synthetic_vae_127,1,vae
77119.06701666667,0.7112991394155672,6988,25.7546872763704,0.05323411562678878,0.17199968376298433,0.9550941211532453,9.771453483263416,13.897849087632046,0.6946533259491565,0.40518444339679416,0.18868447422398468,0.050658271322266746,0.08228670826565027,2.1269197324383033,0.9679040298108397,-4,vae_128,synthetic_vae_128,1,vae
79866.65630269809,0.7126354102344196,7212,24.961725142143948,0.05615640599001664,0.16963249728964702,0.990849430219525,11.79305031234218,14.443952398223084,0.7101340713709481,0.3923786432497289,0.20587075577451164,0.04769828064337216,0.04768095280823449,2.0763635651941557,0.9752835205007664,-4,vae_129,synthetic_vae_129,1,vae
78847.73223280195,0.7134618568988341,7122,25.275523100688105,0.05293456894130862,0.16285448282199522,0.9909236939052667,12.160015052834554,14.414195747229519,0.7031022294864718,0.38225351270980973,0.19362154932133743,0.04703734905925302,0.15534212390042598,2.393753599743261,0.9708038040782118,-4,vae_130,synthetic_vae_130,1,vae
84095.91061049257,0.7757153249526799,6997,25.728702115494567,0.04644847791910819,0.17706748212561896,1.140254463674487,13.870214573910694,16.19305996600526,0.7032702263197801,0.41747847814601996,0.18239468235121817,0.051593540088609405,-0.006939725205970703,2.145589287307673,0.9743850014910223,-4,vae_131,synthetic_vae_131,1,vae
67071.86286071737,0.667475323118893,6555,27.4641440341776,0.05491990846681922,0.16572659002497753,0.9835302512467502,15.20381723259175,13.675621616343681,0.6881505070696954,0.4059347712082947,0.16419086214149733,0.04546147978642258,0.020253038985231512,2.9863068766359326,0.9713828427985343,-4,vae_132,synthetic_vae_132,1,vae
76901.41327092194,0.6720395464240173,7432,24.223253936213162,0.0670075349838536,0.16987292413238927,0.9332694878794474,11.732101893895635,13.271518097752006,0.7071394767272253,0.41319931344433025,0.17251816710992182,0.04803552206673843,0.037066346235722546,2.231056419219453,0.9719960141450183,-4,vae_133,synthetic_vae_133,1,vae
83519.7397349018,0.7474781758454504,7330,24.559830809114477,0.047748976807639835,0.16640927519444915,1.089435114104654,15.20381723259175,15.279395150130197,0.7201521041773777,0.3915095788977802,0.18315317502224518,0.046248294679399726,0.12417037785484636,3.2730378940870057,0.9720017234058203,-4,vae_134,synthetic_vae_134,1,vae
82148.50151397567,0.7931244407273929,6756,26.6460399703923,0.05772646536412078,0.17171700888343572,1.0979039920283975,13.870214573910694,15.659376834281378,0.7460121940951785,0.4023410758589106,0.18138109589339602,0.05165778567199526,-0.0028485915795431497,2.0512946608872666,0.97362723364449,-4,vae_135,synthetic_vae_135,1,vae
74118.32223085084,0.7037949784607157,6768,26.59967489286242,0.048167848699763594,0.15704056926902088,1.0260433178925805,12.160015052834554,14.9389833233659,0.7100253297872026,0.38742182436295325,0.1839425174532593,0.0425531914893617,0.14214703966312892,2.168740990873864,0.9729207455036007,-4,vae_136,synthetic_vae_136,1,vae
79045.55538425452,0.698750029521124,7344,24.51246084706523,0.06699346405228758,0.16992646633748926,1.0263983242256267,11.732101893895635,14.822905731249572,0.7519053008269879,0.4125452574539881,0.15805076193795864,0.04874727668845316,0.13485520050062186,2.2350197559106078,0.9724727465334453,-4,vae_137,synthetic_vae_137,1,vae
76178.80432397465,0.724069784329278,6837,25.552808660035108,0.04300131636682756,0.16653074747809707,1.0214511898073035,15.20381723259175,14.201454306341494,0.7337051240865133,0.3977899099669914,0.1865936723043249,0.051338306274681875,0.014990685190490254,2.891813462324131,0.9741044531472473,-4,vae_138,synthetic_vae_138,1,vae
76982.69659969935,0.6818543193941871,7369,24.42888165038002,0.06255937033518795,0.17485074249170104,1.0243296373944948,12.160015052834554,14.442704262099175,0.7126173493704672,0.39770380735352046,0.21350736663504616,0.05238159858868232,-0.008139681193377237,2.1851021964557718,0.9731150455183353,-4,vae_139,synthetic_vae_139,1,vae
91852.34055218354,0.743630540583704,7980,22.529138989848352,0.06340852130325815,0.16555824074158187,1.062561184660468,13.870214573910694,15.31040461025807,0.7280113596065514,0.38776109797361946,0.18416515908098738,0.04724310776942356,0.058001413576177045,2.2200349646980806,0.9721126727087366,-4,vae_140,synthetic_vae_140,1,vae
86594.79130268042,0.7498534763313185,7487,24.044082286935613,0.0714571924669427,0.16070514031084276,1.1435078564947736,13.870214573910694,16.097461332514534,0.7352692155809647,0.37942517464527575,0.15644116438643338,0.04768264992653933,0.04032948162673023,2.2650761341854375,0.9719291320505485,-4,vae_141,synthetic_vae_141,1,vae
80131.54646580506,0.6938541335197175,7485,24.0237840726884,0.0603874415497662,0.17633219435370853,0.9914212819358835,11.732101893895635,14.089647277671691,0.7272594877700672,0.41360425514100424,0.18427338598457402,0.05330661322645291,0.07897190769841397,2.2290343753198205,0.9720771428763697,-4,vae_142,synthetic_vae_142,1,vae
79779.57257457901,0.7334167571350076,7001,25.711714285714287,0.05299242965290673,0.1647591194767334,1.0537711835644485,13.870214573910694,15.047354659250507,0.7285022291722482,0.38981389033227876,0.17048528165483184,0.049135837737466076,-0.0162163482774527,2.2371481925203516,0.9725786276309092,-4,vae_143,synthetic_vae_143,1,vae
66793.69820108173,0.6649104687873529,6491,27.733127889060093,0.05207209983053459,0.15971614570607884,0.8321155069550129,8.58852285074934,12.2771940327361,0.7121292763957761,0.379063395349208,0.20718791810075746,0.04637189955322755,0.21127227784729294,2.0317777472801506,0.9715099464896688,-4,vae_144,synthetic_vae_144,1,vae
88258.01174184684,0.7593582234892206,7438,23.587333602258976,0.04302231782737295,0.16259893400832656,1.0632891803630056,13.870214573910694,15.479859313747847,0.7111966201504405,0.3956908444245204,0.19046718839018104,0.04409787577305727,0.04820304407006919,2.24562520916018,0.9735539304301029,-4,vae_145,synthetic_vae_145,1,vae
77478.12676374949,0.7011497067450362,7142,25.206273631144096,0.05460655278633436,0.1752506129085191,0.9705740248563043,12.160015052834554,13.918366085045117,0.6999021820340513,0.39966863262299646,0.2141065031475438,0.052646317558106975,0.10487931198561443,2.1515049404506152,0.9738905844380252,-4,vae_146,synthetic_vae_146,1,vae
84962.22248769208,0.734470640949382,7541,23.872281167108753,0.05476727224506034,0.1812361846253883,0.9812671468434765,13.870214573910694,14.006835390845671,0.7379233237914373,0.41931002137685974,0.20126926986575522,0.054502055430314285,0.1234880866743262,2.0667888298067045,0.9737470249018416,-4,vae_147,synthetic_vae_147,1,vae
81003.13436605631,0.6948100854253328,7466,24.11279303415941,0.05665684436110367,0.16901186744400648,0.9527804879237006,11.79305031234218,14.029992141414429,0.7189386150856044,0.3987468726267633,0.19898238772679902,0.045673720867934635,0.15049327127260584,2.197566021299597,0.9738361116364175,-4,vae_148,synthetic_vae_148,1,vae
75792.19244866302,0.6931917291545275,7014,25.665335804933694,0.04305674365554605,0.15046508861206315,0.9300381790684816,13.870214573910694,13.352113326351542,0.7491511611105803,0.36622792433814966,0.19592666191830388,0.04305674365554605,0.0770292384339705,2.1762277698610575,0.9726018510399204,-4,vae_149,synthetic_vae_149,1,vae
88442.46728574479,0.7569498380048042,7615,23.6401365904912,0.051608667104399215,0.15706907326842348,1.0258546371589872,15.20381723259175,14.094288759045114,0.7382337507479652,0.393918680018713,0.16785807841289893,0.04674983585029547,0.029684471481067704,2.683669208069958,0.9734942038402264,-4,vae_150,synthetic_vae_150,1,vae
80043.35927695043,0.6920669684946477,7514,23.945827232796486,0.06121905775885015,0.1785786130742685,0.9675006530037125,11.732101893895635,13.979809974598721,0.6961582764247831,0.4191940408749249,0.18741399428904285,0.05629491615650785,0.12413983858620038,2.22209035682527,0.9705614677836862,-4,vae_151,synthetic_vae_151,1,vae
83467.26961847412,0.7518509355717939,7188,25.044803116738557,0.040762381747356705,0.173022766762235,1.1225415916233414,15.20381723259175,15.916383576985325,0.6866064930914073,0.40308790546384,0.19126054500112877,0.05133555926544241,0.08393535044654513,2.8238024827817614,0.9722405256357414,-4,vae_152,synthetic_vae_152,1,vae
67995.57735533844,0.6695834221535237,6542,27.518269377770984,0.05166615713848976,0.15866314890980476,0.8232802540376292,12.160015052834554,11.980538370602844,0.7291519057978325,0.3809787045617622,0.2118987886811441,0.045093243656374196,0.11006768229059048,2.0742215642480684,0.9708886768009503,-4,vae_153,synthetic_vae_153,1,vae
73001.74320491213,0.6723559830162497,7023,25.634007405297638,0.04499501637476862,0.16317267728876472,0.9099841031969669,11.79305031234218,13.176505566110135,0.7513171302490491,0.3772090162525059,0.18767949396416034,0.049551473729175566,0.004701554919461795,2.1150203328829655,0.9729449899203413,-4,vae_154,synthetic_vae_154,1,vae
90576.03180625656,0.7925906696932551,7377,24.40387744034707,0.04839365595770639,0.1494030821379433,1.0355781538286732,13.870214573910694,14.801159320586082,0.7424170860037663,0.3847647701485703,0.16964961588681599,0.043242510505625595,-0.010288831390427975,2.0766890562988456,0.9754655566061017,-4,vae_155,synthetic_vae_155,1,vae
85891.51383949394,0.7807044978323904,7121,25.279775280898875,0.04634180592613397,0.18259548518845603,1.072885909739133,12.160015052834554,15.128317467674652,0.7168782108520485,0.4308432194366165,0.17525542656308282,0.05280157281280719,0.17626164537180514,2.154320463704253,0.9708333017643302,-4,vae_156,synthetic_vae_156,1,vae
76819.7822252118,0.6945214448722298,7208,24.974608019980575,0.05382907880133185,0.17337849876461559,0.9941462596593192,15.20381723259175,13.698102108699082,0.7299305829968111,0.4033843858865964,0.21362533475917872,0.049944506104328525,0.044965025680625485,3.3787449538359233,0.9743676369650223,-4,vae_157,synthetic_vae_157,1,vae
77494.14795932421,0.6730672402209623,7499,23.996532408642306,0.06427523669822643,0.15989211147512877,0.9046573877652936,10.22944256825957,12.920726930961637,0.712098466889473,0.38881546160757385,0.1901102480580641,0.04640618749166556,0.11990441409628125,2.236691281024817,0.9737813841044868,-4,vae_158,synthetic_vae_158,1,vae
85774.28083151519,0.7934151987344146,6959,25.86878413337166,0.05589883603966087,0.16330725672731247,1.1766916574124222,15.20381723259175,16.719854916343177,0.7030961687920515,0.4111780829460268,0.1451837964636499,0.048282799252766205,0.016817501455947105,2.7212988019922077,0.9717721734006748,-4,vae_159,synthetic_vae_159,1,vae
89923.87279281771,0.740267769383441,7898,22.792199569456756,0.04608761711825779,0.1542895314895932,0.9723354948785735,12.160015052834554,13.644373054889654,0.770707599799518,0.3845697544762418,0.16625454163596368,0.043935173461635856,0.09394217715297547,2.103309088253032,0.9743380329229336,-4,vae_160,synthetic_vae_160,1,vae
65323.41197790454,0.6490879469361954,6559,27.445410186032326,0.07287696295166946,0.16206612174024032,0.9345516263384224,15.20381723259175,12.96470549839345,0.7303414056921887,0.4094491549851384,0.1750732065147737,0.04329928342735173,0.23231906370419533,3.012989866972928,0.9730702134639753,-4,vae_161,synthetic_vae_161,1,vae
68976.6902395069,0.6829071122704554,6581,26.379483282674773,0.052271691232335514,0.1729608789756015,0.97667467190955,11.066097657508621,13.943016340126325,0.7278184907844073,0.4095566685064929,0.18226308921519913,0.05196778605075217,0.0937719776104285,2.229557811144392,0.9731996057155959,-4,vae_162,synthetic_vae_162,1,vae
75662.50642446816,0.7205445432797835,6737,26.701603325415675,0.04512394240759982,0.15360850827788478,0.960720364559403,12.160015052834554,13.88049924844505,0.7336684593780692,0.3811560249888842,0.1730587826879501,0.04200682796496957,0.08743412675425653,2.0010194463327373,0.9733542010959209,-4,vae_163,synthetic_vae_163,1,vae
84089.25671332271,0.7602494523779224,7209,24.97128190899001,0.04369538077403246,0.15785899111824947,1.1363997344998502,15.20381723259175,15.898480873835885,0.7056462269948198,0.3797994925106154,0.1548696321076096,0.046608406158967955,0.02780592611924248,2.7896885337463133,0.9738353368584636,-4,vae_164,synthetic_vae_164,1,vae
69823.32370111972,0.7849154718354632,5754,31.28854510690075,0.03962460896767466,0.16739355732054953,1.050275350581033,11.732101893895635,15.095359011281863,0.7364652417278544,0.4200975875913198,0.15834157314136257,0.04953076120959333,0.19778174532439322,2.079353760503756,0.9713258604112467,-4,vae_165,synthetic_vae_165,1,vae
71684.40479650238,0.7042603976661288,6549,27.4876298106292,0.052527103374561,0.15666177519524416,0.8675791537513268,9.274450108513577,12.817052731260693,0.7334196261115747,0.37581983300944277,0.19569729354522208,0.04443426477324782,0.08404387275171628,2.003410720864775,0.9722463869005438,-4,vae_166,synthetic_vae_166,1,vae
78888.5656786885,0.7582695309028512,6754,26.65482007996446,0.051673082617708026,0.1628441533583004,1.079144955798128,15.20381723259175,15.408498267866127,0.7437626951549392,0.3800792799140929,0.1855742775852621,0.04693514954101273,0.2492370940974135,2.8156693051188464,0.9715367882973834,-4,vae_167,synthetic_vae_167,1,vae
89281.84276138588,0.8222350419434614,6953,25.890822784810126,0.04372213433050482,0.1546676736989194,1.1422746824302137,12.160015052834554,16.38376687894078,0.7310663775638001,0.3915615960423232,0.13011479448055138,0.043290665899611676,0.04482060683906788,2.1596169379218817,0.971434891429393,-4,vae_168,synthetic_vae_168,1,vae
74148.14657862231,0.6807968735011259,7069,25.452037351443124,0.0674777196208799,0.18231121430358582,1.0261025995600375,11.732101893895635,14.778851256356118,0.7337462188040025,0.4049373536233069,0.1987781992397791,0.05531192530768143,0.14761251311008544,2.414263304743347,0.9678310610028585,-4,vae_169,synthetic_vae_169,1,vae
99202.48359113267,0.8341467778840772,7634,23.580636709026596,0.042834686926905945,0.14613506835856252,1.255880876661686,13.870214573910694,17.861570861935135,0.746205916874743,0.37437185451066296,0.1512786498037436,0.03929787791459261,0.04535753182986706,2.144601263462693,0.9735486035793718,-4,vae_170,synthetic_vae_170,1,vae
93828.56075420628,0.8226207971847606,7373,24.41359196961476,0.052760070527600705,0.17275563600915073,1.2442648027599152,13.870214573910694,17.859604238186645,0.7247629598571542,0.4009508061552595,0.1752200509407059,0.05072562050725621,0.025214184097673932,2.1497226599734662,0.9723728788781559,-4,vae_171,synthetic_vae_171,1,vae
71170.86013030782,0.6528275589441825,7073,25.451216063348415,0.06941891700834157,0.16711673870228097,0.876907761711278,15.20381723259175,12.382959730710466,0.7495575724131505,0.3814037318571416,0.2057100513524108,0.05075639756821716,0.05590574886104387,2.9308541084583823,0.9755842557659611,-4,vae_172,synthetic_vae_172,1,vae
68204.70571604726,0.6648579412086348,6647,26.715467950647007,0.05987663607642545,0.16300477775624372,0.9133465267365988,11.066097657508621,13.082588086494793,0.729032984952963,0.4064950221380412,0.16170938304601662,0.04618624943583571,0.11521366837474141,2.2588204885515073,0.9739339099658049,-4,vae_173,synthetic_vae_173,1,vae
66098.22410216322,0.7197897524054505,6030,29.853375352463097,0.062354892205638474,0.16096892594299947,1.0462084207733326,15.20381723259175,14.517422802530746,0.7173485322363922,0.40222622083422876,0.16059930192267524,0.04560530679933665,0.01868749758153155,2.944373868278662,0.9726063921410714,-4,vae_174,synthetic_vae_174,1,vae
80662.15364354922,0.7165141898988889,7248,24.8368980267697,0.048979028697571744,0.16958412433098327,1.026357280207742,11.79305031234218,14.676085289456838,0.7111493446129461,0.39709230338481727,0.19278038370850287,0.05173841059602649,0.04889246979048752,2.172362189005532,0.9733015424577048,-4,vae_175,synthetic_vae_175,1,vae
82897.51438295527,0.7151185680986356,7499,24.00453454254468,0.04760634751300173,0.16682903416377828,0.9883436430186401,12.160015052834554,14.120429379096555,0.7499813730837012,0.3962872082369496,0.2033032280632018,0.046539538605147354,0.036328780533778283,2.156143419594945,0.9736201618287299,-4,vae_176,synthetic_vae_176,1,vae
80955.09792086389,0.7233919523999908,7326,24.57310580204778,0.05828555828555829,0.17039178335823,1.070982462376201,15.20381723259175,14.71399250365895,0.71830921608098,0.39348007066254037,0.17992926368251236,0.049003549003549,-0.009287186813446488,2.901014143708501,0.973421416670003,-4,vae_177,synthetic_vae_177,1,vae
84176.6238299952,0.7604440766481394,7182,25.06475421250522,0.043859649122807015,0.1616808438236067,1.0690910002245775,15.20381723259175,14.873886130721273,0.7369031153981503,0.3973839505010433,0.16963973829818124,0.046922862712336394,0.09805215204376727,2.775217563229338,0.9728009600380336,-4,vae_178,synthetic_vae_178,1,vae
89061.71342243828,0.7489383484370167,7731,23.25653298835705,0.05678437459578321,0.16698999467167353,0.9996747839899003,15.20381723259175,13.97779070572842,0.7496920329698504,0.38708631156852225,0.2006091877409426,0.051739749062217046,0.033460606610163715,2.737358965755235,0.9757427688684014,-4,vae_179,synthetic_vae_179,1,vae
91470.37386839467,0.8003381460141873,7387,23.61955050094774,0.048328144036821445,0.17035465432652144,1.068482383842939,11.732101893895635,15.413625459193597,0.7273096515022227,0.4089771665197571,0.1711616679511924,0.045756057939623666,0.015595738712300059,2.150602488346565,0.9747296591305539,-4,vae_180,synthetic_vae_180,1,vae
80735.98715563465,0.7072433382174015,7417,24.268743257820926,0.05676149386544425,0.17247632339724647,0.992054217856504,13.870214573910694,14.07931402897822,0.6737495469677309,0.4037385809020058,0.19416064850013062,0.05446946204664959,-0.09299611216865418,2.0437424059340357,0.9722181788947521,-4,vae_181,synthetic_vae_181,1,vae
77359.10772714563,0.7230034423062532,6903,25.454940596928427,0.0663479646530494,0.17043560185143056,1.0421672777477482,12.160015052834554,14.82102952159716,0.7078969950662728,0.4209302679888897,0.15656912997851144,0.05113718673040707,0.15858812047547927,2.1866633420938815,0.9720639851891109,-4,vae_182,synthetic_vae_182,1,vae
86795.7841054829,0.7730970033479433,7259,24.06351612014329,0.05276208844193415,0.17527585242734636,1.1161084107355788,11.79305031234218,16.09504865152304,0.6923087780624924,0.4215238096238906,0.1701977063798623,0.051797768287642924,0.019145286572583707,2.1358509621720168,0.9728831682408076,-4,vae_183,synthetic_vae_183,1,vae
76500.28069018111,0.6805837759923791,7216,24.943173943173942,0.061945676274944565,0.1815156916573841,0.9636349101478282,11.732101893895635,14.072121054982368,0.7300046703597344,0.4196773616499407,0.19537486905562024,0.05473946784922395,0.22318776285323236,2.213512651093273,0.9712133378473586,-4,vae_184,synthetic_vae_184,1,vae
60775.86418268019,0.6430779668452189,6135,29.343169220736876,0.09160554197229014,0.18212444507271003,0.9638627682565354,15.20381723259175,13.435515211257096,0.7060918060192178,0.3969188471485596,0.20373329462110804,0.05330073349633252,0.12047797066959653,3.1915048229380396,0.9730326920254362,-4,vae_185,synthetic_vae_185,1,vae
63136.77095367572,0.6702375705231718,5965,30.181254191817573,0.06202849958088852,0.17802974304583216,1.0162670774267024,11.066097657508621,14.99335481990876,0.6796329653625145,0.4041579089203938,0.19869263251599165,0.051802179379715006,0.10120065793359878,2.308554696931903,0.9734859326846959,-4,vae_186,synthetic_vae_186,1,vae
78919.02884299128,0.7228607234129896,7121,25.28019662921348,0.04578008706642325,0.14981861231018279,1.0127573929275948,15.20381723259175,14.202127444890257,0.7470386467869373,0.378743733847508,0.1707563943740571,0.04044375789917146,0.07514767723432351,2.8764451074935744,0.9763543588807583,-4,vae_187,synthetic_vae_187,1,vae
78248.28057248122,0.7137258188027098,7151,25.174545454545456,0.06139001538246399,0.16079273928857576,1.0185495601247714,15.20381723259175,14.408496221288365,0.7249946582566691,0.3847851853612807,0.17330108517583603,0.04265137742973011,0.11522580839238104,2.9554236741792868,0.9730097279145249,-4,vae_188,synthetic_vae_188,1,vae
77515.79092177468,0.716528884160145,6936,25.954866618601297,0.05608419838523645,0.18141776656096603,0.9924446382810445,11.732101893895635,14.4961089550067,0.7177969179152051,0.41957203800537896,0.18736057746561946,0.05536332179930796,0.1627162159066038,2.16597233204391,0.9728506154302357,-4,vae_189,synthetic_vae_189,1,vae
80414.44410518023,0.7530144196753619,6929,25.98094688221709,0.04531678452879204,0.15776156270011146,1.0633660919503864,11.79305031234218,15.103136044727737,0.7577815969077593,0.38374750231595167,0.17829645728225482,0.04531678452879204,0.06985239213165435,2.1017392119538867,0.9749156149249798,-4,vae_190,synthetic_vae_190,1,vae
76208.92797181798,0.7625264350842765,6414,27.26290347731171,0.05332086061739944,0.15933962342237373,1.0687287466354922,11.79305031234218,15.502728181655167,0.7440283744503577,0.39486715790198024,0.2062368231522415,0.04646086685375741,0.06960115311111328,2.134315165796098,0.9733055991140919,-4,vae_191,synthetic_vae_191,1,vae
85563.67760178054,0.7315509998691052,7551,23.840397350993378,0.05111905707853265,0.1689603133837996,1.088838229087903,15.20381723259175,15.418820263650188,0.7104290386813751,0.41487084493137544,0.1627591334899093,0.04886769964243146,0.055606073739599395,2.8387267798353752,0.9707085307195765,-4,vae_192,synthetic_vae_192,1,vae
72853.60381344586,0.7213290502071317,6569,27.40438489646772,0.05830415588369615,0.16887929363984436,1.0640141319808216,15.20381723259175,14.97188729179486,0.7439487799922931,0.3885904917531621,0.1829893225003423,0.04749581367026945,0.019929565791554006,2.9786498119297535,0.9718235167755148,-4,vae_193,synthetic_vae_193,1,vae
75013.46034677833,0.6690654743684152,7251,24.826758620689656,0.046752172114191144,0.17001212619961487,0.8314897319393595,10.22944256825957,12.084332247653295,0.7091411735872575,0.41266290384104076,0.19134528223142747,0.051441180526823886,0.06503723809716627,2.1906369393036487,0.9753618504017676,-4,vae_194,synthetic_vae_194,1,vae
76596.37223591778,0.732160450628967,6780,26.55067119044107,0.04247787610619469,0.17131780530392962,1.0214034072474338,11.732101893895635,14.60434938945046,0.7392468648328716,0.39044637670275517,0.1909137519976188,0.049557522123893805,0.04604204574309379,2.1892661167200913,0.9722167323602653,-4,vae_195,synthetic_vae_195,1,vae
85588.6494914885,0.7840638368045653,7095,25.372427403439527,0.05581395348837209,0.1650551562389925,1.1141409348893054,15.20381723259175,15.496024254518037,0.7448535160780257,0.40536836011047234,0.15844975078789963,0.04933051444679352,0.06553571793909987,2.8970007558378588,0.9729868415260916,-4,vae_196,synthetic_vae_196,1,vae
69347.85114186702,0.6620557160303384,6798,26.481388848021187,0.052368343630479555,0.1628204468076359,0.9776696952401192,15.20381723259175,13.475935468941987,0.7129149075014125,0.39973059567083713,0.19433335747706587,0.04619005589879376,0.09265263386751281,3.628644341538213,0.9737664708148766,-4,vae_197,synthetic_vae_197,1,vae
72156.9242935028,0.7036237638624386,6556,27.45995423340961,0.06192800488102502,0.17313291027868283,0.9665542975685246,11.79305031234218,14.029059894134383,0.7404069561373627,0.4096964731203466,0.18133236240230272,0.053538743136058574,0.021329809107093794,2.13012781292779,0.9737618538296551,-4,vae_198,synthetic_vae_198,1,vae
82085.40913712716,0.7165420957514687,7356,24.472739632902787,0.04594888526373029,0.16983356636907754,0.9661582112896089,15.20381723259175,13.73687722091258,0.7193051600285778,0.403361092553414,0.19756234648666748,0.05084284937466014,0.14185343744170514,2.8331393641876605,0.9728219370233004,-4,vae_199,synthetic_vae_199,1,vae
74165.35494859629,0.7052235184306553,6900,26.081750978402667,0.04768115942028985,0.16968713932525348,0.9628746013410815,15.20381723259175,13.431671989402092,0.7136239932802732,0.4002404548016199,0.18804685771091184,0.05202898550724638,0.06576037112464216,3.00594034763008,0.9740307204761047,-4,vae_200,synthetic_vae_200,1,vae
69362.58999255483,0.6886599653253916,6478,26.740003087849313,0.05866008027168879,0.16961593181632165,0.9008926861321914,8.966814877126183,13.093528283505593,0.7070629468164805,0.4094822578189254,0.18213008353293753,0.051867860450756406,0.08532162645656256,2.188500646099348,0.9752283170000184,-4,vae_201,synthetic_vae_201,1,vae
88359.81508919159,0.7542104316805537,7541,23.871883289124668,0.050789020023869515,0.15792050455685167,1.172005720089745,15.20381723259175,16.722294361933926,0.7612473360276161,0.38303466403701775,0.16932427464326752,0.04986076117225832,0.0011083992855810906,2.827326217033595,0.9722423269641822,-4,vae_202,synthetic_vae_202,1,vae
81548.31142680433,0.7571473324276012,6925,25.995956094742922,0.047797833935018054,0.15781408281786902,1.0139452349099007,15.20381723259175,14.585901893965904,0.7685237732472,0.3928000936182119,0.159435490834979,0.04505415162454874,0.08958402876244911,2.8136944586016517,0.9708013440158061,-4,vae_203,synthetic_vae_203,1,vae
80943.37178293103,0.7016085121039488,7472,24.09235711417481,0.050455032119914346,0.17394203410783024,1.0063574963297102,12.160015052834554,14.462562326272502,0.7028803094941967,0.4106710536123233,0.19186909396389723,0.05179336188436831,0.03757565050856909,2.249661036339737,0.9720284870477468,-4,vae_204,synthetic_vae_204,1,vae
89760.19823008764,0.7720046727184864,7543,23.855210819411298,0.046533209598303066,0.16518783199909126,1.1477759534834127,11.732101893895635,16.41806919820804,0.7613028995379223,0.4018287609052207,0.16600368118316847,0.047726368818772374,0.1762350429965465,2.309298715780992,0.9698310462223688,-4,vae_205,synthetic_vae_205,1,vae
75719.77335051513,0.6746957537593874,7287,23.91229755695855,0.07259503224921092,0.17772381341144472,1.008195200194316,11.732101893895635,14.51452996423729,0.730668032189001,0.397596258413254,0.18938288532155775,0.052833813640730067,0.15747421556557972,2.3541399650393537,0.9705315471308134,-4,vae_206,synthetic_vae_206,1,vae
76300.56118897005,0.6731774861271986,7329,24.562227074235807,0.05512348205757948,0.16988369918645094,0.8985845989617847,15.20381723259175,12.694375001715198,0.7085300580475941,0.3994786016130343,0.20753296518368197,0.05321326238231682,0.030881414051109113,2.9123243162015866,0.9712417397418982,-4,vae_207,synthetic_vae_207,1,vae
89698.72286272547,0.7695239019730492,7543,23.85149827631928,0.05263157894736842,0.16617061112455334,1.1214825021004495,13.870214573910694,15.858464403012402,0.7288351335830655,0.4035079914503844,0.16799961022358714,0.047726368818772374,0.07261816052603617,2.1906349985596782,0.9748591308072545,-4,vae_208,synthetic_vae_208,1,vae
81544.74244430655,0.6942516772968796,7673,23.45698644421272,0.06516356053694775,0.177789138939993,1.0657986170675597,13.870214573910694,14.995631579664028,0.7213364105562307,0.39772984195337924,0.1890846344345834,0.054607063729962206,0.06830933568199167,2.2481314017588754,0.9718599726481121,-4,vae_209,synthetic_vae_209,1,vae
70081.51468733767,0.6323478112408712,7031,25.60284495021337,0.06585123026596501,0.17072495560269732,0.925177665550539,15.20381723259175,13.37612049389025,0.7106674062325818,0.3905005960942245,0.21761138332741498,0.04864172948371498,0.18422946038648566,3.1301028067289436,0.9718534270097028,-4,vae_210,synthetic_vae_210,1,vae
82599.8155966364,0.7635115521459952,7048,25.542216546047964,0.041004540295119185,0.15545023954263515,1.083492097918059,13.870214573910694,15.212913043224244,0.7370564203582746,0.3905431939006506,0.15942215544983254,0.0438422247446084,0.09643512850735556,2.269904112115825,0.9731980478836548,-4,vae_211,synthetic_vae_211,1,vae
86797.4881822041,0.7398370105955275,7544,23.863449555879622,0.05448038176033934,0.1706009365776517,1.0484891855757863,12.160015052834554,15.049050195350155,0.7363485504849231,0.411259183681369,0.1750047487251475,0.04904559915164369,0.12577703792315367,2.163699735571617,0.9685591899108076,-4,vae_212,synthetic_vae_212,1,vae
78822.53730152013,0.7640419463590417,6720,26.78806369995535,0.05193452380952381,0.16230199159605493,1.1109587094540714,15.20381723259175,15.38193781486381,0.7328426730576586,0.3885328124083137,0.17713340811638428,0.04851190476190476,0.009406463205148773,2.7982910875609592,0.9711220592317831,-4,vae_213,synthetic_vae_213,1,vae
78029.76387031926,0.6863313058636503,7301,24.64835616438356,0.06149842487330503,0.16385262992570243,0.9945816071434657,15.20381723259175,14.278686588271489,0.7100415947630174,0.3915293482017602,0.1771561264071092,0.0475277359265854,0.1306217480097279,2.9711956587106836,0.9717873134114547,-4,vae_214,synthetic_vae_214,1,vae
68030.41030164524,0.7317285195157789,5966,30.174350377200334,0.052463962453905465,0.1733274859428217,1.0160746793803548,12.160015052834554,14.629906088424397,0.7144246672779967,0.40931642410295593,0.17400308752679244,0.0519611129735166,0.06938133757138953,2.0764125677354155,0.9749849839950926,-4,vae_215,synthetic_vae_215,1,vae
85514.02661967072,0.7489422284376895,7387,24.176279447603573,0.05293082442128063,0.1672140283039805,1.095436202511994,13.870214573910694,15.400213021407287,0.7293377397286479,0.38695355634816997,0.18984715530166987,0.0492757547042101,-0.05079810892383626,2.215172343918071,0.9712679957621253,-4,vae_216,synthetic_vae_216,1,vae
86691.3869753065,0.7503550212995251,7418,24.267898071996765,0.041925047182528985,0.15999662743698942,0.9516404377270015,12.160015052834554,13.784313574153703,0.7254842955105398,0.3955625227618596,0.17548925113592426,0.04408196279320572,0.1479250810044786,2.0699119400185766,0.9732707484231216,-4,vae_217,synthetic_vae_217,1,vae
77263.68245150876,0.7172382031019311,6938,25.924607178895776,0.072211011818968,0.1713992691084509,0.9796571470517507,15.20381723259175,14.002532977780632,0.6951530159382155,0.4070315746398978,0.17552500467526455,0.049582012107235514,0.12035433195693758,2.925935540145286,0.9723736459142096,-4,vae_218,synthetic_vae_218,1,vae
78308.51466942807,0.6971602920395066,7285,24.411175178473368,0.06341798215511325,0.16505903902189578,1.0725747611643517,11.79305031234218,15.315907082206198,0.7046431584868533,0.39551521612251084,0.15866284498028224,0.051338366506520246,0.026984172234582295,2.153535755840774,0.974556717038345,-4,vae_219,synthetic_vae_219,1,vae
80292.63759868496,0.7498633493655101,6912,26.04427723918391,0.049623842592592594,0.1508491465144481,1.057712184612569,15.20381723259175,14.974220400992486,0.7362691717906943,0.37686416039357645,0.15849283885531532,0.04369212962962963,0.13053604174295233,2.8551185055506085,0.9723244975719676,-4,vae_220,synthetic_vae_220,1,vae
69290.75939932896,0.62194101666767,7182,25.065589750731096,0.07560568086883876,0.16369699525998924,0.857516262937961,8.966814877126183,12.452857156260876,0.7051711600252573,0.3942159133703201,0.1867166917299925,0.05012531328320802,-0.04643875086365344,2.254372354886982,0.9747668217344136,-4,vae_221,synthetic_vae_221,1,vae
66241.14052217227,0.6909240738987321,6227,28.90957275939608,0.06873293720892885,0.16315696894656284,1.0349873446798648,15.20381723259175,14.373013492297963,0.6963477060484923,0.38763723144270007,0.15343925458596366,0.04817729243616509,0.059915510065432775,3.017023719930442,0.9714256695051435,-4,vae_222,synthetic_vae_222,1,vae
74474.13084257755,0.7395965475835837,6532,27.55994487827285,0.049448867115737906,0.17306066478967358,0.9998734293699325,15.20381723259175,14.139587607791224,0.7299602435476634,0.40791387077850116,0.1927912432323998,0.05067360685854256,-0.05788121218035594,2.759087910231698,0.9729362916739464,-4,vae_223,synthetic_vae_223,1,vae
85396.25995622619,0.7182514912212006,7690,23.40928599297698,0.050455136540962287,0.17219325869230453,1.070619980257217,15.20381723259175,15.14654746521559,0.7204643930014535,0.39863045593513685,0.19923156249781435,0.05201560468140442,0.09582355886331756,2.889366635757487,0.9727306542620182,-4,vae_224,synthetic_vae_224,1,vae
90474.72377031288,0.7344355433843737,8004,22.476321379482695,0.051974012993503245,0.16850137082044558,1.0881327869024953,13.870214573910694,15.370508472469352,0.7100890563392184,0.38824156635672913,0.1925106922876873,0.04810094952523738,0.014283671927617111,2.1372396916037713,0.9734002365139189,-4,vae_225,synthetic_vae_225,1,vae
84879.00081357552,0.7163290725786501,7662,23.487012139407387,0.04946489167319238,0.16270833916385546,0.979899841515793,15.20381723259175,13.925036114144097,0.732539145713601,0.38909874700435915,0.16448029770406777,0.04515792221352127,0.20595473264501502,2.804577899447383,0.9752272031207863,-4,vae_226,synthetic_vae_226,1,vae
71690.57284162972,0.6544237265832328,7182,24.33240495752681,0.06766917293233082,0.17429446304475546,0.8653070366640914,15.20381723259175,11.699190312522118,0.7246937923467223,0.4042385839133673,0.19315386113171262,0.05332776385407964,0.14277529399239774,2.8666984775015383,0.9746000768467749,-4,vae_227,synthetic_vae_227,1,vae
68678.79088531632,0.6858718598179392,6467,27.836838849365915,0.05365702798824803,0.15826668925545073,0.9759619702965228,13.870214573910694,13.94350571451939,0.7154049852612316,0.3912812318614263,0.18198609784295364,0.042523581258698005,0.1587004656920579,2.099249623014745,0.9707739350640956,-4,vae_228,synthetic_vae_228,1,vae
72445.38077914726,0.6840711351306948,6816,26.412179016874543,0.0619131455399061,0.17839068421720258,1.0257378866851297,12.160015052834554,14.644944933081785,0.7205768679914892,0.41250859096076103,0.17575238831373427,0.05619131455399061,0.17518586471248934,2.1983374759135543,0.970907485191972,-4,vae_229,synthetic_vae_229,1,vae
78857.04130018273,0.6740090510207273,7559,23.813045779306695,0.05423997883317899,0.17854562262104864,0.9120446319845679,11.066097657508621,13.127624887237506,0.6971099266414623,0.4205317131763665,0.21015591742320897,0.05701812409048816,0.08406565846045978,2.097625805664796,0.9719212223259497,-4,vae_230,synthetic_vae_230,1,vae
74736.41900548077,0.6930268320935185,6971,25.82496413199426,0.04389614115621862,0.1515398673023878,0.9820588786470303,15.20381723259175,13.790211978398778,0.769225911221065,0.3835043424046552,0.16558962479704875,0.04317888394778367,0.061839660059190914,2.8882476294955497,0.9738862270448857,-4,vae_231,synthetic_vae_231,1,vae
74205.00805012816,0.7426522317977939,6470,27.82052867522028,0.05564142194744977,0.16508126743508753,1.0385335021925057,13.870214573910694,14.834156628340416,0.7375285552043432,0.39503747926167687,0.17504411343977594,0.04683153013910356,0.06264237275611365,2.155850501290857,0.9747982504168862,-4,vae_232,synthetic_vae_232,1,vae
84925.20014380991,0.7624873826307659,7186,25.05247042449548,0.0644308377400501,0.17205218269057024,1.1241220765506492,12.160015052834554,16.132870067175205,0.74595027091928,0.41990821126659167,0.15974599002457351,0.05218480378513777,0.1575954166976222,2.204810727918724,0.9713955042354099,-4,vae_233,synthetic_vae_233,1,vae
81608.47931889913,0.6969240502845875,7621,23.622178477690287,0.07190657394042776,0.1813291816624769,1.0445608299243831,13.870214573910694,14.69605123493351,0.6967770747654689,0.4159279857465068,0.17748547098790407,0.05629182521978743,0.16798656838271728,2.2197212010243623,0.9732094556060509,-4,vae_234,synthetic_vae_234,1,vae
72247.9928340184,0.6697772660279262,6962,25.858784657376813,0.06765297328353921,0.16158560750351159,0.9351100184819501,11.066097657508621,13.468387666220847,0.7434343962651093,0.3692606848266906,0.17877063361938833,0.04926745188164321,0.06573074045838932,2.1493835506938845,0.9730726167631307,-4,vae_235,synthetic_vae_235,1,vae
75341.69206861229,0.7088645006599767,6900,26.090882736628497,0.056956521739130433,0.15740249408395515,0.9831707786862327,13.870214573910694,13.970104957761222,0.7451234654369557,0.38137339983618257,0.17453765285476458,0.04391304347826087,0.08349450918336761,2.15187064014076,0.9746661239868881,-4,vae_236,synthetic_vae_236,1,vae
89131.16413657184,0.7550547071308225,7631,23.589908256880733,0.04416197090813786,0.15906987223763713,0.994061722043407,11.066097657508621,14.313257108375486,0.7692094293555699,0.3792542250789831,0.1908329882899914,0.046782859389332986,0.11823954632990526,2.0384114726147375,0.97290684772303,-4,vae_237,synthetic_vae_237,1,vae
89208.12168349462,0.7705814377002879,7528,23.913511359107215,0.049681190223166846,0.17118394377121246,1.0473126123281944,15.20381723259175,14.604767964386177,0.6929132593410368,0.4068846259497303,0.18498343576756,0.05114240170031881,0.05149713761987617,2.674943561709054,0.9755664503334156,-4,vae_238,synthetic_vae_238,1,vae
73678.87881997152,0.6421745789621977,7403,24.315725479600108,0.06348777522625962,0.17106565212038347,0.8921030339434753,12.160015052834554,12.757051803382177,0.6935620378812267,0.3875784739435064,0.19478959933248066,0.05065513980818587,0.12173168057512308,2.1017238266690215,0.9762991880201313,-4,vae_239,synthetic_vae_239,1,vae
81792.1602451614,0.7062878332204733,7483,24.057604918470997,0.0608044901777362,0.1668530609873444,1.0576627834859618,15.20381723259175,14.851375432191876,0.7058690737433448,0.3870093808134546,0.17342561752084412,0.04971268207937993,0.23376324430882928,2.8835150299133328,0.9730776433307774,-4,vae_240,synthetic_vae_240,1,vae
78952.76380603545,0.6684523578106022,7599,23.689786785996315,0.058560336886432425,0.17599979797461857,0.9699433413007207,13.870214573910694,13.937181286007783,0.7023757952455567,0.4030813165066421,0.18281506552208954,0.054480852743782074,0.045780834928679626,2.2090738783513983,0.9710435132398912,-4,vae_241,synthetic_vae_241,1,vae
80779.9904656831,0.7915438357963339,6652,27.06269733874605,0.05306674684305472,0.1715111598507011,1.2282923935543686,13.870214573910694,17.271023234393994,0.752997499498836,0.39421736341322133,0.18677168499865088,0.05141310883944678,0.07102268518574659,2.326525080882848,0.9719119292659827,-4,vae_242,synthetic_vae_242,1,vae
72938.17894323036,0.7037554088586375,6762,25.619730809051916,0.05205560485063591,0.1768148451035409,1.0597060455551104,15.20381723259175,14.981245839450883,0.6628114963833659,0.41878614795641056,0.1690351375329983,0.05368234250221828,0.11071633315762512,2.902575706249431,0.9727555079813412,-4,vae_243,synthetic_vae_243,1,vae
80907.79278774126,0.7071448259343605,7373,24.416440586001084,0.0653736606537366,0.1692989031255459,0.9724625052905764,13.870214573910694,13.883642946841753,0.7461836184913255,0.39989380760718063,0.1935228554025173,0.0531669605316696,0.11111986127986145,2.1020013515123392,0.9744320662940559,-4,vae_244,synthetic_vae_244,1,vae
82341.78362900038,0.7893542397221949,6770,26.591520165460185,0.05701624815361891,0.1741095911196644,1.1345200001297724,13.870214573910694,15.98958896730042,0.6992377659151126,0.40497444252413656,0.1727158634377027,0.04933530280649926,0.06612390152019926,2.1402039383476334,0.9742399431187381,-4,vae_245,synthetic_vae_245,1,vae
97848.16366589753,0.7787112989760892,8122,22.164511759635513,0.042846589509972915,0.15986072861162604,1.0946074822326046,12.160015052834554,15.856044738601781,0.749421775426614,0.38809129547944726,0.16038571068969298,0.0459246491012066,0.1751797059164495,2.214162905874167,0.9715119858702469,-4,vae_246,synthetic_vae_246,1,vae
75562.8924118127,0.7163616757539303,6903,25.998406259055347,0.04997827031725337,0.16724809281386963,1.0673575764668704,13.870214573910694,14.921850136572614,0.7134694882045138,0.3988290624369846,0.1788986168153954,0.05200637404027234,0.13672785945560312,2.1691743655745106,0.9701385690846435,-4,vae_247,synthetic_vae_247,1,vae
83500.98047948883,0.6916317059310868,7790,23.109256643985105,0.056354300385109114,0.1723529421374678,0.9913517941868554,15.20381723259175,13.747579445154946,0.7120420927399901,0.3995713241475591,0.19853567403252026,0.053530166880616174,0.05712909832641116,3.345657760327812,0.9749911322028242,-4,vae_248,synthetic_vae_248,1,vae
83024.72810969132,0.7721624785784792,6968,25.83536672886465,0.037743972445464985,0.16919352148782246,1.103091072165434,12.160015052834554,15.657454702059695,0.714676271771816,0.4141666774631349,0.17378410073496653,0.04807692307692308,0.13948826529662278,2.1118238269144087,0.9718515085736494,-4,vae_249,synthetic_vae_249,1,vae
86298.79993057542,0.7714655568073524,7293,23.825562260010972,0.053475935828877004,0.1584135511202518,1.14203366633842,15.20381723259175,16.092960393668402,0.7751904978596339,0.38110656728847364,0.16385267856766397,0.04524886877828054,0.22955802999889638,2.7854787858262737,0.9732335157417682,-4,vae_250,synthetic_vae_250,1,vae
76293.70590854043,0.7426408516851021,6679,26.953878406708597,0.0567450217098368,0.1833129077461432,1.0258223732308598,15.20381723259175,14.442848039194988,0.6735682093061098,0.44247177273394084,0.1887990761253383,0.054050007486150624,0.06966634333949069,2.7943858414425606,0.9745668535107956,-4,vae_251,synthetic_vae_251,1,vae
82783.4955642624,0.7132478497470075,7502,23.484602053059593,0.05278592375366569,0.16005160785852637,1.0612911110962693,12.160015052834554,15.169341154367938,0.703391694016173,0.3847493643100089,0.1547261165224489,0.049586776859504134,0.04719250123373088,2.1682474847057374,0.9720478290552624,-4,vae_252,synthetic_vae_252,1,vae
67619.69252908182,0.6656250863300953,6546,27.501451489686783,0.049801405438435684,0.16862454632845406,0.9718416599460991,15.20381723259175,13.693635964796618,0.6920509723826468,0.4070847366987616,0.19182294110130152,0.04674610449129239,0.11562977702373625,3.098426240370154,0.9744551727842111,-4,vae_253,synthetic_vae_253,1,vae
86544.48540193314,0.7607256418830171,7433,24.219187298170077,0.05139243912283062,0.16525830963077554,1.0854748243438936,11.732101893895635,15.278275177610388,0.7136899308051138,0.3913346359547838,0.18047343728863796,0.04641463742768734,0.20677420218413808,2.212783201392738,0.9698053839586447,-4,vae_254,synthetic_vae_254,1,vae
84136.8484766134,0.7568201355974663,7260,24.79280892684943,0.05550964187327824,0.14972386441462684,1.0178982555939458,13.870214573910694,14.069489301366852,0.7465727025451591,0.3889696645323053,0.15300576387792433,0.04269972451790634,-0.0015169906541340798,2.273185050573563,0.9758476444090701,-4,vae_255,synthetic_vae_255,1,vae
80834.62203686542,0.7584058722682865,6857,26.252625437572927,0.042146711389820624,0.17007106994726773,1.0624994858880528,13.870214573910694,15.002737933811677,0.7164004610505901,0.4174877468069231,0.19509465901095494,0.049584366340965434,-0.025085867683912886,2.098628777578332,0.9743649460683161,-4,vae_256,synthetic_vae_256,1,vae
82309.57942291404,0.7793480774157925,6871,26.191848617176127,0.0633095619269393,0.15995697262296715,1.1306696505117908,13.870214573910694,15.872243170924387,0.7421771259934719,0.404103845844884,0.1474369511160612,0.045262698297191095,0.021153402797216694,2.145301850576442,0.973986774435984,-4,vae_257,synthetic_vae_257,1,vae
91224.53248244236,0.8209805310969764,7124,25.267583883195282,0.05446378439079169,0.17694413814488325,1.1433477755008699,15.20381723259175,16.364028251030273,0.7166215175811371,0.432013296958145,0.1692950644015796,0.055446378439079166,0.20737803148963438,2.659708035366409,0.9692714161396662,-4,vae_258,synthetic_vae_258,1,vae
84703.96471892823,0.7397081275026499,7404,24.314872349047683,0.05672609400324149,0.17354467092071563,1.0543985660329176,11.732101893895635,15.076093317740474,0.7166807343965074,0.40656117405384457,0.17332082714015296,0.04740680713128039,0.20855681486199715,2.074710409697512,0.9703513126906099,-4,vae_259,synthetic_vae_259,1,vae
87532.58409893741,0.7350837079130081,7699,23.38165757339569,0.04883751136511235,0.15784798441991343,1.0186531775876684,11.79305031234218,14.522888416384522,0.7363918548495886,0.3828111135654925,0.17457479772385018,0.0461098844005715,0.04840986079570907,2.1602769721916757,0.9722221373223263,-4,vae_260,synthetic_vae_260,1,vae
68534.5912223659,0.620308227666074,7145,25.195548712206048,0.06675997200839748,0.16672772159589205,0.8679055463166179,15.20381723259175,12.30876585384455,0.7458103388347077,0.39267147704016325,0.2010301569273446,0.051504548635409375,0.03528369840238612,3.0542917393745266,0.9718622717685563,-4,vae_261,synthetic_vae_261,1,vae
79022.30599448629,0.7422731524723544,6878,26.174494692453106,0.05888339633614423,0.16457398047039484,1.0324935640410362,13.870214573910694,14.692195758391337,0.7416421140119284,0.3899117791123209,0.17797800533026809,0.050305321314335565,0.05900555119318427,2.058206885109775,0.9718956625584967,-4,vae_262,synthetic_vae_262,1,vae
83685.20088820848,0.772578106198198,7045,25.551817149346963,0.059048970901348474,0.17717818838966243,1.0759075743974518,15.20381723259175,15.122528073779888,0.7192986763821788,0.4085949575534111,0.17692345605650292,0.05237757274662881,0.07813708820110353,2.7778514641784025,0.9723809631306652,-4,vae_263,synthetic_vae_263,1,vae
85275.32126779702,0.7506363017399655,7370,24.42692359886009,0.05739484396200814,0.18585799526286062,1.1579876207939528,15.20381723259175,16.50645038102278,0.720360164431942,0.4204435792297049,0.17668650483793066,0.05780189959294437,0.16434102689067445,2.844415645203658,0.9700274942358176,-4,vae_264,synthetic_vae_264,1,vae
73187.35678897036,0.7098696618444866,6715,26.809949359547215,0.04929262844378258,0.16847014383937,1.0510464854620865,15.20381723259175,14.741443622392005,0.7035016655169254,0.39020990565902747,0.19975630123376392,0.04973938942665674,0.10781379975203932,2.9501500672060996,0.9709713880138844,-4,vae_265,synthetic_vae_265,1,vae
87088.50167483056,0.77843108783874,7354,24.47953216374269,0.04324177318466141,0.1695926805032062,1.0747719352949845,15.20381723259175,14.665774704718237,0.7163905599491477,0.40827841975515516,0.18920161656179307,0.049496872450367144,0.1422635112600009,3.1304957750321414,0.9739545694087755,-4,vae_266,synthetic_vae_266,1,vae
78131.54817046868,0.6965380989255767,7272,24.702929445743365,0.06091859185918592,0.17023612233213634,1.0826187381580454,15.20381723259175,15.343177466620073,0.7500551181943191,0.40499036021987855,0.16435160266656856,0.04799229922992299,0.0063113247681400465,2.9113218131082763,0.9720216406612905,-4,vae_267,synthetic_vae_267,1,vae
98422.69518279686,0.8230784550597777,7654,23.519665490657257,0.035798275411549514,0.16411767302116226,1.2031377311299147,13.870214573910694,17.39642089380023,0.7638724222598328,0.39755716550785597,0.1649423703385411,0.04611967598641233,0.15022249306461066,2.175481864593125,0.9697668744867896,-4,vae_268,synthetic_vae_268,1,vae
84360.58903059881,0.7330249047347935,7451,24.16040268456376,0.04643671990336867,0.16827449039333858,1.0628137266091096,13.870214573910694,15.126281280729271,0.7242763841192604,0.38211967897390375,0.1742772878171039,0.04938934371225339,0.1065773033786665,2.187000264193179,0.9728804423812176,-4,vae_269,synthetic_vae_269,1,vae
84569.37284570825,0.7383230187024714,7345,24.506263616557735,0.051599727705922395,0.15773653952242042,1.0556026491229462,13.870214573910694,15.20168214779732,0.7326078728024225,0.37988896075437484,0.18380724855479583,0.04452008168822328,0.0138349082571044,2.1906043333375607,0.974491862618415,-4,vae_270,synthetic_vae_270,1,vae
81324.98890521581,0.7496509036466666,7027,25.619555935098205,0.061192543048242495,0.17126797063823768,1.1063038412817388,13.870214573910694,15.728619365109411,0.7541564540737974,0.40550930752590664,0.16183353737696476,0.048954034438593995,0.01814304870563563,2.071752729203047,0.9751358506387066,-4,vae_271,synthetic_vae_271,1,vae
83283.58688147966,0.7060509670226462,7712,23.342368045649074,0.06314834024896265,0.17004493815678473,0.9569953320996056,11.066097657508621,13.594630064585361,0.7193315864799802,0.396686917772671,0.18434505211917337,0.0487551867219917,0.11463240737232992,2.1288375631637475,0.97543016129955,-4,vae_272,synthetic_vae_272,1,vae
82699.04998891274,0.7098767405150672,7447,24.17297878055332,0.06700684839532697,0.17499344804996958,0.980013679634803,11.066097657508621,14.221965272177336,0.7049308977189981,0.4106709354634845,0.1675560232507441,0.050892977037733315,0.1918584875137835,2.184019586617483,0.9724820063976584,-4,vae_273,synthetic_vae_273,1,vae
78840.5800963406,0.737105682721451,6826,26.374065934065936,0.05772048051567536,0.17797628747103444,1.1181724301557796,12.160015052834554,16.256785231624495,0.712219331092442,0.41203066007487843,0.18197933032905284,0.0523000292997363,0.12983371540647617,2.317925107282307,0.9704360407422523,-4,vae_274,synthetic_vae_274,1,vae
80129.27717583645,0.8063257811510088,6520,27.604080380426446,0.05598159509202454,0.17561103061031147,1.1247273654792047,12.160015052834554,15.616072913367791,0.7438028690274724,0.41018748608861416,0.1941305561118195,0.052607361963190186,0.1804875560100684,2.1185415864731114,0.9719180742884219,-4,vae_275,synthetic_vae_275,1,vae
72095.63908006024,0.7163421258726748,6555,27.01617332926457,0.04988558352402746,0.16903423286010302,0.9634195405405316,10.22944256825957,13.732513125654975,0.7033783666515789,0.3779544823163934,0.21314716483184948,0.04820747520976354,0.09769010133265359,2.0230276586832483,0.9745296862147417,-4,vae_276,synthetic_vae_276,1,vae
72216.86131315233,0.727864989973291,6503,27.68363580436789,0.05551284022758727,0.17204168366762523,1.1028864467125772,15.20381723259175,14.83265553481228,0.7235975203648023,0.40231683001559027,0.19700622925384997,0.05013070890358296,0.02506407867749421,3.402218284900193,0.9750952064002185,-4,vae_277,synthetic_vae_277,1,vae
82887.92724054426,0.7348219371915595,7230,24.898741181352886,0.04937759336099585,0.16413058553357576,0.9829277777176383,12.160015052834554,14.205205767988058,0.7244948978881594,0.39202954005058943,0.18268345093915248,0.04674965421853389,0.0918617560634276,2.0710769538357363,0.9744660123334864,-4,vae_278,synthetic_vae_278,1,vae
74258.33217523918,0.6920707160483688,6990,25.58806696236944,0.04449213161659513,0.16463696541603037,0.9463468396138882,15.20381723259175,13.235648640595048,0.7098461161288226,0.37726637575344035,0.20763120930672496,0.04949928469241774,0.049842905461743185,2.924128152654857,0.9739044243249659,-4,vae_279,synthetic_vae_279,1,vae
75280.84008740778,0.6652504135844445,7360,24.360239162929744,0.07404891304347826,0.1732648097353231,0.9882853653269859,15.20381723259175,13.963347071777653,0.7158205806222222,0.4006046506301699,0.16778162944569328,0.053125,0.20362203367650292,3.0243430322499454,0.9719825253498022,-4,vae_280,synthetic_vae_280,1,vae
78034.16156242054,0.7575108822174442,6739,26.714455327990503,0.0520848790621754,0.16164318839274433,1.0274604346326108,15.20381723259175,14.113791068512477,0.7015922326378621,0.3946824863973736,0.17328119231223535,0.047039620121679775,0.03888100900133482,2.8413504367892215,0.9738400718462819,-4,vae_281,synthetic_vae_281,1,vae
77616.36378209299,0.669928313256233,7489,24.037126068376068,0.07263987181199091,0.18112267414790176,0.9974556355441484,11.79305031234218,14.244883885790427,0.7194646474987852,0.4078369977167857,0.18924073722973522,0.05568166644411804,0.031645427377313295,2.162301468504792,0.9739303360868437,-4,vae_282,synthetic_vae_282,1,vae
71542.40023533063,0.7268385083725336,6399,28.13004063769928,0.05297702766057196,0.16092836104249011,1.09928129674169,15.20381723259175,15.289681616005357,0.7401625129827201,0.38638889839987484,0.1726796838414045,0.04531958118456009,0.0017184153826685273,2.879854695239499,0.9717746285349955,-4,vae_283,synthetic_vae_283,1,vae
90784.91124375432,0.7468972383287044,7805,23.065351101998974,0.045227418321588726,0.16602382947605354,0.9483389749175881,10.22944256825957,14.06183902802546,0.7295859979527352,0.40249249695144385,0.1883310544208624,0.04766175528507367,0.2226140583915957,2.1394729655102975,0.9718492072891625,-4,vae_284,synthetic_vae_284,1,vae
70598.92959238827,0.717226124029864,6334,28.410547923574924,0.06094095358383328,0.1785650034712334,0.9832485906587992,15.20381723259175,14.272749269702565,0.7407391749060759,0.4019579554018304,0.20479143475799058,0.05004736343542785,0.10819653909731784,2.8485509972894385,0.9741694616837167,-4,vae_285,synthetic_vae_285,1,vae
68059.63865894379,0.6320300467209832,6922,26.00780234070221,0.06009823750361167,0.16690165266383836,0.9444175705912986,11.79305031234218,13.522944252132023,0.7000437828992409,0.3924677619733067,0.1922831747203214,0.052152557064432246,0.10023549056710009,2.2667311896105176,0.9720009910741274,-4,vae_286,synthetic_vae_286,1,vae
80181.25420293584,0.6829240633952197,7589,23.72074327886136,0.06562129397812623,0.16916528524312657,1.05684831292618,15.20381723259175,14.813050640944644,0.7126294258712218,0.37758573317858285,0.17924446929962734,0.051390169982869945,0.09577503541064264,3.4067192964893382,0.9720943536753625,-4,vae_287,synthetic_vae_287,1,vae
86060.67092036537,0.7616368822846775,7253,24.81949806949807,0.04025920308837722,0.17822375954908135,1.0052554861394138,9.771453483263416,14.506824668306617,0.7230722312388694,0.4015820263448696,0.2118089128907298,0.05377085343995588,0.10026504769640757,2.0221876587949987,0.9721923124869777,-4,vae_288,synthetic_vae_288,1,vae
102612.18924535537,0.8069497754111792,8275,21.75416968817984,0.05148036253776435,0.17758417868593357,1.165600270029739,15.20381723259175,16.598167186945425,0.6761491757951901,0.41244213665970003,0.17823292462171636,0.0518429003021148,0.09735798716770602,2.6512216642035074,0.9714602089114701,-4,vae_289,synthetic_vae_289,1,vae
77071.28704400685,0.7086249985960795,6983,25.371670008593526,0.0413862236860948,0.15953909817205292,0.9000387184279874,10.22944256825957,12.832015969545933,0.7217283278929155,0.3909297573749839,0.17361463271607325,0.0468280108835744,0.027044875747133972,1.9605488461701217,0.9727375090364823,-4,vae_290,synthetic_vae_290,1,vae
90123.3537829319,0.7920950792337021,7431,23.763795423956932,0.05369398465886153,0.15549942178192855,1.2724131747319911,13.870214573910694,17.92189235904069,0.7408505814451483,0.37694514815218494,0.15753964961887634,0.04548512986139147,0.018281553554501263,2.2969743217548055,0.9719225410267955,-4,vae_291,synthetic_vae_291,1,vae
93664.67392816694,0.7443956028969112,8166,22.044213104715247,0.053269654665687,0.1589537349078878,1.0884358976009563,15.20381723259175,15.11526373767964,0.7234271343094593,0.38341831449613045,0.1831209747282166,0.045432280186137645,0.04227212909222229,2.794095200636391,0.9741748343126007,-4,vae_292,synthetic_vae_292,1,vae
79698.73400929722,0.7012491506341173,7306,24.638603696098563,0.05529701615110868,0.16499954307930337,0.9886767639896666,11.732101893895635,14.43361260886374,0.6774660802819251,0.38775674058392634,0.18712042541753626,0.04995893785929373,0.13098168814986758,2.242588061121798,0.9704965884267069,-4,vae_293,synthetic_vae_293,1,vae
89354.25607095833,0.7896057255756923,7292,24.68714853929502,0.047723532638507954,0.16009799446132286,1.164692575867078,15.20381723259175,16.197718158769934,0.7291875596186383,0.3790187235717607,0.161629817534113,0.04648930334613275,-0.028538006415258697,3.183806072518353,0.9743531585125969,-4,vae_294,synthetic_vae_294,1,vae
73588.01602719605,0.769834324796974,6184,29.11175804625586,0.047056921086675293,0.1561293321536104,1.1596655825818498,13.870214573910694,16.26030479844493,0.686315636920762,0.3905494944302528,0.17051578505032658,0.04398447606727038,-0.0003034260236959957,2.2142662579472336,0.9748694737642387,-4,vae_295,synthetic_vae_295,1,vae
74023.39415802463,0.6744538056611498,7068,25.46540257535022,0.0520656479909451,0.16393397470478932,0.9740831515972109,11.732101893895635,14.056122357777559,0.6969267550308064,0.3931593412257656,0.17650583188076097,0.0466893039049236,0.2623516077396656,2.1553102080878115,0.9715853275679982,-4,vae_296,synthetic_vae_296,1,vae
78076.25592283806,0.6660728582357349,7533,23.89750398300584,0.06677286605602017,0.17582043105891676,0.968759713916575,13.870214573910694,13.900692013561656,0.7541627045922569,0.40213400611818223,0.1964097705988236,0.05163945307314483,0.0777341689201495,2.32244015603074,0.9719945917453297,-4,vae_297,synthetic_vae_297,1,vae
80951.81674421021,0.6951603371266983,7562,23.803729665388175,0.055144141761438774,0.1562482001880192,0.9392413619291459,15.20381723259175,13.213241644962668,0.7437754639673663,0.38122824375168096,0.16852492293082566,0.04575509124570219,0.08066615152935276,2.805124879865685,0.9721058768631436,-4,vae_298,synthetic_vae_298,1,vae
76058.63682736577,0.7633399189331733,6425,28.0186799501868,0.0446692607003891,0.1674321137407386,1.107114814595306,15.20381723259175,15.523319292755843,0.67445681096946,0.40909989258898,0.16824883352429787,0.04856031128404669,0.08701800151730187,2.8502316579780844,0.9753751030065183,-4,vae_299,synthetic_vae_299,1,vae
89554.09062039222,0.78088284600304,7451,24.155838926174496,0.06536035431485707,0.16901368387420038,1.132649811377648,12.160015052834554,15.985746909280524,0.7307317872467548,0.38779529754553405,0.1723024019130886,0.04710777076902429,0.07312501269741913,2.251005526116567,0.9747568330747298,-4,vae_300,synthetic_vae_300,1,vae
84402.73736873994,0.7066777159352664,7811,23.04583866837388,0.04928946357700679,0.16417857020344945,0.9628844633775097,15.20381723259175,13.494407037671046,0.6907068425125876,0.381916053644703,0.16598336928985022,0.05172193061067725,0.029201569447746174,2.7626746617617717,0.9735103247160956,-4,vae_301,synthetic_vae_301,1,vae
80545.17526800852,0.7286383626507172,7195,25.02043369474562,0.04892286309937457,0.17978948675828554,1.0367511438351187,11.732101893895635,14.67747571952992,0.7255896164387075,0.4211445230735385,0.18169993755407035,0.05656706045865184,0.12483933531306193,2.1469023044349287,0.9737639702597458,-4,vae_302,synthetic_vae_302,1,vae
69463.73699121899,0.6957596115093474,6483,27.75840789879667,0.055375597717106276,0.169893898318272,0.9836954433084346,13.870214573910694,13.675612426975645,0.7258299785646076,0.4019816113299651,0.19243283900277391,0.04905136510874595,-0.00670122249095478,2.1216428218360868,0.9737484754045358,-4,vae_303,synthetic_vae_303,1,vae
73283.45851909349,0.6901778352096481,6875,25.153040442246144,0.055127272727272726,0.16250475925164512,1.0082493946390554,13.870214573910694,14.42890599645034,0.736701543224669,0.39415000114873955,0.17408585821307743,0.04654545454545454,0.08131862252871051,2.2310667497228267,0.9705809575068587,-4,vae_304,synthetic_vae_304,1,vae
74659.04711470904,0.7058276377661378,6875,25.147948792551645,0.05105454545454546,0.163253157221736,0.9637751177266188,11.79305031234218,13.961791260675318,0.6946839953667837,0.398394271491057,0.17192746982830046,0.048,0.06221053084990014,2.090198876110031,0.9736939360914199,-4,vae_305,synthetic_vae_305,1,vae
63562.31458910853,0.686066564302754,5927,30.360107998650015,0.06343850177155391,0.1754647409619152,0.9778485611227627,15.20381723259175,13.95629494766811,0.6998837128635761,0.42147925554537125,0.16638958164183862,0.04639784039142905,0.10719347188646883,3.0141347753662155,0.9732945149194931,-4,vae_306,synthetic_vae_306,1,vae
85034.93370714218,0.7107908862661365,7805,23.06099436186571,0.05137732222934017,0.16205176523090223,1.0996209535189756,13.870214573910694,15.549996231025453,0.6907993136748031,0.3906709290171238,0.163780058157991,0.04535554131966688,0.008488152226295387,2.2251966549338436,0.9730257520524626,-4,vae_307,synthetic_vae_307,1,vae
72864.80930076068,0.7383321834436474,6338,28.403345431592236,0.035973493215525405,0.1758360248924452,1.0724767053769502,15.20381723259175,15.611119440648533,0.6826893845693884,0.4039420887777011,0.20665564727354072,0.05254023351214894,0.17852850522401725,2.8925362340750334,0.9664710016050294,-4,vae_308,synthetic_vae_308,1,vae
70086.07657797208,0.6971248999706308,6464,27.431223889834442,0.05631188118811881,0.17205877987484133,0.9714437397651894,10.22944256825957,14.170481391665158,0.7217700671706408,0.40935829947264735,0.19511998964335156,0.04733910891089109,0.15617018962766469,2.267930899448059,0.9724051570845771,-4,vae_309,synthetic_vae_309,1,vae
84612.65583578375,0.720420756376672,7566,23.793919365499008,0.05339677504625958,0.1619517607026573,0.9567936038155233,11.732101893895635,13.717845356897602,0.7309911515372013,0.3985864802999872,0.17228402159439055,0.048109965635738834,0.10040521638927864,2.019538985461239,0.9743687379592475,-4,vae_310,synthetic_vae_310,1,vae
85927.7964008498,0.7144028443345131,7812,23.044296504928948,0.04019457245263697,0.16210228866479132,0.9596403534436403,13.870214573910694,13.587282130246171,0.7010269044547458,0.3849631810695889,0.2033989282285043,0.047619047619047616,0.13783725051682674,2.0917935947846504,0.9740638196568747,-4,vae_311,synthetic_vae_311,1,vae
68386.85906929578,0.657827544121061,6717,26.157236450268016,0.06684531785023076,0.17410244764359026,0.9549035107260699,12.160015052834554,13.721477457339526,0.7116747904468046,0.4107322208323389,0.1774473174677261,0.05180884323358642,0.0682424938536002,2.1798090070323926,0.9734282717892733,-4,vae_312,synthetic_vae_312,1,vae
74999.59151954496,0.6728863294342766,7264,24.78025609252375,0.05093612334801762,0.16335353323445154,0.8864349167090222,10.22944256825957,12.818030696951276,0.7382967750083081,0.3908013828936691,0.1922195763006873,0.04776982378854625,0.16265616087606552,2.244995168239204,0.9736928122821604,-4,vae_313,synthetic_vae_313,1,vae
79423.81271207547,0.7765114038939072,6649,27.075361010830324,0.03955482027372537,0.16974687478703523,1.0724936444233735,13.870214573910694,15.304471501017824,0.7436465364669026,0.3985890720334564,0.19027259789072368,0.050985110542938784,-0.025586457976060274,2.077445723262981,0.9722271125768013,-4,vae_314,synthetic_vae_314,1,vae
86415.10942497599,0.7231721469202809,7772,23.160468408184276,0.06433350488934637,0.17799202028992298,1.0429087147507354,15.20381723259175,14.61311169503698,0.7220236849394954,0.3989339525566722,0.19518634132896281,0.05301080802882141,0.12640436954084952,2.7852397634888217,0.9700792690984693,-4,vae_315,synthetic_vae_315,1,vae
89267.73928322876,0.7788141687512011,7394,24.347761395915054,0.04963483905869624,0.16788825873835103,1.0845604172271581,12.160015052834554,15.578994637290947,0.7059349939009374,0.4141863972472341,0.16498901301018384,0.049499594265620776,0.12817621655140157,2.1890059601114236,0.9705882697990345,-4,vae_316,synthetic_vae_316,1,vae
76403.65674877762,0.7343415446579376,6729,26.750148632580263,0.047258136424431565,0.15498480210172141,1.0657727732749747,13.870214573910694,15.174864836908684,0.7221202631590528,0.38196569228998567,0.16242565809569878,0.0453262000297221,-0.013953711735176183,2.185350917731521,0.9731934336308059,-4,vae_317,synthetic_vae_317,1,vae
70102.38280826093,0.6890534044485461,6645,26.455599036724866,0.06139954853273138,0.16460929306085298,1.0218761417926199,15.20381723259175,13.669417013240368,0.7310972584149728,0.3975286733736262,0.15384024429061746,0.049360421369450715,0.09940469713611745,3.9546756092878685,0.9758095986496642,-4,vae_318,synthetic_vae_318,1,vae
78816.17214979223,0.717037163086932,7156,25.151781970649896,0.06036892118501956,0.1677402361469232,1.0363822425859202,15.20381723259175,14.632146190825503,0.711775994193513,0.4121932611334398,0.15826922829143433,0.0470933482392398,0.12032638726967473,2.849305156407968,0.972213351413322,-4,vae_319,synthetic_vae_319,1,vae
69283.23201858714,0.7353797371131804,6069,29.659030982201713,0.06656780359202505,0.17890944188586025,1.0694367931003284,11.732101893895635,15.411867168359937,0.7322373341177888,0.3951217121377404,0.19512498582402188,0.05239742956005932,0.0893805489633716,2.2801180125032143,0.9718371724226882,-4,vae_320,synthetic_vae_320,1,vae
66143.62981558012,0.6420678378074706,6616,27.20846560846561,0.05849455864570738,0.1720728437390108,0.9191202735533285,12.160015052834554,13.056611514232639,0.7179956846516375,0.4021981176276931,0.18601941938249986,0.05214631197097944,0.018433683830922996,2.03506688638838,0.9719443281377131,-4,vae_321,synthetic_vae_321,1,vae
98901.25747237426,0.787689806464898,8046,22.37414543194531,0.05456127268207805,0.17793812239534923,1.1621299286586493,15.20381723259175,16.80928422432902,0.7211953857475953,0.41530654846004933,0.18893000708226299,0.05145413870246085,0.18246849675384383,2.6846224093025355,0.9711680091152661,-4,vae_322,synthetic_vae_322,1,vae
85322.96408254124,0.7023611030786087,7915,22.737932777356583,0.048894504106127605,0.1559712082126924,1.0040284987866008,12.160015052834554,14.003351431658285,0.717613145424572,0.3829530985972473,0.17457179039820087,0.04674668351231838,0.04016785090787149,2.2083573474627274,0.9726070442327139,-4,vae_323,synthetic_vae_323,1,vae
81994.68466101089,0.7890384271205291,6667,27.003000300030003,0.04499775011249438,0.17790124306990118,1.1137564465037988,13.870214573910694,16.009498630817923,0.711460958861927,0.40158853074307244,0.20405438687175315,0.05234738263086846,0.15193214285443163,2.1684692632454583,0.9722027612298536,-4,vae_324,synthetic_vae_324,1,vae
80314.16681880117,0.8235016112123338,6274,28.67176789414953,0.05674211029646159,0.16933987933584202,1.1309429695847197,15.20381723259175,15.950256745131016,0.7330750989197953,0.4061008396635811,0.17289428643903793,0.047497609180745935,0.15234757003697447,2.6827648856417623,0.9715572444107534,-4,vae_325,synthetic_vae_325,1,vae
87647.8333798467,0.8465414271116789,6644,27.096040945356012,0.03717639975918122,0.1610120915754557,1.1663362398756676,12.160015052834554,16.91444639677062,0.691683369563427,0.39421280182030444,0.16535353868170147,0.045003010234798316,0.10195369459206563,2.1823083924211106,0.9679937997006665,-4,vae_326,synthetic_vae_326,1,vae
91127.76568379527,0.7963012996920783,7344,24.4703799536974,0.05228758169934641,0.17639240580476107,1.0801194727974133,12.160015052834554,15.59541572424047,0.7455145121494215,0.4027879872877534,0.1885042596454016,0.049836601307189546,0.14247062167807134,2.0914422499033973,0.9710091493379936,-4,vae_327,synthetic_vae_327,1,vae
89003.84935458907,0.7569170589861787,7587,23.726601634590033,0.04718597601159879,0.152427431423665,1.0966917322039986,13.870214573910694,15.640202318794262,0.7316220509796146,0.38323867016117735,0.1652239597772148,0.040595755898247,0.08144029935900157,2.1295942523746327,0.974422951749082,-4,vae_328,synthetic_vae_328,1,vae
74121.36676910416,0.6773822337187361,7095,24.500845785170565,0.06892177589852008,0.1729837389356059,0.9496997314790416,15.20381723259175,13.376625486120977,0.7142281036781049,0.409825203680716,0.18901076158962432,0.0525722339675828,0.1473260556632808,3.0313759857923563,0.9755260004541191,-4,vae_329,synthetic_vae_329,1,vae
92702.36044735677,0.7246560551824268,8222,21.895268215545553,0.06847482364388227,0.1724005948313986,1.0797502164418054,15.20381723259175,15.53900005151105,0.7329437577513008,0.4031587777662563,0.18402575939242155,0.04840671369496473,0.18195151592403183,2.9097914151743782,0.97279897153166,-4,vae_330,synthetic_vae_330,1,vae
84428.26866443575,0.7507456125791729,7251,24.827448275862068,0.04661426010205489,0.16864127103928472,1.0519278953779787,11.79305031234218,15.105087180426734,0.6952891892180626,0.40516412599244583,0.16668963416923022,0.05033788442973383,0.04123978706037283,2.191185566149253,0.973712335827121,-4,vae_331,synthetic_vae_331,1,vae
74816.46138928391,0.6846140288323027,7092,25.375123395853898,0.06359278059785674,0.18178648831052815,0.9512725363378622,13.870214573910694,13.45092431316421,0.7014007756622991,0.40806063281220534,0.23325887411373256,0.05527354765933446,0.07946197529752246,2.176679092509044,0.9744861492233952,-4,vae_332,synthetic_vae_332,1,vae
80861.30079758704,0.73999557970882,6988,25.756547874624303,0.04979965655409273,0.1778148924273071,1.0622117745083564,11.79305031234218,15.2811495565821,0.7215240114439319,0.4152948445946776,0.18332032877709406,0.05623926731539782,0.12334249172804754,2.1973895481307357,0.9723353147602136,-4,vae_333,synthetic_vae_333,1,vae
84958.55154838925,0.7301221188395451,7530,23.90609642714836,0.04687915006640106,0.16578337872322582,1.0223962319337505,11.732101893895635,14.631672666304897,0.7385433389718318,0.3872742062853097,0.19076066234525463,0.04820717131474104,0.07349350140831125,2.2488418358908415,0.9724212841683426,-4,vae_334,synthetic_vae_334,1,vae
79470.26300145483,0.7314999051889273,7101,25.334647887323943,0.05731587100408393,0.1687904206294902,1.057048902338496,15.20381723259175,14.668039204514097,0.7100958640365075,0.4081290441053966,0.15089285860893262,0.049429657794676805,0.10303080553300828,3.329433845858884,0.9717686419590403,-4,vae_335,synthetic_vae_335,1,vae
79822.56218104024,0.7884051803870521,6570,26.59704673466281,0.04490106544901065,0.16678732953835523,1.1638790556153211,11.79305031234218,16.606554333024185,0.727864056477769,0.3994470191151514,0.1668591805556796,0.04733637747336378,0.12479794234483386,2.0777166922409154,0.9719894800138608,-4,vae_336,synthetic_vae_336,1,vae
88231.71966314575,0.7717506595437549,7397,24.336533261222282,0.038799513316209275,0.17270857187271338,1.0718926626940255,13.870214573910694,15.342768974255897,0.6985816752974905,0.4237144076434698,0.16809048650354846,0.04961470866567527,0.03812772892146586,2.1549661916615848,0.9741599021408277,-4,vae_337,synthetic_vae_337,1,vae
79382.10237918851,0.6766941595113724,7546,23.855666003976143,0.06851311953352769,0.1723552534854726,1.0101985376997935,13.870214573910694,14.510632323961254,0.7181364794880577,0.39769523750282576,0.1687175342804044,0.05102040816326531,0.11003080312352499,2.270425940736058,0.9726623693437986,-4,vae_338,synthetic_vae_338,1,vae
91813.92068449396,0.7506309469392485,7922,22.723646004292387,0.049987376925018936,0.18070126525102842,1.0507139394480443,15.20381723259175,14.80154729425425,0.7058565836410365,0.42264573522357535,0.18527460128057358,0.0536480686695279,0.08247501815599796,2.7633600205662945,0.9724368834866064,-4,vae_339,synthetic_vae_339,1,vae
87807.90138546204,0.7082566945607683,7991,22.074718397997497,0.07270679514453761,0.16666034693814252,0.9380541797507272,11.79305031234218,13.65499456635591,0.7432787994319995,0.39636339961774597,0.17682077051796996,0.048679764735327244,-0.011039995556866767,2.1446484644584314,0.9731479570017729,-4,vae_340,synthetic_vae_340,1,vae
73395.6707018507,0.7407423856881532,6476,27.793976833976835,0.055281037677578755,0.16793989103088647,1.0927856117013843,15.20381723259175,15.212987388613604,0.6990722252840077,0.3972059511820796,0.1567559127634917,0.05003088326127239,0.00960603836848499,2.8160627123497277,0.9725642066740505,-4,vae_341,synthetic_vae_341,1,vae
83738.2435251162,0.7720941101148672,7076,25.440565371024736,0.04578858111927643,0.17115440005103574,1.0660917007651063,15.20381723259175,14.941501806894307,0.6871941813463821,0.4143885695286795,0.1833812375662354,0.05087620124364047,0.11876658360147971,2.759531356743028,0.9746887498802643,-4,vae_342,synthetic_vae_342,1,vae
81212.5991322387,0.7044648914068665,7451,24.155570469798658,0.04549724869145081,0.15727380081308115,1.009619158341686,13.870214573910694,14.36738221886933,0.7489563858474135,0.3893229576393141,0.17064848707214092,0.04670514024963092,0.11766541759617292,2.114171204989842,0.9706530786420263,-4,vae_343,synthetic_vae_343,1,vae
65931.25970783384,0.704157513289514,6087,28.608445612882026,0.043699687859372435,0.16034847802661734,0.9859770515752269,13.870214573910694,13.784142941450552,0.6938982756844426,0.39008243565313294,0.17921176471733363,0.045506817808444226,0.07407262504897218,2.179714995599051,0.9738762689323586,-4,vae_344,synthetic_vae_344,1,vae
76472.38938149641,0.72131358174415,6873,26.193538998835855,0.05048741452058781,0.1552208781152754,0.9845983842284043,12.160015052834554,13.967703054972294,0.769893399142679,0.38508651947140227,0.15846942467003636,0.04510403026334934,0.017831558788185757,2.077269061446262,0.972797783030135,-4,vae_345,synthetic_vae_345,1,vae
74067.53108101635,0.6907674577931759,6962,25.85864099985634,0.05903476012640046,0.14610130364214396,0.9734449024612513,13.870214573910694,13.599998481066093,0.7577779127827748,0.3759854725683646,0.16908742237491514,0.040936512496409075,0.094112656795774,2.124421616316088,0.973585418355079,-4,vae_346,synthetic_vae_346,1,vae
90312.2286034911,0.7455522406996712,7753,23.213364293085654,0.05817103056881207,0.17360049299447358,1.1211055800449157,13.870214573910694,16.509108598823754,0.698210718842514,0.39934705008872584,0.20479443502504557,0.05288275506255643,0.06489558227882947,2.2449950859042795,0.9742621588067889,-4,vae_347,synthetic_vae_347,1,vae
75959.05222750868,0.7153254795766527,6838,26.327482814099753,0.046797309154723604,0.1642185096265418,1.0084355030589072,15.20381723259175,14.252283500718733,0.7075756152509544,0.39039705600793123,0.17439661575848422,0.05045334893243639,0.057798113671184155,2.953199088800381,0.9749879964376889,-4,vae_348,synthetic_vae_348,1,vae
86756.70961059112,0.7401024408839358,7610,23.6556709160205,0.06241787122207622,0.17300323054605282,1.0473943154954044,11.732101893895635,15.008806464092313,0.7542544109995883,0.40649038484208705,0.17676361530429374,0.053613666228646516,0.07765759266763053,2.1088887607916833,0.9727664035905863,-4,vae_349,synthetic_vae_349,1,vae
81593.03283341452,0.7213550860581452,7297,24.662554824561404,0.04070165821570509,0.16679381270935598,0.9601373379370716,11.732101893895635,13.899224840616313,0.7086793184814785,0.38979655177781963,0.21273614350780212,0.04686857612717555,0.13269578695046844,2.169032014549986,0.972373843849913,-4,vae_350,synthetic_vae_350,1,vae
86153.76291457676,0.7216132875753718,7725,23.303081305023305,0.06731391585760518,0.17413921650441777,1.0211276472459827,12.160015052834554,14.48834297731994,0.7008204024099138,0.4103749991554121,0.18287609577953082,0.051262135922330095,0.108889648563335,2.198769350028942,0.9725668273631023,-4,vae_351,synthetic_vae_351,1,vae
82334.37388488228,0.7797242747626604,6840,26.31627430910952,0.0456140350877193,0.15580053752800052,1.1661947521216116,15.20381723259175,16.09856762176422,0.7266244465451096,0.39245670170275043,0.16004758826919452,0.04429824561403509,-0.003950761787702704,2.7372175845117446,0.9747206819846936,-4,vae_352,synthetic_vae_352,1,vae
73663.04618481602,0.7341666814894889,6475,27.802749459375967,0.057297297297297295,0.16786538106569407,0.9875315562772597,12.160015052834554,14.10428015546256,0.7012428858783697,0.3997970003258842,0.1829068295617047,0.05111969111969112,0.05820548205987579,2.2075953014992113,0.9734135771860013,-4,vae_353,synthetic_vae_353,1,vae
78373.62116956338,0.7524913595763305,6726,26.76550185873606,0.05590246803449301,0.15551786061536252,1.139886086443956,15.20381723259175,16.208239495723948,0.7284098570874188,0.3817750493002618,0.1610825919703372,0.04296758846268213,0.19571094858459512,2.863488061146131,0.9707245706134524,-4,vae_354,synthetic_vae_354,1,vae
79838.2350710265,0.7157588892672695,7280,24.72825937628795,0.04395604395604396,0.16771124798727335,1.0270948844904273,12.160015052834554,14.590125669061985,0.6995653921707932,0.39330500744785246,0.20119231825287368,0.04862637362637363,0.18922788012045358,2.1704725479217166,0.9720039684482212,-4,vae_355,synthetic_vae_355,1,vae
83639.92181334918,0.7205770039965249,7579,23.09065716547902,0.043409420767911336,0.17161397862414732,1.02867519753331,13.870214573910694,14.411601694014282,0.6986021901223899,0.39513957776307007,0.22662915768369465,0.05343712890882702,-0.018874921202800952,2.181956963987609,0.971731924121803,-4,vae_356,synthetic_vae_356,1,vae
75788.50505645091,0.6465746016015933,7609,23.657991587802314,0.05966618478118018,0.1694413662481887,0.9538866956265435,11.79305031234218,13.667615055413348,0.7304024806059335,0.39723831740452914,0.17875062506924883,0.04941516625049284,0.08680111736425106,2.1484217983067935,0.971403039277642,-4,vae_357,synthetic_vae_357,1,vae
81256.40881604959,0.7286505801011898,7162,25.13629381371317,0.05054454063110863,0.17294732273698554,0.9846103888787469,9.771453483263416,14.291253594072504,0.7094818784516046,0.3920222225070453,0.2076706659434879,0.05166154705389556,0.2749607266165594,2.0549325004684373,0.9712325005979671,-4,vae_358,synthetic_vae_358,1,vae
79808.936379549,0.7814349116028939,6619,26.41508008461771,0.05408672004834567,0.16757437679607784,1.1255818410298188,15.20381723259175,15.82725785101004,0.7324608172298234,0.40132387698650157,0.1881233918240729,0.04849675177519263,0.07564975750490437,3.2279319445602948,0.9747169680717842,-4,vae_359,synthetic_vae_359,1,vae
95143.40902881083,0.7836407401784649,7927,21.82273530153924,0.055884950170304024,0.17179074484549892,1.1684730175070197,15.20381723259175,16.17816403218306,0.729259197665403,0.4059637975156176,0.18912487108134393,0.052605020814936294,0.016967721684824872,3.133017559385291,0.9738647342228048,-4,vae_360,synthetic_vae_360,1,vae
77036.66540545384,0.7062887906046612,7070,25.462583109350685,0.05926449787835927,0.17588365227097996,1.0097006589551727,11.79305031234218,14.519765077025793,0.7288646393618433,0.409411648803996,0.20207985581009907,0.05374823196605375,0.05651857679286048,2.164932559607604,0.9734010774507059,-4,vae_361,synthetic_vae_361,1,vae
70321.91075230468,0.6688485097123716,6855,26.25488765684272,0.057476294675419405,0.1800534775169156,0.9633487536272399,12.160015052834554,13.672569245114271,0.6862721022642364,0.408816066778342,0.19756821807727853,0.05368344274252371,0.21457147460008058,2.1781022666377545,0.9712867833946852,-4,vae_362,synthetic_vae_362,1,vae
75121.8474279668,0.694676088293144,7011,25.674607703281026,0.05605477107402653,0.17148805142660672,0.974787478489673,15.20381723259175,13.950319424296882,0.696068071496566,0.39484207893465734,0.21076004328924133,0.051633147910426475,0.053944656682620044,2.97134797582704,0.974146296390519,-4,vae_363,synthetic_vae_363,1,vae
83941.38956838271,0.7292874938130064,7408,24.297961387876335,0.04522138228941685,0.16418530516572832,1.0705794899886243,15.20381723259175,15.185161277817008,0.7240310982912802,0.3931919812135306,0.1868019894136115,0.048056155507559394,0.14290326324197178,2.7628755626300125,0.9720287164922454,-4,vae_364,synthetic_vae_364,1,vae
73636.40863435647,0.665598279433998,7043,25.55239988639591,0.06162146812437882,0.17637464760748453,0.958161245000217,11.79305031234218,14.113345901722452,0.7087903545210511,0.40016876966767406,0.18898354607641452,0.0539542808462303,0.18759180203113038,2.1961611916143053,0.9719829745116275,-4,vae_365,synthetic_vae_365,1,vae
85019.06285677475,0.7986520298849702,6968,25.83622793167791,0.04707233065442021,0.16310882244618852,1.157962880419642,13.870214573910694,16.33493361257209,0.723758462913836,0.4029999604607279,0.15925611986414168,0.04692881745120551,0.026170077291216894,2.1533831326355357,0.9731523543770124,-4,vae_366,synthetic_vae_366,1,vae
82165.42514149015,0.7503087111336162,7114,25.297483480950373,0.03851560303626652,0.16345121296791149,1.0694096268274174,11.79305031234218,15.338430791817391,0.7110058284482892,0.3912006404243027,0.19619500581289434,0.04737138037672196,0.1177642005136904,2.2366443454230147,0.9735919281571621,-4,vae_367,synthetic_vae_367,1,vae
75594.80302055427,0.7045561343495824,6933,25.963646855164455,0.050483196307514785,0.1619473606207413,0.9841630300694683,13.870214573910694,14.023970417765797,0.7014029972574276,0.3678211840076834,0.202589530280906,0.046877253714120874,0.13346291807347477,2.1730330443293906,0.9742076474552674,-4,vae_368,synthetic_vae_368,1,vae
73669.63844211097,0.6970603289833177,6829,26.36174575278266,0.05344852833504173,0.17046911727072972,0.9755081810794987,11.79305031234218,13.97231964803165,0.7029621835168817,0.4028898573976551,0.18635895395514418,0.0518377507687802,0.05627886395417664,2.1176650886389856,0.9723258072241225,-4,vae_369,synthetic_vae_369,1,vae
91448.24550312148,0.760514427131855,7707,23.357513625746172,0.056052938886726356,0.16392795543310085,1.1055691971810888,13.870214573910694,16.085264851150853,0.7097456711702668,0.38232294512728876,0.17329899738980528,0.047489295445698715,0.13573979908588157,2.139049721210465,0.9723854352433943,-4,vae_370,synthetic_vae_370,1,vae
82354.67949930557,0.7166981917378358,7435,24.213478611783696,0.04398117014122394,0.15880665681277867,1.017016513018722,13.870214573910694,14.526641968596381,0.7149484419056633,0.38683670236017814,0.17995005724685742,0.04680564895763282,0.008724368059760386,2.176367302979424,0.9728986447921026,-4,vae_371,synthetic_vae_371,1,vae
79257.18063045025,0.6925522806095123,7417,24.271170442286948,0.06889577996494539,0.17278184045440625,0.9557707973347612,13.870214573910694,13.556116909052918,0.7390601180325299,0.3999526231496447,0.16931726336986738,0.05109882701901038,0.11384325614795562,2.202935579871466,0.9724263219598894,-4,vae_372,synthetic_vae_372,1,vae
77551.22914581379,0.7071321671211641,7106,25.3338494018297,0.0538981142696313,0.16548812046139158,0.969689712048734,15.20381723259175,13.755661486931212,0.6960383448375849,0.4134659190788104,0.177734831530661,0.049113425274415985,0.11995052809602491,2.857470238765556,0.9724156398937066,-4,vae_373,synthetic_vae_373,1,vae
76443.28140248993,0.6738576102823168,7365,24.442286800651818,0.05213849287169043,0.1634951907047968,0.9679842250874873,15.20381723259175,13.722185228105033,0.7337514914430668,0.3781899690886803,0.20820123052545572,0.04507807196198235,0.04777230230297331,2.974339382404365,0.9758739323230158,-4,vae_374,synthetic_vae_374,1,vae
80493.80370496731,0.707792078449597,7385,24.369312026002167,0.051997291807718345,0.17605162722824544,0.9692515050214948,11.066097657508621,13.837027627573343,0.7101226795243974,0.41222824538211567,0.1837460915608635,0.05308056872037915,0.15773697524085561,2.095433179353586,0.9713034509266117,-4,vae_375,synthetic_vae_375,1,vae
81700.73681575764,0.7618054198927239,6996,25.73166547533953,0.057318467695826186,0.16781507333430218,1.1203644088820963,15.20381723259175,15.588463879638411,0.6882189751841872,0.39631427728990165,0.17111205638249888,0.05102915951972556,-0.05566484305632502,2.7326800034852923,0.9713662452848459,-4,vae_376,synthetic_vae_376,1,vae
73575.570143908,0.6543969977311398,7277,24.737080813633863,0.06692318263020476,0.17124011903262953,0.854990433169149,8.391688075514828,12.256805288134377,0.7355196750817784,0.3925348324996496,0.19210715896625286,0.052081901882643944,0.2760427256255719,2.2718325978003127,0.9715429402919445,-4,vae_377,synthetic_vae_377,1,vae
77420.83243286579,0.7615230654543055,6676,26.96614232209738,0.05662073097663271,0.16867207438766574,1.150150429200361,15.20381723259175,15.91130834259664,0.6982511658659708,0.4026264457722224,0.16809131274186853,0.04958058717795087,0.05772972106992877,2.8121565259969845,0.9743566445609004,-4,vae_378,synthetic_vae_378,1,vae
81994.8670263717,0.7889390345344747,6727,26.336752899197144,0.05544819384569645,0.17951839851810483,1.1494420385259652,15.20381723259175,16.066386190480777,0.6812218180455486,0.39221867208057204,0.18992058568601355,0.047569496060651105,0.11520960344300767,2.8203582795772344,0.9743380377893163,-4,vae_379,synthetic_vae_379,1,vae
72258.49741384428,0.7176065526284802,6512,27.64444785747197,0.04576167076167076,0.16741672325632725,0.9740539520565914,8.58852285074934,13.887840850694305,0.6800231678252425,0.405960969173315,0.18204301345294768,0.045300982800982804,0.2591124339323079,2.1377285730773967,0.9711289412764876,-4,vae_380,synthetic_vae_380,1,vae
73477.00562985259,0.6438052869155678,7367,23.59706760792832,0.0648839419030813,0.16227313905758958,0.9464760025893421,15.20381723259175,13.465537562083545,0.7707817197060688,0.38530819741532263,0.18296714982158893,0.04710194108863852,0.18849217528174683,2.9812535802824045,0.9734208324954794,-4,vae_381,synthetic_vae_381,1,vae
79944.33003720497,0.7157043016312861,7291,24.68984910836763,0.05472500342888493,0.1692227633106198,1.005421387343552,11.79305031234218,14.273254255044815,0.7261901034520905,0.3879435179976326,0.21505218515928642,0.05211905088465231,-0.019916995936540394,2.1605373782873127,0.9725467777172875,-4,vae_382,synthetic_vae_382,1,vae
82323.12008790256,0.8075737079333154,6564,27.423434404997714,0.04402803168799513,0.16580253520350205,1.1753116558482977,13.870214573910694,16.66814172585558,0.6712343570837056,0.39988623165835724,0.16552931828179993,0.048598415600243756,0.09469708323484437,2.1174826454083453,0.971769756323405,-4,vae_383,synthetic_vae_383,1,vae
92168.6813267309,0.7678457424661004,7801,23.07730769230769,0.04371234457120882,0.1648991902721622,1.074883626827539,13.870214573910694,15.280328160369908,0.705371219127377,0.40011194195161115,0.17451757289204056,0.04601974105883861,-0.02850561778960466,2.209425605964793,0.9723893656855305,-4,vae_384,synthetic_vae_384,1,vae
81011.89769621426,0.7851467316838291,6688,26.84806340660984,0.04620215311004785,0.15709263690877004,1.1622987353971725,15.20381723259175,16.395758313616344,0.7183242760290452,0.392805201353911,0.16631482265260605,0.0409688995215311,0.008447429133153194,2.8360454904879115,0.9726026875720934,-4,vae_385,synthetic_vae_385,1,vae
77075.20118631123,0.751259770538644,6656,27.030503380916603,0.056790865384615384,0.16849498548527578,1.0490612902057286,11.732101893895635,15.026102062553722,0.7456853225767212,0.4003652871328875,0.1933905859118861,0.048227163461538464,0.11780223476630503,2.1675104672502505,0.9744364737948955,-4,vae_386,synthetic_vae_386,1,vae
71172.14519833527,0.6613802343616655,6903,26.07983193277311,0.07083876575402,0.16582230164429163,0.9251674737925658,11.79305031234218,13.51567266717468,0.6930182178808039,0.3929219062941047,0.18722267452392294,0.05157178038533971,0.10630096973424888,2.1762892533941463,0.9711707417506457,-4,vae_387,synthetic_vae_387,1,vae
84148.34334681234,0.763214412416771,7191,25.034492350486786,0.0557641496314838,0.1637638338190796,1.0971390262409035,15.20381723259175,15.21128943013901,0.7238120515298182,0.40096392790918756,0.16677664035698023,0.04561257126964261,0.1052702413747282,2.7330331604270675,0.9701500534853666,-4,vae_388,synthetic_vae_388,1,vae
72023.35245483549,0.6596696102519402,7040,25.53530331012928,0.06335227272727273,0.15474593162986902,0.9544230997631126,13.870214573910694,13.578206118356484,0.7832006730171266,0.39737589746070184,0.1575468395716113,0.04147727272727273,-0.04222777855713093,2.2365321468440267,0.9744088840372791,-4,vae_389,synthetic_vae_389,1,vae
74712.63613244315,0.738388775428334,6560,27.443207806068,0.05274390243902439,0.15875742947332977,1.0438339172389215,15.20381723259175,14.737840735544449,0.7093866976668144,0.39037642816879425,0.15297802959535875,0.045579268292682926,0.17164654906725746,2.9193150774763303,0.9699041538698847,-4,vae_390,synthetic_vae_390,1,vae
80457.051250494,0.7739495022774329,6633,27.139927623642944,0.055178652193577565,0.1651571493765576,1.1055923142173814,12.160015052834554,16.069295614117014,0.7161881220231233,0.409560425818612,0.16122383694894843,0.04748982360922659,0.1751827638154947,2.140731489109679,0.9713795439375803,-4,vae_391,synthetic_vae_391,1,vae
72724.48971588732,0.6896767184046005,6786,26.518201915991156,0.06321839080459771,0.16543273029891198,1.0185090002715849,13.870214573910694,14.525716492200512,0.7215754420106104,0.39652220970133434,0.18454460345198406,0.04862953138815208,0.03060596330132282,2.119563133469973,0.9737741010429023,-4,vae_392,synthetic_vae_392,1,vae
77196.37694446107,0.6972420379028599,7126,25.263157894736842,0.048694920011226495,0.16376760041993016,0.908009125589401,12.160015052834554,13.000050728790267,0.7222632897324375,0.38742414267550085,0.21024804795207902,0.04588829637945552,0.1796254525535458,2.16549393068649,0.9709233941050118,-4,vae_393,synthetic_vae_393,1,vae
75123.83120195252,0.7458749617548783,6518,27.61792235691269,0.05400429579625652,0.17450417900664855,1.020785903745747,12.160015052834554,14.701074126726443,0.7448106207950487,0.41388071938182297,0.18683576255380724,0.05415771709113225,0.09184740403661983,2.1622192175236146,0.9716423874268092,-4,vae_394,synthetic_vae_394,1,vae
74956.61662176954,0.7417105556261,6556,27.454004576659038,0.06391092129347163,0.17726862286377681,1.007623662194147,13.870214573910694,14.108558403496257,0.720031592426982,0.42511116580542085,0.18733079818745238,0.05536912751677853,0.07490983781085513,2.0693660993677585,0.9727327067574855,-4,vae_395,synthetic_vae_395,1,vae
80678.69750858609,0.7050858311353374,7409,24.2960313174946,0.04373059792144689,0.15979224394260338,0.9804185096973383,13.870214573910694,13.936942309402504,0.7089261712058184,0.38928033949464974,0.1790682182791846,0.044945336752598194,-0.0035201782388817604,2.0848510520322776,0.9737933525412574,-4,vae_396,synthetic_vae_396,1,vae
87286.31881180366,0.7408697294250103,7637,23.57202723939235,0.04046091397145476,0.15668510116001202,0.9555780219369366,11.79305031234218,13.809055662120384,0.7269214041864245,0.379763652721865,0.19424256818014587,0.04569857273798612,0.045014425261690444,2.1563444602674826,0.9732810951135064,-4,vae_397,synthetic_vae_397,1,vae
86376.95106166624,0.7124641061713115,7790,23.108999871613815,0.059948652118100125,0.1731363172828885,0.9855804623279306,11.79305031234218,14.464711715371456,0.731958161463161,0.41093430024948047,0.17022877261241906,0.05327342747111682,0.12255427473798848,2.147313354527008,0.9709390898405381,-4,vae_398,synthetic_vae_398,1,vae
79502.75406929123,0.6970403176566007,7356,24.473147518694766,0.05464926590538336,0.15575477675853178,0.972873895773236,15.20381723259175,13.875594169912084,0.7397002278192316,0.36903844834240074,0.1840119556914085,0.04445350734094616,0.217975698634433,2.8822576953871755,0.9722463822203762,-4,vae_399,synthetic_vae_399,1,vae
69822.643661465,0.685008508677137,6626,27.169358490566037,0.047087232115907034,0.16088300492346472,0.9221965100398449,11.732101893895635,13.026162037241672,0.7266771507477868,0.38711336705746424,0.18332773194394109,0.04738907334741926,0.07527865684797552,2.209644828081939,0.9722258314456198,-4,vae_400,synthetic_vae_400,1,vae
75669.87436975527,0.7023039194298574,6960,25.822244575370025,0.04698275862068965,0.18098003369569893,1.000799597308958,11.066097657508621,14.330523438288413,0.6709083092901166,0.40706533292046826,0.20796702858095859,0.055028735632183905,0.14467807836240903,2.1460489956188975,0.974040423536856,-4,vae_401,synthetic_vae_401,1,vae
82369.22886641286,0.7517241182968153,7095,25.373978009585564,0.05384073291050035,0.17875522547463008,1.104617933481046,13.870214573910694,15.796942052818821,0.7234534195747021,0.40269738518695597,0.1963075629807221,0.04961240310077519,0.06705749272868793,2.1897151671362005,0.9731347432074183,-4,vae_402,synthetic_vae_402,1,vae
89188.83694387958,0.7588614679917606,7613,22.869810825013136,0.047024825955602256,0.16146161332602746,1.1342446974901415,15.20381723259175,15.962105819545675,0.7093522869730798,0.398568305464902,0.16641922477676088,0.04663076316826481,0.0957611830370281,2.8341803509384422,0.9710446653135449,-4,vae_403,synthetic_vae_403,1,vae
83110.83718956102,0.7573203390278099,7054,24.78845881185311,0.043804933371136945,0.16052418763023288,1.0976820749561325,13.870214573910694,15.877329103475649,0.7100509023101831,0.38949485656857025,0.16845461307277199,0.04408846044797278,-0.0005476428201115772,2.265338320681804,0.9739746299909995,-4,vae_404,synthetic_vae_404,1,vae
81433.3497393289,0.6905951104392684,7578,23.756235977299724,0.051596727368698865,0.16996599991220376,0.9770261437287069,9.771453483263416,14.209030723393148,0.7306139891460398,0.4005382948924022,0.18996776502831456,0.05054103985220375,0.1258553671486838,2.1352028159439858,0.970980094383799,-4,vae_405,synthetic_vae_405,1,vae
82529.3216674843,0.73472908719864,7231,24.89640387275242,0.044945374083805834,0.16575016534341688,0.9790461816623003,11.79305031234218,14.133157807907414,0.7141156129383622,0.38866783211723505,0.22316977836612525,0.049094177845387915,0.07270056644483247,2.1108384471232546,0.9711371875018296,-4,vae_406,synthetic_vae_406,1,vae
79620.25738420326,0.7352729699738062,7089,25.392635440180587,0.053322048243757934,0.1777210654115167,1.1867589444093587,15.20381723259175,16.531912615981792,0.691293740033989,0.40743244420464936,0.18506323166917024,0.05275779376498801,0.056946910599483175,2.9399459977414697,0.9724583565686729,-4,vae_407,synthetic_vae_407,1,vae
79882.31282896733,0.6744000565272585,7731,23.275420439844762,0.05380933902470573,0.17159768462859368,0.9538501773036343,13.870214573910694,13.706562168364488,0.7074321831652177,0.39049817712380736,0.19891647305429028,0.04992885784503945,0.06637814574027073,2.3227990409529995,0.9721688703259961,-4,vae_408,synthetic_vae_408,1,vae
70373.43295897191,0.7512386448574777,6032,29.8456309069806,0.054708222811671085,0.17654675328849434,1.0208785546136212,11.066097657508621,14.781988496250284,0.7419516848178768,0.4209509393200229,0.1698088032691958,0.051889920424403185,0.04712137818463449,2.1714543395709964,0.9739054223294319,-4,vae_409,synthetic_vae_409,1,vae
81358.91109834322,0.7129152612925655,7372,24.42002442002442,0.061720021703743896,0.16146459393535853,1.107777680272058,13.870214573910694,15.731631993329815,0.7392413607173284,0.39076178041915244,0.16127835984201475,0.0462561041779707,0.07647567834409012,2.2476268894073708,0.9726129629889169,-4,vae_410,synthetic_vae_410,1,vae
59287.219560544574,0.6578795190794737,5813,29.750860289057123,0.07534835713056941,0.16426737151337,1.0891415927089199,13.870214573910694,15.49635482746566,0.7124051111673595,0.40124593355533206,0.14196384346651122,0.04954412523653879,0.17942894999980333,2.362428115702582,0.9723914301130148,-4,vae_411,synthetic_vae_411,1,vae
77236.26136274468,0.7030399998971519,7101,25.27450704225352,0.061963103788198845,0.16687801839010097,1.004416445875914,12.160015052834554,14.36944998640247,0.7151434056647583,0.375945533912731,0.21331655103548644,0.04999295873820589,0.12319568371753953,2.188688414350471,0.9725579297511726,-4,vae_412,synthetic_vae_412,1,vae
68773.90014858666,0.7154318014264893,6166,29.196755879967558,0.0447615958481998,0.17701983171873953,1.0656102406588706,13.870214573910694,15.485301051776073,0.7150942943727846,0.4052175746817879,0.19535386978248193,0.051897502432695426,0.014178429955879975,2.149385461604,0.974060279856968,-4,vae_413,synthetic_vae_413,1,vae
78769.45707802624,0.7822395879880457,6495,27.717277486910994,0.04911470361816782,0.1516726277527332,1.1233280222703539,11.79305031234218,15.993561270740438,0.7757009367758708,0.38817813541516705,0.14636252765707364,0.04203233256351039,0.04267234130722013,2.0894413307675364,0.9719153780126355,-4,vae_414,synthetic_vae_414,1,vae
84490.27885732731,0.730917054464537,7474,24.086979793924797,0.0582017661225582,0.17415314510214505,1.0589447506326213,15.20381723259175,15.109515971639233,0.7549786706577062,0.40641730111356406,0.19549453514130866,0.050575327803050574,0.1013346103597854,2.837238796769508,0.9752199083522484,-4,vae_415,synthetic_vae_415,1,vae
68444.96645811446,0.6624965999754363,6702,26.862110132815996,0.052372426141450316,0.16668077821898575,0.9932155664908627,15.20381723259175,13.810773137962686,0.7434799141198118,0.3794463824348414,0.19051270708210707,0.050283497463443745,0.09282148425445925,3.0253061814088675,0.9709734388345153,-4,vae_416,synthetic_vae_416,1,vae
80524.52125307507,0.7263532827297108,7168,25.09278638202874,0.04310825892857143,0.17138187915974165,1.0434468329863409,15.20381723259175,14.700954790971597,0.695419794761825,0.3792774725062738,0.2284551643999549,0.05385044642857143,0.1534014374991515,3.2934255534989747,0.9727203266782116,-4,vae_417,synthetic_vae_417,1,vae
71471.29409943376,0.7618963358346261,6118,29.42488147784862,0.046583850931677016,0.17564980054317944,1.0993773068835242,11.732101893895635,15.811664183155449,0.7024868063573478,0.4086337524031249,0.20614495538153926,0.05295848316443282,0.18961251464122203,2.3012923905061484,0.9708030412928289,-4,vae_418,synthetic_vae_418,1,vae
83495.28871428398,0.7504213955965423,7165,25.119486320491344,0.06908583391486392,0.18566306054056883,1.1067028696352095,11.732101893895635,16.14826989302404,0.7087111619332179,0.42570027853937886,0.18421591249928262,0.055826936496859735,0.011483140923163245,2.2572644592209854,0.9748979878938248,-4,vae_419,synthetic_vae_419,1,vae
74698.29929720149,0.6635956753101075,7257,24.712100330760748,0.06380046851315971,0.17162684012215546,0.9322746944442354,12.160015052834554,13.29350993762037,0.7320837339812855,0.4095473187940937,0.186427572586003,0.05181204354416426,0.13803275002090806,2.126150243199121,0.9709607680407331,-4,vae_420,synthetic_vae_420,1,vae
74361.73416793047,0.691576597032804,6965,25.68581275129236,0.0511127063890883,0.1646262864894025,0.9962758278553017,12.160015052834554,14.187993362265223,0.7196582900973469,0.3879653839957023,0.19470302613326074,0.048528356066044505,0.045294348263961254,2.2453039637039147,0.9726346035429139,-4,vae_421,synthetic_vae_421,1,vae
64885.707345096176,0.6926793218948866,6144,28.65391502523197,0.06380208333333333,0.16232026125482468,1.016552631563688,15.20381723259175,13.736788901242301,0.7223023797163486,0.3911100840228022,0.17178847294685,0.049967447916666664,0.09198923213670568,3.5841660627125456,0.9715371901881995,-4,vae_422,synthetic_vae_422,1,vae
76748.11883336684,0.7267481614870307,6861,26.237900874635567,0.05640577175338872,0.17003139296354824,0.9940439003161253,15.20381723259175,13.896646832196197,0.7364106635610232,0.4160608341453144,0.17571224343522573,0.05145022591458971,0.22567708696762379,2.8016434750993326,0.9747495678495903,-4,vae_423,synthetic_vae_423,1,vae
84343.16445435942,0.7389540699038908,7357,24.25910821098423,0.04363191518281909,0.1606962919865084,1.0047805195110204,13.870214573910694,14.552460035063719,0.7020212364591437,0.3979865955901671,0.17348276105702976,0.04621448960173984,0.06669344152563385,2.312461167302796,0.9721129932028654,-4,vae_424,synthetic_vae_424,1,vae
76199.59212814408,0.7478406452409914,6656,27.045229151014276,0.072265625,0.17248700155081506,1.035468917099983,11.79305031234218,14.585991748525295,0.6987200655873156,0.41965349735663093,0.17927272991870852,0.047926682692307696,0.054837487588448655,2.0491645981732542,0.975567476470703,-4,vae_425,synthetic_vae_425,1,vae
87750.16623272217,0.7903536774711489,7259,24.265500137779004,0.05000688800110208,0.16607157637536363,1.1575636855681313,15.20381723259175,16.01762057090912,0.719139612836262,0.3924059082289322,0.16776949462701832,0.050695688111310096,0.14660439354659122,3.151222624631374,0.9708579326427677,-4,vae_426,synthetic_vae_426,1,vae
71713.71171951751,0.6744697315757574,6862,25.242238740708352,0.040804430195278345,0.1621308348925525,0.9241447624200415,11.066097657508621,13.298071605756515,0.6760997513712323,0.3923187149258598,0.18789178585607402,0.046633634508889535,0.057265032500396974,2.101837460704353,0.9753150653905958,-4,vae_427,synthetic_vae_427,1,vae
73484.72662468132,0.7588724537997132,6183,29.100291167906825,0.05207827915251496,0.16434659633429152,0.9944349267533422,10.22944256825957,14.547283988842475,0.7492974698521142,0.4124585310765721,0.1566871165530468,0.050137473718259745,0.03141029617171808,2.2214897581256556,0.975078849510991,-4,vae_428,synthetic_vae_428,1,vae
86793.42766816691,0.6945734232498594,8106,21.88167797655768,0.045768566493955096,0.17423524819253647,1.0057359775748214,13.870214573910694,14.22973507765095,0.696193199082763,0.3933034225146404,0.24598474812798216,0.05107327905255366,0.08079480045964513,2.297938322248437,0.9728359625369596,-4,vae_429,synthetic_vae_429,1,vae
73151.93075662557,0.6796755984504572,6928,25.984841922910352,0.04431293302540416,0.16265016649394098,0.9199472908685533,11.732101893895635,13.411570031861677,0.6985337549590455,0.37826513087507324,0.20760338027902842,0.04849884526558892,0.258182718878937,2.217873279668644,0.9718704424876508,-4,vae_430,synthetic_vae_430,1,vae
68298.06288477193,0.6172487118032656,7098,25.359729463153446,0.05480417018878558,0.16830905394431317,0.9037696722733768,11.732101893895635,13.417840226209126,0.7194275402682031,0.3759729202513914,0.19675357329354473,0.05212735981966751,0.18326296135777217,2.183262545351856,0.9690599580452526,-4,vae_431,synthetic_vae_431,1,vae
75797.44343863364,0.7102626311767503,6798,26.476680888627335,0.07487496322447779,0.18271387550961274,0.9895667027146012,8.966814877126183,14.569268644686979,0.7720486701990537,0.4184437353073434,0.1887214008136555,0.054280670785525155,0.027481829556518744,2.2500650729807865,0.9760125528573611,-4,vae_432,synthetic_vae_432,1,vae
72775.36351777939,0.6637539085627456,7165,24.284198771635957,0.06978367062107467,0.1761213536331414,0.9390317214314408,12.160015052834554,13.046182868733364,0.695987951010724,0.39926222650958254,0.18626986365358697,0.053175157013258895,0.08768334996891343,2.233192308632355,0.9738808761218236,-4,vae_433,synthetic_vae_433,1,vae
82077.82463509054,0.7249047857547065,7343,24.515527104331245,0.06060193381451723,0.16687641200526795,1.0183496332961244,13.870214573910694,14.407584332813794,0.7501732226045293,0.39340643618316273,0.1566082236912753,0.04957102001906578,0.029420638125629648,2.111375449129024,0.9722884671823997,-4,vae_434,synthetic_vae_434,1,vae
79665.47063772849,0.7322816086111247,7041,25.567045454545454,0.052549353784973725,0.16664935209325588,1.0052813031518417,15.20381723259175,14.180926073278217,0.7114279671105743,0.3920054278061218,0.19289654259133138,0.05027694929697486,0.03750472545667234,2.846227219645496,0.9757775079097128,-4,vae_435,synthetic_vae_435,1,vae
77301.49184710799,0.720612100690356,6899,26.092055668309655,0.05319611537904044,0.17869639253565242,1.0532459328790167,10.22944256825957,15.081126473979392,0.731348638674456,0.4050837248443343,0.1798345388209456,0.054065806638643285,0.15419545158359038,2.2650497866455113,0.9707837976680047,-4,vae_436,synthetic_vae_436,1,vae
74319.81851889472,0.7317889013458089,6581,26.25,0.04437015651116852,0.15380124825558217,1.0105470321077763,15.20381723259175,14.185356509446981,0.730801375915864,0.3803968773593906,0.1637157321894972,0.04026743655979335,0.1915431144045402,2.8399418752041052,0.9722419537497299,-4,vae_437,synthetic_vae_437,1,vae
83562.98368079883,0.7033130358756127,7519,23.941872838520883,0.06703019018486502,0.17874300692748768,1.0043577974372127,11.732101893895635,14.873478276326281,0.6992449021920365,0.40846661165310016,0.1924799791681898,0.05466152413884825,0.13249594238281961,2.2071802574755157,0.9723448201042744,-4,vae_438,synthetic_vae_438,1,vae
72158.90081166191,0.7193887647869712,6471,27.157341576506955,0.06150517694328543,0.17300008558529564,0.9660828013659678,9.771453483263416,13.731208519497711,0.7014002268960818,0.41544429726846654,0.17582083793533745,0.0506876835110493,0.017580684785670885,1.9951024404279296,0.9727545895704299,-4,vae_439,synthetic_vae_439,1,vae
92578.6088275593,0.7520850455293457,7983,22.53871210223002,0.04371790053864462,0.17150380168710924,1.018466243814098,13.870214573910694,14.577742435825325,0.7070009102438114,0.4026528934390405,0.1868300308739279,0.05261180007515971,0.036887362135634934,2.3078764511852543,0.9716580609880539,-4,vae_440,synthetic_vae_440,1,vae
86164.85140721992,0.7755167843823167,7179,25.07258289217052,0.046803175929795236,0.16594488091184967,1.0674281924928397,13.870214573910694,15.212038461481763,0.7244374784085188,0.40409953153969397,0.17050793298584083,0.047778242094999306,0.05214412426910085,2.1482385814550957,0.9734953694028268,-4,vae_441,synthetic_vae_441,1,vae
80839.8526582818,0.7807128908073567,6728,26.75680095138992,0.061087990487514864,0.17000279975968263,1.1378589293517267,15.20381723259175,15.64405329083248,0.7393958962146916,0.402872156516493,0.17052037096639375,0.048008323424494646,0.1573046696353983,3.2060026114440783,0.9718366121615837,-4,vae_442,synthetic_vae_442,1,vae
84090.1456372431,0.7628129355084297,7105,25.33783783783784,0.05038705137227305,0.17296961766602043,1.0404740603490559,11.732101893895635,14.94045192550962,0.7286244868775164,0.3982997024684024,0.19116731716317384,0.053061224489795916,0.151698175535562,2.0163932605380728,0.9719304872540506,-4,vae_443,synthetic_vae_443,1,vae
84540.32417630834,0.7683525536596422,7122,25.275523100688105,0.037629879247402416,0.15469891885602785,1.017334799799854,11.066097657508621,14.592601325284672,0.7270145533178634,0.37870131928974,0.1882669072725589,0.04338668913226622,0.0964854822333059,2.134902867481774,0.9752628925140687,-4,vae_444,synthetic_vae_444,1,vae
69909.06079178155,0.6916156353585641,6625,27.173158212560388,0.06626415094339623,0.16327163520871898,1.0650850410706616,13.870214573910694,14.747201207424853,0.701563708584282,0.38952233160855326,0.17808472986174745,0.04920754716981132,-0.04582468999466788,2.2134356162705973,0.9728905554603875,-4,vae_445,synthetic_vae_445,1,vae
84081.36547823003,0.69156650762774,7880,22.84135042518086,0.05139593908629442,0.17174995649901267,0.8778947876400635,8.58852285074934,12.685851772285815,0.7135671565981632,0.3905179355952375,0.2253127470197029,0.05406091370558375,0.06839722625950616,2.102730346725621,0.9754887848050897,-4,vae_446,synthetic_vae_446,1,vae
60886.45388100129,0.6501448244992164,6043,29.77970870572658,0.061393347674995866,0.16987012972033408,0.9026541210216347,11.732101893895635,13.001328695348523,0.7118454605120275,0.4122263384839536,0.17524020088511416,0.05113354294224723,0.01297022984506762,2.1150444583882426,0.9710994799987337,-4,vae_447,synthetic_vae_447,1,vae
73412.22804891756,0.6952946820911036,6812,26.416825723094995,0.06165590135055784,0.17129936615239286,1.0551462317559417,15.20381723259175,15.060062536900745,0.7216537608080277,0.4173945162865937,0.1846187824886408,0.048884321785085144,0.06898407387896759,2.9832191671006076,0.9728356127045413,-4,vae_448,synthetic_vae_448,1,vae
69023.22427169842,0.7413560118966777,6049,29.762070105820104,0.04232104480079352,0.15622369520029725,0.9683596693981137,15.20381723259175,13.663070867673738,0.7335709226428759,0.38132381881186844,0.19817572533994962,0.039675979500743926,0.15685575689044196,2.8706993534616885,0.971252808728523,-4,vae_449,synthetic_vae_449,1,vae
82879.43227386434,0.7486664493475524,7205,24.98611882287618,0.051908396946564885,0.17334630135590862,1.0220728400136385,12.160015052834554,14.415995115227817,0.6909724451040806,0.41294018471349003,0.1672138516109952,0.051908396946564885,0.08318422725081003,2.0563452208484043,0.9737898062403645,-4,vae_450,synthetic_vae_450,1,vae
93565.43432601151,0.7937553779957733,7571,23.77688243064729,0.047814027209087305,0.16945090154470135,1.220570413981844,15.20381723259175,17.402274058338033,0.7286671476175384,0.39225977147188235,0.1709755205950123,0.051512349755646544,0.25446568412280696,3.1266817630433277,0.9719661663537702,-4,vae_451,synthetic_vae_451,1,vae
86418.08474782594,0.7757272092644001,7186,25.043145441892833,0.05357639855274144,0.17457754960246633,1.0461604427366096,13.870214573910694,15.17977410261825,0.6897389902846757,0.4160337184157773,0.17251069103076636,0.0524631227386585,0.11279074982906206,1.9936524289671378,0.9742999189201527,-4,vae_452,synthetic_vae_452,1,vae
78247.26216968091,0.6687236708868701,7543,23.0381861575179,0.061513986477528836,0.1668943030919275,0.951245529555415,13.870214573910694,13.854486777017312,0.7128085129665289,0.3889040032220587,0.19790213214959673,0.0469309293384595,0.06216387941656687,2.2550359374470137,0.9752978001639095,-4,vae_453,synthetic_vae_453,1,vae
84644.62915173348,0.71273807313213,7684,23.42053885201093,0.053227485684539305,0.15892074114198076,0.9977570519900798,12.160015052834554,14.069675323161807,0.7243967483504141,0.38893452043016696,0.1613042531105245,0.04593961478396669,0.18707141996155313,2.1867360964756557,0.9714610573509479,-4,vae_454,synthetic_vae_454,1,vae
81140.56657542502,0.715103981114339,7411,24.2919028340081,0.049116178653353125,0.1585136010370485,1.0996347451284707,15.20381723259175,15.289413726572484,0.7552491416718926,0.3910560053581055,0.16437179426077345,0.04344892727027392,0.07131220551424294,2.908313576673904,0.9718708539041974,-4,vae_455,synthetic_vae_455,1,vae
80283.94792392087,0.707743529882371,7256,24.81088904203997,0.0675303197353914,0.17615445378719968,1.0344513567777864,13.870214573910694,14.79736110200537,0.7237031814887935,0.3980387449457326,0.18013245633807143,0.051681367144432194,0.038704126043869,2.224080892241692,0.9711813607276873,-4,vae_456,synthetic_vae_456,1,vae
86418.19814363983,0.7361456208676134,7655,23.516200679383328,0.047811887655127366,0.17987531592602604,1.0657026927801134,15.20381723259175,15.00141665772555,0.6876342257836301,0.4210639996800894,0.1825047193610941,0.05225342913128674,0.12515293034217095,2.742521766765288,0.9711657184730524,-4,vae_457,synthetic_vae_457,1,vae
92092.63343789088,0.7406236706184022,8020,22.446439705698964,0.052119700748129674,0.16020273749013184,1.0867101840710898,15.20381723259175,15.490262421767175,0.717880732327665,0.38378104538551105,0.17041391844600287,0.04763092269326683,0.17249148171689685,2.8433728074682896,0.9722089188884208,-4,vae_458,synthetic_vae_458,1,vae
85922.79344526894,0.8086953903536366,6871,26.19825327510917,0.03929559016154854,0.17012790382059487,1.087349529004464,13.870214573910694,15.577209196371575,0.6846623737499222,0.40503835638981267,0.19725892263831496,0.0499199534274487,0.1072559874392301,2.0446515591156764,0.9727641478724939,-4,vae_459,synthetic_vae_459,1,vae
89067.80864544451,0.7687936857241653,7462,24.12531832194076,0.04489413025998392,0.16483072758751183,1.0668117234963455,11.79305031234218,15.279149876970886,0.7214565886440183,0.39046576537460675,0.19182627721798412,0.046368265880461,0.025880711025954635,2.1736090283600755,0.9739543995980999,-4,vae_460,synthetic_vae_460,1,vae
101340.98069988555,0.8710115828679722,7575,23.764985476630578,0.04831683168316832,0.16471403259268574,1.2353054048763439,15.20381723259175,17.09034803780828,0.730590174855896,0.4105856017898149,0.16232198618148352,0.0462046204620462,0.03280564750617641,2.9261793641622487,0.9723109922291906,-4,vae_461,synthetic_vae_461,1,vae
81028.24817749065,0.7241718455660885,7251,24.82703448275862,0.06757688594676596,0.17260636027681467,1.1030578452432425,13.870214573910694,15.771543890271975,0.7100487547453356,0.4109695101527992,0.16680073108312557,0.05240656461177769,0.015744007503972507,2.228054421814426,0.9755985955995283,-4,vae_462,synthetic_vae_462,1,vae
77403.4317439326,0.738528120390252,6794,26.495951715000736,0.047247571386517515,0.16326496868989354,0.9510593428700721,15.20381723259175,13.58035495854158,0.7251893893539202,0.4053020535068403,0.21136878935109524,0.04754194877833382,0.1430533712336075,2.800037216437496,0.9740482664124344,-4,vae_463,synthetic_vae_463,1,vae
76181.53683596634,0.6888874143147925,7137,25.214966367713004,0.061930783242258654,0.16779152118554141,0.9554764734383651,15.20381723259175,13.44945338693564,0.737128196217275,0.4088626967476227,0.16586894327522322,0.050021017234131986,-0.012865175051358325,2.92635937402379,0.9763073663754351,-4,vae_464,synthetic_vae_464,1,vae
81324.9176693194,0.7212745247534278,7309,24.629310344827587,0.05732658366397592,0.16720623801361675,0.9271505632646028,15.20381723259175,13.028366229783405,0.7282726048137284,0.3983266634928102,0.21082721699803492,0.047612532494185254,0.07439850953836293,2.8031460946442954,0.9750583686615293,-4,vae_465,synthetic_vae_465,1,vae
86699.30970472035,0.8190563912147207,6889,26.131823461091752,0.06125707649876615,0.16494233824709523,1.1603317200583327,13.870214573910694,16.446148892705978,0.7330985773293931,0.3959758139863077,0.17271264092360078,0.04659602264479605,0.023904953095049364,2.1281306167149125,0.9732092173873763,-4,vae_466,synthetic_vae_466,1,vae
74484.38664522728,0.8222090075354553,5861,30.715699658703073,0.03907183074560655,0.16215041471122937,1.1807917807389836,13.870214573910694,16.638597634740925,0.727500733838655,0.40388829926709285,0.17888469201127385,0.04197235966558608,0.06878572527699696,2.2202060829449373,0.9747391255288069,-4,vae_467,synthetic_vae_467,1,vae
66081.52624286331,0.7187960882663577,5967,30.170465973851826,0.044913691972515504,0.1526535055809203,0.9737628096087437,15.20381723259175,13.639298888365312,0.7362697488238739,0.39416206391990916,0.1690577699197792,0.0392156862745098,0.2236275768089176,2.90966971219406,0.971680531693975,-4,vae_468,synthetic_vae_468,1,vae
86103.2590836281,0.7885290055045223,7054,24.640436693605558,0.049759001984689535,0.16473391569603366,1.1700126159833786,15.20381723259175,16.35100720588841,0.7186840527323356,0.39274318248681755,0.17888775190797016,0.04819960306209243,0.1307467870622817,2.8777155959684166,0.9701211855581324,-4,vae_469,synthetic_vae_469,1,vae
85347.75656862877,0.7531223130573146,7414,24.2766761095373,0.047612624763960075,0.1529583810278783,1.0218292895610646,11.732101893895635,14.440326459401941,0.7590734250631106,0.3763758037279103,0.18432563433793597,0.040194227137847316,0.18443298849251377,2.0936218084342597,0.9713740590634605,-4,vae_470,synthetic_vae_470,1,vae
75665.72406103407,0.7496592029947331,6471,27.820092735703245,0.04759697110183898,0.15318723594535977,1.0845572407664197,12.160015052834554,15.568750364270395,0.7250872148922626,0.38515400001759525,0.16003660594674896,0.041879153144799876,0.04862095573859054,2.2000806773465884,0.9713844307901167,-4,vae_471,synthetic_vae_471,1,vae
84375.21587302085,0.7014080931556339,7772,23.14798610217475,0.055584148224395266,0.15792440987950185,0.9978878416753183,15.20381723259175,14.043558600341528,0.7332341080373487,0.38368317803184865,0.16607781900689272,0.048378795676788475,0.22800823980103513,2.8637148313307277,0.9749685117954435,-4,vae_472,synthetic_vae_472,1,vae
74720.36311784007,0.666865837915923,7361,24.45570652173913,0.05271022958837115,0.16265817000464622,0.9183546432315752,11.79305031234218,12.948674168157,0.7293818914597594,0.3803954825324154,0.19732086755501124,0.046732780872164106,0.0018218774975318447,2.05731420502011,0.9757697733907953,-4,vae_473,synthetic_vae_473,1,vae
79433.6663507931,0.7929944211165265,6433,27.984452736318406,0.04212653505362972,0.16499937467539832,1.1270862340374102,15.20381723259175,16.116718124048013,0.7310406172508511,0.39303507985070857,0.1780166341589028,0.04896626768226333,0.19326329578405183,2.782179456424305,0.972480886296198,-4,vae_474,synthetic_vae_474,1,vae
67338.90976851172,0.6724138597389718,6471,27.705409582689335,0.07834955957348169,0.17236580581775132,1.0106441883083768,13.870214573910694,14.352638107680391,0.7015231054860193,0.40800471791920473,0.1723678295306265,0.0497604697882862,0.029016595674393714,2.236012241418113,0.9743607188416026,-4,vae_475,synthetic_vae_475,1,vae
