total_movement,avg_speed,n_events,mean_dt,idle_ratio,turn_angle_mean,speed_std,speed_max,dist_std,efficiency_sub,turn_angle_std,vh_ratio,dir_change_rate,xy_corr,accel_cv,step_autocorr,userId,gameId,source_file,is_bot,bot_type
71773.24974473222,0.797765212515175,3230,54.583823985125505,0.0,0.3375784039184731,1.262373032035112,13.191807352021248,35.67796499410887,0.6756577951341189,0.5635382659727798,0.24091634444239857,0.06160990712074303,0.2014389624588896,1.9900566857660313,0.7824188264210358,3,0,game-20130217-213933.json,0,human
160310.51457546774,1.2863854192160333,7897,22.682457251424953,0.0,0.3141471516211584,1.9581021529401086,19.08730624041986,32.417493167069594,0.6254090524264085,0.5807740706928489,0.17368006721221463,0.0588831201722173,0.18619338655056888,2.0110053784735613,0.8113450889038796,3,1,game-20130217-214413.json,0,human
137508.0349615924,1.2136452310618375,7250,24.74151255865305,0.0,0.3355709215318205,2.0804710373058724,22.501020385025807,32.51852860903426,0.6120458285679121,0.5648097681650637,0.21929548671174712,0.05862068965517241,0.06903848004995626,2.071457367475357,0.8471105830828252,3,2,game-20130217-215035.json,0,human
93741.110485123,0.853312041111809,6031,29.665892501658924,0.0,0.38905453665507544,1.6457266865296627,21.270302801088658,29.409588636167808,0.6439935871352969,0.6069822347441218,0.23768370513496107,0.06997181230310065,0.08279567780967934,2.260249947718109,0.8003632260725326,3,3,game-20130217-215534.json,0,human
112022.65820052932,1.0762583777621997,6263,28.570196454240538,0.0,0.3701491176029715,2.114069257753902,25.791040649376246,35.31124471245909,0.6572218414997646,0.5932502503701325,0.2615719964097961,0.06578317100431104,0.3061948975996625,2.257213610050042,0.8002589979727819,3,4,game-20130217-220153.json,0,human
93584.09101476755,0.8219313769449275,7122,25.206378196122508,0.0,0.35105716708035895,1.5209156969932662,19.704448891619602,23.682918268026626,0.6640347506114335,0.5552450879555553,0.2850868725868726,0.05377702892445942,0.24768072867980953,2.205969832618212,0.8418651546268058,3,5,game-20130217-220614.json,0,human
76327.27515116578,0.7394185893263285,5618,31.479344729344728,0.0,0.34116966954774297,1.1650851748834574,13.184389443580617,20.72738477345566,0.6571646039666059,0.5637259508884256,0.26819108651325374,0.05446778212887148,-0.023804775609848318,1.9681772487327458,0.8643907130836845,20,6,game-20130218-152308.json,0,human
83079.16731527043,0.7070359608525556,4898,36.697303921568626,0.0,0.3694571442045178,1.1708141300303545,11.41887144160928,28.23322479926059,0.6639585392058005,0.6123934106024789,0.2662271533472691,0.06819109840751326,0.03951686037152745,2.0470828313660205,0.830584374662413,20,7,game-20130218-152745.json,0,human
117746.64037790615,1.0631125612565073,7836,22.94993614303959,0.0,0.29259938092414256,1.6503471857426382,23.318557031703666,24.123902084644573,0.7124731347712538,0.5059052323159224,0.44499547737126105,0.044793261868300155,0.04308160560898588,2.1889183645417263,0.8823586289563191,20,8,game-20130218-153304.json,0,human
102623.58295872703,0.8602975004384623,8303,21.604746416094446,0.0,0.29922438645164673,1.4324340586837023,15.243196173565398,20.535481781993564,0.7153599597058509,0.53498261058616,0.19430603488969778,0.04408045284836806,-0.08425234638249439,2.0568415381686718,0.8810727002087881,20,9,game-20130218-153719.json,0,human
106722.34381748026,0.8336789732066604,5411,33.22285925651933,0.0,0.33024874113034036,1.36296761969528,16.548172524145645,32.72382581318275,0.6618423636439897,0.5639376794499462,0.22689820237307123,0.06228053964147108,-0.14281630691877212,1.9684548672258244,0.8507172629918134,20,10,game-20130218-154408.json,0,human
108241.55381870353,0.9968370589508041,4600,39.890485521445676,0.0,0.33335638914735494,1.5476450203039576,16.38963202171371,37.1951364707171,0.607729511019367,0.5637348548959417,0.2564474154207277,0.06608695652173913,-0.02145490589422092,1.9377648795683402,0.8397376903128342,20,11,game-20130218-154826.json,0,human
69308.98457219216,0.8735934582420908,5112,35.06674495987473,0.0,0.32246335012128313,1.4534105406904656,14.383014673951742,22.580442892576546,0.6650907293516922,0.5585012057475573,0.20534054419469325,0.05496870109546166,0.21085797492752298,1.9829802406817525,0.8566283885391637,5,12,game-20130219-112501.json,0,human
82972.10465808246,0.7690013290182569,6236,28.738725726207672,0.0,0.33668620204586913,1.3452562958204888,16.008907644400416,22.94151612249729,0.6853878616109184,0.5910242053315934,0.21322778014927496,0.05933290570878769,0.0811295891382864,2.0988443234060643,0.8368571540766452,5,13,game-20130219-112924.json,0,human
86393.96323338576,0.911235403611687,6394,28.00219126623885,0.0,0.2939916642575883,1.5392787441176814,15.308272118899383,23.586004229876096,0.6837415457439857,0.5188716646205361,0.2307101001827232,0.0475445730372224,0.13299777264316368,2.04833657886782,0.8658126883003845,5,14,game-20130219-113434.json,0,human
97226.14538807889,0.8813629714069894,7304,24.558646204439572,0.0,0.29680427726496134,1.456590028802366,18.861845900368046,23.231813573845436,0.6882256944867647,0.5721687866346099,0.13701361712110388,0.049835706462212484,0.25387897030318807,2.0906566359554746,0.8480878852086042,5,15,game-20130219-113844.json,0,human
90387.27545670747,0.7689588685861164,5068,35.42958720126407,0.0,0.30157615245680147,1.264382141769851,13.963134884490271,28.584423142524443,0.6118473109162819,0.5659692294049159,0.17251325408132284,0.05939226519337017,0.15288911970477362,2.0475432274040823,0.8361129837692635,5,16,game-20130219-114345.json,0,human
76579.70617839778,0.7212965072819053,7307,24.435026701355607,0.0,0.3004560553704483,1.2115914524275138,14.32067151543744,17.317798064809768,0.6640692686154336,0.5512127865054636,0.21180911221182314,0.04803612973860682,0.21719014839057804,2.096952419855255,0.8751020767431821,5,17,game-20130219-114754.json,0,human
103927.92853218743,0.8701041129693871,5013,35.447615246457794,0.0,0.3080172570870085,1.2590343121632794,11.34790937833834,29.497260711758337,0.6077918320742646,0.5685419305969798,0.17264594389689158,0.059844404548174746,0.04408451603016023,1.8728393631736098,0.8468108958352141,5,18,game-20130219-115256.json,0,human
59529.718062262174,0.6734561829300604,5069,35.37418590882179,0.0,0.3102376943368222,1.2307102166487742,16.009884641995395,20.84002443089222,0.6383944576373206,0.5218408531265202,0.3036838225565615,0.04734661668968238,0.14576437812495122,2.269923912131393,0.8908087977059097,5,19,game-20130219-115704.json,0,human
76805.46997401933,0.7709825430328564,7077,25.173286219081273,0.0,0.2952840790476701,1.1650386417120275,17.651677468487904,16.558554442545674,0.7041755082354443,0.5296480657533847,0.19405465030229407,0.0414017238943055,0.13155360400402336,2.090978017122964,0.8482220837578666,35,20,game-20130219-121132.json,0,human
104463.09833618012,1.036420266563271,7034,25.432351685872813,0.0,0.2897971585585026,1.6155072611290349,16.436178363101124,22.712852028416,0.696895556880722,0.5173860669507735,0.3180404526104506,0.04691498436167188,0.07656542010002344,2.130427631926357,0.8720360040588476,35,21,game-20130219-121615.json,0,human
84864.06313501783,0.7987658213097102,6967,24.83180120654984,0.0,0.32092686725153224,1.3115791882552241,17.003267659809133,20.19463065200034,0.6828961059669475,0.5448770142297283,0.25159181315723833,0.0516721687957514,0.053236021056956184,2.157927433641103,0.8394719319980173,35,22,game-20130219-122133.json,0,human
56182.17680447204,0.7061976008560463,5154,34.6853649068323,0.0,0.34419268338747183,1.2128219341245758,15.39447290160879,18.469827113881124,0.647407576071352,0.5842151531118837,0.18141877816914745,0.05102832751261156,0.2257001212961898,2.124036884898782,0.8163589287725833,35,23,game-20130219-122551.json,0,human
89730.74593627098,0.7741399361130026,4857,36.91925849639547,0.0,0.335501654630183,1.1004353406712022,11.501386340572255,27.236375601226243,0.6484958259892377,0.6148809944390851,0.16126360486683855,0.06094296891085032,0.19585239866375037,1.7424327492564924,0.8092892976086128,11,24,game-20130219-141440.json,0,human
98432.85005596827,0.9320686037145558,6886,26.100450646896352,0.0,0.3166193226944909,1.635216589440695,15.667060672744482,25.715190978690647,0.6638278128774072,0.5474149039794202,0.2264442859494157,0.04966598896311356,0.17152353121453612,2.301576916185667,0.8354961183761606,11,25,game-20130219-141931.json,0,human
102988.4951202175,0.9485052978936596,7024,25.590255022082918,0.0,0.2950078288090628,1.4858730498789603,17.81796845883391,23.727016387663596,0.6425803516996621,0.5406625600336878,0.25047328112899064,0.050683371298405465,0.16557870348871817,2.078693032510146,0.8537332274205998,11,26,game-20130219-142444.json,0,human
93513.16367127479,0.8555319008156164,5647,31.02693125442948,0.0,0.3016059845751146,1.1611429038248657,11.005049346146118,23.00825283743287,0.6596551400486486,0.5174176684600537,0.25835702668866345,0.054896405170887196,0.10967637016083628,1.7984468964805098,0.852116780834414,11,27,game-20130219-142856.json,0,human
102621.34016064051,1.0001347009422972,5036,34.84260731319555,0.0,0.3197541624465589,1.420637268451825,16.059934234090306,29.535134578770993,0.6208034995858477,0.5586343229089422,0.3286754770457766,0.059571088165210485,0.2621481547283102,1.8103991483383655,0.8836560002062261,42,28,game-20130219-161811.json,0,human
66615.20564404325,0.9678764858857994,4515,39.34530141843972,0.0,0.3020131173208155,1.4506728313336392,13.42115583035659,23.028900141594686,0.6846844521136338,0.5383789729432531,0.28629806101515454,0.050055370985603545,0.2796167602921539,2.179856631466918,0.8274174225925877,42,29,game-20130219-162300.json,0,human
114662.99190071612,1.1477150504792157,6872,26.823460922718674,0.0,0.2945675299864396,1.7170448056042589,20.13897030634883,24.95194074594985,0.6538106623206873,0.5289488520264336,0.3235171881493796,0.05515133876600699,0.21579650785280105,2.1453875971699548,0.8623437630287933,42,30,game-20130219-162819.json,0,human
70690.10831596788,0.8846381833821065,5278,33.83001328021248,0.0,0.3031442415987738,1.3279266852770693,13.939711458834273,20.507027713496196,0.6288707733823985,0.5291902770984758,0.31862165873598824,0.04717696097006442,0.3445903872413572,2.0021967412134396,0.8640704102394099,42,31,game-20130219-163248.json,0,human
121029.288521185,1.0223128321785901,5914,30.29368973100998,0.0,0.3373593804806583,1.4135898438947787,11.5147544116667,28.907109212703208,0.5931944098006839,0.5640393698734311,0.32122598437543237,0.06729793709841055,0.31263060745940424,1.7835037368860747,0.8494883694087856,42,32,game-20130219-163818.json,0,human
105619.30240758165,1.256342173842628,6209,28.730261037705446,0.0,0.26285040990128195,1.7165616083603437,24.376242192593033,23.94079913966954,0.6508271646215653,0.49789049657436935,0.29040330316553364,0.04251892414237397,0.3441893165885529,2.0014000649304378,0.8712781540302996,42,33,game-20130219-164243.json,0,human
81534.90677850408,0.7734433372977135,6782,26.206642066420663,0.0,0.28348791085885033,1.0645762534217087,14.3287298809071,16.90772343307906,0.7300894062220294,0.504198858168053,0.2082323498419389,0.04069595989383663,0.09675905212748159,2.0611805756295185,0.85221135087695,13,34,game-20130219-171909.json,0,human
94350.86740675116,0.8707194442922069,7105,25.16952970994086,0.0,0.25578340279585277,1.3303388625317558,14.868127807151643,20.843451177549564,0.7662488636556781,0.467060793910279,0.26717575468321203,0.038986629134412386,0.04523117781584908,2.0674985207039076,0.8642126335337754,13,35,game-20130219-172328.json,0,human
122181.19168603301,1.0356880597632998,6281,28.50717245776219,0.0,0.3218251253604226,1.5743993213859773,16.71321730406989,29.98532413536277,0.6792760926488275,0.5483349546460302,0.19638430112783267,0.05540519025632861,-0.08500191930102559,1.9060744136578247,0.8164985465500562,28,36,game-20130219-173252.json,0,human
105429.90096449263,0.9430718589308007,6001,29.807269089696565,0.0,0.3286595285330295,1.5404020814732542,21.874007914011145,27.929131561916996,0.6576531634255124,0.5593101521875651,0.19641465315666407,0.06015664055990668,-0.1750430901961339,2.0088950138600197,0.8324003342137531,28,37,game-20130219-173714.json,0,human
120606.7180481234,1.0844830016106808,5959,26.87120067170445,0.0,0.27422571356501585,1.5821109412482826,16.88899882319849,29.077817975364024,0.6832241848951585,0.48870196172631064,0.23494419122133295,0.04916932371203222,-0.04746333065220098,1.914937358970724,0.846881233049286,13,38,game-20130219-174213.json,0,human
91726.93265212639,0.9489329323052493,6396,28.08775222900047,0.0,0.25398673553019124,1.4043253585478517,14.363636363636363,21.63690958831768,0.7141968200445927,0.4908623515329189,0.1612557200077598,0.03830519074421514,0.16183420212811828,2.102446337112358,0.8645177223899736,13,39,game-20130219-174628.json,0,human
104942.79171970453,1.0044784329389018,6497,27.361145320197043,0.0,0.31639535255692064,1.637926037792125,15.333913032520071,26.470635844379046,0.7133557462563948,0.5146620041517943,0.23405602973854173,0.05294751423734031,0.09998408335995607,2.033085288180057,0.8445363493488454,28,40,game-20130219-175142.json,0,human
101922.6427659035,0.9209681156635798,5801,30.790862068965517,0.0,0.36608824197780476,1.7097706326811903,23.315515890711062,31.778860252774027,0.6464794907297263,0.5967055101533869,0.19383135257498585,0.07222892604723323,0.0877783054605353,2.434018688607107,0.8114955335849765,28,41,game-20130219-175607.json,0,human
81029.73215204853,0.7696902733618758,4292,41.74941724941725,0.0,0.2953445904397147,1.1043848176986022,11.2384008156215,26.677820441722023,0.6944808584164124,0.5827843680359515,0.1357776554478768,0.04962721342031687,-0.011273661371181232,1.9067609488377932,0.8075110842356739,43,42,game-20130219-192155.json,0,human
64845.98221633017,0.7800390686470942,5593,32.15586972083035,0.0,0.3003516391981981,1.284841025154841,16.134808063624433,19.807409482630927,0.7220524614112703,0.5468409368481303,0.1334380912676779,0.04541391024494904,-0.040218191141656784,2.1291296179866976,0.7822382950529054,43,43,game-20130219-192639.json,0,human
82009.29995008493,0.8341504149728444,6986,25.615649183147035,0.0,0.32798772878763166,1.3607732477013335,15.640591394622959,18.872920376438355,0.6888511059299418,0.5613858624240422,0.1619708393604629,0.045090180360721446,-0.013422616383514089,1.9469879670474528,0.8621150693205955,43,44,game-20130219-193349.json,0,human
96277.67408661594,0.9916258839285592,6122,28.967625899280577,0.0,0.2904910132567029,1.5138398034367457,13.461758239964146,22.98303250511093,0.676403991125946,0.5320367877325912,0.17990120746432492,0.04524665142110421,0.02526995681809301,1.950828871707985,0.8529208250348483,43,45,game-20130219-193822.json,0,human
100983.21280798082,1.0772320963757036,4465,38.850515463917525,0.0,0.348988197886751,1.6733074746190628,15.903689371970843,34.856933475705816,0.6015081668076495,0.6377916270100377,0.14016128372016864,0.06562150055991041,0.1923024138286845,1.9619406492783609,0.7534991848630159,0,46,game-20130220-100901.json,0,human
90016.34770140651,0.8893348647954915,5172,35.60843490036758,0.0,0.3408355319400107,1.2771801412479296,12.391839746691865,25.5287272514199,0.6281566847544875,0.5563345395002116,0.27176829492410043,0.05955143078112916,0.1250320917756958,1.8275157160822333,0.8009631352370965,0,47,game-20130220-101344.json,0,human
94157.7126358705,0.8791854227351737,5403,33.14558251528061,0.0,0.35492972279091406,1.4669090787734713,17.429399032017255,29.566777459279063,0.6413341120677438,0.5541151214195571,0.2704075051304603,0.065148991301129,0.052094149297733,1.8995508467553979,0.8264476978649391,0,48,game-20130220-101928.json,0,human
109482.70525392535,1.1277229893506253,6483,27.654783950617283,0.0,0.3090032335640103,1.7733482488604815,18.006943105369107,27.511780616773816,0.6195764150992158,0.5485355579093936,0.1777052913984617,0.04905136510874595,-0.04842434337140119,2.106610731142529,0.8396036521710573,0,49,game-20130220-102358.json,0,human
127756.6166356321,1.3390756564421817,6345,28.218892919097936,0.0,0.30473536610237417,2.0234547174474153,17.44042337063349,30.651812328283704,0.7019763744948085,0.5617564658146524,0.24677040516735174,0.05484633569739953,0.06232338464707457,1.9658063647158057,0.8624283484225992,0,50,game-20130220-102925.json,0,human
112076.17211381652,1.0693435990594997,5350,33.49345304900861,0.0,0.3500816525254263,1.608597839604775,18.633702692515456,31.08258446761266,0.6633922646228996,0.5536359089219105,0.2725979555398591,0.06355140186915888,-0.01062592708710863,1.9005170176393147,0.8244400429604325,0,51,game-20130220-103341.json,0,human
9244.887431838946,0.3294624786744094,1416,118.28995756718528,0.0,0.39161701916410213,0.5116314123993208,6.352742771450895,10.075326562014542,0.5956596664667263,0.6243312956851396,0.3018023466795694,0.05508474576271186,0.3362400279184972,2.2011848062740853,0.7956359764498442,40,52,game-20130220-131225.json,0,human
488.9148243873259,0.2192117366995385,113,1565.0,0.0,0.4794493917157868,0.36723531820592475,1.800276986998639,6.748727887450895,0.6767247879817806,0.6581445930284394,0.6021220159151194,0.05309734513274336,0.48348852892588734,1.9111709131369086,0.8068332914676567,40,53,game-20130220-131810.json,0,human
62497.98677345513,0.7821783815981502,5232,34.295254496747035,0.0,0.3610022004561896,1.32657781794837,17.41952927033334,20.136677867198618,0.6504086037830416,0.5796881467000405,0.4205223385920721,0.058295107033639146,0.31692271396214067,2.27834006804152,0.8294414520837368,40,54,game-20130220-132425.json,0,human
56046.22448658593,0.6161787911917256,4881,36.763535684987694,0.0,0.3712034828777101,1.125280644858435,15.653598827426235,20.68737156180989,0.5910754359968452,0.6006890762938858,0.28498987794571434,0.059618930547019056,0.17727043279029187,2.1981225446980037,0.8439721943441907,40,55,game-20130220-132845.json,0,human
73275.15090654811,1.0009684633383524,4551,40.24774675752913,0.0,0.2730963204060313,1.7730020461152902,25.141610762160333,31.976720022919285,0.6994239851086562,0.5562063881722411,0.14785155420987847,0.043506921555702044,0.557411062251835,2.348985833654513,0.7999317903419455,39,56,game-20130220-134517.json,0,human
98343.94181153386,1.0989686003930808,6517,27.602150537634408,0.0,0.27327366794787356,1.8784119357617324,24.08043363294393,26.27213118358159,0.7508717167901302,0.5088139204392726,0.21942704362909196,0.03836120914531226,0.27970275957606383,2.383218677302488,0.8392543657229126,39,57,game-20130220-135006.json,0,human
87492.14773733278,0.7664878759743781,4984,35.58783376831961,0.0,0.3136428520813843,1.3145553128094976,18.573626243594294,30.152731099673517,0.6905307816247239,0.5655439622688019,0.21455230774915932,0.05698234349919743,0.012975976085279551,2.373461096216831,0.8655073974995263,16,58,game-20130220-142016.json,0,human
91737.0045931346,1.09534847712746,4825,37.14057640472735,0.0,0.3056399301222066,1.893951036294365,26.46334525292123,32.34508564720708,0.6999821536790757,0.5839766719838873,0.19314910430191495,0.05616580310880829,0.1380432426827121,2.437724521476935,0.8809975676723127,16,59,game-20130220-142443.json,0,human
89409.35083956298,1.0232410092528486,6239,28.645445798588838,0.0,0.2692141125342909,1.7365082567104986,15.975446035496407,23.705493856568573,0.7168160426368108,0.5561929325046001,0.12407268531871936,0.043115883955762144,0.1534017825849556,2.140484410798637,0.872212813221338,16,60,game-20130220-142949.json,0,human
101181.57779659936,0.9664675255429502,6249,28.689611013286378,0.0,0.2698276874874195,1.4968081379542584,15.857786344729899,25.612596926032428,0.7067232260851202,0.49927203458218794,0.2089058524173028,0.04544727156345015,0.07677416641075271,1.9900409262117202,0.8676203487208995,16,61,game-20130220-143407.json,0,human
94438.00851041835,0.8773041325820847,5544,32.38711423930698,0.0,0.29024902315954526,1.3976142079376,14.850905114370953,27.256193937486373,0.6703737892247129,0.5345862335665066,0.22801697998787143,0.05212842712842713,-0.0007267153025017828,1.9754099654129902,0.8749301524766186,16,62,game-20130220-143912.json,0,human
109813.59741019312,1.03239454583837,4808,37.302998750520615,0.0,0.2973380944064521,1.6336491048505792,17.213987366633017,37.175929368133026,0.665831632625388,0.5845532230345892,0.16957768010701318,0.058652246256239604,0.1532165537700207,2.026137078881142,0.8453688936492963,16,63,game-20130220-144324.json,0,human
87805.9205305472,0.8442766303179231,6705,26.701089389643336,0.0,0.25176091921774224,1.3666629112499296,13.579913935662479,22.034718729127743,0.6821602229345041,0.5255103814230745,0.15482693623713878,0.04086502609992543,0.012070832872272839,2.352361986303365,0.836848836362088,16,64,game-20130220-144859.json,0,human
105401.30692306515,1.0828185603068758,6383,28.07381288199342,0.0,0.246381139874137,1.7951511948405363,21.924516971747504,26.797926586799594,0.7291820321614382,0.5164791458295537,0.16471234518577707,0.041046529844900516,0.04828176436642681,2.118332497638448,0.8897541575762695,16,65,game-20130220-145314.json,0,human
91805.05009183357,0.755445293291817,4260,42.07865696172811,0.0,0.36898021875585624,1.2861747668027899,15.774721278856193,36.226663169910445,0.5795250121469748,0.6014127912496867,0.208340630217272,0.07652582159624413,0.0048500882652505704,2.080549697433413,0.7929886208595375,3,66,game-20130221-093616.json,0,human
91850.41726656843,0.9420994380287937,5332,32.1890015015015,0.0,0.31985934139232425,1.4988597147408498,17.297664110320486,26.914951939122528,0.6620224378620524,0.5664308826975591,0.19466302536567304,0.05701425356339085,0.016920954291130552,2.0318012260359306,0.8256397662940168,3,67,game-20130221-094036.json,0,human
115439.75313943444,0.9195653127256259,6473,27.690369454320606,0.0,0.3221952271412629,1.5266781075237672,15.91346226469903,29.737069656514883,0.6687407658526303,0.5207784369906885,0.2785235222231845,0.05484319480920748,0.12240783213864219,2.013927685501994,0.8394944948375697,3,68,game-20130221-094540.json,0,human
169985.87735170958,1.4760431822658058,7310,24.530047912388774,0.0,0.287757020374099,2.3466389027033383,26.59090909090909,39.092734932272734,0.640949695481439,0.57266941772653,0.1291175065462836,0.05034199726402189,0.24429813803443218,2.1251211402777925,0.7731047032357877,3,69,game-20130221-094955.json,0,human
122145.15355600946,0.9429256295108638,5149,34.8034188034188,0.0,0.35831395840275687,1.6630165554312057,18.23425044451667,42.9588253410464,0.665940170093905,0.5976760363842407,0.19006835860768445,0.07147018838609438,-0.11419879789169929,2.15002334540613,0.7980097757426983,3,70,game-20130221-095430.json,0,human
138535.7159606561,1.1685086726660852,7131,25.1370843272064,0.0,0.2913764788368827,1.9082994318587916,21.24504744208227,33.34620159490017,0.6528182399965188,0.5105186832292345,0.23036833030357406,0.052166596550273454,0.15468775445386712,2.0417386371780917,0.8582967965190594,3,71,game-20130221-095840.json,0,human
96753.84263397948,0.8775164426229146,7153,24.95439921667366,0.0,0.31495530808799366,1.6141924368234626,25.39277258214006,24.444388019536138,0.6757811816071403,0.5587725408606089,0.22681603085962906,0.04948972459108066,0.03587679547420906,2.399064109691966,0.851017687204045,3,72,game-20130221-100335.json,0,human
107965.00451363223,0.9583212714482092,7095,25.25673198928521,0.0,0.28764734543427883,1.64017000509027,17.62677296047124,26.08330179843703,0.6681595416784385,0.5059533295427494,0.22795796248805753,0.04439746300211417,0.17485039359997062,2.04830726907746,0.8793452686783261,3,73,game-20130221-100749.json,0,human
105626.40492162885,0.9204028319842218,7140,25.102733006306938,0.0,0.29379716683453977,1.730496330720166,20.940757057051425,27.80492450578701,0.6930135163022806,0.5020512199279132,0.23434466520715436,0.03823529411764706,0.13953471328003342,2.315490138731539,0.8601325427555886,3,74,game-20130221-101228.json,0,human
108329.90928971331,1.061260463131469,7242,24.749585406301826,0.0,0.27456882580274705,1.9620253662232972,24.641628934451756,27.81398116966991,0.7484783500357529,0.5140211624482018,0.19503988282564377,0.03783485225075946,-0.08045547180095991,2.4735376459861156,0.860221097775739,3,75,game-20130221-101637.json,0,human
111334.82522348601,1.0385217482103088,7478,23.635390175344668,0.0,0.28322675295880706,1.8005789022555088,21.86606960566988,26.065897130882565,0.7116685301639343,0.5275785961215983,0.15324482528586597,0.04025140411874833,0.18858274890292245,2.4366947749099177,0.860882648100456,3,76,game-20130221-102118.json,0,human
86222.37852899246,0.8792778388791165,6469,26.917414166408907,0.0,0.32072929345333434,1.558944673188069,19.19574334325191,24.517236670099656,0.6887868861658586,0.5796794165836879,0.1811789624047188,0.04637501932292472,0.15904339495453698,2.3740145608091585,0.8537204979819171,3,77,game-20130221-102532.json,0,human
102060.00961017366,0.8892045071951323,5012,35.779041916167664,0.0,0.31554828633191107,1.5628049953413057,15.78745883075244,36.21472804379841,0.6225357365017605,0.5523790776777003,0.24367126058376098,0.05766161213088587,-0.053557811649766314,2.213600304645116,0.8489412386668742,3,78,game-20130221-103042.json,0,human
114997.10964429162,1.0323394985367638,6248,28.67189751801441,0.0,0.3214034636673988,1.7983569209293746,20.02687083784073,32.08920689690285,0.7146782719956075,0.57296131760038,0.21316864697318366,0.05265685019206146,-0.03872540574822405,2.0589758627570975,0.8640119499936043,3,79,game-20130221-103451.json,0,human
121415.12867943171,1.08613214946104,6451,27.76570010854396,0.0,0.3191356782111033,1.8278709760558356,17.286304594406875,32.06532222294794,0.6609191933310172,0.5553888922565728,0.20742284498048955,0.052239962796465665,0.15996143946780372,2.1102456574747412,0.848101173043357,3,80,game-20130221-104016.json,0,human
115625.94201584534,1.0244333321411194,6388,28.01347117794486,0.0,0.31557991727036183,1.762864618148285,27.473549431541365,30.330695545592484,0.6432527057264679,0.5523466295165785,0.21854292308837764,0.05228553537883532,0.19582833200242666,2.3038146450334795,0.8522115796919063,3,81,game-20130221-104426.json,0,human
81219.89418013123,0.7902006443298119,5515,32.46054779611826,0.0,0.34503728728870836,1.3311740817810083,16.65986255670086,24.375218953699722,0.6774131908265095,0.5675810458486438,0.24393374242971164,0.060199456029011784,0.19479227184912165,2.05240894683286,0.8152713756845062,6,82,game-20130221-110948.json,0,human
84484.9291226712,0.7408554632182648,7690,24.031888585188078,0.0,0.29679651495093895,1.05058366006187,14.222656243377465,15.502531877968547,0.6498432194693798,0.5482290543808351,0.23314129931587882,0.048894668400520154,0.0714271863762621,1.9805892972771424,0.8453614425513616,6,83,game-20130221-111439.json,0,human
78799.963312606,0.7371208162603089,7307,24.07064622124863,0.0,0.3045424735526491,1.1907029616965679,13.0,17.403991629896307,0.6708980711966166,0.5206894156903787,0.21476180740134942,0.043930477624195975,0.10872944333935221,2.0540119921931113,0.8601013624255835,6,84,game-20130221-112050.json,0,human
70960.03846187147,0.6889579279307888,6648,27.031748420102318,0.0,0.3017454809583016,1.1657997115657064,14.660017045462212,20.14806864016768,0.6807393042792989,0.5452434366206054,0.22635357509146295,0.04828519855595668,0.1215253294182628,2.0949528916126847,0.8500347495456486,6,85,game-20130221-112504.json,0,human
67651.9252659473,0.7138384176930165,5023,35.37338115162383,0.0,0.3403676612472258,1.1327893138965008,14.272913135821856,20.864855099220524,0.7005379316751992,0.5764925926246474,0.26383334426014554,0.05673900059725264,0.20195820676444307,2.076783443242618,0.8263917519775099,6,86,game-20130221-113013.json,0,human
100627.30325394802,0.8301360796545683,6641,27.020795660036168,0.0,0.3030080035205048,1.3895811362556045,14.337042276913325,25.714179599342533,0.7111242316794053,0.5233124049095598,0.25081632430189255,0.04683029664207198,-0.0005225760715211878,2.014504717296482,0.8600722692379319,6,87,game-20130221-113426.json,0,human
98926.23226235129,0.9366145084037379,6967,25.7165015079707,0.0,0.2834462029030025,1.4121887515739553,16.81435863332289,21.429352519538305,0.7335448297847466,0.49162680909709094,0.25788149773389624,0.04521314769628247,-0.08934274588796297,1.952686863504968,0.875794846414979,6,88,game-20130221-113940.json,0,human
93989.70564906734,0.8378857441683831,5488,32.71855632519139,0.0,0.32072764422899497,1.1891216724302711,11.813161357147374,25.700202778734614,0.6650556474575646,0.5534664285337371,0.25419231709162005,0.055940233236151604,0.11376360781865535,1.8464892256036025,0.8467456088451976,6,89,game-20130221-114351.json,0,human
106469.82337125894,0.9006595400271055,5203,33.16608929946113,0.0,0.39519875891803624,1.5076924137294767,20.273079007055237,33.36825013890466,0.5931570255069728,0.5796194706467512,0.2784317760856143,0.07322698443205843,0.09110352720333645,1.9602239882424275,0.8143208778721309,44,90,game-20130221-121335.json,0,human
112080.56636974709,1.2100114745650794,6666,26.884101486263322,0.0,0.2743662664021103,1.7931360627110149,17.376371071225957,24.973924435172297,0.6929020469893771,0.5124269657497557,0.25840282295424527,0.04065406540654065,0.10222387948415006,2.145503460864787,0.8795237480450999,44,91,game-20130221-121819.json,0,human
134317.00679063782,1.1699785458393643,7124,25.16968675375755,0.0,0.2940763979256616,1.6868737685309567,17.78561567672033,27.17415605482849,0.6683763755688749,0.5125140453985738,0.2530932086884795,0.05081414935429534,-0.09459021180489066,2.0905770809124786,0.8334428534280063,44,92,game-20130221-122349.json,0,human
89599.24885685663,0.9039206238683346,5137,34.28760717069369,0.0,0.32654455257040227,1.3154954169682074,14.805714561393833,24.788559719322087,0.6507416530658809,0.5335635600571503,0.3136010833719953,0.058594510414638895,0.012276641797837998,1.962461390004288,0.8411452089886785,44,93,game-20130221-122747.json,0,human
98437.66581800143,0.8424347998060873,4525,39.3906699093522,0.0,0.36280016588948344,1.3957322304205888,15.959870034669635,35.70108954291182,0.5619272690353012,0.5802583311976527,0.25812725757154764,0.07226519337016575,0.19085174904669364,2.041760484882298,0.8276716339902377,44,94,game-20130221-123306.json,0,human
100196.98006195013,0.8965633485852819,7518,23.912707917498338,0.0,0.28587590900093485,1.4865446555325563,27.619060447451865,22.74935025000673,0.7316131223528431,0.4917482408692689,0.22524757792528624,0.03963820164937484,0.27923656155671284,2.6990167096658375,0.8779959670962267,44,95,game-20130221-123722.json,0,human
91135.28940761929,0.9018400400728784,4750,37.424267958710765,0.0,0.3680787027402693,1.6383771347644291,17.902686190611345,33.80117408479905,0.6473293421528139,0.6155206727228609,0.17301541481438715,0.06126315789473684,0.1287370938664182,2.171829477463391,0.8179158780848128,31,96,game-20130221-141820.json,0,human
73046.30144531619,0.7265716172465656,4402,40.73221186633326,0.0,0.34937574972913926,1.265113209427819,14.555979637588003,28.435687288990287,0.6555473365620265,0.5894388306007499,0.20981912905267186,0.05974557019536574,-0.0713602486348265,2.2352724085395583,0.8241653245148575,31,97,game-20130221-142256.json,0,human
123399.7957076226,0.960648494556177,6766,26.566612450096112,0.0,0.35370647037059383,1.736103793711103,27.875,32.26518984942071,0.6706102571125242,0.5580172564180508,0.2615434320227593,0.061483890038427434,0.03384591998034055,2.27698576648975,0.8497042786826248,31,98,game-20130221-142841.json,0,human
97930.84497205014,0.8243601678514499,6225,28.78004498714653,0.0,0.3739364966977463,1.366962461648338,16.2773665782243,25.962764186231695,0.6150211804600646,0.6000993658067826,0.29586038491360855,0.06859437751004016,-0.0003841764153281848,1.994558133523135,0.8504273545181771,31,99,game-20130221-143304.json,0,human
96655.30540286211,0.8330791749977657,4854,36.97588623248145,0.0,0.3952260687840913,1.5637591347008222,13.83511813564165,36.77410643864793,0.5770369395036845,0.6628428199051457,0.1584703591518823,0.07952204367531933,0.2817124109815333,2.1040250332612915,0.8182626433211615,27,100,game-20130221-154811.json,0,human
101379.87992183218,0.9149691881115707,5932,30.27487352445194,0.0,0.38261448179016583,1.674515666978913,19.345239239926705,30.976631483169474,0.640550073279232,0.6120050065707758,0.22434877337633904,0.07063385030343898,0.10299586502248162,2.10400342397271,0.8518467034855736,27,101,game-20130221-155238.json,0,human
82831.06933047666,0.9379553937290267,4669,37.95777968281183,0.0,0.3538972359947801,1.7899668933044006,18.411190585497458,36.48685701992947,0.6094708999537074,0.5927595779620658,0.22992715153271595,0.06768044549153994,0.0538274037456486,2.1721627313697454,0.847391679797252,27,102,game-20130221-155744.json,0,human
90335.11207665328,0.7848386279885706,5782,30.878892733564015,0.0,0.3672782134082535,1.5394774071005888,20.482493607437014,29.949059796821864,0.5967837793944464,0.5975148779873154,0.18706681125937102,0.06641300588031823,0.12460693436049962,2.3662310127680612,0.8302470251103825,27,103,game-20130221-160156.json,0,human
71682.51997133816,0.7255336379726358,4292,37.7607276119403,0.0,0.36705359902010676,1.3524765967983277,17.158157443732275,32.392933198607054,0.6408446895055089,0.5695162713448615,0.20930824388856453,0.06150978564771668,-0.04097416335596307,2.169940760526456,0.8406100343925333,41,104,game-20130221-163925.json,0,human
72930.78980333958,0.7034310168432668,6935,25.68850093781561,0.0,0.3131031836020342,1.0334949864688796,10.822430410956683,15.474617277175208,0.7240963068150368,0.5575218865284399,0.1516074835549734,0.04253785147801009,0.058718562708312855,2.158322226931687,0.8598336939129219,41,105,game-20130221-164404.json,0,human
59665.79009239978,0.7897979140602603,3710,44.53883495145631,0.0,0.311457849748714,1.3467028005742159,15.240000581644734,28.16706279757396,0.6675727103563404,0.5795933601976379,0.2177460386684111,0.05202156334231806,-0.3214117022099061,2.065669874336797,0.8740750009816763,2,106,game-20130222-121351.json,0,human
68126.72443744645,0.8202657665298477,5195,34.581390868811404,0.0,0.2962969912851211,1.466463853983358,15.6259399717265,23.13515449605625,0.698614310653295,0.5328153534612123,0.31398199771612817,0.04639076034648701,-0.041360993775655226,2.225150590923674,0.8960161710953305,2,107,game-20130222-121822.json,0,human
74174.40773998469,0.8583043783168824,4266,42.18004694835681,0.0,0.3337068798275292,1.5366581288299568,18.621761463406195,33.145165401938165,0.6444658046105073,0.5727498744148569,0.3569829516101257,0.05414908579465542,-0.2593324449226364,2.286429581997951,0.8878781500602058,2,108,game-20130222-122349.json,0,human
65631.05241950465,0.7610210793650741,5679,31.56596794081381,0.0,0.3092193852987303,1.5881348913194229,37.59302535784471,23.114654181526983,0.7033608279827224,0.5340241173620118,0.28458061622330333,0.0429653107941539,0.2706487326215069,2.3436195313035464,0.9131411737441865,2,109,game-20130222-122808.json,0,human
98876.75659048729,0.8506934044197662,4839,36.45405629139073,0.0,0.34660883258341607,1.4083767241787608,16.48176343954425,35.8470211913141,0.6488037006720935,0.682646951091814,0.10671669715616165,0.07026245091961149,-0.12235853755213799,1.9269909478495648,0.7939907417855743,23,110,game-20130222-151302.json,0,human
112057.5612480928,1.0028332739598247,6637,26.626507840772014,0.0,0.3052091799616471,1.4533530856709493,18.750104166377316,24.60767727269804,0.633172997866896,0.6370817824765481,0.10223814441469188,0.06132288684646678,0.10138851698031676,1.925855561107725,0.8257867129042975,23,111,game-20130222-151812.json,0,human
118959.71999114503,1.011897026566274,6081,29.26707256870166,0.0,0.3080632487794728,1.3953416527234759,13.877252069484074,26.7076062880471,0.6871691828446563,0.5957600183042545,0.15817102659925258,0.06380529518171353,-0.01956651150860645,1.9396423166326342,0.8584094225519077,23,112,game-20130222-152332.json,0,human
105240.89940993558,0.9583070774535246,6624,27.119655537090196,0.0,0.3350195112153937,1.6023354230780151,23.64133591833746,27.910335794111884,0.6645469477750491,0.6330292646126296,0.10836303275887321,0.0640096618357488,0.03447841987793461,2.0781293089047437,0.7940951024703851,23,113,game-20130222-152819.json,0,human
90786.35111227773,1.0518099604214177,4365,41.236992894797154,0.0,0.26643183684019844,1.4743441300428128,16.580787074201275,30.809325236303753,0.5958047603313451,0.5225871645760547,0.24839702952363701,0.050400916380297825,0.10553068678868578,1.904540669283331,0.8684376581461783,14,114,game-20130222-163440.json,0,human
67609.33387294743,0.765063251129362,3822,46.36770478932217,0.0,0.30323409151805114,1.09170708211787,10.02416739420636,25.69632839041679,0.5382647047166422,0.5552236208568135,0.2634606534744593,0.05468341182626897,0.0023218335951743665,1.7740114056251366,0.8709797090457756,14,115,game-20130222-163946.json,0,human
70526.33243033351,0.7999557669051272,6466,27.04302073661405,0.0,0.27863912796133855,1.1594711824479254,11.987623826263485,15.799901296284803,0.6785099834621284,0.49980360442481225,0.31461342942633763,0.03294154036498608,-0.14168553681940577,1.9690670074268057,0.9011470563254023,14,116,game-20130222-164525.json,0,human
92185.59590143063,1.0300273823099066,4674,38.45388401455168,0.0,0.2852808385185129,1.5723783114356582,13.500578691300607,29.848460851279217,0.6246663483433786,0.5098476708119959,0.27152781973056245,0.04599914420196834,-0.06238329306315853,2.0213532214958825,0.8855934891087289,14,117,game-20130222-165041.json,0,human
63578.07427347994,0.7581959086107357,4137,43.46637639090469,0.0,0.3417726090737643,1.2592465505289805,16.0750691382724,26.06548454715866,0.652451221363382,0.6460551159369878,0.11867305061559508,0.05994682136814117,-0.03574109012456109,2.020110715885282,0.7326691384959179,29,118,game-20130222-171545.json,0,human
87491.20763104824,0.857809338194724,5197,33.94839206624302,0.0,0.3603336819924149,1.4258632828108124,18.067158664887575,27.40175080458148,0.6050135658938405,0.6132529625969616,0.1988311925488525,0.07042524533384645,-0.12973549972780304,2.0331754778604796,0.8005013210789989,29,119,game-20130222-172029.json,0,human
122787.83604706023,1.028617790974993,8176,21.901125795398922,0.0,0.3593167822453748,1.854274118975961,20.896733462140805,26.388830634806357,0.6479441543800627,0.6143595145407136,0.17655590375799643,0.06494618395303327,0.07348699300660494,2.191530302948999,0.8485910511331776,29,120,game-20130222-172632.json,0,human
90966.22486719537,0.9450657290690309,5113,35.14241001564945,0.0,0.3707724186622714,1.7517682384578057,22.01499843856456,32.45156439980796,0.6634578981482128,0.6333165116492886,0.23340491759766427,0.0764717387052611,-0.10665100568722444,2.167251511904907,0.8468520792946043,29,121,game-20130222-173101.json,0,human
122894.78758281421,1.1170577172693257,7859,22.750063629422243,0.0,0.32998113041447136,1.8920609455735278,20.307692307692307,26.614843545288235,0.7085538404896762,0.5739569008891868,0.3904700804852444,0.06413029647537855,0.05257244604884735,2.289600061019766,0.8616278541354339,29,122,game-20130222-173618.json,0,human
104920.82899233527,1.0200369046492037,5597,31.948355968548963,0.0,0.3654175772710959,1.8956743659692579,22.87638277544964,34.195992949315546,0.6173573055172711,0.6219784097784017,0.2241495855822128,0.07521886725031267,-0.08136522850889162,2.217495528366368,0.84989626029541,29,123,game-20130222-174034.json,0,human
125379.49863260682,1.1700947984248447,4502,39.60688888888889,0.0,0.40658797200044877,2.0471105737373447,18.512242570796225,48.91478328866065,0.6028142069825618,0.6810979410603344,0.19260202998258802,0.09351399378054198,-0.10871241554694214,2.1349014396096693,0.7950177860776872,29,124,game-20130222-174518.json,0,human
97961.58315433934,0.9219588638364774,5868,30.593350383631712,0.0,0.3919141086765706,1.6288754620843164,20.995296357417832,29.577343774117,0.6274244851680664,0.6424325262410592,0.21587794326475349,0.08009543285616905,-0.14397106336047472,2.0757598542857973,0.8465337336071048,29,125,game-20130222-175001.json,0,human
15656.54163429744,0.26617643460205465,2944,60.841210472628354,0.0,0.3723171939268399,0.41123926968068675,4.335687481939062,8.572058140946634,0.6040668788634367,0.593716992869129,0.2560034001558405,0.043138586956521736,0.11135876318935098,2.036216574749575,0.812796113633032,4,126,game-20130225-120701.json,0,human
18995.867868603622,0.36034655833414736,3331,53.81135476118955,0.0,0.3093937456944565,0.5159529157650051,6.4289682417213125,7.6943891152119965,0.6716074960207471,0.5405065668666384,0.21962697274031565,0.036625637946562595,-0.13972066871177563,1.9028287576789227,0.8735886011471519,4,127,game-20130225-121152.json,0,human
28728.40012168396,0.4665284952451552,4186,41.45493664833851,0.0,0.26766591423042885,0.6559451477390739,8.26660357667389,10.186868426196723,0.6803323566406482,0.5227871623999467,0.18296717594141482,0.034161490683229816,-0.028737930227422295,1.830547466088504,0.8765638290369778,4,128,game-20130225-121711.json,0,human
59167.66147211083,0.6004330526149618,6147,29.19697216343806,0.0,0.2761123111908155,0.8881471109652929,10.564615994493654,17.23687089115625,0.6850555325725511,0.5126357400981116,0.15376059322033897,0.032210834553440704,-0.06761929825928258,1.9545882704614723,0.844838602832172,4,129,game-20130225-122134.json,0,human
65748.36898023628,0.7005806181073836,5638,31.830108290431387,0.0,0.2765937433077676,0.9944889347050718,10.777920961248212,16.7532786966322,0.7637279533694458,0.5314739396745392,0.16615836619988184,0.034764100744945015,-0.0312855722104284,1.9940875675703678,0.87576187379596,4,130,game-20130225-122631.json,0,human
74421.96904610397,0.7253753403983811,5003,35.928214357128574,0.0,0.2773994244883131,1.0292159661109115,11.191053097072126,21.37863047125646,0.6789847105738034,0.5612853606141438,0.14764096179938735,0.047171696981810916,-0.11202381942107921,1.8932684566434597,0.8767785584940236,4,131,game-20130225-123051.json,0,human
71196.59064495629,0.7544769879735399,6817,26.377568995889607,0.0,0.28945582704316286,1.320418619760529,15.258194519667128,18.47635636610967,0.7767437602526991,0.5030136067134164,0.1847261214981184,0.03227226052515769,0.322736496462058,2.3991112082474846,0.8739689252056844,30,132,game-20130225-151415.json,0,human
88690.62238094179,0.7108149415355901,5941,30.253115527113508,0.0,0.36202004991725767,1.2963747236481478,13.10953851209111,28.02340803356226,0.6744509008267283,0.5698570438495282,0.2826275174101261,0.061437468439656626,0.1928342188201236,2.106127950125568,0.8441082861709652,30,133,game-20130225-151939.json,0,human
100809.6756525368,0.8038370777070649,5079,35.34338655627834,0.0,0.34510829070530563,1.3750334318393704,13.912943613772033,34.41084064534075,0.6597242754697934,0.5737971740319522,0.24525689561925365,0.06989564874975389,0.195845234120006,2.1963357412103233,0.8353226633730453,30,134,game-20130225-152522.json,0,human
111462.79768233781,0.9578870638307224,7544,23.807080350039776,0.0,0.2983062270696409,1.7958845867993123,20.33947994527993,28.343169645840085,0.6792139816947436,0.5013250232687961,0.24833315331061773,0.0408271474019088,-0.006250893240777441,2.591469594180368,0.865396560868886,30,135,game-20130225-152939.json,0,human
116846.47780963611,1.0652420008466381,4527,40.790450928381965,0.0,0.32771638743636905,1.8810929075901102,19.418190330267116,45.390219530673654,0.646550140489389,0.5621778837615542,0.21691423934792028,0.06582725867020102,0.15288605681521958,2.1982386858968233,0.8412414784437574,30,136,game-20130225-153418.json,0,human
98980.9953729973,1.0529245079017084,5269,34.09946848899013,0.0,0.3138150969618376,1.968726403778083,18.527007313648905,35.05696590119013,0.691917054623206,0.5209918784764158,0.27920662351891384,0.05390017081040045,0.13169465202761382,2.308802768441555,0.8748386973774949,30,137,game-20130225-153838.json,0,human
97030.10386229512,0.9355519014889808,7033,25.569151963574274,0.0,0.3141372463175572,1.747183842323971,19.083515282975398,24.70135733582961,0.6582191826105408,0.5305591249300482,0.238725406815218,0.05346224939570596,0.18035092638064407,2.425800372420413,0.8725843902390055,30,138,game-20130225-154356.json,0,human
90442.51444091309,1.0492730833731005,4777,31.686779803058872,0.0,0.2965702500101599,1.9389545939983623,17.88867058077241,35.25954470788271,0.7133655584476871,0.5257925576816304,0.1741788876915148,0.04710069081013188,0.16777027561228192,2.1916145270498406,0.8550527427875614,30,139,game-20130225-154758.json,0,human
121604.17754527084,1.08358210201555,7390,24.29998646270475,0.0,0.2970704906223427,1.958839690060652,18.442618510254796,30.386267978176953,0.7160356632705801,0.5307751221364377,0.2510818199923956,0.04817320703653586,0.19373855466833773,2.468009755541089,0.8678146062162496,30,140,game-20130225-155230.json,0,human
113573.57947478126,0.945341062907408,6345,28.322244994482105,0.0,0.2999482978100594,1.7870385099546142,22.319589209929468,33.573656846960624,0.6342557395210956,0.5028660613922393,0.2627271048206006,0.05263987391646966,0.09799099798884202,2.194256124129604,0.8703897130247182,30,141,game-20130225-155642.json,0,human
80197.772259655,0.8029664066796577,3590,49.87959866220736,0.0,0.4325271270664209,1.2789423832425504,10.99321128899306,35.38812233738628,0.6696883409643056,0.7443724505475868,0.1414837845221215,0.09610027855153204,-0.1770078167877652,1.8100359525327632,0.8164030383811025,17,142,game-20130226-120945.json,0,human
105004.52325392616,1.0031903269579425,6022,29.796179401993356,0.0,0.3337098383549471,1.5028018496167415,21.287631744891737,25.574547511779187,0.6752779823202351,0.5999049000416262,0.227152503345054,0.06459647957489206,-0.06847013102676139,2.084249667075779,0.8795586860571759,17,143,game-20130226-121413.json,0,human
110313.5782823528,1.1251307322374224,5969,29.586490110626887,0.0,0.2949050380628449,1.7128799470968807,15.085132564541682,28.479425689469913,0.6302689539392601,0.5819037600796273,0.15397402597402599,0.04875188473781203,-0.10813694499539202,1.9465784479910162,0.8590762153998612,17,144,game-20130226-121933.json,0,human
101909.34684319563,0.9789864318501866,6250,28.702577237073797,0.0,0.30501864156596803,1.5677585521682085,15.653099732960243,25.508472644700372,0.6715797888974614,0.5230194227004104,0.25196277676756873,0.05072,0.23490891953546258,2.053511963646017,0.8826419634166147,17,145,game-20130226-122346.json,0,human
103227.6782275931,1.1642966952256493,6397,28.10275258054426,0.0,0.28255949876860015,1.8384601887319783,14.784540731050766,25.501664868536913,0.7318828560495488,0.5350889424468698,0.1953897047978255,0.04189463811161482,0.05340426715529515,2.083078875032089,0.886742017753108,17,146,game-20130226-122837.json,0,human
115964.63315124338,1.0040435702128994,5673,31.685306050449814,0.0,0.33146378113715086,1.697682998437446,19.647851340127172,33.992426850200324,0.6323896958704629,0.5745447351698115,0.19197209276774188,0.058699101004759384,0.13732022014218737,2.136396843908142,0.8733930245264163,17,147,game-20130226-123253.json,0,human
71677.69532089848,0.6552458148283107,4546,39.460387323943664,0.0,0.35798190051869794,0.9838802978332921,15.771613793549873,22.99073235385478,0.5773730824232405,0.5828039002122974,0.29697768133911967,0.07699076110866696,-0.04004616398138021,1.9431408402229704,0.8688035794402835,26,148,game-20130226-141519.json,0,human
102644.21330059017,0.7955461486582145,7091,25.32302696597487,0.0,0.3142008008342303,1.1594309243241692,11.721585027442131,20.842528063154337,0.6156300933666554,0.5387321396327749,0.30006675202171085,0.06134536736708504,0.15424467394149624,1.8441630761490209,0.902880297632229,26,149,game-20130226-141919.json,0,human
90918.78725026829,0.7870870440763104,7685,23.333506967053,0.0,0.2947056943303467,1.3178322429746367,17.3500660917597,19.681235879641804,0.6161343036505577,0.5022670192429154,0.33179144750749184,0.04918672739102147,0.10744597316043095,2.016378871033348,0.9060195212633149,26,150,game-20130226-142539.json,0,human
73741.70149226303,0.6567880556312959,7645,23.506151832460734,0.0,0.31758510312482574,1.0519501510582407,11.574955370831228,14.972202432074683,0.628925538772144,0.5379416604492123,0.25768100454181136,0.04944408109875736,0.191682332307378,2.307409871685354,0.8488465641802161,26,151,game-20130226-143051.json,0,human
113888.3158081883,0.9186428282101479,5072,35.310059171597636,0.0,0.33295756662511095,1.462041838575754,14.359859176034965,36.89035251041865,0.5511824587205816,0.5604131022491914,0.219212452304983,0.07334384858044164,0.15012174601836914,1.9245360808157916,0.8655220985996328,26,152,game-20130226-143632.json,0,human
89299.27455083972,0.6930091869488851,5591,32.1577157178661,0.0,0.3309644282618473,1.025866977982617,12.587763734723092,23.693225906782985,0.5653935167594122,0.5915201435748421,0.18124822896004533,0.06975496333392953,0.21844227330656762,1.8908850532342383,0.872547743870063,26,153,game-20130226-144054.json,0,human
71204.79741371644,0.6965085184574531,6774,26.498374224061482,0.0,0.2679306457988953,1.0874979749703233,14.733936639231514,16.469365952733394,0.691489992685302,0.5025483695071696,0.19277958822027663,0.040153528196043696,-0.13635554854813858,2.0957172280124188,0.8770950353665277,26,154,game-20130226-144628.json,0,human
89887.67774169942,0.7309961033518303,7768,23.02472633612363,0.0,0.2884795363551679,1.087442039418448,11.899236813119314,17.052897731976678,0.619076304826072,0.5491707720544519,0.1536948221270255,0.04685890834191555,0.11218652402608631,1.995206739264088,0.87911353110184,26,155,game-20130226-145053.json,0,human
164005.22389707252,1.3753615786546713,8002,22.43734367183592,0.0,0.36551385319307006,2.28995092962551,22.333333333333332,34.64785385257586,0.5813578245411312,0.586650228644753,0.2920736926483975,0.07523119220194951,0.0786346490403736,1.9308193629713535,0.8357126140726365,21,156,game-20130226-151114.json,0,human
135550.40510100697,1.0961880657906873,4854,36.82811211871393,0.0,0.4447796518374429,2.1867317421853,26.83325886307591,55.900273896255186,0.5577057645929255,0.6813290940976011,0.20501643505198522,0.10074165636588381,0.07368220718121066,2.076844652762266,0.7479189248219097,21,157,game-20130226-151543.json,0,human
128141.1209291271,1.0524219592562234,5925,30.337952010814465,0.0,0.3995037295087958,1.9680808138091528,34.52339786289872,41.53627501980238,0.5770817749601347,0.6261317344681471,0.22464622148666383,0.08033755274261603,-0.045658543030251214,2.208029533138629,0.7896274841950157,21,158,game-20130226-152106.json,0,human
103435.82582982283,1.0552286104023247,4770,37.27123977344242,0.0,0.39723465117006346,1.9789452033832688,20.543649200941626,40.18817982939123,0.5604882153251348,0.6323069364175282,0.2244188595346701,0.08071278825995808,0.06970553194261707,2.1040834291191226,0.7992604198410058,21,159,game-20130226-152532.json,0,human
116894.08010293101,1.0137477926047507,6001,29.91479072869768,0.0,0.39693896398496425,1.9597599942084816,33.076342670320194,37.057415480774985,0.6100436911393752,0.6013694372854332,0.37441301681937367,0.07832027995334111,-0.03911324186665375,2.174003425807753,0.8262606868504798,21,160,game-20130226-153109.json,0,human
99713.55996856574,0.9288475655772583,5717,31.44076990376203,0.0,0.3963388142921384,1.9956238610713226,31.211225945162745,37.94905385264858,0.6369083155606192,0.6023829160814526,0.3094056865227358,0.08291061745670807,0.1914640448132311,2.454128325619264,0.8099641392261343,21,161,game-20130226-153523.json,0,human
118420.71315896485,1.2000464354141276,6457,27.667751937984495,0.0,0.3526146331524613,2.473058061349607,25.82789190003706,39.339099033737035,0.6380370168167859,0.6390875187296902,0.13666611139848675,0.06458107480253988,0.2521840252832456,2.5447559257070984,0.800347678876734,21,162,game-20130226-154010.json,0,human
139090.9105741657,1.1253056593658517,6613,27.166969147005446,0.0,0.364312780325846,2.230936934882717,24.147327504416225,41.60372991159453,0.6136996126231606,0.5869530710312985,0.28179864280711925,0.06880387116286103,-0.0433168186738764,2.204969386761677,0.8384830638868876,21,163,game-20130226-154424.json,0,human
133495.3766107346,1.0260052541384284,5560,32.094852411807054,0.0,0.3331101548975284,1.7436960222633902,17.66716980415621,41.28798092557579,0.6582808313683366,0.5543486243039741,0.21754003792004517,0.06438848920863309,0.0375040278418992,2.074815966580444,0.8127680303278628,18,164,game-20130227-111232.json,0,human
101132.1153242369,0.8909262542063477,7103,24.98661971830986,0.0,0.2664168479852743,1.440867104209152,17.778146697561027,25.858005296050212,0.7530208891746876,0.5549984430962646,0.11349555718594603,0.04139096156553569,0.16674286024071627,2.0508872022141684,0.7793765952267744,18,165,game-20130227-111708.json,0,human
120299.25160325743,1.0320729676211797,6335,28.299794661190965,0.0,0.27897930655598696,1.785912111780642,16.06887951566284,32.98449267723348,0.7228664487120381,0.548060178394116,0.12863572360294054,0.04451460142067877,0.052195144930511174,2.094091427919399,0.8602329800737736,18,166,game-20130227-112219.json,0,human
124866.88242408779,1.0554302084477092,6432,27.951773490976976,0.0,0.2867401223969651,1.8056127004741402,16.404877323527902,32.96603136822038,0.7387544994623267,0.5244788571867882,0.15501489071727828,0.043532338308457715,0.04558708405353585,2.09358057122937,0.8681230967869936,18,167,game-20130227-112640.json,0,human
116873.30479758007,0.9509235276728714,7304,24.57553759758937,0.0,0.27376261686512676,1.5365930909960277,17.52461825256,27.030061240310772,0.7310364578479266,0.46367071473506233,0.26319020142974514,0.04408543263964951,-0.09173916380217231,2.073129274042273,0.8639582544611588,18,168,game-20130227-113225.json,0,human
103190.89561410222,0.9002567560032977,7060,25.263568088422844,0.0,0.28046449437691545,1.6980169629507007,22.12641238429764,27.96222304462637,0.6805211426085522,0.5391500762846949,0.1426203670750928,0.03937677053824363,-0.059887042530289425,2.5636566885880496,0.8456523936627154,18,169,game-20130227-113644.json,0,human
84002.16021543491,0.7534338690762463,4124,42.9638612660684,0.0,0.36857821327571705,1.2844455376387596,17.53014895683946,32.60192093361355,0.5865953237035716,0.6582569726386358,0.22025178855828298,0.08001939864209505,0.3753899372640935,2.0407120672118846,0.854226796467058,10,170,game-20130227-130616.json,0,human
96387.08415080432,0.9423902004821226,5637,31.382718239886444,0.0,0.2887772744018039,1.5913573692288434,20.976296145888103,28.417038861377755,0.6562627768565917,0.5795539368044267,0.1576989833870568,0.055525989001241796,0.16587502055889025,2.193774925244676,0.8632655694698756,10,171,game-20130227-131053.json,0,human
86291.51014996773,0.8703324032361124,5707,31.437061711079945,0.0,0.28152648604939545,1.4950216311804412,15.867803568315452,25.434355713587617,0.679032719749543,0.5635151126895884,0.15629398813748963,0.048712107937620465,-0.020801075581973357,2.1862301459022464,0.8766090746993431,10,172,game-20130227-131627.json,0,human
73834.31455421133,0.869775651105113,4443,40.36199909950473,0.0,0.32355995871597115,1.5522392709827653,19.430002573340026,30.163614822850537,0.6223276666818799,0.5489727332626008,0.27743860871672904,0.057843799234751296,0.0571263768469552,2.28239480586726,0.7777554811700318,10,173,game-20130227-132103.json,0,human
79688.74322540476,0.8098987663446644,5352,33.52299065420561,0.0,0.3230694678750292,1.3508256821702573,18.267153278190033,24.214993628580295,0.5786940573529643,0.5385448412697855,0.25014784151389713,0.05605381165919283,-0.041393012112355194,2.1241477281375203,0.8783444644152913,10,174,game-20130227-132610.json,0,human
89081.85709309846,0.8547961272532284,5846,30.69284736481862,0.0,0.2949262603127876,1.4111836986160935,15.666666666666666,25.07420019797197,0.6045976269030665,0.5714386296816938,0.16341166601684803,0.05080396852548751,0.0565552702714792,2.1377847207794707,0.8832626878250458,10,175,game-20130227-133044.json,0,human
71324.24170853509,0.7090556035361734,5474,32.02157221206581,0.0,0.32406533609252536,1.2431967025117765,14.072352721244274,22.263267287738515,0.6511626781598834,0.5844045997392717,0.17666251408910244,0.058823529411764705,0.0041794449666473854,2.1700835372821516,0.8383331192642858,24,176,game-20130228-100841.json,0,human
96807.24572272906,0.8260375402912806,5714,31.015241765942537,0.0,0.3478849637489062,1.3801172241371504,14.72730199446868,27.944882058762538,0.6600026304077736,0.5689766999954899,0.23147206987836072,0.0647532376618831,-0.016934815980660135,1.9745528699160764,0.8516707145879892,24,177,game-20130228-101309.json,0,human
105110.01079176924,0.9926674819400082,5942,30.128809563899647,0.0,0.31337201239448487,1.65466417130055,15.341172135791972,30.59162818266367,0.6340731371525536,0.5673042449726758,0.17995565857099668,0.05099293167283743,-0.057874295457282364,2.127405042077955,0.8631467948956678,24,178,game-20130228-101837.json,0,human
93475.70390248089,0.8163747206504433,7819,22.794573147318573,0.0,0.30790725078157377,1.4221295401234586,14.575065212600494,21.3557831988922,0.6208083501282583,0.5193207243432016,0.30461776322941453,0.048855352346847424,0.11460527010346565,2.0797172147549943,0.8833033401285737,24,179,game-20130228-102244.json,0,human
107996.26406723415,0.9503113888901326,5815,30.472814865794906,0.0,0.3558178553570098,1.5777234489152419,18.009997223764362,30.559288814314787,0.6578990518480892,0.5856862035397222,0.23813079905476048,0.06294067067927774,0.13447630568149563,2.103890324112118,0.8513057854165313,20,180,game-20130228-120402.json,0,human
102749.7853084543,0.8594957569352195,5261,34.16295873740255,0.0,0.39272707489110725,1.4484165138904235,22.114757516192665,33.62799987955329,0.6574165261961461,0.6088037293438231,0.2420243665860132,0.07146930241398973,-0.04386435221054665,3.143804488681268,0.8023283155601935,20,181,game-20130228-120821.json,0,human
98829.81112489899,0.8651493491719013,6007,29.873438800999168,0.0,0.37476952186118384,1.4104012896970866,21.700287885902938,26.686270803423906,0.62032418638465,0.5846957070542907,0.2805818297432637,0.0674213417679374,0.11945210823437999,1.981534226233186,0.8290122397249614,20,182,game-20130228-121309.json,0,human
100432.79957160854,1.0285119711661437,6443,27.770234581326704,0.0,0.33466316795544365,1.7172273153970308,16.3012269476871,26.15637613629604,0.6563110756233302,0.6049863698241466,0.16060612478292177,0.05385689896011175,0.04755238811613582,2.070374041658495,0.8401859317416429,20,183,game-20130228-121720.json,0,human
108636.44661088879,0.9748506832238447,6763,26.066568047337277,0.0,0.3339097867358472,1.569503961094994,19.892712233378333,25.827612880782823,0.6524348279247432,0.5604260094976465,0.2448064187724904,0.05663167233476268,0.04004604720282071,2.0343600896169907,0.8267373265724147,20,184,game-20130228-122300.json,0,human
111278.91129831341,1.022096020603771,6738,26.567884729649435,0.0,0.34699615918264365,1.8516888118184736,20.08502636352934,29.850801167300713,0.6352475640768696,0.5692777166346605,0.25618869920078224,0.05906797269219353,0.09858838007134965,2.1416893951530556,0.8561684420059879,20,185,game-20130228-122729.json,0,human
95427.03924649193,0.9784644635287022,5263,34.124928693668,0.0,0.36889532153802274,1.7659516298428986,20.08259588789188,32.81467409812655,0.7137994501421782,0.5821953828288451,0.25127271889613234,0.06878206346190385,0.16308810062078183,2.1023377068032763,0.8323055252430118,20,186,game-20130228-123253.json,0,human
113001.8095471989,1.0901139800850452,7007,25.64853675945753,0.0,0.33223002458511003,1.951135014158122,23.806726026096754,29.857066614548163,0.6673338900769222,0.568174555129128,0.3223007645858665,0.056800342514628226,0.04755114773151864,2.3991499242769194,0.8638012746256613,20,187,game-20130228-123712.json,0,human
92081.06359951656,0.910641126840193,6433,27.876030486856433,0.0,0.35325954010629224,1.693815254970159,17.82806775845324,26.56187622020643,0.6774845926702285,0.6058860502829685,0.17625794753176108,0.0578268304057205,0.011706493020386701,2.216030255154094,0.837282608558543,20,188,game-20130228-124400.json,0,human
123154.43826446126,1.0188736005511942,6220,28.395206691330223,0.0,0.3591983691459855,1.7248684105809267,16.338434577536628,33.0848369800429,0.6454314826308419,0.567275052068795,0.24701581484709942,0.06672025723472669,0.15703040382135577,2.1255807843329793,0.8552363559629514,20,189,game-20130228-124805.json,0,human
68597.41094287446,0.7719026900858058,4005,43.18061453909568,0.0,0.3431969010761372,1.223325424250558,12.464449446325336,27.277363306883757,0.5466221018076033,0.6161025580665416,0.29993826759373576,0.06691635455680399,0.38246670778853714,1.9503535479027114,0.8524667558075602,9,190,game-20130228-141259.json,0,human
112637.69830792844,1.2453276021639421,5204,34.456923076923076,0.0,0.3283802426371302,2.0341275222215516,26.581681640117658,33.490190932453196,0.588921479669577,0.5875914130446458,0.27495847581827065,0.06898539584934665,0.35652248381150964,1.9785882272277753,0.8563997783733431,9,191,game-20130228-141755.json,0,human
98260.63778077152,1.0706761270417164,5353,33.18040755281361,0.0,0.3301991381348062,1.807304430815323,20.18968223370692,29.526254853160246,0.6456986326728874,0.5748312887863815,0.26088792107368236,0.061087240799551655,0.18114659101466693,2.222278146650313,0.8605296601392526,9,192,game-20130228-142312.json,0,human
90737.24302674267,1.0147488632807362,5656,31.779094446409623,0.0,0.3052244785067489,1.6124009577281488,16.962835192790674,26.12920422748755,0.553167598508873,0.5779094102970429,0.20202808112324494,0.05463224893917963,0.367310575586206,2.0740690793063927,0.8493343603996671,9,193,game-20130228-142741.json,0,human
117546.87268209996,0.9266398067962747,6150,29.229705547421506,0.0,0.3423379794177485,1.3740161308084138,12.883974542042528,28.766457639735417,0.6025247975344903,0.5621698757551429,0.2639466721515319,0.0608130081300813,0.2761191915256807,1.8353358610732426,0.8125442041891735,34,194,game-20130228-152140.json,0,human
99848.79967801349,0.8739752781007236,6652,26.97140707298721,0.0,0.3341947015099041,1.5671818193479994,19.12169064843477,27.142879613683345,0.6303389997827793,0.5648689421747791,0.24513276283080715,0.05592303066746843,0.10648847825992977,2.1950565914065576,0.8490490477534347,34,195,game-20130228-152645.json,0,human
93489.47977044742,0.7917479767683705,4566,39.06466462078036,0.0,0.3928098865503008,1.3970212368413386,19.448550988516168,36.96918075481045,0.552315487435742,0.5896407616730447,0.320408809628222,0.07665352606219886,0.05005926071067722,2.104155175431177,0.75710889152325,34,196,game-20130228-153243.json,0,human
151274.44564666945,1.2719895706794104,7525,23.52021814312317,0.0,0.3000182776159691,2.009631659397661,23.34897246637327,33.68573832122672,0.6411680785838084,0.5408057604861142,0.18296430375484088,0.05169435215946844,0.15568141706693853,2.079387366973772,0.8132804074715287,34,197,game-20130228-153719.json,0,human
131729.20477217803,1.093147708374304,6428,27.41538222014635,0.0,0.32561841068641223,1.8779026658321778,19.33492486333214,35.58335152063062,0.5994374206145157,0.5681995869713736,0.2147631336855731,0.06222775357809583,0.07874456278134774,2.0758018265226497,0.8558938498819173,34,198,game-20130228-154240.json,0,human
121930.68381655119,0.9746863459695365,8726,20.569020866773677,0.0,0.32696125467399595,1.7109340257686358,20.886598574205422,24.830804064190133,0.6816158024727693,0.5349762239310534,0.24487503009442962,0.05134082053632821,0.22872110540292107,2.4216274824167474,0.856940089752795,34,199,game-20130228-154719.json,0,human
143612.73631581326,1.1186890478683096,5092,35.267583497053046,0.0,0.4113179772474927,1.8234556047448514,21.17663807123312,45.43559075934873,0.6088847274768003,0.6559442636241473,0.22432986615963912,0.09524744697564808,-0.24342936869883725,2.0319854820051395,0.7575182887400307,38,200,game-20130301-113526.json,0,human
125930.43308598537,1.0296317750652364,5915,29.418034173574693,0.0,0.33515736563148074,1.6044429969025882,19.03063320018543,32.46334121002657,0.6433655764325342,0.5682565898956116,0.22959857331481387,0.06779374471682165,0.07872745148299361,1.9571396294422077,0.8397062918393061,38,201,game-20130301-113949.json,0,human
118653.7489366726,0.9434439047739394,6731,26.626077906630986,0.0,0.35818605029849176,1.6295980657784184,19.435025639464648,31.012497033365,0.5756843796347694,0.5661915627612433,0.34459086551961193,0.07458030010399644,0.06604796931940832,2.1749889021650666,0.8295266425541874,38,202,game-20130301-114520.json,0,human
117738.26783200316,0.9098408516273566,6897,25.418685623095893,0.0,0.32677642487120456,1.5771682448839743,20.287818213574273,31.43101005125352,0.6331035719215835,0.5670703972678003,0.23858571760874622,0.06495577787443817,-0.014470194221940161,1.9890223559560614,0.7893659793298597,38,203,game-20130301-114936.json,0,human
139527.60542966792,1.1726722299976386,7435,23.567622123536538,0.0,0.31332537417487605,1.9133847345638133,18.371408506672292,30.178999728735636,0.6633056093520637,0.5610696550451775,0.2696870517565201,0.0652320107599193,0.03705645730764503,2.0498644835187028,0.8810792377360717,38,204,game-20130301-115426.json,0,human
143483.72369110078,1.0943723842474427,7068,25.35905422624947,0.0,0.34761618737831945,1.8363244668112,19.720547659738052,33.95206793245409,0.5916181758668851,0.5677223441624897,0.27775681938916136,0.07357102433503113,-0.02573100574079635,2.0729555416979832,0.8359309387633661,38,205,game-20130301-115842.json,0,human
160328.0351477235,1.1846781283009842,6843,25.27942681678608,0.0,0.35219502509825223,1.9831151581634536,19.61544353309402,38.745310006297,0.6144639191953608,0.5804661624367696,0.22989894625993154,0.078620488090019,0.037268581798306666,2.335570101865999,0.840012883495062,38,206,game-20130301-120342.json,0,human
112401.87857074913,1.0562693173838151,6953,25.559263521288837,0.0,0.28975539044711435,1.7304026825672818,21.687240943768906,27.314512829067525,0.664581680766214,0.537003187424208,0.22702624886031,0.05479649072342874,0.10717856802274803,2.1264561334903114,0.8525295164088957,38,207,game-20130301-120757.json,0,human
94145.12057927068,0.9496382965507719,4737,38.61850443599493,0.0,0.409023380269902,1.8421924208021756,29.19047619047619,38.092183640564876,0.5751403914175655,0.6889326992857838,0.1982224154103086,0.08803039898670044,0.05518884934344769,2.1780759155979967,0.8138692562892219,36,208,game-20130301-160749.json,0,human
68027.78213868091,0.9266849683473978,4571,38.96891418563923,0.0,0.3839983411566161,1.7227012759899538,20.024984394500784,29.916921347187134,0.6272511248562797,0.6566506045621159,0.1869472495766167,0.07044410413476264,-0.06687406038594285,2.2047520568675454,0.804145332199261,36,209,game-20130301-161222.json,0,human
108200.83318184788,1.0484997127671332,6153,29.22495120364346,0.0,0.38189807185692887,1.9692743846270384,25.173177965622237,32.00075820195619,0.6079262021687797,0.6560908960450764,0.23946097859767962,0.07833577116853567,-0.047558030435899804,2.2793441035642013,0.8423908426797333,36,210,game-20130301-161800.json,0,human
103580.94559998321,1.044104849678421,6419,27.89349758303446,0.0,0.3658429986872511,1.927716010797549,19.894806460474125,29.18919097470781,0.625395062139751,0.6341958584686325,0.19174257855717433,0.07026016513475619,-0.08418046815278049,2.1929131256622307,0.8490178046819832,36,211,game-20130301-162235.json,0,human
99371.01816282139,1.111500031667724,3187,55.743251726302574,0.0,0.4407788928248809,2.0501953207403787,22.068642540116624,58.92751469488732,0.5317310055018494,0.6365598276065514,0.43178896243036047,0.07938500156887354,0.1480169448140253,2.277411903629094,0.691630440447832,42,212,game-20131202-155043.json,0,human
120733.24880926087,1.2784987316508571,6451,27.85860465116279,0.0,0.3724614796964764,2.4491135603538647,22.01634365091311,36.1863602203433,0.6226557554255656,0.5683000740382236,0.40736178325267636,0.059525654937219036,0.0023194108068624398,2.2351732391993027,0.7770270495714504,42,213,game-20131202-155529.json,0,human
137685.34632941498,1.3721177762619103,5479,32.7843710060252,0.0,0.40103611967235475,2.348745589108335,27.306742084424975,43.45747174331359,0.6208125522050807,0.6210249865753152,0.35337320235887115,0.06917320678956014,0.08342432369931563,2.2094830963944796,0.7701716015364868,42,214,game-20131202-160403.json,0,human
142540.98503964324,1.7190263105104993,4081,43.82107843137255,0.0,0.3579996423556272,2.9943830326383316,26.747718467437487,63.01867042078987,0.5680541432104016,0.5894405150607985,0.35943497620144327,0.0634648370497427,0.061944858933540396,2.0862817501388577,0.7993714104561381,42,215,game-20131202-160828.json,0,human
112719.56413949584,1.3713747067938857,5232,33.34939759036145,0.0,0.31303654452000357,2.4157455632772655,30.490345308388907,38.88113475876915,0.6445406496321517,0.5238027713129307,0.2851620838091891,0.04376911314984709,0.0790481172161398,2.3420861404427247,0.7930133047398555,42,216,game-20131202-161323.json,0,human
119526.39780112352,1.2868130235831978,5303,33.74745379102225,0.0,0.33375047374373373,2.1461143960332367,22.823529411764707,37.40040169753522,0.6545163114548069,0.542422364536394,0.38780968743288885,0.050160286630209314,0.07065274659866352,2.088758990960835,0.8426980536554773,42,217,game-20131202-161750.json,0,human
100351.62994530833,1.0473934255636892,5086,35.1978756884343,0.0,0.31893273551081874,1.6803202888781388,20.108594072076635,31.67854804810282,0.6354681022502742,0.5242171288238046,0.33215176285097675,0.04915454187966968,0.11276646390998311,2.3100572528440315,0.8029420395989976,42,218,game-20131202-162318.json,0,human
99481.42080852498,1.1299729114919355,6082,29.201711089174072,0.0,0.3237209742465618,2.0300922637026497,32.542706982944395,30.30259460361695,0.6619303414634119,0.5433906498508092,0.36183996278204233,0.046695166063794806,0.16947458280624922,2.2712102618431405,0.8527242167887997,42,219,game-20131202-162733.json,0,human
213382.64408478577,1.775150311939357,7539,23.64614568130556,0.0,0.3709429893188838,3.1464962125405544,29.666666666666668,51.196671863823696,0.6252231795098576,0.60655174976536,0.16012676886792454,0.06167926780740151,0.06356208961154042,2.1001909640445318,0.829102007800435,23,220,game-20131202-165106.json,0,human
150637.3108899072,1.3472111605736425,7294,24.58049917718047,0.0,0.3671429774166534,2.547397943653735,30.647214165582998,39.46458176001658,0.6120441548253404,0.5920389943995003,0.2537696902266206,0.06238003838771593,0.0022840119526895005,2.2293101434846276,0.8178706111372998,23,221,game-20131202-165541.json,0,human
103786.785839947,0.9790805478534833,5376,33.00334946036472,0.0,0.41609632399277596,1.9378212889381277,21.316101460503518,38.94588340186783,0.6124477836866393,0.6103945500204749,0.29734543845066014,0.07514880952380952,-0.05180961797660355,2.125864276178633,0.7732341599025512,23,222,game-20131202-170124.json,0,human
124979.68938032653,1.0260933506982481,7575,23.666534601162176,0.0,0.4090392555702374,1.9311507989191408,29.003166611068313,30.258791357912344,0.5990634948869045,0.6011754501379413,0.2650291570948931,0.07564356435643564,0.05249297672145448,2.067704633246536,0.814653782153398,23,223,game-20131202-170542.json,0,human
110272.5495418898,1.2499594281830975,6057,29.334379646456302,0.0,0.3438416582317751,2.4279157753783642,33.02503688452883,35.462820459150414,0.7175565751801234,0.5513789498106865,0.19906209258430466,0.05018986296846624,-0.1363154772343369,2.2511973552638316,0.814357104158359,23,224,game-20131202-171037.json,0,human
145523.39583810832,1.2392961353571474,7390,24.223741201949107,0.0,0.3714885373123087,2.2650153219391718,38.46853421954104,36.65502570965408,0.6334273838908073,0.5698362669467759,0.39888121420675093,0.07293640054127198,0.08664411934854524,2.2432175564714374,0.8263950040791881,23,225,game-20131202-171451.json,0,human
76615.55673356223,1.1502679464731647,2549,69.46703296703296,0.0,0.31809151878783054,2.1481089445262405,20.521785187862832,64.24381118119682,0.5818838753024441,0.5382271018009943,0.22567594518362347,0.04903883876029816,0.19050978845207875,2.2109418971364474,0.8187503649240848,4,226,game-20131203-121735.json,0,human
132125.18796746223,1.3414260497544082,5269,35.07178123813141,0.0,0.30838179904337554,2.2257174268035085,23.130366413343143,42.42198964348217,0.5780013352153565,0.5348014310433972,0.17410293196788232,0.046498386790662365,0.05747102017415297,2.045300007433799,0.828674347639692,4,227,game-20131203-122215.json,0,human
147367.72402102093,1.362052507745471,7173,24.974762967094254,0.0,0.2684311522827605,2.1165310551712357,26.56845521478432,34.30543461308961,0.6887725414322732,0.48909429380624925,0.1962302863046258,0.03708350759793671,-0.015163762996658992,2.128631234908691,0.835051374901175,4,228,game-20131203-122755.json,0,human
141071.14289932037,1.2603024572610677,4244,42.358170242867246,0.0,0.3503844997627334,1.9661754804892009,24.392854237839423,53.32752469678153,0.5386540184644364,0.5762618561214717,0.17542631096675185,0.060084825636192274,-0.06514826832665802,2.0298382616335187,0.7535558304145618,4,229,game-20131203-123221.json,0,human
202528.6824105382,1.5696667355109752,7839,22.15350261579686,0.0,0.29818081746381897,2.3427690208925918,28.49274880901942,43.17816395007257,0.6192890771959921,0.4864104442718135,0.24289998987805722,0.04413828294425309,0.028703258389974506,1.972370899445319,0.8236332327777633,4,230,game-20131203-123944.json,0,human
94257.25243592632,0.8634583335782757,5158,34.673841380647666,0.0,0.32474613109869993,1.3354326400937324,22.28093540775674,28.918816089141146,0.6005209216147411,0.5169431812846698,0.27610714327325264,0.05331523846452113,0.10948741324911085,2.0779929981353362,0.7827588362086711,4,231,game-20131203-124402.json,0,human
148248.0336654247,1.4345236423191252,5390,33.083147735708984,0.0,0.37678846382663295,2.5821341397202695,27.02732564204137,50.48291937296544,0.5750311170601808,0.5896579339762916,0.2109106622015772,0.06437847866419295,0.1684402697684322,2.0997449450032852,0.763956220300287,11,232,game-20131203-140726.json,0,human
123450.04098346383,1.0145154365432052,4916,36.553001017294,0.0,0.425643290872292,1.7660807647987222,19.386869124344045,43.63338091417831,0.5703408421458251,0.6074636021199835,0.2915242313000027,0.0821806346623271,0.10891295751701992,1.9948698085734409,0.7396923719832189,11,233,game-20131203-141306.json,0,human
161794.46501826897,1.4654037595241605,6673,26.81025179856115,0.0,0.34996527385407217,2.3951031479723093,22.32218627285419,40.1744946564604,0.6081144868032156,0.5425391007575494,0.3516979474426283,0.05949348119286678,0.08582469386709388,2.0640556176959817,0.8073037867762556,11,234,game-20131203-141925.json,0,human
84341.03794092225,0.9638259111850686,4699,37.17078364565588,0.0,0.3725457950024799,1.8998853838986038,28.61522516268413,35.52949515709561,0.6312541685861219,0.5576462361671436,0.3582126297648845,0.06363055969355182,0.19497723687844917,2.277154952715018,0.7965591221042536,11,235,game-20131203-142338.json,0,human
105471.09061986126,1.0709903435164467,6413,28.00577043044292,0.0,0.3405864559188178,1.8283407298146566,27.197268360076166,28.210111040831343,0.645655898482062,0.5555949227888134,0.21730525247399138,0.051146109465148915,-0.0013847627159298745,2.0438851777673652,0.8239065965246024,11,236,game-20131203-143050.json,0,human
116118.49330302903,0.9511474592840825,5116,35.07274149393821,0.0,0.38323230439870626,1.5218365100293836,15.054931734454522,36.48187614813825,0.6225453941656689,0.581267718758009,0.2897258832756279,0.06978107896794371,0.10655301355879956,1.9386533162638624,0.7566849558647857,11,237,game-20131203-143459.json,0,human
131906.82831349765,1.3316481841913823,4954,35.752019386106625,0.0,0.398647015238009,2.2409549658892685,27.933333333333334,45.50971924529347,0.5016788263556814,0.6006739436339709,0.2554657107695357,0.07105369398465886,0.11633326460124059,2.064683242194722,0.7611738533162455,27,238,game-20131203-151741.json,0,human
130999.26122749606,1.375395432715069,3868,45.42679772374547,0.0,0.4214812310707179,2.461021458789287,20.636363636363637,61.860956917710425,0.5795524120693886,0.5961115719006093,0.29014561290103086,0.08453981385729059,0.10258705619310916,2.008260523303431,0.7703709652344266,27,239,game-20131203-152206.json,0,human
113203.96529078032,1.2192608277163397,6130,28.651982378854626,0.0,0.36251263395893824,2.280127151028849,24.174458259348107,35.59053476655749,0.6376783098167491,0.5533307092415853,0.25788904133413204,0.05236541598694943,0.03657699131054081,2.1207495091555644,0.8085491083561503,27,240,game-20131203-152733.json,0,human
109977.4363323137,1.2834100722065895,5880,30.496681980602347,0.0,0.35746535917554995,2.4464604553169065,31.200641019056,35.630952785918964,0.620191252351923,0.5527409785782449,0.22939467505074224,0.05714285714285714,0.18226778741868574,2.471617931677654,0.8046379727387769,27,241,game-20131203-153148.json,0,human
113100.82096353656,1.1750789335724436,6057,29.518163804491415,0.0,0.37739440193060936,2.2178643010721246,24.71521468113708,35.88146640414893,0.6082521382206164,0.5893213974655447,0.23395125135599565,0.05927026580815585,0.127449443632038,2.170674563596577,0.7684501831065109,27,242,game-20131203-153713.json,0,human
132589.4150205576,1.3587087008155323,5178,34.62847758887172,0.0,0.41792211137070046,2.474582629047483,36.55790980390932,48.12096060209769,0.642254627394459,0.624776298785108,0.2381496194663556,0.07454615681730398,0.1323663692201188,2.0961796988295793,0.7619857268330128,27,243,game-20131203-154123.json,0,human
137306.62832790706,1.4380793066289417,6191,28.974951519069165,0.0,0.36403221875164393,2.7334477868407165,35.08477456461706,43.81424398710051,0.627843609441301,0.5997576206222018,0.20258752739526956,0.06396381844613148,0.26932197903932803,2.268103107149089,0.8123111899107842,27,244,game-20131203-154615.json,0,human
119029.56322451896,1.2672947640957486,5901,30.073232751313782,0.0,0.34721156078695664,2.289717479869371,23.761570758221332,37.35059885223582,0.6678242868958151,0.5550744499883129,0.23404120730164468,0.048127436027791896,0.16661758775200264,2.3443975568984725,0.7843596324648874,27,245,game-20131203-155032.json,0,human
118701.84505128977,1.437611289844563,5299,33.90371908627525,0.0,0.36106685217969275,2.885576302414157,44.245225731145275,45.56334300465516,0.6031450581295753,0.5340997492210345,0.31435891086751555,0.05510473674278166,0.007464894997266412,2.4627379883318365,0.7699801598690648,31,246,game-20131203-161642.json,0,human
136756.5460293559,1.2033822616295415,4816,36.97569588699626,0.0,0.4010478009873121,2.1151068273366764,23.965433730456223,50.36515762760818,0.5489689946387111,0.5714844834413865,0.4646845759130697,0.0739202657807309,0.13959495118048618,2.0606472511748706,0.7261753798608043,31,247,game-20131203-162122.json,0,human
116623.70077622468,1.1202129638186125,6914,25.942708333333332,0.0,0.3649128712485389,2.0776801928486246,28.822685509854907,32.0004028660887,0.6381222998691963,0.5402762880039303,0.41629552803367703,0.051778999132195545,0.14453205781606088,2.152752708245467,0.7981511510339625,31,248,game-20131203-162617.json,0,human
140369.10045302066,1.1512280840625264,5848,30.621108450222373,0.0,0.38783464820848096,1.9416628782013228,21.73031549633479,41.19534087104979,0.588054950884925,0.5674374928024339,0.3496364999673991,0.07216142270861833,0.14460630658543375,2.0666179290021107,0.7451357114033537,31,249,game-20131203-163034.json,0,human
117914.06757202266,1.309810871079857,5879,30.508933129147525,0.0,0.29945162601614844,2.3142247993376586,26.456452474793753,35.893696203250414,0.6834481904240213,0.5075766632868106,0.2878240302743614,0.03997278448715768,0.05628746570392212,2.245442314255823,0.8123208557517552,31,250,game-20131203-163558.json,0,human
188312.35093234974,1.68359158391381,7504,23.74303611888578,0.0,0.3406220466289223,2.9091529692607914,27.57550151898726,43.221390500354374,0.667315916145426,0.5262933429842851,0.25971339419854383,0.047841151385927504,0.0909103852615067,2.0553148594537394,0.8051994018206932,31,251,game-20131203-164015.json,0,human
111715.76589517624,1.0943122374892031,6475,28.22107214583655,0.0,0.35053367761987986,2.004774897175428,28.05693065936991,31.797181073326854,0.659653195481879,0.5227298484455488,0.38563220195296555,0.047876447876447875,0.012038059822672365,2.151904636140801,0.8184985282518343,31,252,game-20131203-164458.json,0,human
150847.93573015445,1.1391757535029337,6792,26.453889216263995,0.0,0.3456602208197386,1.960619103412053,26.335442953471574,39.58862428447065,0.6508272640987615,0.5306786102152015,0.3341998080657715,0.05609540636042403,-0.007222374836021482,2.048409063193135,0.7540097202488514,31,253,game-20131203-164915.json,0,human
197116.47237612426,1.4317952973054502,5805,30.883336205410995,0.0,0.3566311889798337,2.2247241336618213,21.94609572575702,56.12622940473614,0.45452236902767257,0.5325494434231614,0.4187542030934768,0.07631352282515073,0.042481248158255824,2.0437214972749707,0.8150128153226716,26,254,game-20131204-100952.json,0,human
146427.9822589018,1.2582839012261182,8085,22.176892627412172,0.0,0.30784944948332016,2.16385201500158,27.903852780574944,30.653768835659633,0.6016976453072677,0.5074638696995886,0.33092513614082514,0.049474335188620905,0.03143335328576244,2.8912386962367367,0.8703656108307289,26,255,game-20131204-101424.json,0,human
136261.6874799329,1.192367188827674,8037,22.322628827483197,0.0,0.32459143857235306,2.108612073217842,21.43287324545068,30.45333894247159,0.6319489328607863,0.5243288740166622,0.36222491094771936,0.051511758118701005,0.22918772386364147,2.1995855322144617,0.8659077727886133,26,256,game-20131204-102004.json,0,human
150076.25581450062,1.238092099229479,6037,29.7709645343056,0.0,0.3370913433942948,2.0571070508249525,38.65384615384615,42.909435166455545,0.5391569328594612,0.5434219224049704,0.3427444436016081,0.06509855888686433,0.1763688147754967,2.1671902758062007,0.8223969860018541,26,257,game-20131204-102420.json,0,human
131145.13014212906,1.0197656680754965,6421,27.94390775942661,0.0,0.37236002126848944,1.769338151282373,19.85933915820348,38.36330160344483,0.549593647290075,0.5655063471112441,0.38276404454215596,0.06899236878990811,0.18932470285668707,2.0875297970473667,0.7875905575205703,26,258,game-20131204-103107.json,0,human
102800.42403551217,0.9792897538712867,6937,25.909733237202595,0.0,0.30784310444382706,1.6279911952506454,19.136059560688143,25.44311460729649,0.6604222132187849,0.516091492506258,0.2579869976612955,0.044111287299985584,0.03016213564563844,2.205749393678422,0.8361545027758334,26,259,game-20131204-103700.json,0,human
132526.47559069365,1.0200584850077268,7316,24.49049637631615,0.0,0.3067881497923349,1.6420750923617575,16.782522492893904,29.360094388001293,0.6633662248805021,0.49842333392979005,0.31995684638843347,0.048933843630399126,0.21573616746932434,2.0873989377262867,0.8407748965827029,26,260,game-20131204-104334.json,0,human
99710.28268312835,1.028305746561293,6254,28.734687350071965,0.0,0.29982259446666254,1.6812703425628286,14.46159665382,26.129749767195385,0.6667081764790277,0.4959964964964331,0.26187708284894984,0.04317236968340262,-0.02680880985195171,2.11912273693471,0.8587074079804695,26,261,game-20131204-104801.json,0,human
187048.86967640353,1.3327744742416623,9085,19.40246587406429,0.0,0.37626349758305205,2.044753854716109,25.80137808550371,31.853868008827174,0.6168774117523937,0.5560328681256956,0.39262362525202404,0.07176664832140892,0.008885353350451668,2.02589174288973,0.7939703816652754,25,262,game-20131204-121531.json,0,human
158347.5756864684,1.2966364967713901,7775,23.043606894777465,0.0,0.34016375971574164,1.976839323393704,18.463329365258044,32.600986422181606,0.6194112275823626,0.5221153167187522,0.6082559568512323,0.06263665594855305,0.05662750019577094,2.0350870538832844,0.8179712813901182,25,263,game-20131204-122003.json,0,human
111518.15900901999,1.024491649798756,5891,30.419398675046715,0.0,0.42568723872233916,1.7668166581690388,20.56270896550355,32.46910523887302,0.60933906965505,0.6156146027276667,0.37918797620290157,0.08742149040909862,0.15204501425924696,2.140409851224342,0.769486117446892,25,264,game-20131204-122500.json,0,human
144666.87322187045,1.1328256280892253,8281,21.686563557274045,0.0,0.3557991658189353,1.780232494973038,18.09750069070312,26.99233545661393,0.682751361309704,0.5806911432477112,0.3073592406545656,0.06641709938413234,0.07789878210020632,1.9899863566760736,0.8435292669900079,25,265,game-20131204-122921.json,0,human
131535.14637741697,1.1632866696728614,7951,22.53749370910921,0.0,0.3538788741025576,1.8471508674380017,21.644742963573943,25.809310266097032,0.6352089044847664,0.5936238292733677,0.22953965247467678,0.06728713369387498,0.15456656728385215,2.3439055640256967,0.7832893907358718,25,266,game-20131204-123408.json,0,human
113261.79893452433,0.9676135329057994,7648,23.486072969792076,0.0,0.36480250248532653,1.6312270007590977,21.99650321860622,24.94921621560433,0.6383569791251307,0.5903715838783253,0.32959100204498976,0.06890690376569038,-0.02498301016326461,2.0790348533988436,0.8301736293690827,25,267,game-20131204-123822.json,0,human
126772.96119599318,0.8607871389069977,6271,27.803158398468657,0.0,0.38983955888058275,1.3225198471326582,16.14461291196223,31.551024938372407,0.6240116509047434,0.5982684692505307,0.29728473860019816,0.07829692234093447,-0.0049980753807787525,1.981158797207403,0.7665181325298932,25,268,game-20131204-124256.json,0,human
91547.67803546289,0.7091750452358574,6759,26.58168097070139,0.0,0.37337296627074107,1.1845507693309307,15.02926832051381,23.645417912048163,0.6569567466196108,0.5557220938041596,0.44175838660779015,0.06465453469448143,0.12273814539005262,2.0781516607895467,0.7461021933436396,25,269,game-20131204-124844.json,0,human
125992.44567847738,0.8988003284453289,9757,18.42300594627845,0.0,0.3342663183695201,1.4028799508475926,19.824852922239543,19.393321367552712,0.6772530922134848,0.5395307426128565,0.2823435189748645,0.054422465921902224,0.10331096539101096,2.040559305699217,0.8388007559018146,25,270,game-20131204-125410.json,0,human
118644.61225276484,0.8824534607875089,6900,26.040875489201333,0.0,0.35176247555966483,1.3060715667899925,15.811388300841896,25.053019595878624,0.6378918865104178,0.571387331173564,0.3233186484902343,0.06855072463768117,0.08783278545635725,1.9635765955826534,0.794012595993764,25,271,game-20131204-125817.json,0,human
130340.09362399208,1.060398793345047,6332,28.294154818325435,0.0,0.3306438327965017,1.8409929716415023,24.5674933274655,37.9594284850891,0.5666740051136735,0.539438384840096,0.32740353859770577,0.05969677826910929,-0.026019732757564834,2.079063376787595,0.7896889224072041,6,272,game-20131204-141118.json,0,human
106634.99421021159,0.9414463438353192,4637,38.75711820534944,0.0,0.37529732886556677,1.6861083345736425,43.46324026620508,41.89827224323624,0.5466058270508687,0.5796475703685221,0.314020452668798,0.07720508949751995,0.045386443872254045,2.381869761915833,0.7466815296703855,6,273,game-20131204-141538.json,0,human
88354.64177565125,0.7729705865807116,5976,29.8943579440817,0.0,0.3361644970060336,1.2281303083212183,16.602141762769982,23.677020202809427,0.5719360352213512,0.5305737144358502,0.32794525472473296,0.05538821954484605,-0.006711102657037778,1.961101808215513,0.8016319168051393,6,274,game-20131204-142020.json,0,human
93193.8653585574,0.9248259869546471,6502,27.554153846153845,0.0,0.30425792957818565,1.6932596417148116,27.443478847442066,25.97569227819823,0.6752347698489425,0.5199876303428982,0.2627327135523857,0.04583205167640726,0.0365118052293496,2.1172898887033766,0.8471240939782311,6,275,game-20131204-142432.json,0,human
65107.85281360677,0.7529275725543146,6027,29.6953202787919,0.0,0.3460103089429582,1.2298533905938884,15.554458411355514,17.90160140606291,0.6383366606572132,0.542896661183665,0.3063895437526002,0.0545876887340302,0.04797623480900761,2.013306087609167,0.8359390109661828,6,276,game-20131204-142918.json,0,human
86183.86296174159,0.8224536306798337,7254,24.546745725317155,0.0,0.3098031708644375,1.4180073852496096,20.733788848157975,20.11253269326274,0.6887530357261652,0.5135745525300177,0.30645224656565523,0.043837882547559964,-0.05828497632703659,2.305985066566581,0.8226403781825669,6,277,game-20131204-143330.json,0,human
116368.76060741862,0.9906705841870387,6483,27.580003085943527,0.0,0.31319197658896425,1.5885235287941397,22.67156809750927,28.371935580772565,0.626159434063345,0.5405923422530396,0.3233817854759625,0.05768934135431127,0.27372034477445156,2.0722914863089223,0.8391226054026506,6,278,game-20131204-143757.json,0,human
102423.03524993447,0.8648423918878851,5133,34.75837879968823,0.0,0.3426191755318444,1.51539100775476,17.745210621460654,34.5306924648052,0.5781033864496316,0.5730511271848241,0.26346959101277617,0.06857588155075005,0.18188193041737055,2.3199966037748894,0.7873146482531351,6,279,game-20131204-144205.json,0,human
96550.95463783678,1.120951534484297,4184,42.07243605068133,0.0,0.32928450310926594,2.197116732981803,28.50438562747845,45.13778505428073,0.5477331586450555,0.538393126511736,0.24840735806173517,0.05640535372848948,0.1386592121725029,2.3414959439960317,0.8122718230199869,10,280,game-20131205-111021.json,0,human
92059.99083651349,1.0059875322394976,6282,28.161120840630474,0.0,0.31731282281436424,1.8565909528155595,25.003199795226212,27.0937642317253,0.6709645583854963,0.5375567723974921,0.18229768538117413,0.04536771728748806,-0.20912109076563215,2.276662908163013,0.868248995242845,10,281,game-20131205-111454.json,0,human
100851.03256380302,1.2050668209618975,5596,32.09436997319035,0.0,0.298994354218887,2.231799238977614,37.12524779269007,34.39374382788852,0.6152916712012129,0.5637252947261658,0.18826914192112226,0.04860614724803431,0.015156996539075537,2.636999603269939,0.805563347223341,10,282,game-20131205-111959.json,0,human
99123.19860693018,1.1354509766286065,4626,38.73124324324324,0.0,0.29723241897880626,2.0930014032068684,29.58584651568359,39.30740804052676,0.6616656879498155,0.5373424406558598,0.18635550634528575,0.0514483354950281,0.059712104006929015,2.354656365563609,0.8298327407930637,10,283,game-20131205-112424.json,0,human
94510.2714706551,1.0104073736910673,6181,28.70064724919094,0.0,0.27251239981125247,1.6756759949962963,17.276266603496893,26.71987753657564,0.6875545679973191,0.5466601100982239,0.13350882558545962,0.042873321469017955,0.003986440015151032,2.0893356397987337,0.8347402267034142,10,284,game-20131205-112949.json,0,human
104278.09105697932,1.0493070845144776,6104,29.44395280235988,0.0,0.28442625956677897,1.9796194200853872,25.699738568709215,31.252712274021995,0.6784545735818677,0.5218185137503388,0.16642058637418267,0.040956749672346006,0.1049930267263046,2.2496226018396612,0.8565478878166799,10,285,game-20131205-113402.json,0,human
105374.06134969176,1.3112971502121273,5662,31.67897526501767,0.0,0.28277517516677764,2.0815100967182025,24.86083716389687,31.009822806471384,0.6940676047405144,0.5246911814485046,0.19144394763995387,0.04009184033910279,0.20643280556050841,2.0827286776452856,0.8489351345326283,10,286,game-20131205-113847.json,0,human
72517.8166249118,0.935096573138339,5137,34.50545171339564,0.0,0.2867467459156638,1.628810359272277,20.513669854211216,24.34380033318711,0.6053034212122803,0.558094125248981,0.16348419363698125,0.04263188631496983,0.02132270299426444,2.419511147053742,0.825568150552958,10,287,game-20131205-114432.json,0,human
76180.18575049951,0.7807551743019386,4073,43.77873280943025,0.0,0.3230578528143296,1.3563948550809766,16.600301202086666,32.05081041231939,0.6143980593377893,0.5719295764469284,0.2030635683384299,0.06236189540878959,-0.18021366212671128,2.146064515975746,0.8468570361946519,10,288,game-20131205-114923.json,0,human
86202.45345200533,1.0020903305338456,5583,32.076854174131135,0.0,0.29694202056364044,1.6151736917123836,17.78498763350616,24.712289305309156,0.6834630377801265,0.5380703759417272,0.1656183715256066,0.04227118036897725,0.052435217377776795,2.3548266025998412,0.8326231893456051,10,289,game-20131205-115351.json,0,human
73713.1565194028,1.1848543757564656,3097,57.20148771021992,0.0,0.3034336451676783,2.487077864568977,35.93834226066144,50.4325891857332,0.5510467346306059,0.5727394268384887,0.16233307884008702,0.05715208266063933,0.1147525163028379,3.369032250599704,0.8157882744873568,2,290,game-20131205-142149.json,0,human
50058.34619816103,0.7922445298636314,3466,44.34006928406467,0.0,0.3253868317606788,1.4315204647135777,16.960841337884418,25.79701867758116,0.6989048757015027,0.564054004423687,0.22035005224660398,0.04702827466820542,-0.026280175262847944,2.339959481499393,0.8458800246173885,2,291,game-20131205-142615.json,0,human
84407.46782622358,0.9020456840390352,3779,45.87294865007941,0.0,0.35795626749883636,1.6557463427124386,20.667426061316878,41.26067413749681,0.49500442447976517,0.5960243237536326,0.2949538968458534,0.06933051071712093,-0.3103200436771544,2.322565365270666,0.7896200265906081,2,292,game-20131205-143121.json,0,human
63064.231225163516,0.8770804807371674,3819,45.60712414876899,0.0,0.30162526614314705,1.612390002312931,16.62793677068806,30.3890520903451,0.617262447673029,0.6069194810548992,0.12720417537909348,0.04818015187221786,-0.157315206092379,2.189313003555279,0.8271770081643466,2,293,game-20131205-143533.json,0,human
71524.97117544792,0.9476544914107721,4883,36.61102007374027,0.0,0.323880631472516,1.681208066498373,24.01157128460267,26.384435504637775,0.6759247760012913,0.5675788365010166,0.3452126705684801,0.048330944091746875,-0.09724838529926483,2.116215452518319,0.8630992393946642,2,294,game-20131205-144022.json,0,human
71074.37293209703,1.0528176102858067,4639,38.733074601121174,0.0,0.2887035258049232,1.5670638208125334,17.709129884045687,23.919868030853504,0.7594078234380991,0.4968880838686408,0.3786261607943301,0.03492131924983833,-0.022419868048460228,2.006208713276436,0.856384056374037,2,295,game-20131205-144435.json,0,human
99631.88092894739,1.1894123435610977,5833,30.70519636425999,0.0,0.301804077851016,1.9478991087859663,24.660504777229697,27.2605861443201,0.6770025537926104,0.5152625698933301,0.29776322223359375,0.04183096176924396,-0.10938215762955661,2.096793308367148,0.8396644442806154,2,296,game-20131205-144908.json,0,human
92338.79050515848,1.0590020661601716,3751,46.715924246465725,0.0,0.352235567546454,1.7124833971739721,16.42846445789881,41.03297491410182,0.5833792882243916,0.583953280807656,0.29800872553559676,0.06264996001066382,0.0534900090546869,2.0488018515138795,0.7858564235988261,2,297,game-20131205-145317.json,0,human
135208.70683764922,1.337666410158165,6688,26.413313388182498,0.0,0.34077795049984144,2.299658690201427,29.500264829319754,35.2743475204834,0.6232191362249664,0.5460457728671059,0.258378554816598,0.0569677033492823,-0.03451008227459917,2.212540891973184,0.7925922390919835,28,298,game-20131205-160520.json,0,human
125739.97455693095,1.1985775187444918,6404,27.82065302296516,0.0,0.3709353365625733,2.059466061026723,20.0392276477611,35.86720112650582,0.6823260791367327,0.5658247938425094,0.32056749220928327,0.0679262960649594,0.07804452062156499,2.1677174725664337,0.7979726866324643,28,299,game-20131205-160950.json,0,human
114862.72204136944,1.046189545340824,4439,40.05543037404236,0.0,0.41774185581328815,1.9666881559077016,23.372301187728976,50.05840920605998,0.5598022675264456,0.5980029143935433,0.26860583478979005,0.08177517458887137,0.08356331796671611,2.0328448014978946,0.7319394448619398,28,300,game-20131205-161427.json,0,human
141759.62079907884,1.2490636366101628,6652,27.01248308016243,0.0,0.35648622501688465,2.0855237424403623,26.117020607873684,36.01078931950082,0.627105485267315,0.5917284956955737,0.2305787847895572,0.06599518941671678,-0.023881078818004303,2.095881735317379,0.7863468336996403,28,301,game-20131205-161845.json,0,human
103450.577185142,0.9992474941194153,5300,33.59248773121933,0.0,0.3755776001083972,1.7114548046312976,21.007201146273626,33.93581227748573,0.6229620768179017,0.5613273930689681,0.31057819305120454,0.06566037735849056,0.05499919328225789,2.1034052019342004,0.7642299193040598,28,302,game-20131205-162327.json,0,human
104031.0149378712,1.1357405443952913,4528,39.693327441449405,0.0,0.36078218017280533,1.9249530739469531,19.661192741031762,38.35896248599986,0.6784459732443426,0.5730031618114407,0.25389813711743436,0.06868374558303887,0.1384873356417472,2.2489127717991164,0.745661637094801,28,303,game-20131205-162742.json,0,human
115072.27251720973,1.0582202687058422,7091,25.087177316969953,0.0,0.33266242203321,1.79529353048466,23.385085950193965,27.080537362374105,0.6352598167631399,0.5576864434275394,0.19784366077057144,0.05570441404597377,0.08425494950799708,2.0397642121962787,0.8210021283927199,28,304,game-20131205-163238.json,0,human
103467.53466656018,1.0307338807783286,6129,29.29324412532637,0.0,0.3475926211246531,1.8324295811552356,24.528487401690224,31.39252475286855,0.6137461461280678,0.566077086463079,0.22775479902428677,0.06330559634524392,0.09339511073259248,2.086980005656544,0.7856746719401824,28,305,game-20131205-163648.json,0,human
160155.32368773592,1.434797570982115,7058,25.094799489868215,0.0,0.3403084104262512,2.4378102528993573,23.891028650939248,38.439352475407624,0.6879266688315342,0.5387943128613555,0.28413624454148473,0.061632190422215925,0.08299615566699575,2.0027237610553255,0.8251713846360054,28,306,game-20131205-164237.json,0,human
127849.5881587304,1.0279263743723466,6331,28.31768610715979,0.0,0.37724776097916307,1.9206617323160728,34.65992281162033,39.17252353788106,0.6103897562535142,0.5496110167523128,0.33851654225168654,0.0713947243721371,0.14564312780281763,2.2974794444081272,0.7748623052206718,28,307,game-20131205-164651.json,0,human
175552.69367149015,1.4256175750243927,8562,20.953393295175797,0.0,0.3624205669605769,2.6407220668045084,35.65613551690648,38.27660296777047,0.5235706883466242,0.6074360344973129,0.16595785406236355,0.06867554309740714,-0.024485351961606745,2.1081967590713386,0.8220068241916844,19,308,game-20131205-171637.json,0,human
129116.56426140497,1.0769234528718732,6556,26.88982145582176,0.0,0.3862406783630849,1.9489294801232362,26.25186005314671,35.11391990169513,0.5107139590859999,0.6528002548266535,0.16923804167991066,0.08068944478340452,0.05301173512317425,2.1727297346701393,0.7799554420425521,19,309,game-20131205-172118.json,0,human
97985.27186066305,0.9694424347166654,6714,26.668057210965436,0.0,0.3188888523642936,1.5958004341058862,17.344963270789936,24.370731216180534,0.6472675231729857,0.5427961060895116,0.17617088198543668,0.05183199285075961,0.07996677956956467,2.1835930292376466,0.782699344087455,19,310,game-20131205-172710.json,0,human
101645.20399363124,0.9429132693068669,5617,31.98344017094017,0.0,0.3756958163719305,1.6234721238414562,21.079874551598053,32.47729899808253,0.5784025133722431,0.5724013904466019,0.3550036357025995,0.07495104148121773,-0.027329360010427232,2.0548667821422466,0.7796648835575224,19,311,game-20131205-173128.json,0,human
101214.10046174779,0.905733539190041,6124,29.34476563775927,0.0,0.3715085286913278,1.7011784224893252,27.307688963792046,30.78800713206347,0.6069252352911819,0.5892094529512413,0.22056598546678885,0.0671129980404964,0.23506267407097697,2.1997658424531092,0.7837816545796602,19,312,game-20131205-173610.json,0,human
137799.4818474963,1.097509013545929,8167,22.00342969132778,0.0,0.3252553104243112,1.981743502372859,25.356905494361886,32.094599870047865,0.675127756653031,0.5465555300556401,0.2724906943392578,0.05497734786335252,0.09380159154952206,2.2779298243139188,0.8241532838527752,19,313,game-20131205-174027.json,0,human
134542.1523449362,1.044786594679657,6588,27.276343759489826,0.0,0.3748085084339258,1.8118957688075639,31.937982438191398,35.388036722142516,0.6204226837400982,0.5856889073379018,0.23980626267177294,0.07741347905282331,0.16988755352892176,2.162715992146023,0.7871513770811953,19,314,game-20131205-174512.json,0,human
99256.31397498693,0.8497339626620493,4728,38.019043588658484,0.0,0.42938847528438717,1.3750322855217063,18.416666666666668,33.588046280476775,0.5236263906451063,0.6241688680881313,0.2942955434635967,0.09390862944162437,-0.00462368046837813,1.977478936162198,0.758620315892784,19,315,game-20131205-174923.json,0,human
131051.58252637515,0.996203523846387,9239,19.395107166053258,0.0,0.3408693576577149,1.6773021356323186,22.75137358490691,24.012517992840426,0.6365301322069404,0.5784256505359682,0.21662775934799525,0.06256088321246889,0.04282463028992261,2.135821317785441,0.8311598861558679,19,316,game-20131205-175410.json,0,human
134237.44249865462,0.9931858519277258,8420,21.248752672843906,0.0,0.3448678017105476,1.5383701867250836,23.270104808053137,24.395874481490747,0.6246404002817479,0.5504096189109182,0.32875685419000533,0.06330166270783848,-0.03166209821146013,2.03394411660817,0.8319862463451342,19,317,game-20131205-175820.json,0,human
115299.84476345565,1.3864695858797609,3500,49.95311606632362,0.0,0.3360294251540738,2.2546477276384507,25.48921340488953,54.186463252345575,0.5611899377470465,0.5671842026345439,0.26165947242206233,0.06657142857142857,0.10753548041829664,2.2259884110995394,0.7577097537238464,39,318,game-20131206-112546.json,0,human
69761.94672424643,1.0389984138914394,3542,50.700282485875704,0.0,0.3347267249177223,1.8543685795499492,23.22134296785544,34.41129896166777,0.6537985701140272,0.5747812412594858,0.17842683632157316,0.05194805194805195,0.07774441596077233,2.272741584862796,0.7365832189898948,39,319,game-20131206-113020.json,0,human
84320.76218206246,0.8945135102776451,3851,46.65341647181086,0.0,0.3748263515690357,1.7905077352101488,25.774724436026204,42.414288473764685,0.6095431774438221,0.5799160803142498,0.26483542258476456,0.06258114775383017,0.12062059869901957,2.404208785251186,0.7346564049995998,39,320,game-20131206-113529.json,0,human
61336.883914911145,0.8180324542976727,4997,35.78823058446758,0.0,0.3286466409927359,1.3435257612393523,15.004151674588218,20.906792578528712,0.7380977162796435,0.5289714502741029,0.21254130028145377,0.037022213327996795,0.05432559655050178,2.22510456520312,0.7688198807039325,39,321,game-20131206-113945.json,0,human
94701.09316050797,0.9715776297121219,5220,34.427284920482855,0.0,0.31229534512567536,1.6454573866038,22.36866872927894,31.52907322150298,0.7125342317971268,0.5051731528519824,0.2328339575530587,0.038505747126436785,0.3561573321983471,2.097294926110925,0.7872850170622188,39,322,game-20131206-114440.json,0,human
111141.08036181268,1.0823117677300609,5656,31.163893805309733,0.0,0.25960221390516214,1.6844410396365386,24.77842855271395,31.202594600081525,0.7341790886388945,0.46939405049548866,0.15244600401568745,0.034476661951909474,0.07631940388499357,2.0806057562059785,0.779842631277234,39,323,game-20131206-114914.json,0,human
53917.72815321646,0.6792919210115834,3222,55.59701955914312,0.0,0.34436968320132805,1.3706166027298077,41.78269918100866,34.951099481996096,0.6206244679638441,0.5578192879966745,0.1872292667559266,0.04531346989447548,0.14939648418184695,2.4890717026990927,0.7532801854585703,39,324,game-20131206-115427.json,0,human
93806.24355035054,0.9854447353536102,6103,28.34858173471061,0.0,0.3060608052333704,1.6714224227733794,27.304418140659948,26.347610967513702,0.6913450328681064,0.5034367582887322,0.23209195615397094,0.035720137637227596,0.1332141730746995,2.1872034157056133,0.8025089074441694,39,325,game-20131206-115841.json,0,human
37923.33026488124,1.030972993700794,2399,73.9770642201835,0.0,0.445317968709113,2.2811295230698097,32.8788020615107,34.95914945338839,0.6236742572889559,0.6458400967882542,0.19085000422047776,0.06461025427261359,-0.029699390993510447,2.590623856524626,0.6932490315414053,37,326,game-20131206-132529.json,0,human
66759.61514629883,1.052288577279853,3196,56.14276768941766,0.0,0.43150833523564813,2.001081200693322,27.879135091845797,41.906876556519144,0.5675673450493101,0.6519444811247332,0.18450119712689544,0.0688360450563204,-0.05857009502741557,2.1518409992781473,0.6578604359075385,37,327,game-20131206-133035.json,0,human
88663.4724895796,1.160365002443794,4665,38.531631996568734,0.0,0.4128305952841714,2.0443172132077305,26.134418158818843,34.89031618173986,0.6041023872744036,0.6362916557158451,0.22385518307409913,0.06066452304394426,-0.1300806920736095,2.2346021652594223,0.7047394553509754,37,328,game-20131206-133531.json,0,human
83075.401323108,1.0977778557111073,4929,36.34544347473108,0.0,0.3266300117602174,1.7796204161732692,20.660978511625515,29.111157677140813,0.6618617775000535,0.5580237722448365,0.25137974244807637,0.04666260904848854,-0.1871610056636438,2.0794286844169156,0.8139589327631409,37,329,game-20131206-133952.json,0,human
92650.1394261045,1.0396833346372598,5671,31.671723408008468,0.0,0.3454251917342137,1.7682236021416273,21.58278031788305,28.830693055027275,0.575417298033838,0.58204457437445,0.24513050138455195,0.0551930876388644,-0.2090190258715395,2.084900264591817,0.8033846514433202,37,330,game-20131206-134425.json,0,human
52936.2066129952,0.7196968828956943,4098,43.68367097876495,0.0,0.3423081938705312,1.2676516985391295,17.94358710902311,22.82584554892078,0.6335547841433381,0.567535246146689,0.23015889329688174,0.050268423621278674,-0.2678049304973594,2.140111842901208,0.7562995244739861,37,331,game-20131206-134845.json,0,human
87819.98874017637,1.0364693062372814,5593,32.04864091559371,0.0,0.36708238744421784,1.8890152985241004,39.85739887270567,27.819290251181716,0.6431085655118257,0.5844854172901873,0.2546568352235156,0.0486322188449848,-0.16054334275744936,2.4720702753575976,0.7877964476336697,37,332,game-20131206-135327.json,0,human
102539.76842249153,1.1231855212739321,4074,44.11834028971274,0.0,0.35675381924051514,1.8750938973862967,21.50349995242825,43.181689065649714,0.5807357284533179,0.5779424788181492,0.29940440999365,0.058419243986254296,-0.21511665328905819,2.059833370947307,0.738406087940171,37,333,game-20131206-135742.json,0,human
65058.779168749374,0.8405039888748755,3806,47.10488958990536,0.0,0.4025943132838185,1.5138491664610965,17.978382080215734,30.469487435243547,0.5921491906601263,0.6028151604896822,0.2669603078169299,0.05937992643194955,-0.243561343864227,2.1915446682947644,0.7004369366911043,37,334,game-20131206-140212.json,0,human
87410.09378454919,1.0547641428523473,4125,43.56668283220175,0.0,0.35230254155773094,1.7456884758951359,19.916269173160362,37.17474749757714,0.5823796082922919,0.5599476732128645,0.37531900110898814,0.060121212121212124,-0.19043912240712974,2.088441032343522,0.6752177798741568,37,335,game-20131206-140628.json,0,human
142126.65901086645,1.1020296930539604,7216,24.706958691433325,0.0,0.3928929501520828,2.045987528845744,24.500318875475887,36.18842342947786,0.5974984556370552,0.5925015003451309,0.28829787234042553,0.07621951219512195,-0.01608638445536822,2.253978117744204,0.7682782851464354,13,336,game-20131206-142737.json,0,human
140552.33930333558,1.1032951227906234,6860,26.14787808079335,0.0,0.37739606798623776,1.892443317742845,23.743151536768643,35.77973026138599,0.565729515865884,0.6204089737711345,0.19775694449682096,0.07113702623906705,-0.026595831954401374,2.106248821769557,0.7497763124112089,13,337,game-20131206-143206.json,0,human
108736.43088225657,1.0490262298912794,6578,27.269201520912546,0.0,0.3264376542908002,1.7356266652069425,21.003809178337153,28.60060158195098,0.6235873831928114,0.5604420200087727,0.19165194648033027,0.05731225296442688,0.02821039055155679,2.2575817269335245,0.7536501810731948,13,338,game-20131206-143656.json,0,human
99200.30714281194,0.9875968791939046,5331,33.497466691686995,0.0,0.3634006522761546,1.8795661750176302,20.21162277727493,36.2354272183487,0.6216664578180401,0.5729998985951636,0.2854027807438546,0.06940536484712062,0.1387640799470411,2.2299183158164193,0.7888538735286661,13,339,game-20131206-144117.json,0,human
143207.40028102184,1.1453166100819916,5256,34.14405328258801,0.0,0.40643708845715,1.9650269090274581,21.80360005653495,47.685752156048125,0.5728583133469886,0.6517649901391208,0.1794981423600873,0.08618721461187215,-0.04881309069230392,2.113544133977177,0.7199856985364645,13,340,game-20131206-144551.json,0,human
123583.33367726386,1.2282919895913207,6339,28.316869181000474,0.0,0.3508595004557906,1.9307826590443948,19.733445945624624,30.22495096009273,0.6094355521656408,0.5706660282717719,0.2688035600990108,0.07209339012462533,0.09132341222870567,1.9947157353910396,0.795323054866572,13,341,game-20131206-145007.json,0,human
98846.67129467858,0.9969940831443339,6601,27.115944225522885,0.0,0.29368000599480026,1.5622049492648182,18.27262676488766,24.91047010363537,0.6632729441984072,0.5205735854146862,0.23096877182480297,0.04787153461596728,0.09133835738883979,2.1813304552717945,0.8355182881242924,13,342,game-20131206-145452.json,0,human
126680.4347050463,1.040324020154466,6145,29.17578125,0.0,0.3579637993661185,1.6604619367754963,19.578368164890556,33.39176647413634,0.6059271082599524,0.5742594233800337,0.24794135109321355,0.0693246541903987,-0.05854648363671815,2.2385436685952467,0.7702427718540068,13,343,game-20131206-145905.json,0,human
103860.50581290711,1.0447072846423324,4124,43.25951976715984,0.0,0.33272593252762905,1.9920569147265204,22.91670454542324,51.34033630657794,0.6105825353124961,0.5708520449813393,0.18399439610976315,0.05868089233753637,0.09257293073609868,2.172121174523893,0.7810468996779459,16,344,game-20131206-161915.json,0,human
96457.75953510919,1.2699734620512535,5186,34.529513888888886,0.0,0.29101319570811235,2.211929214414902,23.771043309034628,32.34881744510242,0.706560722710244,0.5512155167729299,0.18068754875355694,0.04801388353258774,0.04939681804256322,2.3390891923012362,0.8526575131592056,16,345,game-20131206-162340.json,0,human
87964.67442414405,0.9039772496591136,5398,33.2597739484899,0.0,0.3253454800097661,1.7498520812961382,24.706022408566604,30.71209378002645,0.6841277089800505,0.5754187729368161,0.20047452456754106,0.05261207854761023,-0.0011935427355741926,2.2757933873587186,0.8201558986364632,16,346,game-20131206-162821.json,0,human
97058.78387038384,0.9396845730716304,4426,40.510282485875706,0.0,0.31600546286017245,1.5432173041055466,18.818489725680845,36.776874352989395,0.6739248397305561,0.5693630558061971,0.23986876140779145,0.0587437867148667,0.278985809126854,2.0073311057929035,0.7958214992851677,16,347,game-20131206-163229.json,0,human
103489.5120417811,1.165858919563469,5970,30.018261015245436,0.0,0.27796402174417656,1.9892589938355478,28.8,29.891394426467965,0.6825680835044954,0.5462168681746955,0.12204375491670234,0.041373534338358456,0.19456219745644668,2.3236029263135625,0.7862526478148602,16,348,game-20131206-163716.json,0,human
109260.48259582021,1.1238863395085805,5375,33.3392890377815,0.0,0.2989642345521994,2.0756680569354407,26.844459391092233,37.80666136064112,0.7043709599511748,0.5594838051002688,0.17351330015114902,0.04911627906976744,0.03952541844719729,2.3609320145767505,0.8418435469403526,16,349,game-20131206-164126.json,0,human
154168.3527223139,1.6263617045493284,4730,36.51659970395433,0.0,0.3967961965141625,3.1003722382953365,35.01230752184916,63.71306087567623,0.49385679689280276,0.6023895616313195,0.2505056076484648,0.07441860465116279,0.150877496792318,2.2804191621954564,0.7456336672459456,36,350,game-20131206-171236.json,0,human
73801.33888592427,1.0275346017904565,4511,38.83677090263917,0.0,0.3906099501898236,1.8644664280822794,25.823529411764707,29.874720078404746,0.5244849958016895,0.6053816060226879,0.29563631906352467,0.06783418310795833,0.12615276549737786,2.173880033559536,0.785919749824075,36,351,game-20131206-171714.json,0,human
99776.67391721171,1.1188926547932974,6264,28.607633343979558,0.0,0.3836557167541738,1.9364961193810906,24.911745047714223,27.336336655464972,0.5327210523580596,0.6084884140799627,0.2746880947346162,0.06401660280970625,0.0014164674481933828,2.1211111980755715,0.7960605158695842,36,352,game-20131206-172225.json,0,human
109489.50386607196,1.1452619739999264,5021,35.55697211155378,0.0,0.394491608522724,1.9504167495841205,21.604842761964985,34.92646119984728,0.554575800337732,0.5930091914160557,0.3531278903556714,0.07030472017526389,0.11013851486042946,2.1504006462723373,0.7662685676069394,36,353,game-20131206-172648.json,0,human
92910.6360220142,1.2181523463538382,4889,35.203806015960716,0.0,0.35917465172993424,2.1205514229704603,37.07953580222711,34.752332834071716,0.5681108258742491,0.568715624914788,0.35198514926504015,0.06156678257312334,0.00021893893117319268,2.5113203143648275,0.7744256584971361,36,354,game-20131206-173211.json,0,human
82913.43584497581,0.9548207327822381,3577,50.272651006711406,0.0,0.433555487945291,1.7664045350320186,21.86568927856806,42.913646928036975,0.490686033282671,0.6530312206016071,0.26574765976961884,0.08051439753983786,0.009991364494180574,2.2062291201553768,0.7274770264788788,36,355,game-20131206-173624.json,0,human
95653.76657447635,0.9961249568397789,4858,35.779242174629324,0.0,0.3264864767505049,1.7919200395331645,27.725074428504527,35.52484018963281,0.5904502123713335,0.5708179419988701,0.3021488408790291,0.052490736928777273,0.30548597064682576,2.3452548645953324,0.7678050042611689,5,356,game-20131207-142057.json,0,human
91081.6519406655,0.9000520681337472,5360,33.48152295632699,0.0,0.3055592865299293,1.6334452615110933,32.69825348929206,30.319377576928485,0.6458975020743012,0.4990649944399371,0.4083662748361594,0.0460820895522388,0.07735615612684513,2.6312745194063267,0.8315064753979522,5,357,game-20131207-142533.json,0,human
101021.43211690837,0.976152240410847,5970,29.932819567766796,0.0,0.28224112178712457,1.6823923190338155,27.137054981821805,27.39463913218073,0.6704483839748866,0.48874852491606546,0.3152625234395928,0.045561139028475715,0.12295080800007867,2.51141093936069,0.8538811934838604,5,358,game-20131207-143015.json,0,human
93540.55820092413,0.9589453303557178,4650,38.53818025381803,0.0,0.26610379978233456,1.535105036773941,27.473270869062862,31.03444438341879,0.6452374655004182,0.4803068166667104,0.3333453813809472,0.046021505376344085,0.21463033911112872,2.120925496136138,0.8352044736815184,5,359,game-20131207-143426.json,0,human
108222.3466241778,1.0958311066130757,6525,27.489955528293205,0.0,0.2811172050633102,1.7791127439055126,24.589468788663208,27.600426939955188,0.7189293635341143,0.47659486601465556,0.44595198712503914,0.03632183908045977,0.13568486127270307,2.38091324535705,0.8414810849805758,5,360,game-20131207-143856.json,0,human
99241.34967293525,1.0383831098202045,5059,35.52580581372355,0.0,0.28213051456258187,1.710506170642461,22.15090291613414,32.94034364794847,0.6703033876428731,0.4697479582831121,0.4201755333837602,0.04546353034196481,-0.14855963439594155,2.0252783871217894,0.8495306195474208,5,361,game-20131207-144304.json,0,human
110916.5172024931,1.0650458409796233,5430,31.907148120854828,0.0,0.2864665517862558,1.585156593898669,22.564998079370525,29.12948501457132,0.6673205507621757,0.5032751341228999,0.3293617882067361,0.049171270718232046,-0.03563568516710751,2.106420845405774,0.8381507624159952,5,362,game-20131207-144738.json,0,human
75799.75425732597,0.8800333303982578,5495,31.39588642155078,0.0,0.27466692673366777,1.3894788117118173,18.532076781151247,21.067958002183623,0.6895132268790437,0.4796154833520707,0.30279152875010984,0.03858052775250227,-0.011169604440975929,2.1230806590709834,0.8457478506008149,5,363,game-20131207-145148.json,0,human
76531.10110195118,1.259510856324261,2992,59.71213640922768,0.0,0.28232187022835864,1.718017382151815,14.273016789188711,37.50947906204505,0.48578861242606575,0.5486108006792296,0.2158484938021471,0.0481283422459893,-0.23516967492821222,1.9706468473175935,0.8023521900944106,14,364,game-20131209-121136.json,0,human
74430.31125380537,0.8635261868795651,4938,36.38991290257241,0.0,0.3102650762595822,1.4392762243184025,18.19408396589465,24.62402737341228,0.6023334910698784,0.5323633992359749,0.26384691365304946,0.04394491697043337,-0.01732381592555468,2.323512488880967,0.8407534872639193,14,365,game-20131209-121627.json,0,human
102733.77605775355,1.1748859789008417,4511,39.70037702373032,0.0,0.28772129536846297,1.8985438593711135,26.170750147164416,35.51999014403037,0.6131575816326178,0.4994910068504179,0.2992984011329362,0.04655287076036355,0.16027199355609528,2.3654986169366015,0.7844505675177949,14,366,game-20131209-122140.json,0,human
110175.31859164304,1.1577204810009545,5035,35.55116232863104,0.0,0.31655206912629924,1.871690953643193,17.654565230256672,37.63033159428334,0.6826986002195071,0.5321328929746771,0.2389206981167404,0.047666335650446874,0.015165024326663527,2.063625699413556,0.8329057315549595,14,367,game-20131209-122619.json,0,human
138999.82627373666,1.259856664735003,6957,25.66527677929547,0.0,0.28974230623443875,1.8705008380514205,20.622821854683224,31.033638091953534,0.6736510591611903,0.4939550069606441,0.32686659262001727,0.04398447606727038,-0.02959538190740704,2.0856921907062387,0.8477748230269946,14,368,game-20131209-123137.json,0,human
99356.8484690116,0.9746094756871378,6409,27.89076154806492,0.0,0.29777059551364404,1.5199793011959102,15.492491763369193,25.800789637222938,0.659584327802947,0.48372340836267935,0.36104035081597285,0.03682321735060072,0.28608558852599913,2.128446038711347,0.8062799056254304,14,369,game-20131209-123604.json,0,human
63778.87030905519,0.856155311355265,5175,34.62265609897545,0.0,0.2657849568651609,1.3048991831045538,15.923076923076923,18.731344752426203,0.7365842836482307,0.5017496811332459,0.20679929743970818,0.03265700483091787,-0.047152794901998675,2.2745768789475886,0.8494291344975016,14,370,game-20131209-124114.json,0,human
127047.58159649212,1.0473807779977713,4740,37.03335444374076,0.0,0.299776295374327,1.4808245517383198,23.527908959361433,37.5449777389635,0.5791318394936125,0.5207977938815149,0.2984183358142045,0.05738396624472574,0.1449672113566656,2.1659046911082327,0.8049918772303957,14,371,game-20131209-124532.json,0,human
185223.6451695463,1.4336456650034386,5268,34.02032674772037,0.0,0.3462047244181172,2.080637291221778,29.121758188680847,51.83942581825127,0.5305600088494064,0.5742684302671498,0.21289466003582486,0.06890660592255125,0.02392805834237391,1.9087905645325505,0.6738198116933789,22,372,game-20131209-140810.json,0,human
115247.72263651119,1.2095197956886874,6920,25.82668401272044,0.0,0.26957025792130435,1.7312740995956384,23.86264037227088,24.591689960369887,0.6621254017419658,0.4907390086486711,0.2110057387868972,0.04046242774566474,0.20447563859995746,1.9825473021250326,0.8028131792473255,22,373,game-20131209-141242.json,0,human
129483.69470785224,1.0562286318205527,5093,35.16496465043205,0.0,0.3317137686642252,1.5638017422239137,16.806025705085663,36.83140485744603,0.598299630715705,0.5274105823318374,0.2467081657515729,0.058315334773218146,0.17058251434863317,1.932345004097204,0.7486885853532484,22,374,game-20131209-141725.json,0,human
94005.0986966087,0.9565804553337249,5375,33.28842575362858,0.0,0.29643463405064496,1.4362549141830718,16.00356794128144,27.50283429829531,0.6438099542639285,0.5129298919623893,0.22247947080291972,0.045581395348837206,0.10046483860993437,1.9531499841104165,0.7667154154452229,22,375,game-20131209-142153.json,0,human
110531.94169631171,0.9712936827753105,8257,21.73809812235009,0.0,0.2902193149424674,1.4486794979864654,18.01561822419647,19.79730570585717,0.710620143657391,0.479231321537183,0.21429541266608476,0.03766501150538937,0.2687720273934521,1.977528650701022,0.8187687298928249,22,376,game-20131209-142635.json,0,human
92952.08581531503,1.0109519598421408,6802,25.60582438593911,0.0,0.26908654036843516,1.4555391409641667,16.514724070087006,21.12127750451329,0.711658613270637,0.4633994432248487,0.3123602916926234,0.03204939723610703,0.08337757461995207,2.003689223891513,0.8518723103001016,22,377,game-20131209-143048.json,0,human
89324.11267396118,0.8642555995871003,5344,34.23493073755148,0.0,0.3116951592626434,1.376688482314642,15.268431484602472,24.38535447035877,0.6298826880789278,0.5138868938494098,0.22754483805302272,0.0499625748502994,0.0692915542081026,2.1317405179752695,0.8136144281373153,22,378,game-20131209-143530.json,0,human
122886.84259515931,1.1724949992920581,6687,26.546664672449896,0.0,0.2593811116631497,1.5880348897632117,21.708653228609094,25.368542295921493,0.6793737281640363,0.5091273292570788,0.16017743569658838,0.04097502617018095,0.10199898093634488,1.9447954237889375,0.7862262615157751,22,379,game-20131209-143948.json,0,human
99040.95842470408,0.9560069557643682,6533,27.39960177668862,0.0,0.27159834837263996,1.322937268410319,15.617226955441794,21.29598251221693,0.7148246908985998,0.4794284553551076,0.23874633949857935,0.03949181080667381,0.10740253876744002,1.9024267192008,0.8273357682880402,22,380,game-20131209-144447.json,0,human
113727.80641895112,1.0484338442486452,6178,28.96016194331984,0.0,0.28837828221782763,1.6545056588323777,28.072882550494835,28.966913163887227,0.645655972466104,0.5233642079529366,0.19522200319158922,0.04386532858530269,0.21864817736336034,2.0008481773527897,0.8250738945634709,22,381,game-20131209-144909.json,0,human
154551.38885029702,1.151234041373153,4914,36.164087947882734,0.0,0.374656398414546,2.0262070708478204,21.721245360245806,54.17106550894477,0.5388883000285826,0.6059140982774484,0.22533892072654613,0.0873015873015873,0.1797600618133747,2.2338830025802117,0.7756775748245897,1,382,game-20131209-161921.json,0,human
111802.05349483942,0.9591632360396644,5892,30.264391237901172,0.0,0.34720725761387855,1.6846496433066582,19.48594935388631,34.33432615456588,0.6097535417805715,0.5509763503082542,0.35256416850985034,0.06177868295994569,0.28420022670866696,2.0263587517848483,0.8103022269730238,1,383,game-20131209-162430.json,0,human
106071.46123798199,0.9509410412484459,5510,32.337266291522965,0.0,0.32581626853292384,1.5055230036039753,18.738538163368027,29.744160507559045,0.6261992019773485,0.5561965646686206,0.24259748775639844,0.06569872958257714,0.06976276805479516,1.9585845690609684,0.8351364274051596,1,384,game-20131209-162941.json,0,human
125479.18128044115,0.9713289087850256,6792,26.386892488954345,0.0,0.31298682880235557,1.5472056179611389,16.214010381551542,29.399831672599962,0.6489886042766566,0.5465605339628992,0.2630293016470092,0.05933451118963486,0.12825510723509398,1.9757544928728148,0.838748160906434,1,385,game-20131209-163424.json,0,human
124685.36575032666,1.0924291875719885,7168,24.358079821378734,0.0,0.296146048537113,1.8492246249742454,20.57452853627018,29.163605220314096,0.6705893067561398,0.5158379262870562,0.32317903962291944,0.052734375,0.11324780229452149,2.1956649018989363,0.8588376213789528,1,386,game-20131209-163924.json,0,human
120178.12184854879,0.9561427855517964,8414,21.3082867673285,0.0,0.28497751227830603,1.4818217363497348,19.517019816047736,22.17794946245629,0.6849283080841596,0.5198171453042181,0.21911946552322323,0.046351319229855005,0.26254611572860864,2.047944268589653,0.8685861532557347,1,387,game-20131209-164353.json,0,human
115468.80997476017,0.9274164468631452,6654,27.234064942874323,0.0,0.2996559052721967,1.6306816453077049,29.718205617976913,30.465235738922953,0.6627571656514512,0.5353270051104756,0.22986942328618062,0.05650736399158401,0.22344979043725996,2.328041010463777,0.8459862171547544,1,388,game-20131209-164839.json,0,human
168710.90202586356,1.2222863826060557,6317,28.328266033254156,0.0,0.3149868511681994,1.7297648383431468,18.439539595624804,37.131505648783964,0.5859829989319282,0.5454771484017695,0.2806305542143519,0.07076143739116669,0.23020702130102966,1.834690449984652,0.8433424259034309,1,389,game-20131209-165317.json,0,human
127630.72780005576,1.0541091718322548,7461,24.024668186083925,0.0,0.2882635014783896,1.6772174659711454,22.616591345329486,26.934575544539058,0.6739595326596187,0.538378701271353,0.21522797997564605,0.04945717732207479,0.1523524226225724,2.294357310514511,0.8462317894919533,1,390,game-20131209-165800.json,0,human
132814.63256103446,1.118407050489185,7142,25.160224089635854,0.0,0.268942967976561,1.782216235083006,21.077001684300356,30.075304278718818,0.687587249418582,0.4798364729144702,0.27582582209751777,0.05180621674600952,0.22828999889215787,2.0127884861453262,0.8610690711042038,1,391,game-20131209-170230.json,0,human
154352.58832380868,1.1324235661676678,5425,32.98248525073746,0.0,0.3688959535848189,2.1306692521227513,26.58429987793547,54.098744439169465,0.535732950802907,0.5773099766425527,0.31531784620925624,0.06930875576036867,0.1729129311706654,2.159537640058443,0.7955292249132655,12,392,game-20131210-111515.json,0,human
162596.52486073822,1.3393999850515361,7962,22.475,0.0,0.2967658712120132,2.2744773496549353,44.52962580085865,35.28581224559683,0.6923969524789371,0.5096615866669085,0.24947296770398958,0.04559155990957046,0.14007089452755844,2.4974378341154924,0.8030442531179411,12,393,game-20131210-111949.json,0,human
167527.2697042005,1.25375951320487,6801,26.203382352941176,0.0,0.3008763887759464,2.1320384962101975,29.76063360380622,42.80254449275601,0.6350982479517927,0.5196051746193819,0.25453791906541207,0.052198206146154974,0.08139947821199148,2.1524724141561946,0.8021103018823854,12,394,game-20131210-112510.json,0,human
134830.102759601,1.0598631052276255,5479,32.79335523913837,0.0,0.35102945834856986,1.7023051320635787,16.073242125533838,39.896961159833396,0.5952996306230988,0.5617052000735118,0.3113010129642753,0.0757437488592809,0.1898166610454919,2.0650869822420335,0.7310130861758786,12,395,game-20131210-112927.json,0,human
173181.35237089524,1.2664495645612983,9268,19.932757690232055,0.0,0.2780352539404537,2.0017277972516068,32.11476334478207,30.844503841542743,0.6935661538633988,0.4962906140276846,0.38980015660640727,0.045425118687958566,0.0872697408054524,2.1660864341936517,0.8474095884393557,12,396,game-20131210-113536.json,0,human
124684.1551093203,1.1013239596089368,7783,23.08379385683074,0.0,0.29217792702150397,1.7768061588848065,27.622030383373342,26.447456031712907,0.7019481339432131,0.49305583164144423,0.45651761936584245,0.04843890530643711,-0.07543230312901858,2.2461039713642217,0.8404190468075113,12,397,game-20131210-114009.json,0,human
144045.76321952953,1.158630751832855,7747,23.064936741544024,0.0,0.28815092467459386,1.8446160661672,21.287137483048824,29.86523974299437,0.7086231671270221,0.4867666973065072,0.3393472564122925,0.047631341164321675,0.12720045326709528,2.1304710894530006,0.8461694734523082,12,398,game-20131210-114453.json,0,human
110938.46701841473,0.8892749108197457,6694,27.57130044843049,0.0,0.30879428615587234,1.3994331638931377,22.875885173015263,26.53546310616765,0.6350491672292347,0.5414886811780935,0.2673675266033653,0.0521362414102181,0.22960742361024875,2.0432929512206837,0.8255505055812025,12,399,game-20131210-114906.json,0,human
127025.78408418904,1.056342408013442,7443,23.988037634408602,0.0,0.28781374120563596,1.7287280839744068,19.687896821397658,28.92240484067153,0.676946391904752,0.5217263897150631,0.20646636075308725,0.04514308746473196,0.17515550936300414,2.1754148559456703,0.7848916611354024,12,400,game-20131210-115421.json,0,human
96797.45468316476,0.8928233383548968,5744,31.14574264321783,0.0,0.29141963151276934,1.4749663850771504,16.226239820912355,27.747024847106296,0.6836776825891588,0.4836433193429156,0.4240068978259531,0.04944289693593315,0.17411810637215114,2.0986054570893424,0.8538635181751242,12,401,game-20131210-115836.json,0,human
61884.015440947456,0.8568099081943382,3933,45.61648016276704,0.0,0.43178464836626096,1.5502343463833907,24.22375122595157,27.571276413113413,0.5337306826718179,0.6439777455646496,0.43154503044200204,0.07042969743198577,-0.05040171873661693,2.078254025217667,0.7771457927628835,15,402,game-20131210-121042.json,0,human
100468.52396414151,1.1898409421846918,5313,32.75225903614458,0.0,0.35467674782316133,1.8448480154382878,24.340729469576523,28.91132102043632,0.5121773980814658,0.5853188079223636,0.644574265300805,0.06324110671936758,-0.12444612498470257,2.033557278099376,0.718649508375176,15,403,game-20131210-121637.json,0,human
94749.14741396581,1.1455339803715023,5271,34.05085388994308,0.0,0.38151030403754443,1.8063630918240954,19.630937380118795,27.981810171584502,0.5758280027547511,0.5990332954797719,0.4419144028703229,0.06108897742363878,-0.06603741384068103,1.933282592033463,0.8080323339116701,15,404,game-20131210-122131.json,0,human
110213.07883378169,1.0851731205185737,5510,32.53561046511628,0.0,0.39223228894065953,1.862675611818519,20.758039256433307,33.782655951276865,0.6034343220111319,0.5845843076613411,0.3582774108322325,0.06515426497277677,-0.03054177211475409,2.0208899661737805,0.8087674540547733,15,405,game-20131210-122544.json,0,human
111050.11625135821,1.2207769064660718,6116,29.344675282185506,0.0,0.36466998770909415,2.05908057695901,24.108597839690272,30.517820821520882,0.6455578166263036,0.5804389447404648,0.30049007744433687,0.05673642903858731,-0.019103333180346578,2.253455458869953,0.8061425193070788,15,406,game-20131210-123050.json,0,human
124227.22331394044,1.2121046051771744,5279,33.98275862068966,0.0,0.40080714162072567,2.071715108685834,30.415133279503678,40.335129379542515,0.5477079009072445,0.6069731424391556,0.3619719617491412,0.06971017238113279,0.03339544911713651,2.0181569116565647,0.7744957331441624,15,407,game-20131210-123518.json,0,human
89886.88106839305,1.106852919285145,3329,53.8848812744214,0.0,0.3990971299159771,1.9654261172557417,19.939220145231356,46.90036740939993,0.5919648543593219,0.6198387607374923,0.2549364234717997,0.07449684589966957,-0.13166857198035853,1.9608396322916077,0.7137748656983083,15,408,game-20131210-124010.json,0,human
76195.89613962389,0.8790535586990066,5910,30.34004739336493,0.0,0.39694484940845676,1.4333662821873314,16.307666908543357,20.202987102290766,0.5967439238729942,0.5943703035312665,0.32319665739800796,0.062436548223350256,-0.08195844389353919,1.9726515882625335,0.7469097722649239,15,409,game-20131210-124419.json,0,human
86967.19143697096,0.9924638708468729,4678,38.334973262032086,0.0,0.41919674347300784,1.9926317137560206,30.46481577164057,37.378559103284616,0.5571217615693651,0.623679100186426,0.414028144239226,0.07716973065412569,-0.08045533842573611,2.284367795589211,0.7409464569331765,15,410,game-20131210-124923.json,0,human
94144.8871113713,1.0279730543099699,5702,30.897737239080865,0.0,0.38292511648928307,1.7389839944917906,21.844907873461036,28.161493600069416,0.6144357587040699,0.5860194450402058,0.33301805570713133,0.061908102420203434,-0.037129316880271115,2.001921955272039,0.7447375054942422,15,411,game-20131210-125331.json,0,human
116751.17429712194,1.139514374800645,4459,40.205473306415435,0.0,0.431856106036161,1.9656770471372227,22.25815801756892,45.75237859984589,0.5338173972898328,0.6848587631531468,0.21295171855450062,0.0923973985198475,-0.041851637548789344,1.968131707286352,0.7336598932753446,0,412,game-20131210-141818.json,0,human
90901.43404576038,1.068383535342501,3375,53.0334914048607,0.0,0.43277384273113556,1.9163655441351897,15.81844304904461,48.33646810409289,0.6078180689423442,0.6455916374818623,0.2252774734435288,0.08444444444444445,-0.012207356791358927,2.0303196368246987,0.6982135186015548,0,413,game-20131210-142235.json,0,human
121849.97758983735,1.0533994410746688,6743,26.590477603085137,0.0,0.40001729118920154,1.7308462324565002,29.752460215734914,30.220920731660506,0.6022601474455936,0.6020156135995811,0.29463592077723855,0.07237134806465964,0.06310583268371027,1.9754011038332193,0.7431293746923897,0,414,game-20131210-142709.json,0,human
92446.13608704795,1.058031445634862,4308,41.71581146970049,0.0,0.4083856351629843,1.9004818650415898,23.07446881536195,36.466781188219365,0.5963671943084313,0.625776664071234,0.23535407976753994,0.07915506035283194,0.028101791410471998,2.0741940575430586,0.7555872784991057,0,415,game-20131210-143118.json,0,human
91322.81990148999,0.9756358133411699,5417,33.05559660140377,0.0,0.38414253162041634,1.5687082201263662,21.042716515871877,27.69319755572269,0.5921148509026692,0.6091716093211825,0.25588768659853245,0.06645744877238324,-0.05794393118183143,2.1842086870888062,0.7228418602339168,0,416,game-20131210-143557.json,0,human
68206.30082545329,0.8286073009027001,4376,40.903520804755374,0.0,0.3797585566684687,1.4786591676279481,16.251081694767276,26.55052344014684,0.626506687433736,0.6365424501414603,0.21935258979924896,0.06147166361974406,0.21180421722787657,2.1402599721126725,0.7644173088169709,0,417,game-20131210-144004.json,0,human
100516.05057671791,1.1167005694699117,5658,31.593247304224853,0.0,0.35176761987319793,1.838660038881243,23.000603856807277,28.853981145034368,0.6802271876789058,0.5833222486326326,0.25906912696226936,0.06344998232591022,0.10763130142105681,2.0119737132606033,0.7985358056767378,0,418,game-20131210-144450.json,0,human
102948.38156031453,1.0734117132084044,5833,31.57150205761317,0.0,0.37325947295537915,1.8405221218562835,20.294117647058822,30.861341544908896,0.6312842669003708,0.5785027897115677,0.30495159845289865,0.06137493571061203,0.18902173951134035,1.9627820760835264,0.803906985675489,0,419,game-20131210-144902.json,0,human
110458.19759640258,0.9363149362535975,4589,39.138713195201746,0.0,0.41870463416864145,1.3928446349734387,13.332726652864372,36.667648263849514,0.5737918510290135,0.6046313062817913,0.3339556257629066,0.08193506210503378,0.05178756538326274,1.8329381670680645,0.6997286966723184,0,420,game-20131210-145327.json,0,human
87267.75399112402,1.0037694397036028,4262,40.94765258215963,0.0,0.35402398688584763,1.613523438770208,21.73425355925015,32.88118010331178,0.5992959090074305,0.5853259344847295,0.27053707987309294,0.06170811825434069,-0.05847668568028184,1.9055875459244338,0.7881348470249758,0,421,game-20131210-145744.json,0,human
97557.99371794818,1.0057522473251184,3942,45.41360060898249,0.0,0.3921580612595845,1.8938426177934806,20.767731622605833,46.92554222646581,0.532648086958927,0.6252473953941817,0.20482649018156485,0.07508878741755454,0.2029850136954563,1.9423331548417038,0.7763056742576622,32,422,game-20131210-151143.json,0,human
95125.60473530974,0.9359058922371432,6142,28.4877015800619,0.0,0.3087919455819665,1.5437435722908885,19.643268265888967,25.805820704586672,0.6678366508132129,0.5217872897807599,0.23897930252339097,0.04656463692608271,0.05519243170984161,2.033138709139022,0.8380775672572534,32,423,game-20131210-151650.json,0,human
88651.17615998391,1.1110592273887787,5527,32.44713975380159,0.0,0.2963377524490357,2.0150178104254666,26.416666666666668,29.188656806138546,0.6804819149600138,0.5056462203565409,0.2766224385051135,0.04233761534286231,0.012513506632572632,2.450794305040154,0.8142771240217632,32,424,game-20131210-152203.json,0,human
95587.25914419229,0.8495996047301361,5921,30.197128378378377,0.0,0.3036132694107255,1.1964384348684052,15.74169687194374,22.740056529540087,0.6673837095464427,0.5257142931759932,0.2610550198525241,0.049822665090356356,0.15489870568327252,1.9102330422309202,0.7856492751142712,32,425,game-20131210-152621.json,0,human
51712.67370138304,0.7103721720385259,4703,37.51234042553192,0.0,0.2742465573741156,1.0778417859816585,13.165372464769305,17.895080680157655,0.6855521884549595,0.4999904899072733,0.21545519592575446,0.0346587284711886,0.19384863917500622,1.965816952411688,0.826131148042839,32,426,game-20131210-153113.json,0,human
83585.60707054663,0.8717084232334588,5324,33.59834679691903,0.0,0.2717909087884346,1.5489611007478823,16.213656375451666,27.839488740013223,0.7087074317384792,0.5100589907753523,0.1959033950261008,0.044139744552967694,0.05322670075163407,2.161184288879686,0.8435419041377921,32,427,game-20131210-153534.json,0,human
93894.26064085483,0.8347812134502035,4591,39.0231037489102,0.0,0.2898244719569949,1.2466226366051925,15.118104822549867,30.45738388499704,0.6501373044888845,0.519244622972239,0.24549863102696182,0.05641472446090177,0.16563347578338977,1.9026981887498002,0.8230986522439434,32,428,game-20131210-154054.json,0,human
88964.43251103512,0.8506247542777108,7485,23.933164015505948,0.0,0.27055202377545917,1.3173944110643723,13.905754204644925,20.183724683835027,0.7478337928873536,0.4837843108317449,0.1977842789314661,0.03206412825651302,0.3015401244247338,1.993345257257299,0.7246975972806762,32,429,game-20131210-154517.json,0,human
76749.03600392239,0.7049378258593466,5908,30.215204876396886,0.0,0.28598045349278156,1.1036260759088616,14.37720911762204,20.811525472926007,0.7130428955663018,0.4774036946460227,0.28617923980006976,0.03909952606635071,0.06887820505775448,2.0585170791667773,0.8389148584644331,32,430,game-20131210-155016.json,0,human
102200.91522857567,1.040023881767019,6989,25.47280274835385,0.0,0.2597873737783744,1.6687831888734226,24.75,22.66484196281237,0.7585423203740004,0.4672151501420902,0.20585791441628584,0.03004721705537273,0.19936477317750947,2.512233272136548,0.869253896345239,32,431,game-20131210-155429.json,0,human
56698.38643152815,0.7918704459394695,4741,37.67517940059097,0.0,0.32348283514643644,1.3828710555719121,21.423351745233518,22.062363999758812,0.6051871628457587,0.5268552824709202,0.2945291374377866,0.041974267032271674,-0.18695811409180507,2.2082947124222985,0.7906519422917359,7,432,game-20131211-112802.json,0,human
71790.4788638004,0.8866987925448012,3842,46.26145833333333,0.0,0.3573613580807294,1.3805522625853508,16.806480231677835,28.040868169774868,0.46878796744655316,0.5658749447086268,0.3980772971921406,0.06689224362311297,-0.15427214992060817,2.081484756733963,0.7838413126850963,7,433,game-20131211-113256.json,0,human
99220.02403824485,1.2026395989563516,4339,39.08717712177122,0.0,0.3488028749849772,1.9463001164837372,22.590374056221382,38.799913904727994,0.5604223221343236,0.5472951437290304,0.3691549882059109,0.05807789813321042,-0.13455649688564605,2.0448856706984864,0.80737009010685,7,434,game-20131211-113832.json,0,human
92569.07227615069,1.0290649482063088,5131,34.89101189315656,0.0,0.32036391052431534,1.5943304735563295,18.192549522578958,28.522328697188843,0.598620115365273,0.525210416581727,0.345481496000294,0.0512570648996297,-0.25455596563683014,2.0952909188723567,0.8036108808674547,7,435,game-20131211-114302.json,0,human
94384.28424135628,1.2332072587941476,5430,32.63547614662,0.0,0.3308596791705989,1.996510250304253,19.440096588543504,28.886505385068315,0.6227374448301273,0.5273686456480611,0.3273280354658429,0.048250460405156535,-0.16480599573948343,2.203018810697279,0.8421014555334776,7,436,game-20131211-114819.json,0,human
133919.6119620925,1.237739838723404,5555,32.20111631256752,0.0,0.36014638724519177,2.135636245930654,27.960816444371353,42.5916027759845,0.5625692498601883,0.5552650337440063,0.3526694176202833,0.0612061206120612,-0.06948678360332179,2.2099111188180975,0.7898731557190141,7,437,game-20131211-115238.json,0,human
77938.96377951349,0.9199171127285929,5707,31.308096740273395,0.0,0.3241867635321748,1.3489599482292152,12.096616262409913,20.309949508058054,0.6436751928040473,0.5036309317646217,0.30682823784647884,0.04328018223234624,-0.28987528711566846,2.0316688250677974,0.8045721543137041,7,438,game-20131211-115753.json,0,human
132475.95492744708,1.2645863664763302,6949,25.860103626943005,0.0,0.30598974242642896,2.0935750888579427,30.78778581031836,31.16517030613809,0.6712593289214537,0.47923316581381326,0.38205352578820145,0.044179018563822135,-0.06230335898002601,2.0901601133653465,0.8413193608897194,7,439,game-20131211-120213.json,0,human
133283.02238677043,1.313768569478326,6877,25.951425247236767,0.0,0.3554776261342757,2.272268222405937,32.06243908376279,33.000971525524605,0.6163254376617772,0.5814585101800633,0.2484963234394,0.05467500363530609,0.04348695643807003,2.084969576732661,0.801646416838772,8,440,game-20131211-122826.json,0,human
107597.5933750165,1.0499124594776001,4296,41.834225844004656,0.0,0.3709541536831346,1.7449819743190378,20.238599433495352,41.88496884590217,0.5745172667031637,0.5619806163163988,0.31411900756938604,0.0633147113594041,-0.06640684331792175,1.962782860884667,0.7693539690925371,8,441,game-20131211-123312.json,0,human
101683.53909028939,0.9790703559798786,6282,27.59022137283007,0.0,0.3365884999857621,1.6761748772043987,33.35312745622382,28.51946074833833,0.6176227147838308,0.5537003904476587,0.2877663342597134,0.054441260744985676,-0.06887962555723975,2.1324283819888565,0.7783536866562635,8,442,game-20131211-123817.json,0,human
73565.26148282769,0.8149713402237733,4503,39.78498445135495,0.0,0.3736789258016863,1.5470448991200998,26.65919166066368,30.133378827195127,0.6460195295343473,0.5766662245303875,0.26084898683626684,0.05574061736620031,0.05491461241552574,2.4849926435330256,0.7488276652909573,8,443,game-20131211-124240.json,0,human
111022.1551659834,1.1865674801681685,6254,28.606525911708253,0.0,0.3427574616639386,2.1372119916079253,47.18315377335432,30.428583252139948,0.671487358501409,0.5595080942293552,0.2904361470990585,0.05276622961304765,0.005089165762445648,3.1982372110119655,0.792569370808288,8,444,game-20131211-124731.json,0,human
120974.82460091302,1.1824852183825039,5283,34.01060204468005,0.0,0.3528389434517138,2.0910912016562575,22.039825458700893,39.796203953270236,0.6674956074394789,0.5795111782538374,0.2772548877098626,0.059057353776263484,-0.0004843869865966835,2.2728823575968025,0.7840659877296554,8,445,game-20131211-125148.json,0,human
93126.6553460993,1.111888823517509,5719,31.17089382543292,0.0,0.2878309396469387,1.8426690549494056,24.376282017567814,28.081270011619857,0.7518053400499062,0.46953985481781363,0.3051430926435472,0.030774610945969574,-0.07156228347992648,2.271558947427785,0.8302349851972778,8,446,game-20131211-125639.json,0,human
84348.15926299783,1.0235400232918956,4412,40.61596009975062,0.0,0.3628761830470115,1.9250897677171628,26.320725906496158,34.75014634047838,0.5820348170460923,0.5910315114243989,0.2882762669797977,0.06414324569356301,0.013167703066839266,2.3977069272772957,0.8043351166149488,8,447,game-20131211-130059.json,0,human
88853.15385429056,1.056136967865209,4483,40.09058456046408,0.0,0.3279897071447138,1.7988927397208274,35.51408171415952,35.14687207481991,0.6517608156005787,0.5185609785789416,0.34818607410464414,0.048851215703769796,-0.003124402592119738,2.1900913716925423,0.8117774295288751,8,448,game-20131211-130543.json,0,human
78921.14720990183,0.9478762850489725,5254,33.46268088347296,0.0,0.3278813407039579,1.6059490041665863,18.21652647281292,25.807736290826526,0.688649345961009,0.5563180484249824,0.2584046454767726,0.04815378759040731,-0.06038894734060251,2.108639548848619,0.8130431008245821,8,449,game-20131211-131455.json,0,human
111766.55665968152,1.3085508644270412,4435,39.01668921966622,0.0,0.36191093086513826,2.049511350110653,19.5722421904048,40.71242657335112,0.44155639171297434,0.6478448974540271,0.17282615848900504,0.07440811724915446,-0.12859982967710934,2.2235234362579743,0.7869623618779749,33,450,game-20131211-161454.json,0,human
170958.5068253783,1.6702619794514333,4311,41.6860788863109,0.0,0.36065288370470455,2.545222084355772,26.36842105263158,59.69598097386396,0.49860826370114864,0.654360572822212,0.16348928055119805,0.08095569473440037,-0.041611678794655514,2.02502977747604,0.7594646655331704,33,451,game-20131211-161957.json,0,human
132781.2598976405,1.2578815132119696,5838,30.72960932145305,0.0,0.3619040995544228,2.1061420917864755,26.691405191767462,38.41310130096459,0.5310715055028388,0.606639406958985,0.24551850819215063,0.06680369989722508,-0.07072367816720973,2.0211526774097677,0.8246818451004763,33,452,game-20131211-162453.json,0,human
125852.7633117795,1.2491732231024346,6849,26.176255841121495,0.0,0.3332029526863443,2.2035439087966835,30.337225025078055,32.26914163012979,0.5754753701092746,0.550656025411402,0.2592518311824206,0.05416849175062053,-0.08781237736975009,2.123879443890846,0.837693529033144,33,453,game-20131211-162916.json,0,human
131603.40185413952,1.6428509696539935,4237,41.59990552668871,0.0,0.31843875882653216,2.5711946976811295,31.753936763809303,50.313985968796786,0.58330730319219,0.557259968903092,0.19977001370131142,0.05782393202737786,0.008918305344381618,2.128782000374075,0.8014171930717344,33,454,game-20131211-163445.json,0,human
149142.76821204968,1.6482750485349618,5869,30.23432174505794,0.0,0.28896125411010654,2.3891774306454887,26.88457945077248,38.0993190861235,0.5415159281288985,0.5678805614832582,0.14902147703695395,0.05520531606747316,-0.034517193013390145,1.9403412648681728,0.7945884410272983,33,455,game-20131211-163925.json,0,human
130756.87814849583,1.276542124174119,5307,33.81372549019608,0.0,0.3171192068506784,2.0374713716824955,23.20086205294967,39.38375601234027,0.5351652667024367,0.5533265676082985,0.24566752513084655,0.059355568117580554,-0.07396908673036395,2.088668882253304,0.8102974094800703,33,456,game-20131211-164411.json,0,human
157872.23214730652,1.4887293688749936,4412,40.6092970521542,0.0,0.38843371045448044,2.3799114716621017,27.155072439300792,56.99175335508383,0.4919547638796875,0.6297187207959212,0.20904795062295925,0.07796917497733455,-0.02222233919912124,1.922211130563126,0.7227203465728169,33,457,game-20131211-164854.json,0,human
150077.83471964684,1.480143677062514,6312,28.022817303121535,0.0,0.31240632199281015,2.3260700307670112,25.20811156927248,36.85008183263918,0.5749438005191685,0.5442481343200987,0.2644834056526328,0.05861850443599493,-0.08059193070606335,2.0171280756471743,0.8393492788805602,33,458,game-20131211-165418.json,0,human
136179.46932299042,1.5384832485889688,5103,35.045864366914934,0.0,0.324078920134748,2.382746797049414,27.0625,41.551629629394675,0.5644026099344889,0.5738466530806295,0.2316656875664862,0.055457573976092495,-0.008697767519933062,2.0321952108754724,0.8196867581141336,33,459,game-20131211-165837.json,0,human
109770.64309423487,1.0186927957668284,4431,39.91282746160795,0.0,0.3506517386344809,1.8571741282498837,26.586868379858767,44.65582969895339,0.6086997445460074,0.530773673542786,0.26380215336500634,0.05393816294290228,-0.1048118051139618,2.1237262715954506,0.7365801261328623,41,460,game-20131220-143138.json,0,human
87719.17415843913,1.0782822490734005,3284,53.46024977155041,0.0,0.4099062845001603,2.083997868460951,20.052874322526467,51.70501998522578,0.6198028993628638,0.605766095706471,0.23131720594906754,0.07247259439707673,0.13907666182933515,2.171220289908061,0.6770739645149297,41,461,game-20131220-143604.json,0,human
66271.56207662131,0.9227712052477165,4488,38.589257856028524,0.0,0.3528913177588025,1.8277914351617204,23.314594409939883,28.542503616528947,0.6590892991986624,0.5593683246567609,0.19605368269691645,0.04590017825311943,-0.004853928858009301,2.4277884272058308,0.7484015860562727,41,462,game-20131220-144112.json,0,human
96603.49580639153,1.0044528394262713,5457,32.58386801099908,0.0,0.3219320942251383,1.8111339056912907,24.33415523726088,32.03921953914825,0.6916439950763148,0.5262508630843548,0.20398407258288134,0.04672897196261682,0.00448680198750875,2.0960267358688,0.7648914959639519,41,463,game-20131220-144537.json,0,human
69918.00086052649,1.0161543137820492,4560,38.86529179464677,0.0,0.3016751776071487,2.204638234320413,85.51624277163829,28.86852623335887,0.732036972344797,0.524509228009157,0.2501506167358975,0.039473684210526314,-0.04403539517808888,5.253435551943518,0.8101750754533286,41,464,game-20131220-145022.json,0,human
72771.28002487164,0.7456235294982084,4981,35.84839357429719,0.0,0.381393649160737,1.456279107295237,22.571428571428573,27.770946658711534,0.6509563961290348,0.5747280902120684,0.32735147554217053,0.057016663320618347,0.21719215969527622,2.403988267918385,0.7803734449004408,41,465,game-20131220-145445.json,0,human
81797.7160296684,0.8142486294942175,6647,26.92036730392895,0.0,0.3232027095377528,1.5032233581729666,27.66676172127869,22.792542902650922,0.6739860187791717,0.5335279090607239,0.21604913862417124,0.04332781706032797,0.003983382167331763,2.2299037010093445,0.7996007054000722,41,466,game-20131220-145926.json,0,human
63231.35305988952,0.655842630540551,6038,29.63976801988401,0.0,0.3398746553147662,1.0420061154837603,12.80277747643499,17.022666878032393,0.6842073079202422,0.5461992550924598,0.2757814833687688,0.04339185160649221,0.11620340339578351,2.0046751596928822,0.7818743924911478,41,467,game-20131220-150344.json,0,human
77674.61347048987,0.8089707870942997,5930,30.07724742789678,0.0,0.315585912906334,1.5395327105822951,22.41675960327699,24.746111879557183,0.6868068993223265,0.48785379026484166,0.25431605035626775,0.03642495784148398,-0.007783847295138948,2.257542863346404,0.8147010487743997,41,468,game-20131220-150815.json,0,human
74802.2261872178,0.7436517660644729,4714,37.81922342457034,0.0,0.34830029964205983,1.2582511729201145,12.40042987791249,26.085084624809767,0.5768455784344025,0.5686242818753037,0.24123795263915337,0.05621552821383114,0.035734824830881425,2.130100693039236,0.7694641579227592,41,469,game-20131220-151230.json,0,human
151279.1587983248,1.303036092240212,4071,44.067109144542776,0.0,0.4144008444644742,2.616223324484398,26.55181370338678,78.24347706772869,0.4948521720101668,0.6124691282604926,0.3031368905406601,0.08228936379267993,-0.10711187437254235,2.2079877469149802,0.7302131911319789,35,470,game-20140122-170637.json,0,human
110827.93258479921,0.912389711581337,7123,25.204184805504845,0.0,0.34193562157599355,1.7876353502278042,25.400787389370432,32.32446392599038,0.6653231308132862,0.5237532438673067,0.3348404717820719,0.05376947915204268,-0.20732984479475713,2.215069066733061,0.8086863848660087,35,471,game-20140122-171106.json,0,human
81923.92881089088,0.8412833577481481,5172,34.60858634693483,0.0,0.3634023656985154,2.0893224879066485,37.25385886052611,38.88904511966651,0.6296982203886433,0.5350542240593683,0.38741920722988044,0.05394431554524362,0.19736116166769338,2.62927464919191,0.7843998405203694,35,472,game-20140122-171602.json,0,human
105350.65516696393,1.0111349473542437,5670,31.52346506704305,0.0,0.3544671191590068,2.0960080804384194,25.182036218242676,38.18380230671124,0.6582155640184916,0.584134122610617,0.23264635356375063,0.062081128747795415,-0.040055523024064996,2.4689254524920075,0.8114920455283094,35,473,game-20140122-172019.json,0,human
124403.14386160603,1.0925099163990484,4727,37.36084656084656,0.0,0.36694751352379107,2.229478438201933,24.202115610004014,53.485055029232846,0.6479555385825908,0.5652525137816242,0.2823126528796976,0.06917706790776391,0.013886149234418303,2.4038574679621445,0.7808271490130541,35,474,game-20140122-172814.json,0,human
114159.73195301954,0.9625791478256827,5801,30.486286010005173,0.0,0.3544112932862864,1.6925906614726358,21.48199233109051,35.86045559494496,0.6704306154327067,0.5506709295696558,0.2930586524478914,0.05757627995173246,-0.04837469192337458,2.1310961934144963,0.8125747606660738,35,475,game-20140122-173224.json,0,human
