dx,dy,time,session_id,bot_type,user_id
-7.95216586476792,4.216441741186074,0.0,csgo_stitch_0,stitch,-1
-9.92782293537229,-4.987683516482676,46.87500231375452,csgo_stitch_0,stitch,-1
-4.212685220049735,-7.030246877878255,62.50000308500603,csgo_stitch_0,stitch,-1
-1.6754043781893984,-5.630935310045885,78.12500385625754,csgo_stitch_0,stitch,-1
-0.7109502189512682,-4.564872860570006,93.75000463114702,csgo_stitch_0,stitch,-1
-0.4658569410238442,-3.6055348645892664,109.37500539512256,csgo_stitch_0,stitch,-1
-0.1038938508227431,-2.1659206240649453,125.00000616637408,csgo_stitch_0,stitch,-1
-0.0567482153691401,-1.3236764033045958,140.6250069376256,csgo_stitch_0,stitch,-1
-0.0337641526026857,-0.8423461662594036,156.2500077088771,csgo_stitch_0,stitch,-1
-0.0046837255497109,-0.1203342290012017,171.8750084801286,csgo_stitch_0,stitch,-1
0.0,0.0,187.5000092513801,csgo_stitch_0,stitch,-1
0.0,0.0,203.1250100226316,csgo_stitch_0,stitch,-1
0.0,0.0,218.7500107902451,csgo_stitch_0,stitch,-1
0.0,0.0,234.37501156149665,csgo_stitch_0,stitch,-1
0.0,0.0,250.00001233274816,csgo_stitch_0,stitch,-1
0.0,0.0,265.6250131003617,csgo_stitch_0,stitch,-1
0.0,0.0,281.25001387888915,csgo_stitch_0,stitch,-1
0.0,0.0,296.8750146465027,csgo_stitch_0,stitch,-1
0.0,0.0,312.5000154177542,csgo_stitch_0,stitch,-1
0.0,0.0,328.1250161853677,csgo_stitch_0,stitch,-1
0.0,0.0,343.7500169566192,csgo_stitch_0,stitch,-1
0.0,0.0,359.37501772423275,csgo_stitch_0,stitch,-1
0.0,0.0,375.00001849912223,csgo_stitch_0,stitch,-1
0.0,0.0,390.62501927037374,csgo_stitch_0,stitch,-1
0.0,0.0,406.2500200416253,csgo_stitch_0,stitch,-1
0.0,0.0,421.8750208128768,csgo_stitch_0,stitch,-1
0.0,0.0,437.5000215804903,csgo_stitch_0,stitch,-1
0.0,0.0,453.1250223481038,csgo_stitch_0,stitch,-1
0.0,0.0,468.7500231229933,csgo_stitch_0,stitch,-1
0.0,0.0,484.3750238942448,csgo_stitch_0,stitch,-1
0.0,0.0,500.0000246654963,csgo_stitch_0,stitch,-1
0.1879383243142456,-0.3639037793106539,515.6250254367478,csgo_stitch_0,stitch,-1
0.1904283839585048,-0.2438514933556703,531.2500262079993,csgo_stitch_0,stitch,-1
0.1822382149248653,-0.3644361670557572,546.8750269792508,csgo_stitch_0,stitch,-1
0.1728582354035666,-0.4849492624902609,562.5000277468644,csgo_stitch_0,stitch,-1
0.1692804593430423,-0.4851684337609967,578.1250285181159,csgo_stitch_0,stitch,-1
0.1588001735530326,-0.6056294534541422,593.7500292893674,csgo_stitch_0,stitch,-1
0.1549761887767431,-0.605752719658085,609.3750300606189,csgo_stitch_0,stitch,-1
0.1438795633420113,-0.7261083271033328,625.0000308282324,csgo_stitch_0,stitch,-1
-0.0366172571183085,-0.6011534947728734,640.6250316031219,csgo_stitch_0,stitch,-1
0.1541384204188318,-0.4856996298540821,656.2500323743734,csgo_stitch_0,stitch,-1
-0.0366330600832327,-0.6010702280764733,671.8750331419869,csgo_stitch_0,stitch,-1
-0.0284526571310266,-0.4808782528621194,687.5000339132384,csgo_stitch_0,stitch,-1
-0.0277197200422278,-0.480900240390433,703.12503468449,csgo_stitch_0,stitch,-1
-0.0270110760363309,-0.4809032216930262,718.7500354521035,csgo_stitch_0,stitch,-1
-0.0132467415255632,-0.2404629770401456,734.375036226993,csgo_stitch_0,stitch,-1
-0.0130777694339485,-0.2404566890024213,750.0000369982445,csgo_stitch_0,stitch,-1
-0.006476579218031,-0.120235391042037,765.625037769496,csgo_stitch_0,stitch,-1
-0.0128292673368548,-0.2404626571831798,781.2500385371095,csgo_stitch_0,stitch,-1
-0.006353984085365,-0.1202341059567899,796.875039308361,csgo_stitch_0,stitch,-1
-0.006313959316003,-0.1202336392456686,812.5000400796125,csgo_stitch_0,stitch,-1
-0.178037523636533,-0.1159801530411286,828.125040850864,csgo_stitch_0,stitch,-1
-0.0117004733760097,-0.2405081445120558,843.7500416221155,csgo_stitch_0,stitch,-1
-0.0115534165738893,-0.2405061765302321,859.375042393367,csgo_stitch_0,stitch,-1
0.146230173595228,-0.4851447996266032,875.0000431646185,csgo_stitch_0,stitch,-1
-0.0234905004793688,-0.4809649417869153,890.6250439322321,csgo_stitch_0,stitch,-1
0.1553027592011631,-0.2447375192566312,906.2500447034836,csgo_stitch_0,stitch,-1
-0.0239544421638697,-0.4809115736887221,921.8750454747352,csgo_stitch_0,stitch,-1
0.1530751812437074,-0.2448441476400447,937.5000462459866,csgo_stitch_0,stitch,-1
-0.018325753099333,-0.360640878544487,953.125047017238,csgo_stitch_0,stitch,-1
-0.0239141076001772,-0.4808590565530366,968.7500477884896,csgo_stitch_0,stitch,-1
0.1259833161174697,-0.725684668095127,984.3750485597412,csgo_stitch_0,stitch,-1
-0.0467834589190374,-0.9616088860406506,1000.0000493309926,csgo_stitch_0,stitch,-1
-0.055386429396151,-1.2020639957756956,1015.6250500986062,csgo_stitch_0,stitch,-1
-0.0521594372599167,-1.2021034907689128,1031.2500508698577,csgo_stitch_0,stitch,-1
-0.0443545105354701,-1.081957802461261,1046.8750516411092,csgo_stitch_0,stitch,-1
-0.0328933498204548,-0.8415666401947419,1062.500052412361,csgo_stitch_0,stitch,-1
-0.0446801491904977,-1.2022656224784285,1078.1250531799742,csgo_stitch_0,stitch,-1
0.0858488951982394,-1.686649772548165,1093.7500539548637,csgo_stitch_0,stitch,-1
-0.0601112368048575,-1.8033289052850137,1109.3750547261152,csgo_stitch_0,stitch,-1
0.083699571585555,-1.8065217549711967,1125.0000554937287,csgo_stitch_0,stitch,-1
0.0837179943637806,-1.8062908966163391,1140.6250562649802,csgo_stitch_0,stitch,-1
0.2146567231547465,-1.9292962585163735,1156.2500570362315,csgo_stitch_0,stitch,-1
0.3502721765532612,-1.691678540455985,1171.8750578074832,csgo_stitch_0,stitch,-1
0.6087893063213414,-1.5780100830965047,1187.5000585787348,csgo_stitch_0,stitch,-1
0.8520144561963718,-1.705646666118103,1203.1250593499865,csgo_stitch_0,stitch,-1
0.6170619440168821,-0.739371726419396,1218.7500601212378,csgo_stitch_0,stitch,-1
0.0,0.0,1234.3750608888513,csgo_stitch_0,stitch,-1
0.0,0.0,1250.0000616601028,csgo_stitch_0,stitch,-1
0.0,0.0,1265.6250624313543,csgo_stitch_0,stitch,-1
0.0,0.0,1281.2500632026058,csgo_stitch_0,stitch,-1
0.0,0.0,1296.875063973857,csgo_stitch_0,stitch,-1
0.0,0.0,1312.5000647451088,csgo_stitch_0,stitch,-1
0.0,0.0,1328.1250655163603,csgo_stitch_0,stitch,-1
0.0,0.0,1343.750066283974,csgo_stitch_0,stitch,-1
0.0,0.0,1359.3750670552254,csgo_stitch_0,stitch,-1
0.0,0.0,1375.0000678264769,csgo_stitch_0,stitch,-1
0.0,0.0,1390.6250685977284,csgo_stitch_0,stitch,-1
0.0,0.0,1406.25006936898,csgo_stitch_0,stitch,-1
0.0,0.0,1421.8750701402314,csgo_stitch_0,stitch,-1
0.0,0.0,1437.500070911483,csgo_stitch_0,stitch,-1
0.0,0.0,1453.1250716827344,csgo_stitch_0,stitch,-1
0.0,0.0,1468.750072450348,csgo_stitch_0,stitch,-1
-0.2566009259363966,0.0082653615100625,1484.3750732215997,csgo_stitch_0,stitch,-1
-0.513279812762562,0.0154113619812505,1500.000073992851,csgo_stitch_0,stitch,-1
-0.2603622445935514,-0.1128361480719739,1515.6250747641025,csgo_stitch_0,stitch,-1
-0.135344211028638,-0.2365931367599607,1531.250075535354,csgo_stitch_0,stitch,-1
-0.0069923702449159,-0.2400029389334008,1546.8750763066057,csgo_stitch_0,stitch,-1
-0.0034581188877496,-0.1200019058543766,1562.500077077857,csgo_stitch_0,stitch,-1
-0.0034329584007366,-0.1200065440252977,1578.1250778454703,csgo_stitch_0,stitch,-1
0.0,0.0,1593.750078616722,csgo_stitch_0,stitch,-1
-0.0034069293360232,-0.1200025865574829,1609.3750793879735,csgo_stitch_0,stitch,-1
-0.0133786050706703,-0.4800268681296948,1625.000080159225,csgo_stitch_0,stitch,-1
-0.0129800999920348,-0.4800299938250703,1640.6250809304763,csgo_stitch_0,stitch,-1
-0.1450764484879698,-0.7171928678681851,1656.250081701728,csgo_stitch_0,stitch,-1
-0.0229828158604732,-0.9602487204198732,1671.8750824729796,csgo_stitch_0,stitch,-1
-0.1516122294592321,-1.1978964474244105,1687.500083240593,csgo_stitch_0,stitch,-1
-0.0214786566005216,-1.0805205947099044,1703.1250840154826,csgo_stitch_0,stitch,-1
-0.0259890102165911,-1.4407189413125678,1718.750084783096,csgo_stitch_0,stitch,-1
-0.1423900851159771,-1.1988575291816517,1734.3750855543476,csgo_stitch_0,stitch,-1
-0.0261118786968381,-1.9213935663872128,1750.000086325599,csgo_stitch_0,stitch,-1
-0.0164112796324786,-1.44106241400471,1765.6250870968506,csgo_stitch_0,stitch,-1
-0.0127068269732149,-1.3210067802055487,1781.250087868102,csgo_stitch_0,stitch,-1
-0.007858088129069,-0.960758414635646,1796.8750886393536,csgo_stitch_0,stitch,-1
-0.000901142267935,-0.1200993052752803,1812.5000894069672,csgo_stitch_0,stitch,-1
-0.1210619886982726,0.0008758078209023,1828.125090178219,csgo_stitch_0,stitch,-1
0.0,0.0,1843.7500909494704,csgo_stitch_0,stitch,-1
0.0,0.0,1859.3750917207217,csgo_stitch_0,stitch,-1
0.0,0.0,1875.0000924919732,csgo_stitch_0,stitch,-1
-0.1210627674742568,0.0008487282797728,1890.6250932632247,csgo_stitch_0,stitch,-1
-0.1210632199976657,0.0008216486108194,1906.250094034476,csgo_stitch_0,stitch,-1
-0.1202710455942792,0.1209609036117642,1921.8750948020895,csgo_stitch_0,stitch,-1
-0.2414300653913699,0.1217353667439535,1937.5000955733412,csgo_stitch_0,stitch,-1
-0.1196264601222765,0.2411625016380654,1953.1250963445927,csgo_stitch_0,stitch,-1
-0.1204387942215987,0.1209655059573693,1968.7500971194825,csgo_stitch_0,stitch,-1
-0.1204848324273371,0.1209636792887867,1984.375097887096,csgo_stitch_0,stitch,-1
0.0,0.0,2000.0000986583473,csgo_stitch_0,stitch,-1
0.0,0.0,2015.6250994295988,csgo_stitch_0,stitch,-1
0.0,0.0,2031.2501001972123,csgo_stitch_0,stitch,-1
0.0,0.0,2046.875100968464,csgo_stitch_0,stitch,-1
0.0,0.0,2062.5001017397153,csgo_stitch_0,stitch,-1
0.0,0.0,2078.125102510967,csgo_stitch_0,stitch,-1
0.0,0.0,2093.7501032822183,csgo_stitch_0,stitch,-1
0.0,0.0,2109.37510405347,csgo_stitch_0,stitch,-1
-0.1205324007328272,0.1209577733225204,2125.0001048247213,csgo_stitch_0,stitch,-1
-0.1205819136265518,0.1209529794576571,2140.625105592335,csgo_stitch_0,stitch,-1
-0.1192643728758184,0.3614898964069954,2156.2501063672244,csgo_stitch_0,stitch,-1
-0.1186571662982771,0.4818097569222432,2171.875107134838,csgo_stitch_0,stitch,-1
-0.1180422437192305,0.6021516605705264,2187.5001079060894,csgo_stitch_0,stitch,-1
0.0061412583835931,0.9623174508986434,2203.125108677341,csgo_stitch_0,stitch,-1
0.0086490121714746,1.2028681310929272,2218.7501094485924,csgo_stitch_0,stitch,-1
0.0118318956206167,1.443412573949006,2234.375110219844,csgo_stitch_0,stitch,-1
0.1385337903193999,1.5625209561168545,2250.0001109910954,csgo_stitch_0,stitch,-1
0.1407480722727143,1.4418664473048306,2265.625111758709,csgo_stitch_0,stitch,-1
0.0155075467394851,1.202593206173617,2281.2501125299605,csgo_stitch_0,stitch,-1
0.1376334028541634,0.840155623697207,2296.875113301212,csgo_stitch_0,stitch,-1
0.0,0.0,2312.875113301212,csgo_stitch_0,stitch,-1
0.0,0.0,2328.5001131488534,csgo_stitch_0,stitch,-1
0.0,0.0,2344.125112996291,csgo_stitch_0,stitch,-1
0.0,0.0,2359.750112843729,csgo_stitch_0,stitch,-1
-0.1072709377792193,0.0458820701650779,2375.3751126909337,csgo_stitch_0,stitch,-1
-0.2770774823017632,-0.0383367900563911,2391.000112538575,csgo_stitch_0,stitch,-1
-0.0378662592831346,-0.0356924075207132,2406.62511238578,csgo_stitch_0,stitch,-1
0.6739827704381582,-0.0281481444642395,2422.250112233218,csgo_stitch_0,stitch,-1
0.8663960166073252,-0.0642285135406837,2437.8751120806555,csgo_stitch_0,stitch,-1
0.337478810347676,-0.0453973231783351,2453.5001119278604,csgo_stitch_0,stitch,-1
0.1929345087760907,-0.0345309903113388,2469.125111775298,csgo_stitch_0,stitch,-1
0.0,0.0,2484.750111622736,csgo_stitch_0,stitch,-1
0.0,0.0,2500.3751114701445,csgo_stitch_0,stitch,-1
0.0,0.0,2516.00011131735,csgo_stitch_0,stitch,-1
-0.0500913940824148,0.023308099759447,2531.625111164787,csgo_stitch_0,stitch,-1
-0.1006639194492891,0.0465753974849008,2547.250111011992,csgo_stitch_0,stitch,-1
0.0928707265122739,0.0120546169213611,2562.8751108596625,csgo_stitch_0,stitch,-1
0.0,0.0,2578.5001107068674,csgo_stitch_0,stitch,-1
0.0,0.0,2594.125110554305,csgo_stitch_0,stitch,-1
0.0426874533195302,0.0353287856442108,2609.750110401743,csgo_stitch_0,stitch,-1
0.1867736160585309,0.0239463949761074,2625.3751102493843,csgo_stitch_0,stitch,-1
0.0434792646784671,0.0352779132982163,2641.000110096589,csgo_stitch_0,stitch,-1
-0.050306834832412,0.0233557512858766,2656.625109943794,csgo_stitch_0,stitch,-1
-0.1011105196955668,0.0466989889604292,2672.250109791232,csgo_stitch_0,stitch,-1
-0.1017737706769708,0.0466396982952943,2687.8751096386695,csgo_stitch_0,stitch,-1
-0.1024431716066374,0.0465940654915755,2703.5001094861072,csgo_stitch_0,stitch,-1
-0.0514728698911142,0.0232833480679062,2719.125109333516,csgo_stitch_0,stitch,-1
-0.1464748883835795,0.0111502977078572,2734.7501091807208,csgo_stitch_0,stitch,-1
-0.1989486754309837,0.0342748845126408,2750.3751090281585,csgo_stitch_0,stitch,-1
-0.5370685850112977,0.020092961499003,2766.000108875596,csgo_stitch_0,stitch,-1
-0.6327615299306899,0.0061794122429006,2781.625108722801,csgo_stitch_0,stitch,-1
-1.0617893739654392,-0.0249584887190508,2797.2501085704716,csgo_stitch_0,stitch,-1
-0.9427435564161896,-0.0746688171783063,2812.8751084176765,csgo_stitch_0,stitch,-1
-1.2606976852119942,-0.0980861033236522,2828.5001082651142,csgo_stitch_0,stitch,-1
-0.8586346743141746,-0.1054312530144727,2844.125108112523,csgo_stitch_0,stitch,-1
-1.0793834914940703,-0.1163546238007171,2859.7501079601934,csgo_stitch_0,stitch,-1
-1.584784095205947,-0.2493946484054134,2875.3751078073983,csgo_stitch_0,stitch,-1
-3.3437718891676695,-0.7073366798248486,2891.000107654603,csgo_stitch_0,stitch,-1
-2.894933546172325,-0.7202307863689441,2906.625107502041,csgo_stitch_0,stitch,-1
-2.4571960630231615,-0.5184691598724243,2922.250107349478,csgo_stitch_0,stitch,-1
0.0,0.0,2937.8751071968873,csgo_stitch_0,stitch,-1
0.0,0.0,2953.500107044092,csgo_stitch_0,stitch,-1
0.0,0.0,2969.12510689153,csgo_stitch_0,stitch,-1
0.0,0.0,2984.7501067389676,csgo_stitch_0,stitch,-1
0.0,0.0,3000.3751065864053,csgo_stitch_0,stitch,-1
0.0,0.0,3016.00010643361,csgo_stitch_0,stitch,-1
0.0,0.0,3031.625106280815,csgo_stitch_0,stitch,-1
0.0,0.0,3047.2501061284565,csgo_stitch_0,stitch,-1
0.0,0.0,3062.8751059758943,csgo_stitch_0,stitch,-1
0.0,0.0,3078.500105823332,csgo_stitch_0,stitch,-1
0.0,0.0,3094.125105670537,csgo_stitch_0,stitch,-1
0.0,0.0,3109.7501055182074,csgo_stitch_0,stitch,-1
0.0,0.0,3125.3751053654123,csgo_stitch_0,stitch,-1
0.0,0.0,3141.000105212821,csgo_stitch_0,stitch,-1
0.0,0.0,3156.625105060258,csgo_stitch_0,stitch,-1
-2.101775465699177,-0.6007206215142418,3172.2501049074635,csgo_stitch_0,stitch,-1
-1.9437979416000817,-0.4559920407833999,3187.8751047549013,csgo_stitch_0,stitch,-1
-0.6169876288660419,-0.180925264514471,3203.500104602339,csgo_stitch_0,stitch,-1
-0.4442355935751152,-0.2896034567669119,3219.1251044497767,csgo_stitch_0,stitch,-1
-0.9096287682638716,-0.5660218468646292,3234.7501042972144,csgo_stitch_0,stitch,-1
-1.650191736991843,-0.9214708753959542,3250.3751041444193,csgo_stitch_0,stitch,-1
-1.1486740058458906,-0.6739548225053653,3266.000103991624,csgo_stitch_0,stitch,-1
-0.7639490118210688,-0.5686118401805231,3281.6251038392656,csgo_stitch_0,stitch,-1
-0.8341466777208666,-0.7302429643502961,3297.2501036867034,csgo_stitch_0,stitch,-1
-1.1479977970102766,-0.8587417182547341,3312.8751035339083,csgo_stitch_0,stitch,-1
-1.391636105750365,-1.0886395989142272,3328.500103381346,csgo_stitch_0,stitch,-1
-1.475681456813703,-1.3171150926584403,3344.1251032287837,csgo_stitch_0,stitch,-1
-1.1810026001446658,-1.2184952750420166,3359.7501030761923,csgo_stitch_0,stitch,-1
-1.2606221435058842,-1.529143128685341,3375.375102923397,csgo_stitch_0,stitch,-1
-0.9830523377645192,-1.0898935813518025,3391.000102770835,csgo_stitch_0,stitch,-1
-0.7575773641563615,-0.9339524442025962,3406.6251026182726,csgo_stitch_0,stitch,-1
-0.6873234421981351,-0.915589021766607,3422.2501024657104,csgo_stitch_0,stitch,-1
-0.7188336736079464,-1.0150727898358127,3437.875102313148,csgo_stitch_0,stitch,-1
-0.5958228876303053,-1.0634201777506007,3453.500102160353,csgo_stitch_0,stitch,-1
-0.413878227721824,-1.0138995249291085,3469.1251020077907,csgo_stitch_0,stitch,-1
-0.4715802293945899,-0.997108748896956,3484.7501018551993,csgo_stitch_0,stitch,-1
-0.5149533239491006,-1.120140142084253,3500.375101702637,csgo_stitch_0,stitch,-1
-0.5615570773481124,-1.1872397478276395,3516.0001015500748,csgo_stitch_0,stitch,-1
-0.3382907058033026,-0.7692894909582222,3531.6251013972796,csgo_stitch_0,stitch,-1
-0.3351340285789206,-0.7950730413295517,3547.250101244718,csgo_stitch_0,stitch,-1
-0.2207674809958177,-0.6012566622405302,3562.875101092155,csgo_stitch_0,stitch,-1
-0.0852942685868356,-0.5199457337626114,3578.5001009397965,csgo_stitch_0,stitch,-1
-0.0386824275741446,-0.608839006307619,3594.1251007870014,csgo_stitch_0,stitch,-1
-0.0655245142010585,-0.7628390313846225,3609.7501006342063,csgo_stitch_0,stitch,-1
-0.0770151688349187,-0.8922462060078828,3625.375100481644,csgo_stitch_0,stitch,-1
-0.1221989279655133,-1.0140107493471504,3641.0001003290818,csgo_stitch_0,stitch,-1
-0.1472086211710745,-1.00627830364715,3656.625100176519,csgo_stitch_0,stitch,-1
-0.2071422725326499,-0.991844698319838,3672.250100023928,csgo_stitch_0,stitch,-1
-0.2231979481225039,-0.6697786485575818,3687.875099871133,csgo_stitch_0,stitch,-1
-0.1030805502114446,-0.2703004869901946,3703.5000997185703,csgo_stitch_0,stitch,-1
0.0560416404619843,0.1474454459160341,3719.125099566008,csgo_stitch_0,stitch,-1
-0.0975978928093184,0.5471420476677835,3734.750099413214,csgo_stitch_0,stitch,-1
0.0,0.0,3750.375099260651,csgo_stitch_0,stitch,-1
0.0,0.0,3766.0000991080888,csgo_stitch_0,stitch,-1
0.0,0.0,3781.6250989554974,csgo_stitch_0,stitch,-1
0.0,0.0,3797.250098802935,csgo_stitch_0,stitch,-1
0.0,0.0,3812.87509865014,csgo_stitch_0,stitch,-1
0.0,0.0,3828.5000984978105,csgo_stitch_0,stitch,-1
0.0,0.0,3844.1250983447826,csgo_stitch_0,stitch,-1
0.0,0.0,3859.750098192453,csgo_stitch_0,stitch,-1
0.0,0.0,3875.375098039891,csgo_stitch_0,stitch,-1
-0.3227371624074351,-0.545528852733753,3891.000097887096,csgo_stitch_0,stitch,-1
-0.6818358961052979,-1.2693748258119228,3906.625097734504,csgo_stitch_0,stitch,-1
-0.4001470681467367,-0.6375799286475683,3922.250097581942,csgo_stitch_0,stitch,-1
-0.6128688466374967,-1.3620244976877274,3937.87509742938,csgo_stitch_0,stitch,-1
-0.8096447465669314,-2.219106566751485,3953.5000972768175,csgo_stitch_0,stitch,-1
-0.7944418415550842,-2.3523181852533668,3969.1250971240224,csgo_stitch_0,stitch,-1
-0.5968565339830434,-2.0965063435724787,3984.75009697146,csgo_stitch_0,stitch,-1
-0.2546153175050563,-1.4177082491306905,4000.3750968188688,csgo_stitch_0,stitch,-1
-0.0330363477112882,-1.6791298019905303,4016.0000966663065,csgo_stitch_0,stitch,-1
-0.0426046745165535,-1.2869753724586452,4031.625096513744,csgo_stitch_0,stitch,-1
-0.0793184655708501,-1.3836475766263625,4047.250096360949,csgo_stitch_0,stitch,-1
-0.1031004102864869,-1.2244620231979615,4062.87509620862,csgo_stitch_0,stitch,-1
-0.019639386518321,-0.9244278660918432,4078.500096055592,csgo_stitch_0,stitch,-1
0.0791884494466046,-0.677910695938909,4094.1250959032623,csgo_stitch_0,stitch,-1
0.1017304708957453,-0.3201598432798356,4109.750095750671,csgo_stitch_0,stitch,-1
0.2644406807520454,-0.4157854444564464,4125.375095597876,csgo_stitch_0,stitch,-1
0.2635381445990106,-0.4153153399387612,4141.0000954453135,csgo_stitch_0,stitch,-1
0.2411171985423834,-0.3611079501554073,4156.625095292751,csgo_stitch_0,stitch,-1
0.2118033396627368,-0.357321354713811,4172.250095140189,csgo_stitch_0,stitch,-1
0.1647968746219135,-0.2748415528009573,4187.875094987394,csgo_stitch_0,stitch,-1
0.1715771042344158,-0.2244091252408644,4203.5000948348315,csgo_stitch_0,stitch,-1
0.2460909449272037,-0.3095680954516027,4219.12509468224,csgo_stitch_0,stitch,-1
0.2100728226854187,-0.3559000678722626,4234.750094529678,csgo_stitch_0,stitch,-1
0.1530635448665407,-0.3487396964598765,4250.375094376883,csgo_stitch_0,stitch,-1
0.1495578461287152,-0.3732700813850123,4266.0000942243205,csgo_stitch_0,stitch,-1
0.1044844583838084,-0.494295559486126,4281.625094071758,csgo_stitch_0,stitch,-1
0.0375394583612092,-0.3592159027531671,4297.250093919196,csgo_stitch_0,stitch,-1
-0.0296595914147133,-0.2246437451620018,4312.875093766605,csgo_stitch_0,stitch,-1
-0.0324990157948548,-0.2496402618956139,4328.500093613606,csgo_stitch_0,stitch,-1
-0.0415401560831014,-0.3246067569824191,4344.125093461247,csgo_stitch_0,stitch,-1
-0.0592760589937029,-0.4745684825714917,4359.750093308685,csgo_stitch_0,stitch,-1
-0.0724835933535246,-0.5997052068574682,4375.375093156123,csgo_stitch_0,stitch,-1
-0.0010392848749063,-0.7334090936218445,4391.000093003764,csgo_stitch_0,stitch,-1
-0.0033335297294172,-0.7830700528926364,4406.625092850765,csgo_stitch_0,stitch,-1
-0.0297795469199115,-0.8051638262441649,4422.250092698174,csgo_stitch_0,stitch,-1
-0.0926256415377793,-0.9251489101582138,4437.875092545612,csgo_stitch_0,stitch,-1
-0.184204471020962,-1.0940196750738949,4453.500092393049,csgo_stitch_0,stitch,-1
-0.2193851062350802,-0.966210639321945,4469.125092240487,csgo_stitch_0,stitch,-1
-0.1274040018043649,-0.5706715243627194,4484.750092087692,csgo_stitch_0,stitch,-1
-0.1061559751061054,-0.3203146149593419,4500.37509193513,csgo_stitch_0,stitch,-1
0.1417537437268095,0.0002949706148354,4516.37509193513,csgo_stitch_0,stitch,-1
0.1701061339749401,0.0003639135750628,4532.000091294845,csgo_stitch_0,stitch,-1
0.1701049754313999,0.0003748022753637,4547.625090654561,csgo_stitch_0,stitch,-1
0.3118599105976329,0.0007155627287449,4563.250089985173,csgo_stitch_0,stitch,-1
0.3967077205628584,0.0854319945424351,4578.875089315785,csgo_stitch_0,stitch,-1
0.3399363285588208,0.1133591516337497,4594.500088675501,csgo_stitch_0,stitch,-1
0.1699107769714771,0.0847587836929913,4610.125087977009,csgo_stitch_0,stitch,-1
-0.0001135675986745,0.0562520715686408,4625.750087336724,csgo_stitch_0,stitch,-1
-0.0001068918096223,0.0562518915834465,4641.375086667336,csgo_stitch_0,stitch,-1
-0.0284465641931319,0.0562035182217359,4657.000085997948,csgo_stitch_0,stitch,-1
-0.0568705866842833,0.1124282525030617,4672.625085299456,csgo_stitch_0,stitch,-1
-0.0852197493246365,0.1405588269607182,4688.250084659172,csgo_stitch_0,stitch,-1
-0.056778489327371,0.0843550582052605,4703.875083989784,csgo_stitch_0,stitch,-1
-0.0567401697467175,0.0562325231651558,4719.5000833495,csgo_stitch_0,stitch,-1
-2.193266101357949e-05,0.0281430855470667,4735.1250826801115,csgo_stitch_0,stitch,-1
0.0,0.0,4750.750082010723,csgo_stitch_0,stitch,-1
-2.0717669002578987e-05,0.028143088948673,4766.375081341335,csgo_stitch_0,stitch,-1
-0.0283810806022586,0.0562695190703094,4782.000080671947,csgo_stitch_0,stitch,-1
-0.0284059293596214,0.1407155230853048,4797.625080031663,csgo_stitch_0,stitch,-1
-0.0283614849180082,0.1970282125489615,4813.250079391379,csgo_stitch_0,stitch,-1
-0.0565093788175659,0.3659740561538571,4828.875078692887,csgo_stitch_0,stitch,-1
-0.055940551595313,0.5349856193797553,4844.500078023499,csgo_stitch_0,stitch,-1
-0.0271078873025487,0.5068652055781465,4860.1250773541105,csgo_stitch_0,stitch,-1
-0.0264871416789844,0.5350790288152616,4875.750076713826,csgo_stitch_0,stitch,-1
0.001609217613236,0.3660480718743619,4891.375076015334,csgo_stitch_0,stitch,-1
0.0011246547818757,0.2252598195168484,4907.00007537505,csgo_stitch_0,stitch,-1
0.0006013898593835,0.112630006374971,4922.625074705662,csgo_stitch_0,stitch,-1
0.0285289209185179,0.0280013323536874,4938.250074036274,csgo_stitch_0,stitch,-1
0.0,0.0,4953.87507339599,csgo_stitch_0,stitch,-1
0.0,0.0,4969.500072755705,csgo_stitch_0,stitch,-1
0.0,0.0,4985.125072057213,csgo_stitch_0,stitch,-1
0.0279144927542063,-0.0846195133102187,5000.750071387825,csgo_stitch_0,stitch,-1
0.0553012030869695,-0.2818161321297228,5016.375070718437,csgo_stitch_0,stitch,-1
-0.0017504357595043,-0.3941146687919195,5032.000070078153,csgo_stitch_0,stitch,-1
0.0273012606801614,-0.2816096787890356,5047.625069379661,csgo_stitch_0,stitch,-1
0.0271421037090533,-0.3941698433595713,5063.250068739377,csgo_stitch_0,stitch,-1
0.0277370476193539,-0.2533930867031646,5078.875068069989,csgo_stitch_0,stitch,-1
0.0280124898530971,-0.1689292882117659,5094.500067371497,csgo_stitch_0,stitch,-1
-0.0001459430756369,-0.0844340888568194,5110.125066731212,csgo_stitch_0,stitch,-1
0.0,0.0,5125.750066090928,csgo_stitch_0,stitch,-1
0.0,0.0,5141.37506542154,csgo_stitch_0,stitch,-1
0.0,0.0,5157.000064752152,csgo_stitch_0,stitch,-1
0.0,0.0,5172.625064082764,csgo_stitch_0,stitch,-1
0.0,0.0,5188.250063413376,csgo_stitch_0,stitch,-1
0.0,0.0,5203.8750627730915,csgo_stitch_0,stitch,-1
4.683686611883786e-05,0.028144697622199,5219.500062103703,csgo_stitch_0,stitch,-1
0.0,0.0,5235.125061434315,csgo_stitch_0,stitch,-1
0.0,0.0,5250.750060735823,csgo_stitch_0,stitch,-1
0.0,0.0,5266.375060095539,csgo_stitch_0,stitch,-1
0.0,0.0,5282.000059426151,csgo_stitch_0,stitch,-1
0.0,0.0,5297.625058785867,csgo_stitch_0,stitch,-1
0.0,0.0,5313.250058116479,csgo_stitch_0,stitch,-1
0.0,0.0,5328.875057476194,csgo_stitch_0,stitch,-1
0.0,0.0,5344.500056777702,csgo_stitch_0,stitch,-1
0.0,0.0,5360.125056108314,csgo_stitch_0,stitch,-1
0.0,0.0,5375.75005546803,csgo_stitch_0,stitch,-1
0.0,0.0,5391.375054769538,csgo_stitch_0,stitch,-1
0.0,0.0,5407.000054158358,csgo_stitch_0,stitch,-1
0.0,0.0,5422.625053459866,csgo_stitch_0,stitch,-1
0.0,0.0,5438.250052790478,csgo_stitch_0,stitch,-1
0.0,0.0,5453.875052150193,csgo_stitch_0,stitch,-1
0.0,0.0,5469.500051480805,csgo_stitch_0,stitch,-1
0.0,0.0,5485.125050811417,csgo_stitch_0,stitch,-1
0.0,0.0,5500.750050142029,csgo_stitch_0,stitch,-1
0.0,0.0,5516.375049472641,csgo_stitch_0,stitch,-1
0.0,0.0,5532.000048832357,csgo_stitch_0,stitch,-1
0.0,0.0,5547.625048192072,csgo_stitch_0,stitch,-1
0.0,0.0,5563.2500474935805,csgo_stitch_0,stitch,-1
0.0,0.0,5578.875046824192,csgo_stitch_0,stitch,-1
0.0,0.0,5594.500046154804,csgo_stitch_0,stitch,-1
0.0,0.0,5610.125045485416,csgo_stitch_0,stitch,-1
0.0,0.0,5625.750044816028,csgo_stitch_0,stitch,-1
0.0,0.0,5641.375044175744,csgo_stitch_0,stitch,-1
0.0,0.0,5657.000043506356,csgo_stitch_0,stitch,-1
0.0,0.0,5672.625042836968,csgo_stitch_0,stitch,-1
0.0,0.0,5688.250042196683,csgo_stitch_0,stitch,-1
0.0,0.0,5703.875041556399,csgo_stitch_0,stitch,-1
0.0,0.0,5719.500040857907,csgo_stitch_0,stitch,-1
0.0,0.0,5735.125040188519,csgo_stitch_0,stitch,-1
0.0,0.0,5750.750039548235,csgo_stitch_0,stitch,-1
0.0,0.0,5766.375038849743,csgo_stitch_0,stitch,-1
0.0,0.0,5782.000038209459,csgo_stitch_0,stitch,-1
0.0,0.0,5797.6250375400705,csgo_stitch_0,stitch,-1
0.0,0.0,5813.250036870682,csgo_stitch_0,stitch,-1
0.0282544554302148,-0.0563343294776411,5828.87503617219,csgo_stitch_0,stitch,-1
-0.0002027689324393,-0.1407151941715093,5844.500035531906,csgo_stitch_0,stitch,-1
0.028156240856731,-0.1688851783274649,5860.125034891622,csgo_stitch_0,stitch,-1
-0.0001720370187854,-0.2532727738477213,5875.750034222234,csgo_stitch_0,stitch,-1
0.0283109975248692,-0.2814091782516236,5891.375033552846,csgo_stitch_0,stitch,-1
0.0001560453535489,-0.3095371341809632,5907.000032883458,csgo_stitch_0,stitch,-1
0.0004912788397462,-0.3939560771667702,5922.6250322140695,csgo_stitch_0,stitch,-1
0.0006811071712888,-0.3376762403480201,5938.250031544681,csgo_stitch_0,stitch,-1
0.0005877608043647,-0.2251170598470457,5953.875030904397,csgo_stitch_0,stitch,-1
0.0003341346976526,-0.1125583963535865,5969.500030235009,csgo_stitch_0,stitch,-1
0.0,0.0,5985.125029536517,csgo_stitch_0,stitch,-1
0.0,0.0,6000.750028896233,csgo_stitch_0,stitch,-1
-0.0002532948005296,0.0844188731908721,6016.375028226845,csgo_stitch_0,stitch,-1
-0.0285119615558926,0.0562001470206863,6032.0000275865605,csgo_stitch_0,stitch,-1
-0.0002272981370197,0.0844240744774642,6047.625026917172,csgo_stitch_0,stitch,-1
-0.0002115381132341,0.0844238499921361,6063.250026276888,csgo_stitch_0,stitch,-1
0.0,0.0,6079.250026276888,csgo_stitch_0,stitch,-1
0.0,0.0,6094.875026058609,csgo_stitch_0,stitch,-1
0.0,0.0,6110.500025840331,csgo_stitch_0,stitch,-1
0.0,0.0,6126.125025592948,csgo_stitch_0,stitch,-1
0.0,0.0,6141.750025374669,csgo_stitch_0,stitch,-1
0.0,0.0,6157.375025141839,csgo_stitch_0,stitch,-1
0.0,0.0,6173.000024909008,csgo_stitch_0,stitch,-1
0.0,0.0,6188.625024676177,csgo_stitch_0,stitch,-1
0.0,0.0,6204.250024457899,csgo_stitch_0,stitch,-1
-0.0647540744336936,0.0498018281616339,6219.87502423962,csgo_stitch_0,stitch,-1
-0.7074212277762228,0.4407002219998759,6235.500023992237,csgo_stitch_0,stitch,-1
-0.7385581874574427,0.5556399760532855,6251.125023773959,csgo_stitch_0,stitch,-1
-0.4525525589517372,0.4115774889683479,6266.75002355568,csgo_stitch_0,stitch,-1
-0.2659614368405414,0.2971894051548673,6282.375023322849,csgo_stitch_0,stitch,-1
-0.3355241551535926,0.3467938693551673,6298.000023075467,csgo_stitch_0,stitch,-1
-0.3455079546094168,0.3373834073079678,6313.62502287174,csgo_stitch_0,stitch,-1
-0.2198662913909856,0.2551700796550875,6329.250022638909,csgo_stitch_0,stitch,-1
0.0665553432728529,0.0834742108256421,6344.875022391527,csgo_stitch_0,stitch,-1
0.003862335757276,-0.0086729815532322,6360.500022202352,csgo_stitch_0,stitch,-1
0.0,0.0,6376.125021954969,csgo_stitch_0,stitch,-1
0.0,0.0,6391.7500217366905,csgo_stitch_0,stitch,-1
0.0,0.0,6407.375021518412,csgo_stitch_0,stitch,-1
0.0,0.0,6423.000021271029,csgo_stitch_0,stitch,-1
0.0,0.0,6438.6250210527505,csgo_stitch_0,stitch,-1
0.0,0.0,6454.25002081992,csgo_stitch_0,stitch,-1
0.0,0.0,6469.875020601641,csgo_stitch_0,stitch,-1
0.0,0.0,6485.500020354259,csgo_stitch_0,stitch,-1
0.0,0.0,6501.12502013598,csgo_stitch_0,stitch,-1
0.0,0.0,6516.750019917701,csgo_stitch_0,stitch,-1
0.0,0.0,6532.375019670319,csgo_stitch_0,stitch,-1
0.0,0.0,6548.00001945204,csgo_stitch_0,stitch,-1
-0.1555273032929562,0.0007559070776608,6563.625019233761,csgo_stitch_0,stitch,-1
-0.2209555306667994,0.0330900569511811,6579.2500190009305,csgo_stitch_0,stitch,-1
-0.1590860640808671,0.0719114822551603,6594.875018753548,csgo_stitch_0,stitch,-1
-0.0504088477984794,0.0596441670243024,6610.500018549821,csgo_stitch_0,stitch,-1
-0.074749538690412,0.1827103612369143,6626.1250183169905,csgo_stitch_0,stitch,-1
-0.1575708603410248,0.5245916374288839,6641.750018069608,csgo_stitch_0,stitch,-1
-0.0964970522872761,0.8378145428388422,6657.375017880433,csgo_stitch_0,stitch,-1
-0.1393679212805807,1.5885684293521365,6673.00001763305,csgo_stitch_0,stitch,-1
-0.2332277271809175,1.6973173907662726,6688.62501740022,csgo_stitch_0,stitch,-1
-0.4696249331840079,2.1340350368068357,6704.250017196493,csgo_stitch_0,stitch,-1
-0.5224321116113799,2.2173539339180692,6719.87501694911,csgo_stitch_0,stitch,-1
-0.4004749683284103,1.71002297710956,6735.500016730832,csgo_stitch_0,stitch,-1
-0.4723727437077514,2.014563351652882,6751.125016498001,csgo_stitch_0,stitch,-1
-0.2331119108687573,1.2849899463464638,6766.750016279722,csgo_stitch_0,stitch,-1
-0.0876377840558007,0.5953074884179372,6782.37501603234,csgo_stitch_0,stitch,-1
0.0661516871243179,-0.0320948352963057,6798.000015814061,csgo_stitch_0,stitch,-1
0.2111800860956805,-0.3775828199193967,6813.625015595782,csgo_stitch_0,stitch,-1
0.3054994575603018,-0.7341119241742717,6829.250015362952,csgo_stitch_0,stitch,-1
0.3612547693955719,-0.8808087142720424,6844.875015130121,csgo_stitch_0,stitch,-1
0.3312467338963927,-0.7143939099853682,6860.500014911842,csgo_stitch_0,stitch,-1
0.2335833863945424,-0.4989136409991062,6876.125014679012,csgo_stitch_0,stitch,-1
0.139888230233339,-0.1862151407374526,6891.750014431629,csgo_stitch_0,stitch,-1
0.0018776835317169,0.0707652614805312,6907.375014242454,csgo_stitch_0,stitch,-1
-0.0677391542257623,0.2433679572210252,6923.000013995072,csgo_stitch_0,stitch,-1
-0.1375893506944976,0.5130938982006441,6938.625013762241,csgo_stitch_0,stitch,-1
-0.1561098861664618,0.8032784025493669,6954.250013558514,csgo_stitch_0,stitch,-1
-0.1575582265128048,0.7677215086045877,6969.875013311132,csgo_stitch_0,stitch,-1
-0.1273778996783221,0.7251670359906015,6985.500013078301,csgo_stitch_0,stitch,-1
-0.1601887299910629,0.9613550596952152,7001.125012860022,csgo_stitch_0,stitch,-1
-0.1350513351115978,0.9537049831508924,7016.7500126417435,csgo_stitch_0,stitch,-1
-0.0916492896750469,0.7090584013986998,7032.375012394361,csgo_stitch_0,stitch,-1
-0.083399923622494,0.5772127929482025,7048.000012176082,csgo_stitch_0,stitch,-1
-0.1517553174391537,0.3708783596677705,7063.625011943252,csgo_stitch_0,stitch,-1
-0.1893170699768802,0.1399501994971714,7079.250011710421,csgo_stitch_0,stitch,-1
-0.2321790844046631,0.0412370517024669,7094.875011492142,csgo_stitch_0,stitch,-1
-0.326096916162129,0.0020730139992508,7110.500011259312,csgo_stitch_0,stitch,-1
-0.4042516966615892,0.0700500555745051,7126.125011041033,csgo_stitch_0,stitch,-1
-0.4670715335998068,0.1482211878329877,7141.75001079365,csgo_stitch_0,stitch,-1
-0.4570477349746227,0.2296729801409398,7157.375010575372,csgo_stitch_0,stitch,-1
-0.4128320744901543,0.2591805632795569,7173.000010357093,csgo_stitch_0,stitch,-1
-0.2542691946422906,0.2387575018386698,7188.62501010971,csgo_stitch_0,stitch,-1
-0.1247758215902763,0.1988776787580448,7204.250009920535,csgo_stitch_0,stitch,-1
-0.0343242222838,0.2983091255700074,7219.875009673153,csgo_stitch_0,stitch,-1
-0.0066137833105983,0.2990924064101605,7235.500009440322,csgo_stitch_0,stitch,-1
0.0035354021828766,0.1497382101005442,7251.125009236595,csgo_stitch_0,stitch,-1
-0.0141444578862888,0.0084061667331809,7266.750008989213,csgo_stitch_0,stitch,-1
-0.0395068034189307,-0.0187093398078772,7282.375008756382,csgo_stitch_0,stitch,-1
-0.055384742194974,0.0160811878257334,7298.000008538103,csgo_stitch_0,stitch,-1
-0.0993155085844819,0.0677567246667081,7313.625008319825,csgo_stitch_0,stitch,-1
-0.1416929416033951,0.1019569935035988,7329.250008072442,csgo_stitch_0,stitch,-1
-0.1656055278181156,0.0575519151796299,7344.875007854163,csgo_stitch_0,stitch,-1
-0.1759351382839327,0.0047544133076087,7360.500007635885,csgo_stitch_0,stitch,-1
-0.1846844292615799,-0.0919788018202609,7376.125007403054,csgo_stitch_0,stitch,-1
-0.1694185613694401,-0.1441847365023036,7391.750007155672,csgo_stitch_0,stitch,-1
-0.1825315419230833,-0.1793680957554642,7407.375006937393,csgo_stitch_0,stitch,-1
-0.0878480459041952,-0.1863289530091734,7423.000006719114,csgo_stitch_0,stitch,-1
-0.0086874202651188,-0.1233436485364762,7438.6250064717315,csgo_stitch_0,stitch,-1
0.1118859418100726,-0.0508942018163267,7454.250006253453,csgo_stitch_0,stitch,-1
0.204490922847043,0.0302019298339075,7469.875006035174,csgo_stitch_0,stitch,-1
0.1714870089364524,0.135471448704159,7485.500005802343,csgo_stitch_0,stitch,-1
0.0977934849987036,0.2221221640939248,7501.125005598617,csgo_stitch_0,stitch,-1
0.0080855461041835,0.1057860148651101,7516.750005351234,csgo_stitch_0,stitch,-1
0.0383959408871135,0.0448778556167255,7532.375005118403,csgo_stitch_0,stitch,-1
0.1084925183083953,0.002460591050486,7548.000004900125,csgo_stitch_0,stitch,-1
0.1501816878516706,-0.014036310371317,7563.625004681846,csgo_stitch_0,stitch,-1
0.1643765045434406,-0.022281712129633,7579.250004434463,csgo_stitch_0,stitch,-1
0.0955350771087921,-0.0062920271785316,7594.875004216185,csgo_stitch_0,stitch,-1
0.0542781020596692,0.0014652059097244,7610.500003997906,csgo_stitch_0,stitch,-1
0.1745787135415639,0.0312973168162002,7626.125003750523,csgo_stitch_0,stitch,-1
0.3626891550685798,0.0549775980395281,7641.750003532245,csgo_stitch_0,stitch,-1
0.3241843598534899,0.0195826940127332,7657.375003299414,csgo_stitch_0,stitch,-1
0.3270380208699635,-0.0146311235504299,7673.000003081135,csgo_stitch_0,stitch,-1
0.1217859002807983,0.0046333685075055,7688.625002833753,csgo_stitch_0,stitch,-1
0.0238345301825688,0.0361552061785914,7704.250002615474,csgo_stitch_0,stitch,-1
0.0643307754137936,0.0377428695354922,7719.875002397195,csgo_stitch_0,stitch,-1
0.3549826115167889,0.1113289725893835,7735.500002149813,csgo_stitch_0,stitch,-1
0.616234832956053,0.1774943659983137,7751.125001931534,csgo_stitch_0,stitch,-1
0.6252093958165403,0.1813306635853138,7766.750001713255,csgo_stitch_0,stitch,-1
0.6763018834427896,0.1701744409524366,7782.375001480424,csgo_stitch_0,stitch,-1
0.4129453835909658,0.113326504815312,7798.000001233042,csgo_stitch_0,stitch,-1
0.3767206964916738,0.1652802383543843,7813.625001029315,csgo_stitch_0,stitch,-1
0.2307639747855603,0.1476866167491763,7829.2500007964845,csgo_stitch_0,stitch,-1
0.1900705439481953,0.1452855422979126,7844.875000578206,csgo_stitch_0,stitch,-1
0.0775864360533091,-0.2077535927448792,7860.875000578206,csgo_stitch_0,stitch,-1
-0.1140586154087941,-0.1619810239304229,7876.500000047061,csgo_stitch_0,stitch,-1
0.1037663509561355,-0.1672356257156337,7892.124999501364,csgo_stitch_0,stitch,-1
-0.0556262469648629,-0.0809868350365548,7907.749998970219,csgo_stitch_0,stitch,-1
-0.0548050684821532,-0.0809864141353955,7923.374998424522,csgo_stitch_0,stitch,-1
0.0,0.0,7938.999997893377,csgo_stitch_0,stitch,-1
0.0,0.0,7954.624997354957,csgo_stitch_0,stitch,-1
0.0,0.0,7970.249996816536,csgo_stitch_0,stitch,-1
0.0,0.0,7985.874996285391,csgo_stitch_0,stitch,-1
0.0,0.0,8001.49999574697,csgo_stitch_0,stitch,-1
0.0,0.0,8017.124995208549,csgo_stitch_0,stitch,-1
0.0,0.0,8032.749994670128,csgo_stitch_0,stitch,-1
0.0,0.0,8048.374994131707,csgo_stitch_0,stitch,-1
0.0,0.0,8063.9999935932865,csgo_stitch_0,stitch,-1
0.0,0.0,8079.624993062142,csgo_stitch_0,stitch,-1
0.0,0.0,8095.249992523721,csgo_stitch_0,stitch,-1
0.0,0.0,8110.8749919853,csgo_stitch_0,stitch,-1
0.0,0.0,8126.499991446879,csgo_stitch_0,stitch,-1
0.0,0.0,8142.124990908458,csgo_stitch_0,stitch,-1
0.0,0.0,8157.749990370037,csgo_stitch_0,stitch,-1
0.0,0.0,8173.374989838892,csgo_stitch_0,stitch,-1
0.0,0.0,8188.999989300472,csgo_stitch_0,stitch,-1
0.0,0.0,8204.62498876205,csgo_stitch_0,stitch,-1
0.0,0.0,8220.24998822363,csgo_stitch_0,stitch,-1
0.0,0.0,8235.874987685209,csgo_stitch_0,stitch,-1
0.0,0.0,8251.499987146788,csgo_stitch_0,stitch,-1
0.0,0.0,8267.124986615643,csgo_stitch_0,stitch,-1
0.0,0.0,8282.749986077222,csgo_stitch_0,stitch,-1
0.0,0.0,8298.374985538801,csgo_stitch_0,stitch,-1
0.1556682972292833,-0.0862594084367742,8313.99998500038,csgo_stitch_0,stitch,-1
0.2483802787588729,-0.2536636823810028,8329.62498446196,csgo_stitch_0,stitch,-1
0.381214849904552,-0.3403811629843005,8345.249983930815,csgo_stitch_0,stitch,-1
0.0294270524550768,-0.5369477089891461,8360.874983392394,csgo_stitch_0,stitch,-1
0.365129837728773,-0.5891009057596222,8376.499982853973,csgo_stitch_0,stitch,-1
-0.0128738371599013,-0.57728201549034,8392.124982315552,csgo_stitch_0,stitch,-1
0.0568725239437526,-0.7447546758888137,8407.749981777131,csgo_stitch_0,stitch,-1
0.1389203091090962,-0.8718164203047536,8423.37498123871,csgo_stitch_0,stitch,-1
-0.1900754755539537,-0.9001005556983017,8438.999980707566,csgo_stitch_0,stitch,-1
0.0321977717289314,-0.7849168890127629,8454.624980169145,csgo_stitch_0,stitch,-1
0.1602787790161812,-1.079293701053274,8470.249979630724,csgo_stitch_0,stitch,-1
0.1641899694164408,-1.038853617077251,8485.874979092303,csgo_stitch_0,stitch,-1
0.1969649837364784,-1.206183504917803,8501.499978553882,csgo_stitch_0,stitch,-1
0.0385174480452121,-1.8167819636881577,8517.124978015461,csgo_stitch_0,stitch,-1
0.015953512480678,-1.60864584250929,8532.749977484316,csgo_stitch_0,stitch,-1
-0.0900529481835974,-1.9307174065382355,8548.374976945895,csgo_stitch_0,stitch,-1
-0.0552464902136193,-2.178015285734787,8563.999976407475,csgo_stitch_0,stitch,-1
-0.0265252001478017,-1.8490348404876968,8579.624975869054,csgo_stitch_0,stitch,-1
0.0031603274320559,-1.4799179818180337,8595.249975330633,csgo_stitch_0,stitch,-1
0.2013339456634355,-1.3292682245048226,8610.874974799488,csgo_stitch_0,stitch,-1
0.1672631506076527,-0.8340874333880919,8626.499974261067,csgo_stitch_0,stitch,-1
0.4516418321175024,-0.8570224361452787,8642.124973722646,csgo_stitch_0,stitch,-1
0.5301963164176868,-0.4961890429205624,8657.749973184225,csgo_stitch_0,stitch,-1
0.5028324925140737,-0.291004381479091,8673.374972645805,csgo_stitch_0,stitch,-1
0.3192451304736892,-0.1527302997981934,8688.999972107384,csgo_stitch_0,stitch,-1
0.1880961358528168,-0.1000034554843694,8704.624971576239,csgo_stitch_0,stitch,-1
0.0702611615882915,-0.0066971908601871,8720.249971037818,csgo_stitch_0,stitch,-1
0.0819666661568021,0.0332621751565014,8735.874970499397,csgo_stitch_0,stitch,-1
0.4026281187188942,0.3721766532739607,8751.499969960976,csgo_stitch_0,stitch,-1
0.568086306216486,0.849026905671117,8767.124969422555,csgo_stitch_0,stitch,-1
0.7263125754510611,1.6167019926998378,8782.749968884134,csgo_stitch_0,stitch,-1
0.9646669583270296,2.547345158668719,8798.37496835299,csgo_stitch_0,stitch,-1
0.5902287103547792,1.9734900246061928,8813.999967814569,csgo_stitch_0,stitch,-1
0.5287675019988853,2.531275675838593,8829.624967276148,csgo_stitch_0,stitch,-1
0.591826733624714,2.4116312989648208,8845.249966737727,csgo_stitch_0,stitch,-1
0.9515333166133076,2.347871682852144,8860.874966199306,csgo_stitch_0,stitch,-1
1.1326565886817548,1.83864651104372,8876.499965660885,csgo_stitch_0,stitch,-1
1.038202507373228,1.3924760188756693,8892.12496512974,csgo_stitch_0,stitch,-1
1.2514012084897956,1.0381840018775108,8907.74996459132,csgo_stitch_0,stitch,-1
0.7686789267388008,0.5730121733891309,8923.374964052899,csgo_stitch_0,stitch,-1
0.1607151558980035,0.1142473349484873,8938.999963514478,csgo_stitch_0,stitch,-1
0.0,0.0,8954.624962976057,csgo_stitch_0,stitch,-1
0.0,0.0,8970.249962444912,csgo_stitch_0,stitch,-1
0.0,0.0,8985.874961906491,csgo_stitch_0,stitch,-1
0.0,0.0,9001.49996136807,csgo_stitch_0,stitch,-1
0.0,0.0,9017.12496082965,csgo_stitch_0,stitch,-1
0.0,0.0,9032.749960291228,csgo_stitch_0,stitch,-1
0.0,0.0,9048.374959752808,csgo_stitch_0,stitch,-1
0.0,0.0,9063.999959221665,csgo_stitch_0,stitch,-1
0.0,0.0,9079.624958683242,csgo_stitch_0,stitch,-1
-0.1074115553000183,-0.0761611312829444,9095.24995814482,csgo_stitch_0,stitch,-1
-0.2638877852267853,-0.1906229765032918,9110.8749576064,csgo_stitch_0,stitch,-1
-1.3525659504901455,-0.4300138320083846,9126.49995706798,csgo_stitch_0,stitch,-1
-1.368117050821354,-0.516128627411689,9142.124956529558,csgo_stitch_0,stitch,-1
-0.6055915770579361,-0.286859182841809,9157.749955998412,csgo_stitch_0,stitch,-1
0.0,0.0,9173.374955459993,csgo_stitch_0,stitch,-1
0.0,0.0,9188.999954921572,csgo_stitch_0,stitch,-1
0.0,0.0,9204.62495438315,csgo_stitch_0,stitch,-1
0.0,0.0,9220.24995384473,csgo_stitch_0,stitch,-1
0.1230168293817257,0.1167686166481445,9235.874953313583,csgo_stitch_0,stitch,-1
1.1061205251773174,0.5836927606264197,9251.499952775164,csgo_stitch_0,stitch,-1
2.826001201887806,1.503518394716636,9267.124952236743,csgo_stitch_0,stitch,-1
5.282597496862195,2.212445298800787,9282.749951698324,csgo_stitch_0,stitch,-1
5.8372714800432846,1.6737201680733025,9298.374951167178,csgo_stitch_0,stitch,-1
8.366458988539904,1.613096403913218,9313.99995062148,csgo_stitch_0,stitch,-1
7.807096691430047,1.0132102130618676,9329.624950090336,csgo_stitch_0,stitch,-1
2.8287291534590793,0.2241811297917451,9345.24994954464,csgo_stitch_0,stitch,-1
0.0,0.0,9360.874949013494,csgo_stitch_0,stitch,-1
0.0,0.0,9376.499948475072,csgo_stitch_0,stitch,-1
1.242967325689193,-0.0218982774125322,9392.124947936652,csgo_stitch_0,stitch,-1
3.0338865263025525,-0.0992635412974607,9407.749947398232,csgo_stitch_0,stitch,-1
0.0,0.0,9423.749947398232,csgo_stitch_0,stitch,-1
0.1686579768116871,-0.071661549556893,9439.374948998942,csgo_stitch_0,stitch,-1
0.170974777643778,-0.0715768439946913,9454.999950599651,csgo_stitch_0,stitch,-1
0.3491093513403598,-0.1428697497917852,9470.62495217126,csgo_stitch_0,stitch,-1
-0.0581892769420449,-0.1733092924269073,9486.24995377197,csgo_stitch_0,stitch,-1
0.2443416294016742,-0.193670776774141,9501.87495537268,csgo_stitch_0,stitch,-1
-0.2438067113355941,-0.1020122053859466,9517.499956973392,csgo_stitch_0,stitch,-1
0.0,0.0,9533.124958574102,csgo_stitch_0,stitch,-1
0.0,0.0,9548.749960174811,csgo_stitch_0,stitch,-1
-0.1238781808829685,-0.0509182355701938,9564.374961775524,csgo_stitch_0,stitch,-1
-0.8235231359465729,-0.1821327560569443,9579.999963376236,csgo_stitch_0,stitch,-1
-2.688817515064443,-0.4110486878018662,9595.624964976943,csgo_stitch_0,stitch,-1
-3.810311133826815,-0.5071473980189296,9611.249966577656,csgo_stitch_0,stitch,-1
-6.46264485648166,-0.7947827995041905,9626.874968178368,csgo_stitch_0,stitch,-1
-9.461072521142796,-0.8718796241852687,9642.499969779075,csgo_stitch_0,stitch,-1
-9.97238559249925,-0.6384304875943627,9658.124971379788,csgo_stitch_0,stitch,-1
-15.334635410662427,-0.6044389264251038,9673.7499729805,csgo_stitch_0,stitch,-1
-12.19418362940948,-0.1559153658128593,9689.37497458121,csgo_stitch_0,stitch,-1
-14.135854446684988,0.0565754857589411,9704.99997618192,csgo_stitch_0,stitch,-1
-14.090052654163458,0.4062187283752365,9720.62497778263,csgo_stitch_0,stitch,-1
-11.495893413340925,0.62642326651536,9736.24997938334,csgo_stitch_0,stitch,-1
-8.125689119815434,0.6489917144100872,9751.874980984052,csgo_stitch_0,stitch,-1
-8.81904484458127,0.9415344821297112,9767.49998257021,csgo_stitch_0,stitch,-1
-4.5378385374176275,0.6690687501530448,9783.12498417092,csgo_stitch_0,stitch,-1
-4.444286917422204,0.6586519282157326,9798.749985771632,csgo_stitch_0,stitch,-1
-2.664732826979815,0.4421067116218609,9814.374987372345,csgo_stitch_0,stitch,-1
-1.879327253540282,0.264747895068254,9829.999988973052,csgo_stitch_0,stitch,-1
-1.109883722701312,0.149201704095077,9845.624990573764,csgo_stitch_0,stitch,-1
-0.9512658538818356,0.1029588208572107,9861.249992174477,csgo_stitch_0,stitch,-1
-0.7749047412466439,0.1780048175127575,9876.874993775184,csgo_stitch_0,stitch,-1
-1.2021469085294143,0.3823380446752225,9892.499995361344,csgo_stitch_0,stitch,-1
-1.8132035534856925,0.745489913774307,9908.124996962057,csgo_stitch_0,stitch,-1
-2.079923347583957,0.8940618014659378,9923.749998577316,csgo_stitch_0,stitch,-1
-2.9770420406211713,1.6843157018254686,9939.375000178028,csgo_stitch_0,stitch,-1
-1.9474184225936997,1.740126632018942,9955.00000177874,csgo_stitch_0,stitch,-1
-1.033427109424764,1.2838357064836714,9970.62500337945,csgo_stitch_0,stitch,-1
0.4382620671963479,0.4227903636223118,9986.25000498016,csgo_stitch_0,stitch,-1
0.6141829407776811,-0.0695724113921301,10001.87500658087,csgo_stitch_0,stitch,-1
0.0,0.0,10017.500008181582,csgo_stitch_0,stitch,-1
0.0,0.0,10033.125009753188,csgo_stitch_0,stitch,-1
0.0,0.0,10048.7500113539,csgo_stitch_0,stitch,-1
0.0,0.0,10064.37501295461,csgo_stitch_0,stitch,-1
0.0,0.0,10080.00001455532,csgo_stitch_0,stitch,-1
0.0,0.0,10095.625016156033,csgo_stitch_0,stitch,-1
0.0,0.0,10111.250017756742,csgo_stitch_0,stitch,-1
0.0,0.0,10126.875019357452,csgo_stitch_0,stitch,-1
0.0,0.0,10142.500020958165,csgo_stitch_0,stitch,-1
0.0,0.0,10158.125022558874,csgo_stitch_0,stitch,-1
0.0,0.0,10173.75002413048,csgo_stitch_0,stitch,-1
0.0,0.0,10189.375025731191,csgo_stitch_0,stitch,-1
-0.965033657029636,0.551499438420521,10205.000027331902,csgo_stitch_0,stitch,-1
-1.6934301653797943,1.2891327456700026,10220.625028932613,csgo_stitch_0,stitch,-1
-1.2018392746669804,1.3761555132843313,10236.250030533323,csgo_stitch_0,stitch,-1
-0.7084639460668427,1.6260840093697908,10251.875032134034,csgo_stitch_0,stitch,-1
-0.4026092054314745,2.5839826079761963,10267.500033734745,csgo_stitch_0,stitch,-1
-0.4324162763971628,2.5772842785903904,10283.125035335455,csgo_stitch_0,stitch,-1
-0.4697019239218605,2.6260713244152427,10298.750036936166,csgo_stitch_0,stitch,-1
-0.5085297155563637,2.7306136850160527,10314.375038536877,csgo_stitch_0,stitch,-1
-0.572644577480105,3.054937709766193,10330.000040137587,csgo_stitch_0,stitch,-1
-0.3962482010795725,1.906082139140274,10345.625041738298,csgo_stitch_0,stitch,-1
-0.4494065967304266,1.9580247777499693,10361.250043339009,csgo_stitch_0,stitch,-1
-0.6119549884273567,1.5651641676013526,10376.87504493972,csgo_stitch_0,stitch,-1
-0.802856243963646,1.4494335275968808,10392.50004654043,csgo_stitch_0,stitch,-1
-0.7129743333330225,0.8526547134751539,10408.12504814114,csgo_stitch_0,stitch,-1
-0.5948928887728471,0.585470631557115,10423.750049741851,csgo_stitch_0,stitch,-1
-0.2519208061878828,0.2676234499058125,10439.375051342562,csgo_stitch_0,stitch,-1
-0.2437250349830435,0.1583988523132404,10455.000052943273,csgo_stitch_0,stitch,-1
-0.0865107751037612,0.1627657290735413,10470.625054543983,csgo_stitch_0,stitch,-1
-0.0886743983871554,0.2177657847351568,10486.250056130142,csgo_stitch_0,stitch,-1
-0.0981925222323809,0.4376307158561516,10501.875057730853,csgo_stitch_0,stitch,-1
-0.1037862219249916,0.6025759270665745,10517.500059331564,csgo_stitch_0,stitch,-1
-0.1877709223649049,0.8758357454390193,10533.125060932274,csgo_stitch_0,stitch,-1
-0.3283902429578802,0.818538097479518,10548.750062532985,csgo_stitch_0,stitch,-1
-0.4742048313180191,1.1473429179501125,10564.375064133696,csgo_stitch_0,stitch,-1
-0.6062277227696313,1.533122316490946,10580.000065734406,csgo_stitch_0,stitch,-1
-0.4364318333718415,1.0970500897774826,10595.625067320563,csgo_stitch_0,stitch,-1
-0.0749550645741976,0.7146409188442604,10611.250068921276,csgo_stitch_0,stitch,-1
0.2029079207161146,0.6059875398757697,10626.875070521986,csgo_stitch_0,stitch,-1
0.1892818137349365,1.5411879582901662,10642.500072122695,csgo_stitch_0,stitch,-1
-0.0190194469165589,1.8147954038084393,10658.125073723408,csgo_stitch_0,stitch,-1
-0.0080969990574146,0.8248840306392253,10673.750075324118,csgo_stitch_0,stitch,-1
-0.006754653302778,0.7149201066366473,10689.37507693938,csgo_stitch_0,stitch,-1
0.1207471101225792,0.8808093421955512,10705.000078540092,csgo_stitch_0,stitch,-1
0.2415573362281975,1.2668846815573396,10720.625080140802,csgo_stitch_0,stitch,-1
0.2987800640311491,1.2678209636787017,10736.25008171241,csgo_stitch_0,stitch,-1
0.29594910153466,1.0483040553805445,10751.87508331312,csgo_stitch_0,stitch,-1
0.4107983472805756,1.2153906296856825,10767.50008491383,csgo_stitch_0,stitch,-1
0.5768427383304129,1.603853161910532,10783.12508651454,csgo_stitch_0,stitch,-1
0.6254737324798896,1.5511185338569575,10798.750088115252,csgo_stitch_0,stitch,-1
0.6073520853700813,1.7712886613465173,10814.375089715964,csgo_stitch_0,stitch,-1
0.4227020735846452,1.711856715434756,10830.000091316671,csgo_stitch_0,stitch,-1
0.2425443510886111,1.761547565205202,10845.625092917384,csgo_stitch_0,stitch,-1
0.0783319902172081,1.4278294034757408,10861.250094518096,csgo_stitch_0,stitch,-1
0.0256366888868342,1.3166599510628458,10876.875096104251,csgo_stitch_0,stitch,-1
0.0313256508516417,1.1520836282882598,10892.500097690412,csgo_stitch_0,stitch,-1
0.0340345407931863,1.0971689061473686,10908.125099291125,csgo_stitch_0,stitch,-1
0.0355111940251049,1.0970159041005625,10923.750100891832,csgo_stitch_0,stitch,-1
0.0379265254100573,1.0420731588297922,10939.375102492544,csgo_stitch_0,stitch,-1
0.0401262603498366,0.9871487009657738,10955.000104093257,csgo_stitch_0,stitch,-1
0.0993682382393217,0.8234219336244273,10970.625105693964,csgo_stitch_0,stitch,-1
0.0415368709059578,1.0415827985096993,10986.250107294676,csgo_stitch_0,stitch,-1
0.1009496321929361,0.8229533723884286,11001.87510890994,csgo_stitch_0,stitch,-1
-0.0079021874348939,0.7120440302133186,11017.500110496096,csgo_stitch_0,stitch,-1
-0.1714275623760954,0.5461535739849817,11033.125112096808,csgo_stitch_0,stitch,-1
-0.168326259183118,0.2724684519207079,11048.75011369752,csgo_stitch_0,stitch,-1
-0.0013926076291284,0.1643842098084418,11064.37511529823,csgo_stitch_0,stitch,-1
-0.0004542779796281,0.0547947516356392,11080.00011689894,csgo_stitch_0,stitch,-1
0.0,0.0,11096.00011689894,csgo_stitch_0,stitch,-1
0.0414849218171866,0.0539705389809341,11111.625115574716,csgo_stitch_0,stitch,-1
0.3056120639104449,0.0975414076551288,11127.250114250492,csgo_stitch_0,stitch,-1
0.0432559689458571,0.0539245902905491,11142.87511294082,csgo_stitch_0,stitch,-1
0.4018315456528114,0.2047665330209014,11158.500111616597,csgo_stitch_0,stitch,-1
0.1854150472535707,0.2152846770031828,11174.12511029237,csgo_stitch_0,stitch,-1
0.3739182248968404,0.1500044749109008,11189.750108968146,csgo_stitch_0,stitch,-1
0.0,0.0,11205.375107658474,csgo_stitch_0,stitch,-1
0.0,0.0,11221.00010633425,csgo_stitch_0,stitch,-1
0.0,0.0,11236.625105010024,csgo_stitch_0,stitch,-1
0.0,0.0,11252.250103700351,csgo_stitch_0,stitch,-1
-0.0489034583139016,-0.0537443795726204,11267.875102376129,csgo_stitch_0,stitch,-1
0.2296903888995984,-0.011510918413208,11283.500101051904,csgo_stitch_0,stitch,-1
-0.0983302587202104,-0.1073935038393187,11299.12509972768,csgo_stitch_0,stitch,-1
0.1782131665046904,-0.0653167420051659,11314.750098418008,csgo_stitch_0,stitch,-1
0.1765705856009845,-0.0654003005723922,11330.375097093784,csgo_stitch_0,stitch,-1
-0.0494546470530679,-0.0536447166350626,11346.00009576956,csgo_stitch_0,stitch,-1
0.0,0.0,11361.625094459889,csgo_stitch_0,stitch,-1
0.0,0.0,11377.250093135664,csgo_stitch_0,stitch,-1
-0.3209205949961529,-0.0957085307935727,11392.875091811438,csgo_stitch_0,stitch,-1
-0.6289047260268319,-0.1926862845163128,11408.500090501766,csgo_stitch_0,stitch,-1
-1.049482301859797,-0.1740335650039526,11424.125089177542,csgo_stitch_0,stitch,-1
-0.9164561123456564,-0.3502637160518276,11439.750087853316,csgo_stitch_0,stitch,-1
-0.8419454136461582,-0.299462111872927,11455.375086529091,csgo_stitch_0,stitch,-1
-0.6894941987796415,-0.4734184231491412,11471.00008521942,csgo_stitch_0,stitch,-1
-0.3428229384410031,-0.2647551396109548,11486.625083895196,csgo_stitch_0,stitch,-1
-0.2108872835590034,-0.4358643534845754,11502.250082570972,csgo_stitch_0,stitch,-1
-0.1752618205428291,-0.3815649082206249,11517.8750812613,csgo_stitch_0,stitch,-1
-0.2820489824857191,-0.654469936341755,11533.500079937075,csgo_stitch_0,stitch,-1
0.0739215904708032,-0.7225547997557982,11549.125078612851,csgo_stitch_0,stitch,-1
-0.0600912851274699,-0.606729044106487,11564.750077288629,csgo_stitch_0,stitch,-1
-0.0755837363680598,-0.6612928035956998,11580.375075978956,csgo_stitch_0,stitch,-1
-0.1935744692948446,-0.5457480322808834,11596.00007465473,csgo_stitch_0,stitch,-1
-0.1291067627666393,-0.3821666071423948,11611.625073330506,csgo_stitch_0,stitch,-1
-0.0180350042750774,-0.0545977490138227,11627.250072020834,csgo_stitch_0,stitch,-1
0.0,0.0,11642.87507069661,csgo_stitch_0,stitch,-1
0.0,0.0,11658.500069372383,csgo_stitch_0,stitch,-1
0.0,0.0,11674.12506804816,csgo_stitch_0,stitch,-1
0.0,0.0,11689.750066738488,csgo_stitch_0,stitch,-1
0.0361698687980833,0.1092009939757474,11705.375065414264,csgo_stitch_0,stitch,-1
0.0735648356735225,0.2183785023055549,11721.00006409004,csgo_stitch_0,stitch,-1
0.0943197327104883,0.2729246688727471,11736.625062780367,csgo_stitch_0,stitch,-1
0.1767364064259879,0.491119829097201,11752.250061456143,csgo_stitch_0,stitch,-1
0.123083311968088,0.3273094069568998,11767.87506013192,csgo_stitch_0,stitch,-1
0.1711029237065702,0.4362694852469246,11783.500058807696,csgo_stitch_0,stitch,-1
0.0440848139005254,0.1090345816696469,11799.125057498022,csgo_stitch_0,stitch,-1
0.0446257500108515,0.1090255036953919,11814.750056173798,csgo_stitch_0,stitch,-1
0.0,0.0,11830.375054849574,csgo_stitch_0,stitch,-1
0.0,0.0,11846.0000535399,csgo_stitch_0,stitch,-1
0.0,0.0,11861.625052215675,csgo_stitch_0,stitch,-1
0.0,0.0,11877.250050891453,csgo_stitch_0,stitch,-1
0.0,0.0,11892.87504958178,csgo_stitch_0,stitch,-1
0.0,0.0,11908.500048257556,csgo_stitch_0,stitch,-1
0.0,0.0,11924.125046933332,csgo_stitch_0,stitch,-1
0.0,0.0,11939.750045609107,csgo_stitch_0,stitch,-1
0.0,0.0,11955.375044299435,csgo_stitch_0,stitch,-1
0.0,0.0,11971.00004297521,csgo_stitch_0,stitch,-1
0.0,0.0,11986.625041650988,csgo_stitch_0,stitch,-1
0.0,0.0,12002.250040341314,csgo_stitch_0,stitch,-1
0.0,0.0,12017.87503901709,csgo_stitch_0,stitch,-1
0.0,0.0,12033.500037692866,csgo_stitch_0,stitch,-1
0.0,0.0,12049.12503636864,csgo_stitch_0,stitch,-1
0.0,0.0,12064.750035058967,csgo_stitch_0,stitch,-1
0.0,0.0,12080.375033734745,csgo_stitch_0,stitch,-1
0.0,0.0,12096.00003241052,csgo_stitch_0,stitch,-1
0.0,0.0,12111.625031100848,csgo_stitch_0,stitch,-1
0.0,0.0,12127.250029776624,csgo_stitch_0,stitch,-1
0.0,0.0,12142.8750284524,csgo_stitch_0,stitch,-1
0.0,0.0,12158.500027128175,csgo_stitch_0,stitch,-1
0.0,0.0,12174.125025818505,csgo_stitch_0,stitch,-1
-0.022382105340938,-0.0545137050095974,12189.750024479728,csgo_stitch_0,stitch,-1
0.0,0.0,12205.375023170054,csgo_stitch_0,stitch,-1
-0.0222436446699134,-0.0545117986857945,12221.000021860382,csgo_stitch_0,stitch,-1
-0.0221100693223377,-0.0545099580245533,12236.625020536158,csgo_stitch_0,stitch,-1
-0.043815809427798,-0.1090510847691632,12252.250019211931,csgo_stitch_0,stitch,-1
-0.0432883101387915,-0.1090531345126351,12267.875017887707,csgo_stitch_0,stitch,-1
-0.0427703414507902,-0.1090663463338472,12283.500016578037,csgo_stitch_0,stitch,-1
-0.0422608653870781,-0.1090725634945357,12299.12501523926,csgo_stitch_0,stitch,-1
-0.062454974033244,-0.1636360015496762,12314.750013929588,csgo_stitch_0,stitch,-1
0.1064050806518253,-0.1703405654324967,12330.375012619916,csgo_stitch_0,stitch,-1
0.0838914511420227,-0.2249082424199855,12346.000011295691,csgo_stitch_0,stitch,-1
-0.1020056999608129,-0.2726556546691085,12361.625009971469,csgo_stitch_0,stitch,-1
0.0622815440002852,-0.2794001702322504,12377.250008661797,csgo_stitch_0,stitch,-1
0.0410222961123167,-0.3339375701080342,12392.87500733757,csgo_stitch_0,stitch,-1
0.1567281912714122,-0.4498068805849158,12408.500005998794,csgo_stitch_0,stitch,-1
-0.0206023500971923,-0.4974419239828762,12424.125004689122,csgo_stitch_0,stitch,-1
0.2586476113627043,-0.5657987029097455,12439.75000337945,csgo_stitch_0,stitch,-1
0.1091928984166088,-0.1160455451555435,12455.375002040671,csgo_stitch_0,stitch,-1
0.0,0.0,12471.000000716447,csgo_stitch_0,stitch,-1
0.0,0.0,12486.624999421329,csgo_stitch_0,stitch,-1
0.0,0.0,12502.249998097104,csgo_stitch_0,stitch,-1
0.0,0.0,12517.874996758328,csgo_stitch_0,stitch,-1
0.0,0.0,12533.499995448656,csgo_stitch_0,stitch,-1
0.1472156577219721,-0.0072307581422421,12549.124994138983,csgo_stitch_0,stitch,-1
0.1471238601028233,-0.0073552654999673,12564.74999281476,csgo_stitch_0,stitch,-1
0.2939579979549194,-0.0150912973358998,12580.374991475985,csgo_stitch_0,stitch,-1
0.4838080949148491,0.0850032521593675,12595.999990180862,csgo_stitch_0,stitch,-1
0.6115233528493604,0.0207248487646154,12611.624988856638,csgo_stitch_0,stitch,-1
0.0,0.0,12627.249987517862,csgo_stitch_0,stitch,-1
0.0,0.0,12642.87498620819,csgo_stitch_0,stitch,-1
0.0,0.0,12658.499984898515,csgo_stitch_0,stitch,-1
0.0,0.0,12674.12498355974,csgo_stitch_0,stitch,-1
0.0,0.0,12689.749982235517,csgo_stitch_0,stitch,-1
0.0,0.0,12705.374980940396,csgo_stitch_0,stitch,-1
0.0,0.0,12720.999979616172,csgo_stitch_0,stitch,-1
0.0,0.0,12736.624978277396,csgo_stitch_0,stitch,-1
0.0,0.0,12752.249976953171,csgo_stitch_0,stitch,-1
0.0,0.0,12767.874975658053,csgo_stitch_0,stitch,-1
0.0,0.0,12783.499974319277,csgo_stitch_0,stitch,-1
0.0,0.0,12799.12497299505,csgo_stitch_0,stitch,-1
0.0,0.0,12814.74997169993,csgo_stitch_0,stitch,-1
0.0,0.0,12830.374970375706,csgo_stitch_0,stitch,-1
0.8679411101855692,0.5593166394539537,12845.99996903693,csgo_stitch_0,stitch,-1
1.7442595793423266,0.6085608240638862,12861.624967712703,csgo_stitch_0,stitch,-1
1.4134617293975964,-0.0513987394715655,12877.249966417585,csgo_stitch_0,stitch,-1
1.0362048515901563,-0.8200657117668868,12892.874965078809,csgo_stitch_0,stitch,-1
0.2257592044946079,-1.0358272450923494,12908.499963754584,csgo_stitch_0,stitch,-1
-0.3205121596666913,-1.2087082410828884,12924.124962459464,csgo_stitch_0,stitch,-1
-0.7407833150710985,-1.5579192701272433,12939.74996113524,csgo_stitch_0,stitch,-1
-0.6178880612008868,-1.2293364003817828,12955.374959796463,csgo_stitch_0,stitch,-1
-0.5837879986806627,-1.2859697604963998,12970.99995847224,csgo_stitch_0,stitch,-1
-0.4873139356728302,-1.1812958181046511,12986.62495717712,csgo_stitch_0,stitch,-1
-0.3088694140034818,-0.80665339234573,13002.249955838342,csgo_stitch_0,stitch,-1
-0.2536798016751902,-0.6998231776494279,13017.874954514118,csgo_stitch_0,stitch,-1
-0.2051700324105922,-0.5926508120638729,13033.499953189894,csgo_stitch_0,stitch,-1
-0.2305263611768282,-0.3680911074745836,13049.124951894772,csgo_stitch_0,stitch,-1
-0.1047634775942754,-0.3237007350013599,13064.749950555995,csgo_stitch_0,stitch,-1
-0.0685816615907697,-0.2158673449041899,13080.374949231771,csgo_stitch_0,stitch,-1
-0.0843462691950378,-0.2698969999952183,13095.999947936652,csgo_stitch_0,stitch,-1
-0.1480629781539733,-0.4860230925124611,13111.624946597876,csgo_stitch_0,stitch,-1
-0.1434090486617094,-0.4862503555522508,13127.249945273652,csgo_stitch_0,stitch,-1
-0.0865208711279024,-0.6571292957658557,13142.874943934876,csgo_stitch_0,stitch,-1
-0.1929287433000865,-0.7029492770785595,13158.499942639755,csgo_stitch_0,stitch,-1
-0.4950697495987128,-0.7879319492164427,13174.124941315533,csgo_stitch_0,stitch,-1
-0.5422079892744307,-0.6746471722519516,13189.749939991309,csgo_stitch_0,stitch,-1
-0.4890963742370502,-0.514622429102495,13205.374938696186,csgo_stitch_0,stitch,-1
-0.6896496646330945,-0.6675066747260416,13220.99993735741,csgo_stitch_0,stitch,-1
-0.6582130726430648,-0.6176448714864335,13236.624936033186,csgo_stitch_0,stitch,-1
-0.7603197155750081,-0.8351203569382477,13252.24993469441,csgo_stitch_0,stitch,-1
-0.5369044526451319,-0.6859269845483951,13267.87493339929,csgo_stitch_0,stitch,-1
-0.5401125852296218,-0.8530183740178785,13283.499932075065,csgo_stitch_0,stitch,-1
-0.4480104672271636,-0.969387450641662,13299.12493075084,csgo_stitch_0,stitch,-1
-0.3527187497860211,-1.0298534601411615,13314.749929412064,csgo_stitch_0,stitch,-1
0.0,0.0,13330.749929412064,csgo_stitch_0,stitch,-1
-0.1363399007678367,-0.1055284951203034,13346.374930023245,csgo_stitch_0,stitch,-1
-0.1734188926640456,0.8419814939612351,13361.999930634423,csgo_stitch_0,stitch,-1
0.0626598980452399,1.924136148502072,13377.62493127471,csgo_stitch_0,stitch,-1
0.2235582548824197,2.422170431298319,13393.24993188589,csgo_stitch_0,stitch,-1
0.4815345280745191,2.5941478328853975,13408.87493249707,csgo_stitch_0,stitch,-1
0.6861378329863896,2.903858961548636,13424.49993310825,csgo_stitch_0,stitch,-1
1.002631386869524,3.863806155169442,13440.124933719431,csgo_stitch_0,stitch,-1
1.7559529286083375,5.016078123016257,13455.749934359716,csgo_stitch_0,stitch,-1
3.147800027571691,6.223059797433393,13471.374934970896,csgo_stitch_0,stitch,-1
7.852036536943331,7.692246354037493,13486.999935582076,csgo_stitch_0,stitch,-1
15.404024041475909,-4.727058041249762,13533.874937444722,csgo_stitch_0,stitch,-1
2.52032747641195,-0.5325972362121263,13549.499938055902,csgo_stitch_0,stitch,-1
-0.1581944706917397,0.6661287302167267,13565.124938667082,csgo_stitch_0,stitch,-1
0.0,0.0,13580.749939278265,csgo_stitch_0,stitch,-1
0.0,0.0,13596.374939889443,csgo_stitch_0,stitch,-1
0.0,0.0,13611.999940529728,csgo_stitch_0,stitch,-1
-7.264582736494788,3.4716986963477865,13627.624941140908,csgo_stitch_0,stitch,-1
-8.757076164485653,-8.38533886483026,13674.499942945346,csgo_stitch_0,stitch,-1
-3.069099231186641,-11.248861460894323,13690.12494358563,csgo_stitch_0,stitch,-1
-1.1369995359442555,-10.994594732203332,13705.749944225914,csgo_stitch_0,stitch,-1
-0.4255039032957484,-8.228797887870016,13721.374944837096,csgo_stitch_0,stitch,-1
-0.1314775245558621,-5.447487448242924,13736.999945448277,csgo_stitch_0,stitch,-1
0.5249482804613876,-2.799134841312238,13752.624946059455,csgo_stitch_0,stitch,-1
0.6645703979928328,-0.4424340898942276,13768.24994669974,csgo_stitch_0,stitch,-1
0.2939491685663995,0.2750124769778352,13783.87494731092,csgo_stitch_0,stitch,-1
0.0,0.0,13799.4999479221,csgo_stitch_0,stitch,-1
0.0,0.0,13815.12494853328,csgo_stitch_0,stitch,-1
0.0,0.0,13830.74994914446,csgo_stitch_0,stitch,-1
0.0,0.0,13846.374949784746,csgo_stitch_0,stitch,-1
0.0,0.0,13861.999950395926,csgo_stitch_0,stitch,-1
0.0,0.0,13877.624951007108,csgo_stitch_0,stitch,-1
0.0,0.0,13893.249951618289,csgo_stitch_0,stitch,-1
0.0031008037626918,0.0614229867543727,13908.874952229467,csgo_stitch_0,stitch,-1
0.0963162178675816,-1.9955114338762383,13924.499952869752,csgo_stitch_0,stitch,-1
0.099628202965988,-3.555956952298601,13940.124953480932,csgo_stitch_0,stitch,-1
0.011222885655286,-5.1042696640108645,13955.749954092113,csgo_stitch_0,stitch,-1
0.019418708227846,-5.732285619064104,13971.374954703291,csgo_stitch_0,stitch,-1
0.1174654422797232,-5.6625720740446805,13986.999955314472,csgo_stitch_0,stitch,-1
0.1727242411726877,-5.514206331090083,14002.624955954758,csgo_stitch_0,stitch,-1
0.1758922581483659,-4.643797968423021,14018.249956565938,csgo_stitch_0,stitch,-1
0.0337598966970915,-2.5778855479026084,14033.87495717712,csgo_stitch_0,stitch,-1
-0.0994212920792847,-0.9131028754092144,14049.4999577883,csgo_stitch_0,stitch,-1
-0.1928475843151034,0.2760452126733829,14065.12495839948,csgo_stitch_0,stitch,-1
-0.0231437132175926,0.0460336103721281,14080.749959039764,csgo_stitch_0,stitch,-1
0.0,0.0,14096.374959650944,csgo_stitch_0,stitch,-1
0.0,0.0,14111.999960262125,csgo_stitch_0,stitch,-1
0.0,0.0,14127.624960873303,csgo_stitch_0,stitch,-1
0.0,0.0,14143.249961484486,csgo_stitch_0,stitch,-1
0.0,0.0,14158.87496212477,csgo_stitch_0,stitch,-1
0.0,0.0,14174.49996273595,csgo_stitch_0,stitch,-1
-0.0002812969871968,0.5449601945858241,14190.12496334713,csgo_stitch_0,stitch,-1
0.0235020206049227,0.8596184304834833,14205.749963958311,csgo_stitch_0,stitch,-1
0.0317630923754279,0.6293095119150759,14221.374964569492,csgo_stitch_0,stitch,-1
0.0083568516145078,0.2993067711413701,14236.999965209776,csgo_stitch_0,stitch,-1
0.0002075130736045,0.0844232536938187,14252.624965820956,csgo_stitch_0,stitch,-1
-0.0076256986492353,0.0307261284633606,14268.249966432137,csgo_stitch_0,stitch,-1
0.0081782154406084,0.1764767732526053,14283.874967043315,csgo_stitch_0,stitch,-1
0.0551305204015193,0.3835471330183078,14299.499967625394,csgo_stitch_0,stitch,-1
0.0404540488621023,0.5063241258860125,14315.124968265678,csgo_stitch_0,stitch,-1
0.0251356824800836,0.4449690420063121,14330.749968905962,csgo_stitch_0,stitch,-1
0.024820719755894,0.3298318254322674,14346.374969517145,csgo_stitch_0,stitch,-1
0.0086404176391283,0.1687531352906512,14361.999970128323,csgo_stitch_0,stitch,-1
-4.305342707766613e-05,-0.0076788746665688,14377.624970739504,csgo_stitch_0,stitch,-1
0.0075883876411637,-0.0230787050634737,14393.249971379788,csgo_stitch_0,stitch,-1
0.0,0.0,14408.874971990968,csgo_stitch_0,stitch,-1
4.2259229076080373e-05,0.0076786117360425,14424.499972602149,csgo_stitch_0,stitch,-1
4.340438206895669e-05,0.0076787948159569,14440.12497321333,csgo_stitch_0,stitch,-1
-0.0077168156124116,4.249236189179939e-05,14455.74997382451,csgo_stitch_0,stitch,-1
0.0,0.0,14471.374974464794,csgo_stitch_0,stitch,-1
4.276436010286489e-05,0.0076788061495824,14486.999975075974,csgo_stitch_0,stitch,-1
-0.0153049155713631,0.0231220475759439,14502.624975687157,csgo_stitch_0,stitch,-1
-0.0076311169303835,0.0154016461773482,14518.249976298335,csgo_stitch_0,stitch,-1
0.0,0.0,14533.874976909516,csgo_stitch_0,stitch,-1
-0.0075872155333343,0.02308007841384,14549.4999775498,csgo_stitch_0,stitch,-1
-0.0306100223332634,0.0462338351606597,14565.12497816098,csgo_stitch_0,stitch,-1
-0.0606418864597344,0.1922254559151297,14580.74997877216,csgo_stitch_0,stitch,-1
-0.052282070731735,0.2919483718290934,14596.37497938334,csgo_stitch_0,stitch,-1
-0.0527522626720156,0.2075868829333176,14611.999979994522,csgo_stitch_0,stitch,-1
-0.0461515892368424,0.0310223634188231,14627.624980634806,csgo_stitch_0,stitch,-1
-0.0463997566187686,-0.0073878237050131,14643.249981245986,csgo_stitch_0,stitch,-1
-0.0154502000261231,9.714719626696676e-05,14658.874981857169,csgo_stitch_0,stitch,-1
-0.0153535499340762,0.0154615202136811,14674.499982468347,csgo_stitch_0,stitch,-1
-0.0303157813656866,0.0923114585758817,14690.124983079528,csgo_stitch_0,stitch,-1
-0.0149590334221443,0.0768661970488926,14705.749983719812,csgo_stitch_0,stitch,-1
-0.0304087043231788,0.0769861611340791,14721.374984330992,csgo_stitch_0,stitch,-1
-0.0306611362133253,0.0386177370093232,14736.999984942173,csgo_stitch_0,stitch,-1
-0.0153560795377529,0.0154683114297569,14752.624985553352,csgo_stitch_0,stitch,-1
-0.0076284113568192,0.0154174877913142,14768.249986164534,csgo_stitch_0,stitch,-1
-0.0153064095863157,0.0231516383982075,14783.874986804818,csgo_stitch_0,stitch,-1
-0.0304114991072026,0.0770127701468013,14799.499987415998,csgo_stitch_0,stitch,-1
-0.0379877012395581,0.1000775247623204,14815.12498802718,csgo_stitch_0,stitch,-1
-0.0299934944231665,0.138441569416341,14830.74998863836,csgo_stitch_0,stitch,-1
-0.0303020761201366,0.0923857811395878,14846.37498924954,csgo_stitch_0,stitch,-1
-0.0074683890330504,0.0384637194718493,14861.999989889824,csgo_stitch_0,stitch,-1
-0.0077339746639779,5.3525535487430886e-05,14877.624990501005,csgo_stitch_0,stitch,-1
0.0,0.0,14893.249991112183,csgo_stitch_0,stitch,-1
0.000106501776429,0.0153712343526493,14908.874991723364,csgo_stitch_0,stitch,-1
-0.0072535500463004,0.0691766473716404,14924.499992334546,csgo_stitch_0,stitch,-1
-0.0146572913859586,0.1153149278924159,14940.12499297483,csgo_stitch_0,stitch,-1
-0.007074793104806,0.0922060299986409,14955.74999358601,csgo_stitch_0,stitch,-1
0.000167441749852,0.0230572778705129,14971.374994197193,csgo_stitch_0,stitch,-1
5.581692676059902e-05,0.0076857363266826,14986.999994808371,csgo_stitch_0,stitch,-1
-0.0076267702680183,0.0154266080287364,15002.624995419552,csgo_stitch_0,stitch,-1
0.000393987433199,0.0537851322948261,15018.249996059836,csgo_stitch_0,stitch,-1
-0.0225967991404729,0.0846531060814879,15033.874996671017,csgo_stitch_0,stitch,-1
-0.007226157344121,0.0691851028674719,15049.499997282195,csgo_stitch_0,stitch,-1
0.0002315763395301,0.0307442796412651,15065.124997893376,csgo_stitch_0,stitch,-1
-0.0074520755135836,0.038472966119901,15080.749998504558,csgo_stitch_0,stitch,-1
0.0002918383998462,0.0384156628402161,15096.374999144842,csgo_stitch_0,stitch,-1
-0.0072143249944645,0.0692021974021939,15111.999999756024,csgo_stitch_0,stitch,-1
-0.0073292115232845,0.0538475133717417,15127.625000367205,csgo_stitch_0,stitch,-1
-0.0077454531467537,5.913241117916357e-05,15143.250000978383,csgo_stitch_0,stitch,-1
5.95070855524682e-05,0.0076860020531128,15158.875001589564,csgo_stitch_0,stitch,-1
0.0,0.0,15174.500002229848,csgo_stitch_0,stitch,-1
0.0,0.0,15190.125002841029,csgo_stitch_0,stitch,-1
5.9672312431757746e-05,0.0076865754629746,15205.750003452207,csgo_stitch_0,stitch,-1
0.0003584793856816,0.0460871778514277,15221.37500406339,csgo_stitch_0,stitch,-1
0.0014621209326151,0.1843491109453712,15237.00000467457,csgo_stitch_0,stitch,-1
0.0102865032631882,0.3071420375383082,15252.625005314854,csgo_stitch_0,stitch,-1
0.010077172173851,0.2687502562198389,15268.250005926036,csgo_stitch_0,stitch,-1
0.0087149308255902,0.1074456144328435,15283.875006537217,csgo_stitch_0,stitch,-1
6.911015586297253e-05,0.0076851345084687,15299.500007148396,csgo_stitch_0,stitch,-1
0.0077596737726253,-6.756091585469193e-05,15315.125007759576,csgo_stitch_0,stitch,-1
0.0,0.0,15330.750008370756,csgo_stitch_0,stitch,-1
0.0,0.0,15346.37500901104,csgo_stitch_0,stitch,-1
0.0079683372668739,0.0229883808586546,15362.00000962222,csgo_stitch_0,stitch,-1
0.0084599316800506,0.0767274396911208,15377.625010233402,csgo_stitch_0,stitch,-1
0.0163054238472284,0.0843257176768226,15393.250010844582,csgo_stitch_0,stitch,-1
0.0164647870536782,0.0996920838864898,15408.875011455762,csgo_stitch_0,stitch,-1
0.0242523799882121,0.099597966192217,15424.500012096049,csgo_stitch_0,stitch,-1
-0.2049543859660332,0.0834786430991485,15440.500012096049,csgo_stitch_0,stitch,-1
-0.3222202015575419,0.2102464528655758,15456.12501304556,csgo_stitch_0,stitch,-1
-0.0724384226851952,0.0104329078524187,15471.75001399871,csgo_stitch_0,stitch,-1
0.0,0.0,15487.37501495186,csgo_stitch_0,stitch,-1
0.0,0.0,15503.000015912286,csgo_stitch_0,stitch,-1
0.0,0.0,15518.6250168618,csgo_stitch_0,stitch,-1
0.0,0.0,15534.25001781495,csgo_stitch_0,stitch,-1
0.0,0.0,15549.8750187681,csgo_stitch_0,stitch,-1
0.0,0.0,15565.500019724888,csgo_stitch_0,stitch,-1
0.0,0.0,15581.12502067804,csgo_stitch_0,stitch,-1
0.0,0.0,15596.75002163119,csgo_stitch_0,stitch,-1
0.0,0.0,15612.37502258434,csgo_stitch_0,stitch,-1
0.0,0.0,15628.00002353749,csgo_stitch_0,stitch,-1
0.0,0.0,15643.625024494278,csgo_stitch_0,stitch,-1
0.0,0.0,15659.250025447427,csgo_stitch_0,stitch,-1
0.0,0.0,15674.87502639694,csgo_stitch_0,stitch,-1
0.0,0.0,15690.50002735373,csgo_stitch_0,stitch,-1
0.0,0.0,15706.125028310518,csgo_stitch_0,stitch,-1
0.0,0.0,15721.750029263669,csgo_stitch_0,stitch,-1
0.0,0.0,15737.37503021318,csgo_stitch_0,stitch,-1
0.3624142402542247,-0.0516931622213618,15753.00003116997,csgo_stitch_0,stitch,-1
2.206425978178089,0.1503242027244269,15768.62503212312,csgo_stitch_0,stitch,-1
4.280637142625466,1.3244371361654783,15784.250033079908,csgo_stitch_0,stitch,-1
3.946181361487476,2.2755092000590693,15799.87503403306,csgo_stitch_0,stitch,-1
3.7708233867514025,2.9670576831703315,15815.50003498621,csgo_stitch_0,stitch,-1
3.2967016930789725,3.354923641602838,15831.12503593936,csgo_stitch_0,stitch,-1
2.470494073261193,2.747608077835686,15846.750036896148,csgo_stitch_0,stitch,-1
2.5739926928717125,3.1714430017708146,15862.3750378493,csgo_stitch_0,stitch,-1
2.974923577915064,4.361971531518336,15878.00003880245,csgo_stitch_0,stitch,-1
2.637716725407216,4.171347366554066,15893.6250397556,csgo_stitch_0,stitch,-1
2.8775063719875504,4.89256031681278,15909.25004070875,csgo_stitch_0,stitch,-1
2.1496335545867566,3.765367425695288,15924.875041665538,csgo_stitch_0,stitch,-1
1.5917830605040706,3.1521212328571853,15940.500042618689,csgo_stitch_0,stitch,-1
1.0946570415370331,2.415566471721028,15956.12504357184,csgo_stitch_0,stitch,-1
1.124609089905448,3.2031797910842004,15971.75004452499,csgo_stitch_0,stitch,-1
0.5684716326328214,2.196707953731544,15987.375045481778,csgo_stitch_0,stitch,-1
0.2175981156727005,2.191389629241148,16003.000046434929,csgo_stitch_0,stitch,-1
-0.1023088884182357,1.6902533846573728,16018.625047391715,csgo_stitch_0,stitch,-1
-0.2736910434681761,1.241943129192106,16034.25004834123,csgo_stitch_0,stitch,-1
-0.5929107315961062,2.245141113363956,16049.875049298018,csgo_stitch_0,stitch,-1
-0.8266139869904805,4.517904994863851,16065.500050251168,csgo_stitch_0,stitch,-1
-0.4625424334910519,5.274411169919015,16081.12505120432,csgo_stitch_0,stitch,-1
-0.1240224022709526,5.342417583536086,16096.75005215747,csgo_stitch_0,stitch,-1
-0.0132724063187197,4.4156737873030245,16112.375053114258,csgo_stitch_0,stitch,-1
-0.028223476564591,3.5396878998756804,16128.000054067408,csgo_stitch_0,stitch,-1
-0.156320732072686,1.9103988722600889,16143.625055024197,csgo_stitch_0,stitch,-1
-0.2148770754066618,0.5212548414733078,16159.25005597371,csgo_stitch_0,stitch,-1
0.0,0.0,16174.87505692686,csgo_stitch_0,stitch,-1
-0.3712192751958127,0.1682814599941693,16190.500057883648,csgo_stitch_0,stitch,-1
-1.255587918767418,0.519937240130659,16206.125058836798,csgo_stitch_0,stitch,-1
-2.9322659041547467,0.51087534992363,16221.750059789949,csgo_stitch_0,stitch,-1
-3.0579483840118655,-0.1525058233204888,16237.3750607431,csgo_stitch_0,stitch,-1
-3.1011760192668874,-0.7807700518912384,16253.000061699888,csgo_stitch_0,stitch,-1
-2.604146487641515,-1.3830973545528664,16268.625062653038,csgo_stitch_0,stitch,-1
-2.215168669858457,-2.1132383645614787,16284.250063606189,csgo_stitch_0,stitch,-1
-2.6278321878133397,-3.3072973763948,16299.87506455934,csgo_stitch_0,stitch,-1
-2.503343878334249,-5.0087818054454445,16315.500065508852,csgo_stitch_0,stitch,-1
-0.93473566438729,-5.123430501696454,16331.125066469278,csgo_stitch_0,stitch,-1
-0.051805120172446,-5.056588041724657,16346.750067422428,csgo_stitch_0,stitch,-1
0.4783869144701214,-3.513701490016672,16362.37506837558,csgo_stitch_0,stitch,-1
0.9563967122405188,-2.470193509759592,16378.000069325091,csgo_stitch_0,stitch,-1
0.7223791677319866,-1.7588180975105336,16393.625070285518,csgo_stitch_0,stitch,-1
0.4968726019144753,-3.1899052345233208,16409.250071238668,csgo_stitch_0,stitch,-1
0.0548814795227201,-3.519984259851954,16424.87507219182,csgo_stitch_0,stitch,-1
-0.2752635015326348,-3.7400027379690406,16440.50007314497,csgo_stitch_0,stitch,-1
-0.3894353407507083,-3.464745186169389,16456.125074101757,csgo_stitch_0,stitch,-1
-0.454127130046686,-3.463820751291202,16471.750075054908,csgo_stitch_0,stitch,-1
-0.3475410078945913,-2.1432297987126443,16487.37507600806,csgo_stitch_0,stitch,-1
-0.2304739277571457,-0.6035396006350116,16503.00007696121,csgo_stitch_0,stitch,-1
0.0,0.0,16518.62507791436,csgo_stitch_0,stitch,-1
0.0,0.0,16534.250078871148,csgo_stitch_0,stitch,-1
0.0,0.0,16549.875079824298,csgo_stitch_0,stitch,-1
-0.0256805830334201,0.027653101481512,16565.50008077745,csgo_stitch_0,stitch,-1
0.0,0.0,16581.1250817306,csgo_stitch_0,stitch,-1
0.0,0.0,16596.750082687387,csgo_stitch_0,stitch,-1
0.0,0.0,16612.3750836369,csgo_stitch_0,stitch,-1
0.0,0.0,16628.00008459369,csgo_stitch_0,stitch,-1
0.000165531856453,0.0244372406143931,16643.62508554684,csgo_stitch_0,stitch,-1
0.0253928753297145,0.0242772811332354,16659.250086503627,csgo_stitch_0,stitch,-1
0.0257053802893949,0.0731536512445618,16674.87508745314,csgo_stitch_0,stitch,-1
0.0,0.0,16690.500088409928,csgo_stitch_0,stitch,-1
0.0,0.0,16706.12508936308,csgo_stitch_0,stitch,-1
0.0,0.0,16721.75009031623,csgo_stitch_0,stitch,-1
0.0,0.0,16737.375091273017,csgo_stitch_0,stitch,-1
0.0,0.0,16753.000092226168,csgo_stitch_0,stitch,-1
0.0,0.0,16768.62509317932,csgo_stitch_0,stitch,-1
0.0,0.0,16784.250094136107,csgo_stitch_0,stitch,-1
0.0,0.0,16799.875095089257,csgo_stitch_0,stitch,-1
0.0,0.0,16815.500096042408,csgo_stitch_0,stitch,-1
0.0001584891379593,0.0244370032592176,16831.125096995558,csgo_stitch_0,stitch,-1
0.0507390774178873,0.048571794756981,16846.75009794871,csgo_stitch_0,stitch,-1
0.0253611846782177,0.0242920408207059,16862.37509890186,csgo_stitch_0,stitch,-1
0.0001491726416134,0.0244371502556433,16878.000099858647,csgo_stitch_0,stitch,-1
-0.0157538435522326,9.0395862491377e-05,16893.625100811798,csgo_stitch_0,stitch,-1
-0.0107125256373876,6.262717780458615e-05,16909.25010176495,csgo_stitch_0,stitch,-1
0.0,0.0,16924.8751027181,csgo_stitch_0,stitch,-1
-0.0094523492000746,5.435564978917285e-05,16940.500103674887,csgo_stitch_0,stitch,-1
0.0,0.0,16956.125104631676,csgo_stitch_0,stitch,-1
0.0,0.0,16971.750105581188,csgo_stitch_0,stitch,-1
0.0,0.0,16987.37510653434,csgo_stitch_0,stitch,-1
0.0,0.0,17003.000107491127,csgo_stitch_0,stitch,-1
0.0,0.0,17018.625108444277,csgo_stitch_0,stitch,-1
0.0,0.0,17034.250109397428,csgo_stitch_0,stitch,-1
0.0,0.0,17049.87511035058,csgo_stitch_0,stitch,-1
0.0,0.0,17065.50011130373,csgo_stitch_0,stitch,-1
0.0,0.0,17081.125112264155,csgo_stitch_0,stitch,-1
0.0,0.0,17096.750113213668,csgo_stitch_0,stitch,-1
0.0,0.0,17112.375114166818,csgo_stitch_0,stitch,-1
0.0,0.0,17128.00011511997,csgo_stitch_0,stitch,-1
0.0,0.0,17143.625116076757,csgo_stitch_0,stitch,-1
0.0,0.0,17159.250117029907,csgo_stitch_0,stitch,-1
0.0,0.0,17174.875117983058,csgo_stitch_0,stitch,-1
0.0,0.0,17190.50011893621,csgo_stitch_0,stitch,-1
0.0,0.0,17206.125119892997,csgo_stitch_0,stitch,-1
0.0,0.0,17221.750120846147,csgo_stitch_0,stitch,-1
0.0,0.0,17237.375121799298,csgo_stitch_0,stitch,-1
-0.0006910600915261,-0.109965047911487,17253.00012274881,csgo_stitch_0,stitch,-1
0.0,0.0,17268.6251237056,csgo_stitch_0,stitch,-1
0.0567414212937933,-0.0003298389505221,17284.250124662387,csgo_stitch_0,stitch,-1
0.0,0.0,17299.875125615537,csgo_stitch_0,stitch,-1
0.0022974714813699,0.3848916219578449,17315.50012656505,csgo_stitch_0,stitch,-1
0.0666730825979584,1.9241917960163732,17331.12512752184,csgo_stitch_0,stitch,-1
0.5705203338765443,3.68267728713292,17346.750128478627,csgo_stitch_0,stitch,-1
1.0531992290485732,4.564401715458495,17362.375129431777,csgo_stitch_0,stitch,-1
1.1547949132936424,5.114461965948654,17378.000130384928,csgo_stitch_0,stitch,-1
1.0036248041834597,4.669784526011485,17393.625131338078,csgo_stitch_0,stitch,-1
0.8675878779991422,4.443037020374733,17409.25013229123,csgo_stitch_0,stitch,-1
0.8328948970462875,3.172391776784208,17424.875133248017,csgo_stitch_0,stitch,-1
0.4209594132628069,1.199124403887783,17440.500134201167,csgo_stitch_0,stitch,-1
0.0011786686969799,0.0548207015175705,17456.125135154318,csgo_stitch_0,stitch,-1
0.0,0.0,17471.75013610747,csgo_stitch_0,stitch,-1
0.0,0.0,17487.375137064257,csgo_stitch_0,stitch,-1
0.0,0.0,17503.000138017407,csgo_stitch_0,stitch,-1
0.0001487089878651,-0.0170378707350913,17519.000138017407,csgo_stitch_0,stitch,-1
-0.0001487089878651,0.0170378707350913,17534.62515491218,csgo_stitch_0,stitch,-1
-0.0188997562822805,0.0680100623155119,17550.250171792402,csgo_stitch_0,stitch,-1
-0.0193826672830255,0.1191255732859488,17565.87518871628,csgo_stitch_0,stitch,-1
-0.0012422480656084,0.1362984630528636,17581.500205611053,csgo_stitch_0,stitch,-1
-0.0007813860928536,0.085187752294459,17597.12522252038,csgo_stitch_0,stitch,-1
-0.0001568529267501,0.0170385473754173,17612.750239415152,csgo_stitch_0,stitch,-1
0.0,0.0,17628.375256309926,csgo_stitch_0,stitch,-1
0.0,0.0,17644.000273190148,csgo_stitch_0,stitch,-1
0.0,0.0,17659.625290099473,csgo_stitch_0,stitch,-1
-0.0001567856907627,0.0170368680081338,17675.250306994247,csgo_stitch_0,stitch,-1
-0.0185104717483,0.0168914163946567,17690.875323918124,csgo_stitch_0,stitch,-1
-0.0193249168900706,0.1020745688135917,17706.500340798346,csgo_stitch_0,stitch,-1
-0.0200207514576788,0.1702223266840832,17722.12535769312,csgo_stitch_0,stitch,-1
-0.0393552868209212,0.2552396130550605,17737.750374602445,csgo_stitch_0,stitch,-1
-0.0214289908697367,0.2894672570242207,17753.37539149722,csgo_stitch_0,stitch,-1
-0.0219234094515456,0.3235294936533854,17769.000408391992,csgo_stitch_0,stitch,-1
-0.0226450708720165,0.3746300465261498,17784.625425301318,csgo_stitch_0,stitch,-1
-0.0418431345207466,0.4085138288088679,17800.25044219609,csgo_stitch_0,stitch,-1
-0.0218670609249045,0.2723896799287821,17815.875459076313,csgo_stitch_0,stitch,-1
-0.000821140193608,0.0681433397258501,17831.50047600019,csgo_stitch_0,stitch,-1
0.0,0.0,17847.125492894964,csgo_stitch_0,stitch,-1
0.0,0.0,17862.750509789737,csgo_stitch_0,stitch,-1
0.0,0.0,17878.37552666996,csgo_stitch_0,stitch,-1
0.0190681215711663,-0.0338842352158508,17894.000543593836,csgo_stitch_0,stitch,-1
0.0940468581915467,-0.0672476602185554,17909.625560474058,csgo_stitch_0,stitch,-1
0.1689990321745824,-0.1177970988181016,17925.250577397936,csgo_stitch_0,stitch,-1
0.2056370353091381,-0.0836560561033437,17940.875594278157,csgo_stitch_0,stitch,-1
0.2611921292535726,-0.0836423752956143,17956.500611202035,csgo_stitch_0,stitch,-1
0.2421872184397102,-0.0671092240160042,17972.125628082256,csgo_stitch_0,stitch,-1
0.2977035247368746,-0.0673886183254843,17987.75064497703,csgo_stitch_0,stitch,-1
0.3531217634754853,-0.0850235319213794,18003.375661871803,csgo_stitch_0,stitch,-1
0.4453490603280272,-0.1201849586129135,18019.00067878113,csgo_stitch_0,stitch,-1
0.517904840369539,-0.2241424541421501,18034.625695675903,csgo_stitch_0,stitch,-1
0.5513721676921648,-0.3794504840401629,18050.250712556124,csgo_stitch_0,stitch,-1
0.9236816444276316,-1.0337095647916,18065.87572948,csgo_stitch_0,stitch,-1
1.281439057143615,-1.5386395239471966,18081.500746374775,csgo_stitch_0,stitch,-1
1.775311180851702,-2.271352878872122,18097.12576326955,csgo_stitch_0,stitch,-1
1.6890944790539777,-2.188495670150555,18112.75078014977,csgo_stitch_0,stitch,-1
1.7468721937141254,-2.3071485243634715,18128.375797073648,csgo_stitch_0,stitch,-1
1.48777358257405,-2.222485429067463,18144.00081395387,csgo_stitch_0,stitch,-1
1.4054383429824495,-2.407113233930035,18159.625830877747,csgo_stitch_0,stitch,-1
1.620544252076968,-2.8079460112519987,18175.25084777252,csgo_stitch_0,stitch,-1
1.3040912545903325,-2.226000570782234,18190.87586468185,csgo_stitch_0,stitch,-1
1.0157380575317632,-1.9036652865357044,18206.500881562068,csgo_stitch_0,stitch,-1
0.6059726162868913,-1.313097763573532,18222.12589845684,csgo_stitch_0,stitch,-1
0.3234479508134313,-0.8492862209646264,18237.750915351615,csgo_stitch_0,stitch,-1
0.0691024289118047,-0.3423885938670976,18253.37593226094,csgo_stitch_0,stitch,-1
-0.0513545234907439,0.0650728638467416,18269.00094915571,csgo_stitch_0,stitch,-1
-0.3587629750506096,0.3911216804141887,18284.62596607959,csgo_stitch_0,stitch,-1
-0.562005568082725,0.6877936486790566,18300.250982959813,csgo_stitch_0,stitch,-1
-0.7112249693775823,1.0049465790810197,18315.875999854587,csgo_stitch_0,stitch,-1
-0.5224105976523106,0.7290869717134392,18331.501016763912,csgo_stitch_0,stitch,-1
-0.3546599508389079,0.3338295798505948,18347.12603365869,csgo_stitch_0,stitch,-1
-0.3737833614993349,0.1364905452601603,18362.75105055346,csgo_stitch_0,stitch,-1
-0.3921815686651655,0.021021214729493,18378.37606743368,csgo_stitch_0,stitch,-1
-0.4954488015679885,-0.0609432726116248,18394.00108435756,csgo_stitch_0,stitch,-1
-0.5652148651618631,-0.2271302696564143,18409.626101252332,csgo_stitch_0,stitch,-1
-0.7720014464458416,-0.5772122538925979,18425.251118161657,csgo_stitch_0,stitch,-1
-0.7704329391852411,-0.6142520790257071,18440.87613504188,csgo_stitch_0,stitch,-1
-1.0243931066084713,-0.5836329694130232,18456.501151951205,csgo_stitch_0,stitch,-1
-0.8183698143835159,-0.2004573827709663,18472.126168831423,csgo_stitch_0,stitch,-1
-0.78386401237006,0.0851994677235606,18487.75118574075,csgo_stitch_0,stitch,-1
-0.4085122188209311,0.3212500516492677,18503.376202635525,csgo_stitch_0,stitch,-1
-0.0339462714140665,0.0675969437405707,18519.001219559403,csgo_stitch_0,stitch,-1
0.0,0.0,18534.626236439624,csgo_stitch_0,stitch,-1
0.0,0.0,18550.2512533344,csgo_stitch_0,stitch,-1
0.0,0.0,18565.876270243723,csgo_stitch_0,stitch,-1
0.0,0.0,18581.501287138497,csgo_stitch_0,stitch,-1
0.0,0.0,18597.12630403327,csgo_stitch_0,stitch,-1
0.0,0.0,18612.751320913492,csgo_stitch_0,stitch,-1
0.0,0.0,18628.37633783737,csgo_stitch_0,stitch,-1
0.0,0.0,18644.001354732143,csgo_stitch_0,stitch,-1
0.0,0.0,18659.62637164147,csgo_stitch_0,stitch,-1
-0.2553609157617131,0.1356817162345301,18675.25138853624,csgo_stitch_0,stitch,-1
-0.1027025406862662,-0.2025136815476181,18690.876405431016,csgo_stitch_0,stitch,-1
-0.1712014236368304,-0.7434125416463534,18706.50142231124,csgo_stitch_0,stitch,-1
-0.5615375119440671,-0.9983868443149346,18722.126439220563,csgo_stitch_0,stitch,-1
-1.1202175236880407,-1.5961577646635234,18737.751456115337,csgo_stitch_0,stitch,-1
-1.1526222835206852,-1.6185480182457486,18753.376473039218,csgo_stitch_0,stitch,-1
-0.8136148752663246,-1.2287225219131663,18769.001489919436,csgo_stitch_0,stitch,-1
-0.8147008864757197,-1.3149797148924636,18784.626506843313,csgo_stitch_0,stitch,-1
-0.6468504850710985,-1.0591679428536658,18800.251523723535,csgo_stitch_0,stitch,-1
-0.6325360575540344,-0.956815964257708,18815.87654061831,csgo_stitch_0,stitch,-1
-0.7560390223077889,-1.075934931736409,18831.50155751308,csgo_stitch_0,stitch,-1
-0.6913244911222876,-0.8871698793661889,18847.126574422407,csgo_stitch_0,stitch,-1
-0.5732827288385636,-0.6984423648794689,18862.75159131718,csgo_stitch_0,stitch,-1
-0.3137387315981641,-0.3231521451908197,18878.376608211955,csgo_stitch_0,stitch,-1
-0.034997281763907,-0.0680705003487673,18894.00162512128,csgo_stitch_0,stitch,-1
0.1741015276003281,0.0166209913325783,18909.626642016057,csgo_stitch_0,stitch,-1
0.3655282231887611,0.0165006238771709,18925.251658910827,csgo_stitch_0,stitch,-1
0.5393898044334264,0.136384114820526,18940.87667579105,csgo_stitch_0,stitch,-1
0.347487992977733,0.1880110286797904,18956.501692714926,csgo_stitch_0,stitch,-1
0.0,0.0,18972.1267096097,csgo_stitch_0,stitch,-1
0.0,0.0,18987.751726519025,csgo_stitch_0,stitch,-1
0.0,0.0,19003.376743399247,csgo_stitch_0,stitch,-1
0.0,0.0,19019.001760323124,csgo_stitch_0,stitch,-1
0.0,0.0,19034.626777203342,csgo_stitch_0,stitch,-1
0.0,0.0,19050.25179409812,csgo_stitch_0,stitch,-1
0.0,0.0,19065.876810992893,csgo_stitch_0,stitch,-1
0.0,0.0,19081.50182791677,csgo_stitch_0,stitch,-1
0.0,0.0,19097.126844796992,csgo_stitch_0,stitch,-1
0.8709953845187499,0.7391451157401434,19113.126844796992,csgo_stitch_0,stitch,-1
1.068567482084859,0.7810703879280254,19128.751845029823,csgo_stitch_0,stitch,-1
1.2500747408888913,0.6993420377547466,19144.376845291757,csgo_stitch_0,stitch,-1
1.3784373045301663,0.691555829642823,19160.001845524588,csgo_stitch_0,stitch,-1
1.717737956254581,0.6496024899112882,19175.626845786523,csgo_stitch_0,stitch,-1
2.690596501587976,0.8473038970857232,19191.251846019353,csgo_stitch_0,stitch,-1
3.6534506468649113,0.8575684746370769,19206.876846252184,csgo_stitch_0,stitch,-1
4.0082848097399335,0.7656829504909552,19222.50184651412,csgo_stitch_0,stitch,-1
6.103333188781704,0.9016761664095868,19238.12684674695,csgo_stitch_0,stitch,-1
5.750883719190142,0.6314756188935888,19253.751847008883,csgo_stitch_0,stitch,-1
4.743213869876456,0.4599755295826639,19269.37684724171,csgo_stitch_0,stitch,-1
3.842662137304387,0.3142448172150267,19285.00184750365,csgo_stitch_0,stitch,-1
2.909806065927569,0.2739702862615161,19300.62684773648,csgo_stitch_0,stitch,-1
2.0857559717888137,0.1526154802714074,19316.251847998417,csgo_stitch_0,stitch,-1
0.909558655883302,0.1515278282928278,19331.876848231244,csgo_stitch_0,stitch,-1
0.7671788849107202,0.0291267322128021,19347.50184849318,csgo_stitch_0,stitch,-1
0.2826829894073057,0.0671996679879214,19363.12684872601,csgo_stitch_0,stitch,-1
0.0,0.0,19378.751848987944,csgo_stitch_0,stitch,-1
0.0,0.0,19394.376849220775,csgo_stitch_0,stitch,-1
0.0,0.0,19410.00184948271,csgo_stitch_0,stitch,-1
0.0,0.0,19425.62684971554,csgo_stitch_0,stitch,-1
-0.1044160939867424,0.0531534101349251,19441.25184994837,csgo_stitch_0,stitch,-1
0.0,0.0,19456.876850210305,csgo_stitch_0,stitch,-1
0.3920965239297516,0.0138428578420501,19472.501850443135,csgo_stitch_0,stitch,-1
-0.2080178498549685,0.1064549653950734,19488.12685070507,csgo_stitch_0,stitch,-1
-0.1061903373876873,0.0531765879343879,19503.7518509379,csgo_stitch_0,stitch,-1
-0.1076835836493046,0.0531563752581405,19519.376851199835,csgo_stitch_0,stitch,-1
-0.1092113577359725,0.0531357791446396,19535.001851432666,csgo_stitch_0,stitch,-1
0.2987363129727782,0.0671542791603769,19550.6268516946,csgo_stitch_0,stitch,-1
0.0,0.0,19566.25185192743,csgo_stitch_0,stitch,-1
0.0,0.0,19581.876852189365,csgo_stitch_0,stitch,-1
0.0,0.0,19597.501852422196,csgo_stitch_0,stitch,-1
0.0,0.0,19613.12685268413,csgo_stitch_0,stitch,-1
-0.1095757070501406,0.0531719835042565,19628.75185291696,csgo_stitch_0,stitch,-1
0.4138668407825605,0.0138305185340925,19644.376853178896,csgo_stitch_0,stitch,-1
0.2029931104029287,0.1200873450715818,19660.001853411726,csgo_stitch_0,stitch,-1
0.0,0.0,19675.62685367366,csgo_stitch_0,stitch,-1
0.3172129494819842,0.0665818599239713,19691.25185390649,csgo_stitch_0,stitch,-1
0.3232635071674963,0.0664142665744833,19706.87685413932,csgo_stitch_0,stitch,-1
0.0,0.0,19722.501854401256,csgo_stitch_0,stitch,-1
0.0,0.0,19738.126854634087,csgo_stitch_0,stitch,-1
0.0,0.0,19753.75185489602,csgo_stitch_0,stitch,-1
0.0,0.0,19769.376855128852,csgo_stitch_0,stitch,-1
0.0,0.0,19785.001855390787,csgo_stitch_0,stitch,-1
0.0,0.0,19800.626855623617,csgo_stitch_0,stitch,-1
0.0,0.0,19816.25185588555,csgo_stitch_0,stitch,-1
0.0,0.0,19831.876856118382,csgo_stitch_0,stitch,-1
0.0,0.0,19847.501856380317,csgo_stitch_0,stitch,-1
0.0,0.0,19863.126856613148,csgo_stitch_0,stitch,-1
-0.1056726897681414,0.0534503416504748,19878.75185687508,csgo_stitch_0,stitch,-1
0.3310344240071003,0.0662185774914405,19894.376857107913,csgo_stitch_0,stitch,-1
0.0,0.0,19910.001857369847,csgo_stitch_0,stitch,-1
0.3374724993884115,0.0660110931985542,19925.62685760268,csgo_stitch_0,stitch,-1
0.0,0.0,19941.251857864612,csgo_stitch_0,stitch,-1
0.0,0.0,19956.876858097443,csgo_stitch_0,stitch,-1
0.0,0.0,19972.501858330274,csgo_stitch_0,stitch,-1
0.0,0.0,19988.126858592208,csgo_stitch_0,stitch,-1
0.0,0.0,20003.75185882504,csgo_stitch_0,stitch,-1
0.0,0.0,20019.376859086973,csgo_stitch_0,stitch,-1
0.0,0.0,20035.001859319804,csgo_stitch_0,stitch,-1
-0.1040419921520197,0.053595329044441,20050.62685958174,csgo_stitch_0,stitch,-1
-0.1056794695455778,0.0535510481586385,20066.25185981457,csgo_stitch_0,stitch,-1
0.0,0.0,20081.876860076503,csgo_stitch_0,stitch,-1
0.0,0.0,20097.501860309338,csgo_stitch_0,stitch,-1
0.0,0.0,20113.12686057127,csgo_stitch_0,stitch,-1
0.0,0.0,20128.7518608041,csgo_stitch_0,stitch,-1
0.0,0.0,20144.376861066034,csgo_stitch_0,stitch,-1
0.0,0.0,20160.001861298864,csgo_stitch_0,stitch,-1
0.0,0.0,20175.6268615608,csgo_stitch_0,stitch,-1
0.0,0.0,20191.25186179363,csgo_stitch_0,stitch,-1
0.0,0.0,20206.876862055564,csgo_stitch_0,stitch,-1
0.0,0.0,20222.50186228839,csgo_stitch_0,stitch,-1
0.0,0.0,20238.126862521225,csgo_stitch_0,stitch,-1
0.0,0.0,20253.75186278316,csgo_stitch_0,stitch,-1
0.0,0.0,20269.37686301599,csgo_stitch_0,stitch,-1
0.0,0.0,20285.001863277925,csgo_stitch_0,stitch,-1
0.0,0.0,20300.626863510755,csgo_stitch_0,stitch,-1
0.0,0.0,20316.25186377269,csgo_stitch_0,stitch,-1
0.0,0.0,20331.87686400552,csgo_stitch_0,stitch,-1
0.0,0.0,20347.501864267455,csgo_stitch_0,stitch,-1
0.0,0.0,20363.12686450029,csgo_stitch_0,stitch,-1
0.0,0.0,20378.75186476222,csgo_stitch_0,stitch,-1
0.0,0.0,20394.37686499505,csgo_stitch_0,stitch,-1
0.0,0.0,20410.001865256985,csgo_stitch_0,stitch,-1
0.0,0.0,20425.626865489816,csgo_stitch_0,stitch,-1
0.0,0.0,20441.25186575175,csgo_stitch_0,stitch,-1
0.0,0.0,20456.87686598458,csgo_stitch_0,stitch,-1
0.0,0.0,20472.50186621741,csgo_stitch_0,stitch,-1
0.0,0.0,20488.126866479342,csgo_stitch_0,stitch,-1
0.0,0.0,20503.751866712177,csgo_stitch_0,stitch,-1
0.0,0.0,20519.37686697411,csgo_stitch_0,stitch,-1
0.0,0.0,20535.001867206945,csgo_stitch_0,stitch,-1
0.0,0.0,20550.626867468876,csgo_stitch_0,stitch,-1
0.0,0.0,20566.251867701707,csgo_stitch_0,stitch,-1
0.0,0.0,20581.87686796364,csgo_stitch_0,stitch,-1
0.0,0.0,20597.501868196472,csgo_stitch_0,stitch,-1
0.0,0.0,20613.126868458407,csgo_stitch_0,stitch,-1
0.0,0.0,20628.751868691237,csgo_stitch_0,stitch,-1
-0.4498479353870266,-0.0127269951039039,20644.37686895317,csgo_stitch_0,stitch,-1
-0.8945172888776369,-0.0266284752138403,20660.001869186,csgo_stitch_0,stitch,-1
-0.8873176603954676,-0.0283089810300936,20675.626869447937,csgo_stitch_0,stitch,-1
-0.4408551916326928,-0.0147752618423453,20691.251869680767,csgo_stitch_0,stitch,-1
-0.4389294185627932,-0.0151600687734116,20706.876869942706,csgo_stitch_0,stitch,-1
-1.3048574119573004,-0.0479299450866932,20722.501870175533,csgo_stitch_0,stitch,-1
-1.2862067613902468,-0.051486216826234,20738.126870408363,csgo_stitch_0,stitch,-1
-1.4232316014357878,-0.0034057695445852,20753.7518706994,csgo_stitch_0,stitch,-1
-1.25426081913173,-0.0587836522547888,20769.37687090313,csgo_stitch_0,stitch,-1
-0.9962180258524428,0.0097391011031646,20785.001871165063,csgo_stitch_0,stitch,-1
-1.2254479383851162,-0.0647858197135207,20800.626871397893,csgo_stitch_0,stitch,-1
-0.9906008856023618,0.0049672490896739,20816.251871630724,csgo_stitch_0,stitch,-1
-0.7984720322600651,-0.0466808594329819,20831.87687189266,csgo_stitch_0,stitch,-1
-0.3952823439216786,-0.0238591454336614,20847.501872154593,csgo_stitch_0,stitch,-1
-0.3926296860177558,-0.02421568277623,20863.126872387424,csgo_stitch_0,stitch,-1
0.0,0.0,20878.75187264936,csgo_stitch_0,stitch,-1
-0.197512966208194,0.0492052677144698,20894.37687288219,csgo_stitch_0,stitch,-1
0.0,0.0,20910.001873144123,csgo_stitch_0,stitch,-1
0.0,0.0,20926.001873144123,csgo_stitch_0,stitch,-1
0.0,0.0,20941.626872780325,csgo_stitch_0,stitch,-1
0.0,0.0,20957.251872416527,csgo_stitch_0,stitch,-1
0.0,0.0,20972.876872081833,csgo_stitch_0,stitch,-1
0.0,0.0,20988.501871703484,csgo_stitch_0,stitch,-1
0.0,0.0,21004.12687133969,csgo_stitch_0,stitch,-1
0.0,0.0,21019.751870975888,csgo_stitch_0,stitch,-1
-0.192625679563946,0.1765492384904128,21035.376870597534,csgo_stitch_0,stitch,-1
0.0,0.0,21051.00187023374,csgo_stitch_0,stitch,-1
0.5762291132095925,0.8464563637346458,21066.626869884494,csgo_stitch_0,stitch,-1
1.0948510554852362,-2.0744517018146915,21082.251869520696,csgo_stitch_0,stitch,-1
0.5755101964420817,-4.012485477131637,21097.8768691569,csgo_stitch_0,stitch,-1
0.0628904388474609,-6.592136341968583,21113.5018687931,csgo_stitch_0,stitch,-1
-0.1582041283466537,-5.78560142701825,21129.126868443855,csgo_stitch_0,stitch,-1
-0.4059156578117608,-6.56546650971687,21144.751868065505,csgo_stitch_0,stitch,-1
-0.703504481061799,-5.579087413178549,21160.376867701707,csgo_stitch_0,stitch,-1
-0.2164754796019679,-1.5882259464931607,21176.00186733791,csgo_stitch_0,stitch,-1
-0.6246605177863103,-4.162701898357277,21191.62686695956,csgo_stitch_0,stitch,-1
-0.0699827044623475,-0.2115493737198903,21207.25186659576,csgo_stitch_0,stitch,-1
-2.847709662177863,-4.554121413357784,21222.876866261067,csgo_stitch_0,stitch,-1
-0.3476911293817295,-0.2042709357562984,21238.50186589727,csgo_stitch_0,stitch,-1
-0.1534317579968842,0.0741769332394142,21254.12686551892,csgo_stitch_0,stitch,-1
-0.3432293087437301,-0.1326445829744784,21269.75186515512,csgo_stitch_0,stitch,-1
-0.126988072655763,-0.3145096425602389,21285.376864805876,csgo_stitch_0,stitch,-1
0.1546361399770148,-0.0746773721541131,21301.00186444208,csgo_stitch_0,stitch,-1
0.3390781664591884,0.0622983365372249,21316.62686407828,csgo_stitch_0,stitch,-1
0.4275417992855637,0.1317936336257332,21332.25186371448,csgo_stitch_0,stitch,-1
0.0819579018883587,-0.0016569356127291,21347.876863365236,csgo_stitch_0,stitch,-1
0.1818546835300196,0.1729091333852324,21363.50186300144,csgo_stitch_0,stitch,-1
0.0070931935334783,0.070447985485103,21379.12686262309,csgo_stitch_0,stitch,-1
0.0035307140649649,0.0352291528893715,21394.75186225929,csgo_stitch_0,stitch,-1
0.0070316466030817,0.0704423021115019,21410.376861895493,csgo_stitch_0,stitch,-1
0.010473340372016,0.1056685288063761,21426.001861517143,csgo_stitch_0,stitch,-1
0.0138278510821976,0.1409015553796138,21441.626861153345,csgo_stitch_0,stitch,-1
-0.0731678438947085,0.0719781624274134,21457.2518608041,csgo_stitch_0,stitch,-1
0.0,0.0,21472.8768604403,csgo_stitch_0,stitch,-1
-0.0692055992332427,0.1072430434984923,21488.501860076503,csgo_stitch_0,stitch,-1
0.0492682951029337,0.4931214667687342,21504.126859712705,csgo_stitch_0,stitch,-1
0.2755065032714867,0.4535498818118881,21519.75185936346,csgo_stitch_0,stitch,-1
0.0181793066279851,0.2113852627531827,21535.37685899966,csgo_stitch_0,stitch,-1
-0.0766012519037531,0.001407394312288,21551.001858635864,csgo_stitch_0,stitch,-1
-0.2297581093617111,0.0044583839801575,21566.626858286618,csgo_stitch_0,stitch,-1
-0.0765701704757191,0.0015752186356721,21582.25185792282,csgo_stitch_0,stitch,-1
0.0034540719146889,0.0352182513808188,21597.87685754447,csgo_stitch_0,stitch,-1
-0.0554031665093077,0.2129286809967183,21613.501857180672,csgo_stitch_0,stitch,-1
-0.3446171230444577,0.3254656495718819,21629.12685681687,csgo_stitch_0,stitch,-1
-0.494659753018027,0.2599096669665854,21644.751856453076,csgo_stitch_0,stitch,-1
-0.3577391140339898,0.1163399050757192,21660.376856074727,csgo_stitch_0,stitch,-1
-0.2123638074338032,0.0772690917257818,21676.00185572548,csgo_stitch_0,stitch,-1
-0.2850331591451152,0.0800908227211252,21691.626855361683,csgo_stitch_0,stitch,-1
-0.4133894228608596,0.1914681662379109,21707.251854997885,csgo_stitch_0,stitch,-1
-1.0421666923305963,0.3260224175429655,21722.876854634087,csgo_stitch_0,stitch,-1
-1.4194489310402505,0.1784125159605594,21738.50185428484,csgo_stitch_0,stitch,-1
-1.0035443190144235,0.0603779894322613,21754.126853921043,csgo_stitch_0,stitch,-1
-0.4387003344305071,-0.0066673583596852,21769.751853557245,csgo_stitch_0,stitch,-1
-0.5102900914484962,-0.0001465637902384,21785.376853193447,csgo_stitch_0,stitch,-1
-1.316942989446943,-0.0062125752494921,21801.0018528442,csgo_stitch_0,stitch,-1
-1.2459277737050345,0.0004257018118707,21816.62685246585,csgo_stitch_0,stitch,-1
-1.245394280191249,0.0122057401567019,21832.251852102057,csgo_stitch_0,stitch,-1
-1.1345876484717508,-0.0598302527580898,21847.876851738256,csgo_stitch_0,stitch,-1
-0.6661897702361728,0.0029560002745157,21863.501851359903,csgo_stitch_0,stitch,-1
-0.8589993355703598,0.0657237354791888,21879.12685099611,csgo_stitch_0,stitch,-1
-0.6463303787155041,0.044480064428626,21894.751850646862,csgo_stitch_0,stitch,-1
-0.5425139360138758,-0.0381111182604456,21910.376850283064,csgo_stitch_0,stitch,-1
-0.3855632648037215,-0.0209982826604644,21926.001849919267,csgo_stitch_0,stitch,-1
0.0,0.0,21941.62684955547,csgo_stitch_0,stitch,-1
-0.0189897934627083,-0.0336282097153883,21957.251849206223,csgo_stitch_0,stitch,-1
0.2035376621660418,-0.1719171982390719,21972.876848842425,csgo_stitch_0,stitch,-1
0.5923782059306859,-0.2937453220831401,21988.501848464075,csgo_stitch_0,stitch,-1
1.3596507391983437,-0.4528748580633532,22004.12684811483,csgo_stitch_0,stitch,-1
1.8572269201596043,-0.4504080742273046,22019.751847765583,csgo_stitch_0,stitch,-1
2.225993319083017,-0.4160976363224691,22035.376847401785,csgo_stitch_0,stitch,-1
1.3784821965706726,-0.2834706434817207,22051.001847023435,csgo_stitch_0,stitch,-1
0.9083660856331336,-0.3457463290180769,22066.62684665964,csgo_stitch_0,stitch,-1
0.2135041165433051,-0.3331639889783204,22082.25184629584,csgo_stitch_0,stitch,-1
-0.1323328067690283,-0.4181286668901478,22097.87684591749,csgo_stitch_0,stitch,-1
-0.0792546145754897,-0.2438230491727466,22113.501845553692,csgo_stitch_0,stitch,-1
0.0,0.0,22129.12684520445,csgo_stitch_0,stitch,-1
-0.1603131043528094,0.0100587476432281,22144.751844840648,csgo_stitch_0,stitch,-1
-0.6649441800060458,-0.0274613057714674,22160.37684447685,csgo_stitch_0,stitch,-1
-0.5861586843506927,-0.0301710391987057,22176.001844113052,csgo_stitch_0,stitch,-1
-0.6956106291931405,-0.0908700301946225,22191.626843763806,csgo_stitch_0,stitch,-1
-1.1145144859692664,-0.2677226675620261,22207.25184340001,csgo_stitch_0,stitch,-1
-1.3974379269880046,-0.2704572733905621,22222.87684302166,csgo_stitch_0,stitch,-1
-1.1266831966031532,-0.0343405144687665,22238.50184265786,csgo_stitch_0,stitch,-1
-0.4645786297765539,0.0839379875981762,22254.126842323167,csgo_stitch_0,stitch,-1
-0.0409632421586536,0.0764947558112538,22269.751841944817,csgo_stitch_0,stitch,-1
-0.0604582439387115,0.0424766862163039,22285.37684158102,csgo_stitch_0,stitch,-1
-0.5390650114413233,0.0943746974124479,22301.00184121722,csgo_stitch_0,stitch,-1
-0.8092891109081961,0.2004102447623807,22316.626840853423,csgo_stitch_0,stitch,-1
-1.1199475936904832,0.3539777667892565,22332.251840475074,csgo_stitch_0,stitch,-1
-0.8486454588946799,0.4748781358568479,22347.876840125828,csgo_stitch_0,stitch,-1
-0.9284312790178432,0.6770603608964052,22363.50183976203,csgo_stitch_0,stitch,-1
-0.6218388488172195,0.4942703944151887,22379.126839398232,csgo_stitch_0,stitch,-1
-0.9099790724054628,0.6184991093526406,22394.75183903443,csgo_stitch_0,stitch,-1
-0.4192294094839894,0.2887664153192872,22410.376838685188,csgo_stitch_0,stitch,-1
-0.8296709694995172,0.2509909874760652,22426.00183832139,csgo_stitch_0,stitch,-1
-0.7485598143270522,0.2433518791351403,22441.62683794304,csgo_stitch_0,stitch,-1
-0.425175223389715,0.1518106170605548,22457.25183757924,csgo_stitch_0,stitch,-1
-0.1352332347813956,0.0251384383701989,22472.876837215445,csgo_stitch_0,stitch,-1
-0.1860811135074129,-0.039240138521535,22488.501836837095,csgo_stitch_0,stitch,-1
-0.2956748146850998,0.0189110436562245,22504.126836473297,csgo_stitch_0,stitch,-1
-0.6837632520114596,0.0210389864446014,22519.751836138603,csgo_stitch_0,stitch,-1
-1.020054465857868,-0.0931963760787226,22535.376835760253,csgo_stitch_0,stitch,-1
-1.12092023031812,-0.1016398367198547,22551.001835396455,csgo_stitch_0,stitch,-1
-0.5519282346173782,0.007354378889552,22566.626835032657,csgo_stitch_0,stitch,-1
-0.1393845048399953,0.1064783661618022,22582.25183468341,csgo_stitch_0,stitch,-1
-0.2632582637587575,0.0590059636127691,22597.876834319613,csgo_stitch_0,stitch,-1
-0.7141395847357614,0.0878408148439788,22613.501833955816,csgo_stitch_0,stitch,-1
-0.5193882938996239,0.1223876568359472,22629.12683360657,csgo_stitch_0,stitch,-1
-0.2275347496345148,0.0926686632127555,22644.75183324277,csgo_stitch_0,stitch,-1
-0.0734066396274215,0.2464338588525478,22660.376832864426,csgo_stitch_0,stitch,-1
0.5367521640682469,0.554163480045915,22676.001832500624,csgo_stitch_0,stitch,-1
2.1037819697070006,1.5381079174501764,22691.626832136822,csgo_stitch_0,stitch,-1
3.487673045343854,3.4827617096608776,22707.251831758476,csgo_stitch_0,stitch,-1
2.989406807079348,4.183496203281578,22722.87683139468,csgo_stitch_0,stitch,-1
2.7479066324197845,5.533813835449983,22738.501831045432,csgo_stitch_0,stitch,-1
1.8769874466610472,5.066538502580478,22754.126830681635,csgo_stitch_0,stitch,-1
1.527584067780424,4.315910034149091,22769.751830317837,csgo_stitch_0,stitch,-1
1.322654910404225,4.2851608558990755,22785.37682995404,csgo_stitch_0,stitch,-1
0.7969287232319573,3.0606113390209693,22801.001829604793,csgo_stitch_0,stitch,-1
1.053479893205349,6.044909747655296,22816.626829240995,csgo_stitch_0,stitch,-1
0.8088262434742717,4.719790968180089,22832.251828877197,csgo_stitch_0,stitch,-1
1.070708575118232,7.235788851092854,22847.8768285134,csgo_stitch_0,stitch,-1
0.4349408701374955,3.266632153399404,22863.501828164153,csgo_stitch_0,stitch,-1
0.4871346387067774,1.597214870477229,22879.126827800355,csgo_stitch_0,stitch,-1
0.3877908750924916,-0.1449103543416043,22894.75182742201,csgo_stitch_0,stitch,-1
0.0,0.0,22910.376827058208,csgo_stitch_0,stitch,-1
0.0,0.0,22926.001826679854,csgo_stitch_0,stitch,-1
0.0,0.0,22941.62682631606,csgo_stitch_0,stitch,-1
0.0,0.0,22957.251825966818,csgo_stitch_0,stitch,-1
0.0,0.0,22972.876825603016,csgo_stitch_0,stitch,-1
0.0,0.0,22988.50182523922,csgo_stitch_0,stitch,-1
0.0,0.0,23004.12682487542,csgo_stitch_0,stitch,-1
0.0,0.0,23019.751824526174,csgo_stitch_0,stitch,-1
0.0001573210068102,0.0547514614478512,23035.751824526174,csgo_stitch_0,stitch,-1
0.0,0.0,23051.3768231874,csgo_stitch_0,stitch,-1
0.0,0.0,23067.001821848626,csgo_stitch_0,stitch,-1
0.0003292552235052,0.1095028980869947,23082.62682050985,csgo_stitch_0,stitch,-1
-0.1095367683375343,0.1646214985385479,23098.25181917107,csgo_stitch_0,stitch,-1
-0.1641650430251786,0.2744164267866646,23113.876817832293,csgo_stitch_0,stitch,-1
-0.2740061864894016,0.3297670643551993,23129.501816493517,csgo_stitch_0,stitch,-1
-0.1640748329411394,0.2746993399080448,23145.12681515474,csgo_stitch_0,stitch,-1
-0.2193682270465728,0.2202191123667671,23160.75181384507,csgo_stitch_0,stitch,-1
-0.2193935162049456,0.2203057231581944,23176.376812506292,csgo_stitch_0,stitch,-1
-0.2191829320983629,0.2752440812134589,23192.001811167516,csgo_stitch_0,stitch,-1
-0.3289790968368038,0.3856020236310606,23207.62680982874,csgo_stitch_0,stitch,-1
-0.2739580636312837,0.3855039619421427,23223.251808489964,csgo_stitch_0,stitch,-1
-0.2735648568626914,0.4954547722511471,23238.876807151188,csgo_stitch_0,stitch,-1
-0.2192831970348834,0.3305643040016823,23254.50180581241,csgo_stitch_0,stitch,-1
-0.1094282138854225,0.2202342089473274,23270.12680444453,csgo_stitch_0,stitch,-1
-0.0547279284521664,0.1101261094987995,23285.75180313486,csgo_stitch_0,stitch,-1
0.0,0.0,23301.376801796083,csgo_stitch_0,stitch,-1
0.0,0.0,23317.001800457307,csgo_stitch_0,stitch,-1
0.0,0.0,23332.62679911853,csgo_stitch_0,stitch,-1
0.0,0.0,23348.25179777975,csgo_stitch_0,stitch,-1
0.0,0.0,23363.876796440974,csgo_stitch_0,stitch,-1
0.0,0.0,23379.5017951022,csgo_stitch_0,stitch,-1
0.0002639829918678,0.0549334901688585,23395.12679379253,csgo_stitch_0,stitch,-1
0.0002665240524208,0.0549327838875379,23410.751792453753,csgo_stitch_0,stitch,-1
0.0,0.0,23426.376791114977,csgo_stitch_0,stitch,-1
0.0,0.0,23442.0017897762,csgo_stitch_0,stitch,-1
0.0,0.0,23457.626788437425,csgo_stitch_0,stitch,-1
0.0,0.0,23473.25178709865,csgo_stitch_0,stitch,-1
0.0,0.0,23488.876785759872,csgo_stitch_0,stitch,-1
0.0,0.0,23504.501784421096,csgo_stitch_0,stitch,-1
0.0,0.0,23520.12678308232,csgo_stitch_0,stitch,-1
0.0,0.0,23535.751781743544,csgo_stitch_0,stitch,-1
0.0002691231786684,0.05493374019498,23551.376780404767,csgo_stitch_0,stitch,-1
0.0002717778256453,0.0549326741415123,23567.00177906599,csgo_stitch_0,stitch,-1
0.0011141810209949,0.219733714236848,23582.626777727215,csgo_stitch_0,stitch,-1
0.0017505709534475,0.3295993403833286,23598.25177638844,csgo_stitch_0,stitch,-1
0.0024829257088754,0.4394644883078031,23613.876775049663,csgo_stitch_0,stitch,-1
0.0040456381569811,0.6591980738269383,23629.50177373999,csgo_stitch_0,stitch,-1
0.005997174228014,0.8789249601200435,23645.126772401218,csgo_stitch_0,stitch,-1
-0.105569376387848,0.7698990182520706,23660.75177106244,csgo_stitch_0,stitch,-1
-0.1068260402571752,0.6051757813671959,23676.37676972366,csgo_stitch_0,stitch,-1
-0.1064791518375898,0.6601920484612922,23692.00176838489,csgo_stitch_0,stitch,-1
-0.107040590030607,0.6053123711086403,23707.62676704611,csgo_stitch_0,stitch,-1
-0.1076585197717179,0.5504141398441593,23723.251765707333,csgo_stitch_0,stitch,-1
-0.0552421824624218,0.1103518282390521,23738.876764368557,csgo_stitch_0,stitch,-1
0.0004436673400505,0.0549579486314453,23754.50176302978,csgo_stitch_0,stitch,-1
0.0,0.0,23770.126761691005,csgo_stitch_0,stitch,-1
-0.0561554673569446,0.0004293971256661,23785.75176035223,csgo_stitch_0,stitch,-1
-0.0561553930268132,0.0004206226233716,23801.376759013452,csgo_stitch_0,stitch,-1
-0.2246226954590326,0.0015690040539446,23817.001757674676,csgo_stitch_0,stitch,-1
-0.1123124899588674,0.0007183985493952,23832.6267563359,csgo_stitch_0,stitch,-1
-0.1684694533715571,0.0009962837990027,23848.251754997123,csgo_stitch_0,stitch,-1
-0.1684708424459415,0.0008985890396235,23863.876753658347,csgo_stitch_0,stitch,-1
-0.2248731157888528,-0.0539417909775021,23879.501752348675,csgo_stitch_0,stitch,-1
-0.1686493699632194,-0.0543255182611339,23895.1267510099,csgo_stitch_0,stitch,-1
-0.1126440359512344,-0.1095951688845069,23910.751749671123,csgo_stitch_0,stitch,-1
-0.1125533683459707,-0.1096474375086025,23926.376748332343,csgo_stitch_0,stitch,-1
-0.0001613774642805,-0.054994595135076,23942.001746964463,csgo_stitch_0,stitch,-1
-0.056380603404591,-0.1098379677857792,23957.62674565479,csgo_stitch_0,stitch,-1
-0.0563350315165394,-0.109850725575189,23973.251744316018,csgo_stitch_0,stitch,-1
-0.1123086556537771,-0.109745991578011,23988.87674297724,csgo_stitch_0,stitch,-1
-0.0565315465089213,-0.2748805589053145,24004.501741638465,csgo_stitch_0,stitch,-1
-0.168320049615005,-0.3297404919739968,24020.12674029969,csgo_stitch_0,stitch,-1
-0.1121513035895134,-0.3848803302194508,24035.751738960913,csgo_stitch_0,stitch,-1
-0.1118473994169164,-0.3299267795131708,24051.376737622137,csgo_stitch_0,stitch,-1
-0.1116236326282944,-0.3299643311345921,24067.00173628336,csgo_stitch_0,stitch,-1
-0.0557315739856676,-0.2749956408812473,24082.626734944584,csgo_stitch_0,stitch,-1
-0.055663254164358,-0.165005370412727,24098.251733605808,csgo_stitch_0,stitch,-1
-0.0556466598310123,-0.0550119460183431,24113.876732296136,csgo_stitch_0,stitch,-1
-0.0555570040739041,-0.2200216301985111,24129.50173095736,csgo_stitch_0,stitch,-1
-0.1109692368587502,-0.3850580119747224,24145.126729618583,csgo_stitch_0,stitch,-1
-0.0552524693739258,-0.3850356385419093,24160.751728279807,csgo_stitch_0,stitch,-1
-0.1105753515582534,-0.4400876244088154,24176.37672694103,csgo_stitch_0,stitch,-1
0.0003228273857018,-0.3299896579979764,24192.001725602255,csgo_stitch_0,stitch,-1
-0.1102047263944996,-0.5500916302458929,24207.62672426348,csgo_stitch_0,stitch,-1
-0.1099492259377825,-0.6050917074881985,24223.251722924702,csgo_stitch_0,stitch,-1
-0.0546140379905182,-0.5500247343341895,24238.87672158593,csgo_stitch_0,stitch,-1
-0.0547717939338667,-0.3850312631917445,24254.50172024715,csgo_stitch_0,stitch,-1
-0.0548712750814956,-0.2750363561072015,24270.126718908377,csgo_stitch_0,stitch,-1
0.0002535995621997,-0.2199760996262636,24285.7517175696,csgo_stitch_0,stitch,-1
0.0,0.0,24301.37671623082,csgo_stitch_0,stitch,-1
-0.0551009236616835,-0.0550569615546603,24317.001714892045,csgo_stitch_0,stitch,-1
0.0001287083985346,-0.1099865103096098,24332.62671355327,csgo_stitch_0,stitch,-1
-0.0547034306714522,-0.385013285275515,24348.251712243597,csgo_stitch_0,stitch,-1
-0.1096182819205751,-0.550037031545247,24363.87671090482,csgo_stitch_0,stitch,-1
-0.1641902944650439,-1.0449561275119947,24379.501709566044,csgo_stitch_0,stitch,-1
-0.2192542316310266,-1.2648098883849073,24395.126708227268,csgo_stitch_0,stitch,-1
-0.3850340894266537,-2.0341772914524436,24410.75170688849,csgo_stitch_0,stitch,-1
-0.5010499286818231,-3.2420479790662076,24426.376705549716,csgo_stitch_0,stitch,-1
-0.5772705282855384,-4.502468947712687,24442.00170421094,csgo_stitch_0,stitch,-1
-0.744069987791022,-5.867763618972406,24457.626702872163,csgo_stitch_0,stitch,-1
-0.7672078688999022,-5.912520528857218,24473.251701533387,csgo_stitch_0,stitch,-1
-1.0591093170041006,-7.098384796382028,24488.87670019461,csgo_stitch_0,stitch,-1
-0.996467974483778,-4.891674567199942,24504.501698855835,csgo_stitch_0,stitch,-1
-1.805773344839395,-5.046114268953602,24520.12669751706,csgo_stitch_0,stitch,-1
-1.4653496220087163,-2.081024454094525,24535.75169617828,csgo_stitch_0,stitch,-1
-0.1654767961873346,-0.1505029564576219,24551.376694839502,csgo_stitch_0,stitch,-1
0.0,0.0,24567.00169350073,csgo_stitch_0,stitch,-1
0.0,0.0,24582.626692191057,csgo_stitch_0,stitch,-1
0.0,0.0,24598.25169085228,csgo_stitch_0,stitch,-1
0.0,0.0,24613.876689513505,csgo_stitch_0,stitch,-1
0.0,0.0,24629.50168817473,csgo_stitch_0,stitch,-1
0.0,0.0,24645.126686835953,csgo_stitch_0,stitch,-1
0.0,0.0,24660.751685497176,csgo_stitch_0,stitch,-1
0.0,0.0,24676.3766841584,csgo_stitch_0,stitch,-1
0.0,0.0,24692.001682819624,csgo_stitch_0,stitch,-1
0.0,0.0,24707.626681480848,csgo_stitch_0,stitch,-1
2.2229216649446073,-0.059224774444516,24723.25168014207,csgo_stitch_0,stitch,-1
2.578989248749849,-0.0870770804614835,24738.876678803295,csgo_stitch_0,stitch,-1
1.7549227429628047,0.6510619148476806,24754.50167746452,csgo_stitch_0,stitch,-1
1.7882847318374218,0.5125177932129006,24770.126676125743,csgo_stitch_0,stitch,-1
0.7728994468878625,-0.2826761781697868,24785.751674786967,csgo_stitch_0,stitch,-1
0.9222568479480912,-0.7725063649902992,24801.37667344819,csgo_stitch_0,stitch,-1
0.5075549156748593,-0.6582656446947013,24817.00167213852,csgo_stitch_0,stitch,-1
0.2212133726983722,-0.3285412889744563,24832.626670799746,csgo_stitch_0,stitch,-1
0.0734443226678251,-0.054423178664436,24848.25166946097,csgo_stitch_0,stitch,-1
0.0727193612241308,0.0006144090449637,24863.87666812219,csgo_stitch_0,stitch,-1
0.0008466662079626,-0.05499742376265,24879.501666783413,csgo_stitch_0,stitch,-1
0.0,0.0,24895.126665444637,csgo_stitch_0,stitch,-1
0.0008489667794151,-0.0549900986169547,24910.75166410586,csgo_stitch_0,stitch,-1
0.000851302391652,-0.0549873627812473,24926.376662767085,csgo_stitch_0,stitch,-1
-0.2146541425418036,-0.3316950786730714,24942.00166142831,csgo_stitch_0,stitch,-1
-0.2882559001649838,-0.6066479908276463,24957.626660089532,csgo_stitch_0,stitch,-1
-0.4429056970773501,-0.7711436186653131,24973.251658750756,csgo_stitch_0,stitch,-1
-0.4547267194686242,-0.8794033353844739,24988.87665741198,csgo_stitch_0,stitch,-1
-0.3941267516141522,-1.098014152914594,25004.501656073204,csgo_stitch_0,stitch,-1
-0.4191114979151109,-1.536413613906447,25020.126654734428,csgo_stitch_0,stitch,-1
-0.3573878341246654,-1.3707646437067211,25035.75165339565,csgo_stitch_0,stitch,-1
-0.3711834582497317,-1.2044818675149074,25051.37665208598,csgo_stitch_0,stitch,-1
-0.2895948610130574,-0.8749224520681693,25067.001650747203,csgo_stitch_0,stitch,-1
-0.189051084920294,-0.3813063361696578,25082.626649408427,csgo_stitch_0,stitch,-1
-0.0885184037749979,-0.053149634359876,25098.25164806965,csgo_stitch_0,stitch,-1
0.0,0.0,25113.87664673087,csgo_stitch_0,stitch,-1
0.0,0.0,25129.501645392094,csgo_stitch_0,stitch,-1
-0.0946707807066502,-0.1629714660514167,25145.12664405332,csgo_stitch_0,stitch,-1
-0.0089990071402894,-0.1648277583205626,25160.751642714546,csgo_stitch_0,stitch,-1
-0.0957288371327536,-0.1628662594598182,25176.37664137577,csgo_stitch_0,stitch,-1
-0.0094740370759609,-0.1648281027542779,25192.001640036993,csgo_stitch_0,stitch,-1
-0.1202096235291207,-0.5473019871175637,25207.626638698217,csgo_stitch_0,stitch,-1
-0.2198377495963086,-0.6547314793523427,25223.25163735944,csgo_stitch_0,stitch,-1
-0.1603762837033855,-0.9861697484420232,25238.876636020665,csgo_stitch_0,stitch,-1
-0.2002844301817106,-1.3701789375092446,25254.50163468189,csgo_stitch_0,stitch,-1
-0.0843587874082629,-0.9882115573806942,25270.126633343112,csgo_stitch_0,stitch,-1
0.0,0.0,25286.126633343112,csgo_stitch_0,stitch,-1
0.0,0.0,25301.751632866537,csgo_stitch_0,stitch,-1
0.0,0.0,25317.37663238996,csgo_stitch_0,stitch,-1
0.0,0.0,25333.001631917024,csgo_stitch_0,stitch,-1
0.0,0.0,25348.62663144045,csgo_stitch_0,stitch,-1
0.0,0.0,25364.25163096387,csgo_stitch_0,stitch,-1
0.0,0.0,25379.876630490937,csgo_stitch_0,stitch,-1
0.0,0.0,25395.50163001436,csgo_stitch_0,stitch,-1
0.0,0.0,25411.126629541424,csgo_stitch_0,stitch,-1
0.0,0.0,25426.75162906485,csgo_stitch_0,stitch,-1
0.0,0.0,25442.37662858827,csgo_stitch_0,stitch,-1
0.0,0.0,25458.001628115337,csgo_stitch_0,stitch,-1
0.0,0.0,25473.6266276424,csgo_stitch_0,stitch,-1
0.0,0.0,25489.251627165824,csgo_stitch_0,stitch,-1
0.0,0.0,25504.876626692887,csgo_stitch_0,stitch,-1
0.0,0.0,25520.50162621631,csgo_stitch_0,stitch,-1
0.0,0.0,25536.126625743374,csgo_stitch_0,stitch,-1
0.0,0.0,25551.7516252668,csgo_stitch_0,stitch,-1
0.0,0.0,25567.376624790224,csgo_stitch_0,stitch,-1
0.0,0.0,25583.001624317287,csgo_stitch_0,stitch,-1
0.0,0.0,25598.62662384071,csgo_stitch_0,stitch,-1
0.0,0.0,25614.251623364136,csgo_stitch_0,stitch,-1
0.0,0.0,25629.876622894837,csgo_stitch_0,stitch,-1
0.0,0.0,25645.501622418265,csgo_stitch_0,stitch,-1
0.0,0.0,25661.126621941687,csgo_stitch_0,stitch,-1
0.0,0.0,25676.75162146875,csgo_stitch_0,stitch,-1
0.0,0.0,25692.376620992178,csgo_stitch_0,stitch,-1
0.0,0.0,25708.0016205156,csgo_stitch_0,stitch,-1
0.0,0.0,25723.62662004266,csgo_stitch_0,stitch,-1
0.0,0.0,25739.251619566086,csgo_stitch_0,stitch,-1
0.0,0.0,25754.87661909315,csgo_stitch_0,stitch,-1
0.0,0.0,25770.501618616578,csgo_stitch_0,stitch,-1
0.0,0.0,25786.12661814,csgo_stitch_0,stitch,-1
0.0,0.0,25801.75161766706,csgo_stitch_0,stitch,-1
0.0,0.0,25817.376617194124,csgo_stitch_0,stitch,-1
0.0,0.0,25833.00161671755,csgo_stitch_0,stitch,-1
0.0,0.0,25848.626616240977,csgo_stitch_0,stitch,-1
0.0,0.0,25864.2516157644,csgo_stitch_0,stitch,-1
0.0,0.0,25879.8766152951,csgo_stitch_0,stitch,-1
0.0,0.0,25895.501614818524,csgo_stitch_0,stitch,-1
0.0,0.0,25911.12661434195,csgo_stitch_0,stitch,-1
0.0,0.0,25926.75161386901,csgo_stitch_0,stitch,-1
0.0562685991925775,-0.0734342923243609,25942.376613392436,csgo_stitch_0,stitch,-1
0.0598375885045072,0.0213582027595826,25958.00161291586,csgo_stitch_0,stitch,-1
-0.0342516506356957,-0.0304688878354895,25973.626612442924,csgo_stitch_0,stitch,-1
-0.0066526100983423,0.0050251313337916,25989.25161196635,csgo_stitch_0,stitch,-1
-0.0066539338783968,0.0050286926438722,26004.87661149341,csgo_stitch_0,stitch,-1
-0.0081957077394747,0.0215814351905692,26020.501611016836,csgo_stitch_0,stitch,-1
-0.0194392836668839,0.009595887015557,26036.1266105439,csgo_stitch_0,stitch,-1
-0.0117619650108338,-0.0064797743819582,26051.751610067324,csgo_stitch_0,stitch,-1
-0.0276199902409643,-0.0355030614872013,26067.376609594387,csgo_stitch_0,stitch,-1
-0.0025271515737301,-0.1058381898102318,26083.00160911781,csgo_stitch_0,stitch,-1
0.0180272855381531,-0.1264488480292769,26098.62660864487,csgo_stitch_0,stitch,-1
0.0109226915251099,-0.1158912168344024,26114.2516081683,csgo_stitch_0,stitch,-1
0.0151969464984631,-0.1600122310411045,26129.87660769536,csgo_stitch_0,stitch,-1
0.0024578133602801,-0.1554969942169464,26145.501607218783,csgo_stitch_0,stitch,-1
0.0022617911261022,-0.2166872555304628,26161.12660674221,csgo_stitch_0,stitch,-1
-0.0056101944360591,-0.2618402422914485,26176.75160626927,csgo_stitch_0,stitch,-1
-0.0031820868403826,-0.2839622905005399,26192.3766057927,csgo_stitch_0,stitch,-1
0.0236531590709887,-0.298485661893153,26208.001605316123,csgo_stitch_0,stitch,-1
0.0388539569419208,-0.3807176969640728,26223.626604846824,csgo_stitch_0,stitch,-1
0.0542012821361765,-0.5185351208653195,26239.25160437025,csgo_stitch_0,stitch,-1
0.0236285773147244,-0.5156505837747289,26254.876603893674,csgo_stitch_0,stitch,-1
-0.0336837036113877,-0.621033800216118,26270.501603420737,csgo_stitch_0,stitch,-1
-0.0723133207741568,-0.7808268409072312,26286.12660294416,csgo_stitch_0,stitch,-1
-0.0550895014703769,-0.7519699940048383,26301.751602471224,csgo_stitch_0,stitch,-1
-0.0228381861451794,-0.9002083446135849,26317.37660199465,csgo_stitch_0,stitch,-1
-0.0043072655785749,-0.5529484294041644,26333.001601518074,csgo_stitch_0,stitch,-1
0.0150585582596818,-0.3838387155457674,26348.626601045136,csgo_stitch_0,stitch,-1
0.016770218058582,-0.1324482753771505,26364.25160056856,csgo_stitch_0,stitch,-1
0.0,0.0,26379.876600095624,csgo_stitch_0,stitch,-1
0.0,0.0,26395.50159961905,csgo_stitch_0,stitch,-1
0.0,0.0,26411.12659914611,csgo_stitch_0,stitch,-1
0.0,0.0,26426.751598669536,csgo_stitch_0,stitch,-1
0.0,0.0,26442.37659819296,csgo_stitch_0,stitch,-1
0.0,0.0,26458.001597716386,csgo_stitch_0,stitch,-1
0.0,0.0,26473.626597247086,csgo_stitch_0,stitch,-1
0.0,0.0,26489.25159677051,csgo_stitch_0,stitch,-1
0.0,0.0,26504.876596293936,csgo_stitch_0,stitch,-1
0.0,0.0,26520.501595821,csgo_stitch_0,stitch,-1
0.0,0.0,26536.126595344424,csgo_stitch_0,stitch,-1
0.0,0.0,26551.75159486785,csgo_stitch_0,stitch,-1
0.0,0.0,26567.37659439491,csgo_stitch_0,stitch,-1
0.0,0.0,26583.001593918336,csgo_stitch_0,stitch,-1
0.0,0.0,26598.6265934454,csgo_stitch_0,stitch,-1
0.0,0.0,26614.251592968823,csgo_stitch_0,stitch,-1
0.0,0.0,26629.87659249589,csgo_stitch_0,stitch,-1
0.0,0.0,26645.50159202295,csgo_stitch_0,stitch,-1
0.0,0.0,26661.126591546377,csgo_stitch_0,stitch,-1
0.0,0.0,26676.7515910698,csgo_stitch_0,stitch,-1
0.0,0.0,26692.37659059686,csgo_stitch_0,stitch,-1
0.0,0.0,26708.00159012029,csgo_stitch_0,stitch,-1
0.0,0.0,26723.62658964735,csgo_stitch_0,stitch,-1
0.0,0.0,26739.251589170777,csgo_stitch_0,stitch,-1
0.0,0.0,26754.8765886942,csgo_stitch_0,stitch,-1
0.0,0.0,26770.50158822126,csgo_stitch_0,stitch,-1
0.0,0.0,26786.12658774469,csgo_stitch_0,stitch,-1
0.0,0.0,26801.75158726811,csgo_stitch_0,stitch,-1
0.0,0.0,26817.376586795173,csgo_stitch_0,stitch,-1
0.0,0.0,26833.001586322236,csgo_stitch_0,stitch,-1
0.0,0.0,26848.62658584566,csgo_stitch_0,stitch,-1
0.0,0.0,26864.251585372724,csgo_stitch_0,stitch,-1
0.0,0.0,26879.87658489615,csgo_stitch_0,stitch,-1
-0.021970382312844,-0.035543560051682,26895.50158442321,csgo_stitch_0,stitch,-1
-0.0088848049075807,-0.0343367619889818,26911.126583946636,csgo_stitch_0,stitch,-1
0.0376591414248537,-0.0355783708980048,26926.75158347006,csgo_stitch_0,stitch,-1
-0.0219757492159828,-0.035562919792337,26942.376582997123,csgo_stitch_0,stitch,-1
-0.0065504394218862,-0.0006111586225934,26958.00158252055,csgo_stitch_0,stitch,-1
-0.0102874937582271,-0.023304616588792,26973.626582043973,csgo_stitch_0,stitch,-1
0.0148206438208831,-0.1158852254694053,26989.251581571036,csgo_stitch_0,stitch,-1
0.0371946616025695,-0.2366750380999285,27004.8765810981,csgo_stitch_0,stitch,-1
0.0689836799777197,-0.4235922973280708,27020.501580621523,csgo_stitch_0,stitch,-1
0.0951331822172676,-0.6054833315892338,27036.126580144948,csgo_stitch_0,stitch,-1
0.0735380511854089,-0.5293684766949198,27051.751579668373,csgo_stitch_0,stitch,-1
0.050894333539901,-0.3583269638901214,27067.376579195436,csgo_stitch_0,stitch,-1
-0.0007880512525844,0.0055031264178495,27083.0015787225,csgo_stitch_0,stitch,-1
-0.0586302951168988,0.4134703261113586,27098.626578245923,csgo_stitch_0,stitch,-1
-0.1430651842128725,0.7461476713222552,27114.251577772982,csgo_stitch_0,stitch,-1
-0.1500720553124779,0.8349973019473751,27129.87657729641,csgo_stitch_0,stitch,-1
-0.1741166681889581,1.128874012524026,27145.501576819835,csgo_stitch_0,stitch,-1
-0.1022760787435856,0.7501078447195297,27161.1265763469,csgo_stitch_0,stitch,-1
-0.0536032549734954,0.4083394588659814,27176.751575870323,csgo_stitch_0,stitch,-1
0.0202705799254658,-0.1768396720545091,27192.376575397386,csgo_stitch_0,stitch,-1
0.1015818858507486,-0.6441068904703009,27208.00157492081,csgo_stitch_0,stitch,-1
0.1547006572148745,-1.0468435329282286,27223.626574444235,csgo_stitch_0,stitch,-1
0.2433339974955402,-1.5971609707228147,27239.251573974936,csgo_stitch_0,stitch,-1
0.2344383404326322,-1.503147845702685,27254.87657349836,csgo_stitch_0,stitch,-1
0.249918898975693,-1.4906076039360556,27270.501573021786,csgo_stitch_0,stitch,-1
0.2833415550173299,-1.3696678364870394,27286.12657254885,csgo_stitch_0,stitch,-1
0.2877445559800833,-0.8982825157838548,27301.751572072273,csgo_stitch_0,stitch,-1
0.1445351838606541,-0.3142908706287173,27317.376571599336,csgo_stitch_0,stitch,-1
0.112877938995382,-0.0991279979669315,27333.00157112276,csgo_stitch_0,stitch,-1
0.0262472990160915,0.0534999484804146,27348.626570646185,csgo_stitch_0,stitch,-1
-0.0122583047785553,0.0266189262761358,27364.25157017325,csgo_stitch_0,stitch,-1
-0.0611000299578279,0.1330785681781279,27379.876569696673,csgo_stitch_0,stitch,-1
-0.0709167743098362,0.1488167153858413,27395.501569220098,csgo_stitch_0,stitch,-1
-0.0776004751653545,0.1481052046047182,27411.12656874716,csgo_stitch_0,stitch,-1
-0.1106377302390626,0.0939897959281381,27426.751568274223,csgo_stitch_0,stitch,-1
-0.1348497289405941,0.0297592333566782,27442.376567797648,csgo_stitch_0,stitch,-1
-0.1818657790265092,0.0527883081063365,27458.00156732471,csgo_stitch_0,stitch,-1
-0.1017747688570693,0.0898162360966097,27473.626566848136,csgo_stitch_0,stitch,-1
-0.1745987027238982,0.18302353104756,27489.2515663752,csgo_stitch_0,stitch,-1
-0.1437287892141228,0.1753500213836289,27504.876565898623,csgo_stitch_0,stitch,-1
-0.1066166926179335,0.0841350651583638,27520.501565422048,csgo_stitch_0,stitch,-1
-0.1036703980874733,0.0677267295790997,27536.12656494911,csgo_stitch_0,stitch,-1
-0.1314047389699908,0.020134272958117,27551.751564472535,csgo_stitch_0,stitch,-1
-0.2249861034478897,0.027685788816008,27567.37656399596,csgo_stitch_0,stitch,-1
-0.1232140691152778,0.0606262095480047,27583.001563523023,csgo_stitch_0,stitch,-1
-0.0454100465013311,0.0179592473095269,27598.62656305009,csgo_stitch_0,stitch,-1
-0.0090635730244059,0.0903014854001966,27614.62656305009,csgo_stitch_0,stitch,-1
-0.0091047606395875,0.0902982886790582,27630.251562060555,csgo_stitch_0,stitch,-1
-0.0183325187230138,0.1806025987059669,27645.876561071025,csgo_stitch_0,stitch,-1
-0.0092287612374093,0.090295168420269,27661.5015601106,csgo_stitch_0,stitch,-1
-0.0185819879763755,0.1805902343623771,27677.12655906286,csgo_stitch_0,stitch,-1
-0.028189478697385,0.2708706218354635,27692.75155807333,csgo_stitch_0,stitch,-1
-0.0478382606930267,0.4514083343483221,27708.376557054697,csgo_stitch_0,stitch,-1
-0.0194402744149329,0.1805474484253579,27724.001556065166,csgo_stitch_0,stitch,-1
0.0,0.0,27739.626555046532,csgo_stitch_0,stitch,-1
0.0,0.0,27755.251554086102,csgo_stitch_0,stitch,-1
0.0,0.0,27770.876553067472,csgo_stitch_0,stitch,-1
0.0,0.0,27786.501552107045,csgo_stitch_0,stitch,-1
0.0,0.0,27802.12655108841,csgo_stitch_0,stitch,-1
0.0,0.0,27817.751550069777,csgo_stitch_0,stitch,-1
0.0,0.0,27833.376549051143,csgo_stitch_0,stitch,-1
0.0,0.0,27849.001548090717,csgo_stitch_0,stitch,-1
0.0,0.0,27864.626547072083,csgo_stitch_0,stitch,-1
0.0,0.0,27880.251546111656,csgo_stitch_0,stitch,-1
0.0,0.0,27895.876545093022,csgo_stitch_0,stitch,-1
0.0,0.0,27911.501544103492,csgo_stitch_0,stitch,-1
0.0,0.0,27927.126543084854,csgo_stitch_0,stitch,-1
0.0,0.0,27942.751542095328,csgo_stitch_0,stitch,-1
-0.0097866267504969,0.0902774337223277,27958.3765411058,csgo_stitch_0,stitch,-1
0.0800393843302913,0.3686161691891811,27974.001540087163,csgo_stitch_0,stitch,-1
0.0508875697335327,0.6395503235098374,27989.626539097633,csgo_stitch_0,stitch,-1
-0.0607211169557899,0.541751696624317,28005.251538108103,csgo_stitch_0,stitch,-1
0.0810916661167482,0.3688278626924415,28020.87653708947,csgo_stitch_0,stitch,-1
-0.03104649865287,0.2708922720054758,28036.50153609994,csgo_stitch_0,stitch,-1
0.060731124248889,0.5495291334209966,28052.12653511041,csgo_stitch_0,stitch,-1
0.0397758669917038,0.7302473053465732,28067.751534091774,csgo_stitch_0,stitch,-1
0.2405750640822077,1.1975859730476728,28083.376533102244,csgo_stitch_0,stitch,-1
0.313911991658415,1.7478702033144344,28099.00153211271,csgo_stitch_0,stitch,-1
0.2496870397741304,2.3816245462023247,28114.62653109408,csgo_stitch_0,stitch,-1
0.1177527183338043,2.3750590578455686,28130.25153010455,csgo_stitch_0,stitch,-1
-0.2450124118117003,1.7187881977557495,28145.876529144123,csgo_stitch_0,stitch,-1
-0.1108806093640737,0.7234449542213639,28161.501528096385,csgo_stitch_0,stitch,-1
-0.0864090370035626,0.5424839507033283,28177.126527106855,csgo_stitch_0,stitch,-1
-0.0893340150159645,0.5423856033263945,28192.75152608822,csgo_stitch_0,stitch,-1
-0.0612490742574323,0.3615335315651222,28208.376525127795,csgo_stitch_0,stitch,-1
-0.2235755489951714,0.3524465298006589,28224.00152410916,csgo_stitch_0,stitch,-1
-0.2620333747019572,0.5325234778732764,28239.626523148738,csgo_stitch_0,stitch,-1
-0.2882732684753648,0.6220180827288644,28255.2515221301,csgo_stitch_0,stitch,-1
-0.5072058849384007,0.7907847824911514,28270.876521111462,csgo_stitch_0,stitch,-1
-0.2942890762737988,0.5295103698251964,28286.501520092832,csgo_stitch_0,stitch,-1
-0.3264750206348026,0.6186024074491314,28302.12651913241,csgo_stitch_0,stitch,-1
-0.3635295380413197,0.7074179565389187,28317.75151811377,csgo_stitch_0,stitch,-1
-0.993056772923552,1.486632157979983,28333.376517153345,csgo_stitch_0,stitch,-1
-1.0975144599506166,1.4768134109476776,28349.00151613471,csgo_stitch_0,stitch,-1
-1.1698726069658392,2.3006915443662024,28364.62651514518,csgo_stitch_0,stitch,-1
-1.3850533846217843,2.6608685804717283,28380.251514126547,csgo_stitch_0,stitch,-1
-1.3760219141429104,2.116272515898018,28395.876513137016,csgo_stitch_0,stitch,-1
-1.5445543198585483,1.9266840028427057,28411.50151208928,csgo_stitch_0,stitch,-1
-0.5271980476146894,0.8962279049971045,28427.126511128852,csgo_stitch_0,stitch,-1
-0.0848622830059468,0.0869571179351567,28442.75151013932,csgo_stitch_0,stitch,-1
0.0,0.0,28458.37650914979,csgo_stitch_0,stitch,-1
0.0,0.0,28474.00150813116,csgo_stitch_0,stitch,-1
0.0,0.0,28489.626507141627,csgo_stitch_0,stitch,-1
0.0,0.0,28505.251506152097,csgo_stitch_0,stitch,-1
0.0,0.0,28520.876505133463,csgo_stitch_0,stitch,-1
0.29074067460229,0.0255467333372934,28536.501504143933,csgo_stitch_0,stitch,-1
0.0,0.0,28552.1265031253,csgo_stitch_0,stitch,-1
0.0,0.0,28567.75150213577,csgo_stitch_0,stitch,-1
0.0,0.0,28583.37650114624,csgo_stitch_0,stitch,-1
0.0,0.0,28599.001500185812,csgo_stitch_0,stitch,-1
0.3738759001645064,-0.0621180777127676,28614.62649913807,csgo_stitch_0,stitch,-1
0.291076938491102,0.0245504204569897,28630.251498148544,csgo_stitch_0,stitch,-1
0.2918598012886946,0.0241261322276216,28645.87649712991,csgo_stitch_0,stitch,-1
0.5860338967440555,0.0469840949923394,28661.50149614038,csgo_stitch_0,stitch,-1
0.5890442332822943,0.0452534640606216,28677.12649515085,csgo_stitch_0,stitch,-1
0.2956234120665897,0.0219700411316381,28692.751494190423,csgo_stitch_0,stitch,-1
0.2963424122419553,0.0215454633470812,28708.376493142685,csgo_stitch_0,stitch,-1
0.2970493674751822,0.0211097352302545,28724.001492153155,csgo_stitch_0,stitch,-1
0.297742792066316,0.0206532054329926,28739.62649113452,csgo_stitch_0,stitch,-1
0.0,0.0,28755.25149014499,csgo_stitch_0,stitch,-1
0.0,0.0,28770.876489126356,csgo_stitch_0,stitch,-1
0.0,0.0,28786.50148816593,csgo_stitch_0,stitch,-1
0.0,0.0,28802.126487147296,csgo_stitch_0,stitch,-1
0.0,0.0,28817.75148618687,csgo_stitch_0,stitch,-1
0.0,0.0,28833.376485168235,csgo_stitch_0,stitch,-1
0.0,0.0,28849.001484178705,csgo_stitch_0,stitch,-1
0.0,0.0,28864.626483130967,csgo_stitch_0,stitch,-1
0.0,0.0,28880.25148217054,csgo_stitch_0,stitch,-1
0.0,0.0,28895.87648118101,csgo_stitch_0,stitch,-1
0.0,0.0,28911.50148019148,csgo_stitch_0,stitch,-1
0.0,0.0,28927.126479172846,csgo_stitch_0,stitch,-1
-0.0689089714260831,0.0884533723444036,28942.751478183316,csgo_stitch_0,stitch,-1
-0.140001251973274,0.1768110685529933,28958.376477193782,csgo_stitch_0,stitch,-1
-0.1429807702559742,0.1767211782995446,28974.00147617515,csgo_stitch_0,stitch,-1
-0.072639437990233,0.0883037234140857,28989.62647518562,csgo_stitch_0,stitch,-1
-0.3811774136678423,0.0668121066432831,29005.251474166987,csgo_stitch_0,stitch,-1
-0.0756941551883016,0.088142593814652,29020.876473177457,csgo_stitch_0,stitch,-1
0.0,0.0,29036.501472187927,csgo_stitch_0,stitch,-1
0.0,0.0,29052.126471169293,csgo_stitch_0,stitch,-1
0.0,0.0,29067.751470179763,csgo_stitch_0,stitch,-1
0.0,0.0,29083.376469190232,csgo_stitch_0,stitch,-1
0.0,0.0,29099.0014681716,csgo_stitch_0,stitch,-1
0.0,0.0,29114.626467182068,csgo_stitch_0,stitch,-1
0.0,0.0,29130.251466192534,csgo_stitch_0,stitch,-1
0.0,0.0,29145.87646523211,csgo_stitch_0,stitch,-1
0.0,0.0,29161.501464184377,csgo_stitch_0,stitch,-1
0.0,0.0,29177.126463223947,csgo_stitch_0,stitch,-1
0.0,0.0,29192.751462205313,csgo_stitch_0,stitch,-1
0.0,0.0,29208.37646118668,csgo_stitch_0,stitch,-1
0.0,0.0,29224.001460168045,csgo_stitch_0,stitch,-1
0.0,0.0,29239.62645920762,csgo_stitch_0,stitch,-1
0.0,0.0,29255.251458188985,csgo_stitch_0,stitch,-1
0.0,0.0,29270.87645722856,csgo_stitch_0,stitch,-1
0.0,0.0,29286.501456209924,csgo_stitch_0,stitch,-1
0.0,0.0,29302.12645519129,csgo_stitch_0,stitch,-1
-0.3864618719968575,0.065915552730118,29317.751454172656,csgo_stitch_0,stitch,-1
-0.0788455784200437,0.0879534660935661,29333.37645321223,csgo_stitch_0,stitch,-1
-0.0797062108493662,0.0879249805952753,29349.001452193595,csgo_stitch_0,stitch,-1
-0.1620433095076237,0.175730689737648,29364.62645123317,csgo_stitch_0,stitch,-1
-0.0823669155067818,0.0878089899182441,29380.251450214535,csgo_stitch_0,stitch,-1
-0.1674913525969543,0.1755450170761889,29395.876449225005,csgo_stitch_0,stitch,-1
-0.4942901880944248,0.1515496029745975,29411.50144820637,csgo_stitch_0,stitch,-1
-0.0887087923179308,0.087504226040167,29427.12644721684,csgo_stitch_0,stitch,-1
-0.1804563780597448,0.1748772899241544,29442.75144622731,csgo_stitch_0,stitch,-1
-0.2785326603631404,0.2620193298016744,29458.376445208676,csgo_stitch_0,stitch,-1
-0.4863666739528867,0.4358406648972561,29474.001444219142,csgo_stitch_0,stitch,-1
-0.021021156510244,0.6608636389034643,29489.626443229616,csgo_stitch_0,stitch,-1
-0.6268613445371329,0.8084311889639508,29505.25144221098,csgo_stitch_0,stitch,-1
-0.456645670503832,0.6336799438670226,29520.87644122145,csgo_stitch_0,stitch,-1
-0.3718505272172194,0.5464888146287592,29536.50144023192,csgo_stitch_0,stitch,-1
-0.408013776791762,0.5459277960743947,29552.126439213287,csgo_stitch_0,stitch,-1
-0.4494394206732295,0.5453085724182358,29567.751438223757,csgo_stitch_0,stitch,-1
-0.3565767433005362,0.7461560175904083,29583.376437234227,csgo_stitch_0,stitch,-1
-1.0580569490457776,0.5125938173566595,29599.001436215593,csgo_stitch_0,stitch,-1
0.1309797033655968,0.2019898322459425,29614.626435226062,csgo_stitch_0,stitch,-1
0.0,0.0,29630.251434236532,csgo_stitch_0,stitch,-1
0.0,0.0,29645.876433217894,csgo_stitch_0,stitch,-1
0.0,0.0,29661.501432228368,csgo_stitch_0,stitch,-1
0.0,0.0,29677.12643123884,csgo_stitch_0,stitch,-1
0.1867336010980409,-0.0852626188000016,29692.751430220203,csgo_stitch_0,stitch,-1
0.1834636549788513,-0.0853525980394067,29708.376429230673,csgo_stitch_0,stitch,-1
0.0,0.0,29724.001428241143,csgo_stitch_0,stitch,-1
0.1802754709472367,-0.0854771716756772,29739.626427251613,csgo_stitch_0,stitch,-1
0.0,0.0,29755.25142623298,csgo_stitch_0,stitch,-1
0.0,0.0,29770.87642524345,csgo_stitch_0,stitch,-1
-1.3960926376447276,-10.825687453342468,29786.87642524345,csgo_stitch_0,stitch,-1
-1.994289852398765,-13.932713836762687,29802.501424632268,csgo_stitch_0,stitch,-1
-4.312336380691505,-15.193294051922273,29818.126424021088,csgo_stitch_0,stitch,-1
-27.09036215919329,-12.454377695316268,29833.751423380803,csgo_stitch_0,stitch,-1
-8.41056433612522,5.017354824455808,29865.00142221665,csgo_stitch_0,stitch,-1
-0.8946251408566184,4.12140798097542,29880.626421634573,csgo_stitch_0,stitch,-1
3.1413629390144138,0.4369636521218893,29896.25142099429,csgo_stitch_0,stitch,-1
0.7950198456018711,-0.1663867690339344,29911.876420412213,csgo_stitch_0,stitch,-1
0.0,0.0,29927.50141977193,csgo_stitch_0,stitch,-1
0.0,0.0,29943.12641918985,csgo_stitch_0,stitch,-1
0.0,0.0,29958.75141857867,csgo_stitch_0,stitch,-1
0.0,0.0,29974.376417996595,csgo_stitch_0,stitch,-1
0.0,0.0,29990.001417385414,csgo_stitch_0,stitch,-1
0.0,0.0,30005.626416774234,csgo_stitch_0,stitch,-1
0.0,0.0,30021.251416192157,csgo_stitch_0,stitch,-1
0.0,0.0,30036.876415580977,csgo_stitch_0,stitch,-1
0.0,0.0,30052.5014149989,csgo_stitch_0,stitch,-1
0.0,0.0,30068.126414358616,csgo_stitch_0,stitch,-1
0.0,0.0,30083.751413747435,csgo_stitch_0,stitch,-1
0.0,0.0,30099.376413136255,csgo_stitch_0,stitch,-1
0.0,0.0,30115.00141255418,csgo_stitch_0,stitch,-1
0.0,0.0,30130.626411943,csgo_stitch_0,stitch,-1
-0.3875288408110293,-0.0302163283165981,30146.251411331818,csgo_stitch_0,stitch,-1
-0.5839645565489491,-0.0440079951340379,30161.87641074974,csgo_stitch_0,stitch,-1
-0.4425427141699458,0.0245582961785686,30177.50141013856,csgo_stitch_0,stitch,-1
-0.5400890866238512,0.1318189151586466,30193.126409556484,csgo_stitch_0,stitch,-1
-0.7454723897226359,0.8523634704007179,30208.7514089162,csgo_stitch_0,stitch,-1
-0.9841477779139324,1.2834010980348154,30224.376408334123,csgo_stitch_0,stitch,-1
-0.9495648276155748,1.449459614832037,30240.00140769384,csgo_stitch_0,stitch,-1
-0.8047592611858647,1.7340032165444228,30255.62640711176,csgo_stitch_0,stitch,-1
-1.09231696395085,2.3776847524517706,30271.25140650058,csgo_stitch_0,stitch,-1
-1.437196123368892,3.7353047476708663,30286.876405918505,csgo_stitch_0,stitch,-1
-1.3370968824096965,5.4456836029445554,30302.501405307325,csgo_stitch_0,stitch,-1
-1.1729853768534897,7.86953402556486,30318.126404696144,csgo_stitch_0,stitch,-1
-0.9333817176084552,9.302923681480308,30333.751404114068,csgo_stitch_0,stitch,-1
-0.6674268135688521,9.750551811185986,30349.376403502887,csgo_stitch_0,stitch,-1
-0.6189225774358817,13.047887091078536,30365.001402891707,csgo_stitch_0,stitch,-1
-0.5078985498164172,14.86928962597971,30380.626402251422,csgo_stitch_0,stitch,-1
-0.3150361589260058,8.401141415045844,30396.251401669346,csgo_stitch_0,stitch,-1
-0.6167851945959058,11.157850909821532,30411.876401058165,csgo_stitch_0,stitch,-1
-0.6614588554592729,6.989402377385989,30427.50140047609,csgo_stitch_0,stitch,-1
-0.5887019423351774,6.33029940741535,30443.12639986491,csgo_stitch_0,stitch,-1
0.0904518341893094,1.7587974120804617,30458.751399253728,csgo_stitch_0,stitch,-1
0.8750434568332821,-1.442361660004213,30474.37639867165,csgo_stitch_0,stitch,-1
0.2005796011241898,-2.2026539726421603,30490.00139806047,csgo_stitch_0,stitch,-1
-0.0070881650601961,-3.0781574689506357,30505.62639744929,csgo_stitch_0,stitch,-1
0.0,0.0,30521.25139683811,csgo_stitch_0,stitch,-1
0.0,0.0,30536.876396256033,csgo_stitch_0,stitch,-1
0.0,0.0,30552.501395644853,csgo_stitch_0,stitch,-1
0.0,0.0,30568.126395033672,csgo_stitch_0,stitch,-1
0.0,0.0,30583.751394422492,csgo_stitch_0,stitch,-1
0.0,0.0,30599.376393840415,csgo_stitch_0,stitch,-1
0.0,0.0,30615.001393229235,csgo_stitch_0,stitch,-1
0.0,0.0,30630.626392618055,csgo_stitch_0,stitch,-1
0.0,0.0,30646.251392035974,csgo_stitch_0,stitch,-1
0.0,0.0,30661.876391424797,csgo_stitch_0,stitch,-1
0.0,0.0,30677.501390813617,csgo_stitch_0,stitch,-1
0.0,0.0,30693.126390173333,csgo_stitch_0,stitch,-1
0.0,0.0,30708.751389591256,csgo_stitch_0,stitch,-1
0.0,0.0,30724.376388980076,csgo_stitch_0,stitch,-1
-0.125184206802686,-0.1628303962301167,30740.001388398,csgo_stitch_0,stitch,-1
-0.1963466108586828,-0.7666053926295575,30755.62638778682,csgo_stitch_0,stitch,-1
0.0233663876256855,-2.199231015672453,30771.25138717564,csgo_stitch_0,stitch,-1
0.1812827000881611,-3.5752350158486976,30786.87638659356,csgo_stitch_0,stitch,-1
0.1848397455534609,-3.4096210373375477,30802.50138598238,csgo_stitch_0,stitch,-1
0.060284101632078,-5.055901340564807,30818.1263853712,csgo_stitch_0,stitch,-1
-0.0219314486544703,-3.0767909845245756,30833.75138476002,csgo_stitch_0,stitch,-1
-0.020250793973048,-5.714138665897201,30849.376384177944,csgo_stitch_0,stitch,-1
0.0081608018463725,-6.428439554099162,30865.00138353766,csgo_stitch_0,stitch,-1
-0.1339664728275238,-5.550553908829605,30880.626382955583,csgo_stitch_0,stitch,-1
-0.2435587391733804,-4.233889042810958,30896.2513823444,csgo_stitch_0,stitch,-1
-0.0877326481452769,-2.4743671494271045,30911.87638179143,csgo_stitch_0,stitch,-1
-0.0428797910394962,-1.2647584799363898,30927.501381151145,csgo_stitch_0,stitch,-1
0.0060694397230065,-0.494666159961536,30943.126380539965,csgo_stitch_0,stitch,-1
0.0511901383215445,0.5502594387915707,30958.75137995789,csgo_stitch_0,stitch,-1
-0.4206433066341333,1.59018137771125,30974.376379346708,csgo_stitch_0,stitch,-1
-0.1804389454139823,1.0432620534351749,30990.001378735527,csgo_stitch_0,stitch,-1
0.0,0.0,31005.626378095243,csgo_stitch_0,stitch,-1
-0.2384506963255432,1.6480840515586497,31021.251377513167,csgo_stitch_0,stitch,-1
-0.4663389426224569,4.122533094522696,31036.876376960194,csgo_stitch_0,stitch,-1
-0.2847457112956419,4.234212161347338,31052.50137631991,csgo_stitch_0,stitch,-1
-0.4426847257152246,5.609723493644772,31068.12637570873,csgo_stitch_0,stitch,-1
-0.220287790726843,4.179987314203242,31083.75137509755,csgo_stitch_0,stitch,-1
-0.1135535192076702,6.489918730017711,31099.376374515472,csgo_stitch_0,stitch,-1
-0.1191159687168692,5.169805894008807,31115.00137390429,csgo_stitch_0,stitch,-1
-0.0129961111114766,6.214895986085823,31130.62637329311,csgo_stitch_0,stitch,-1
0.0436677380478727,6.270016829380822,31146.251372652827,csgo_stitch_0,stitch,-1
0.0507346917312645,4.45507189572621,31161.876372099858,csgo_stitch_0,stitch,-1
0.2615513286979194,3.6852672437375062,31177.50137145957,csgo_stitch_0,stitch,-1
0.2088194041871531,1.3748165347192582,31193.126370877493,csgo_stitch_0,stitch,-1
0.1399924875922806,0.1646740507007393,31208.751370266313,csgo_stitch_0,stitch,-1
1.0240317521253814,-1.217358066748993,31224.376369655132,csgo_stitch_0,stitch,-1
1.3013268950766133,-2.1113124436322153,31240.001369073056,csgo_stitch_0,stitch,-1
1.5303738765179844,-2.899915863190486,31255.626368461875,csgo_stitch_0,stitch,-1
1.3021197609081128,-3.2870423101267576,31271.251367850695,csgo_stitch_0,stitch,-1
1.248173876439239,-4.273294052447426,31286.87636723951,csgo_stitch_0,stitch,-1
0.8905769881970969,-4.68699351532382,31302.50136665744,csgo_stitch_0,stitch,-1
0.276090671037025,-2.904406250850151,31318.126366046257,csgo_stitch_0,stitch,-1
0.1183259774871601,-2.894815843784773,31333.751365435077,csgo_stitch_0,stitch,-1
-0.0492885036318568,-1.5249520564147652,31349.376364823896,csgo_stitch_0,stitch,-1
-0.0016441767537855,-0.0544582563202311,31365.00136424182,csgo_stitch_0,stitch,-1
-0.0479854745044292,0.2739726090230476,31380.62636363064,csgo_stitch_0,stitch,-1
-0.099156662998979,0.4391602571387398,31396.25136301946,csgo_stitch_0,stitch,-1
0.0320285034744074,0.9806954354138052,31411.876362437382,csgo_stitch_0,stitch,-1
0.0612905367117662,1.6888041904493551,31427.5013618262,csgo_stitch_0,stitch,-1
0.2087848038941615,2.2283985975903615,31443.12636121502,csgo_stitch_0,stitch,-1
0.1204624560892853,1.3039859504453908,31458.751360574737,csgo_stitch_0,stitch,-1
0.2776092226665412,1.8960257892014596,31474.37635999266,csgo_stitch_0,stitch,-1
0.2453381657776674,2.059896213863901,31490.00135938148,csgo_stitch_0,stitch,-1
-0.0911257210467511,2.1882111016904773,31505.626358799404,csgo_stitch_0,stitch,-1
-0.1683894911628556,1.8672084186567588,31521.251358188223,csgo_stitch_0,stitch,-1
-0.4762126109872895,2.7086307624770747,31536.876357577043,csgo_stitch_0,stitch,-1
-0.4183684065199315,1.94170928771371,31552.50135699497,csgo_stitch_0,stitch,-1
-0.3186661397145087,1.6630514436574764,31568.126356383786,csgo_stitch_0,stitch,-1
-0.277237261649617,2.210107930472688,31583.751355772605,csgo_stitch_0,stitch,-1
-0.1923806398039289,2.4262446369230872,31599.37635513232,csgo_stitch_0,stitch,-1
-0.2884766224382531,2.927835733233927,31615.001354579348,csgo_stitch_0,stitch,-1
-0.1221698483513193,2.4254046260703745,31630.626353939064,csgo_stitch_0,stitch,-1
-0.1988728689805441,2.4308382394133687,31646.251353356987,csgo_stitch_0,stitch,-1
-0.1253390697845304,1.71233845246104,31661.876352745807,csgo_stitch_0,stitch,-1
-0.1657064849839571,2.100129636603384,31677.50135219283,csgo_stitch_0,stitch,-1
-0.0523795894865202,1.654339220432675,31693.12635155255,csgo_stitch_0,stitch,-1
-0.0453025303920924,2.370448751986899,31708.75135094137,csgo_stitch_0,stitch,-1
0.0015314860601449,2.6446355273797835,31724.376350359293,csgo_stitch_0,stitch,-1
-0.267757886935982,2.216766103789375,31740.001349748112,csgo_stitch_0,stitch,-1
-0.3084161627297135,1.445959994646799,31755.626349136932,csgo_stitch_0,stitch,-1
-0.4976543773352091,1.120948018295728,31771.251348496648,csgo_stitch_0,stitch,-1
-0.4846438259852732,0.6221979709049066,31786.87634791457,csgo_stitch_0,stitch,-1
-0.3257536544993797,0.1750412490871014,31802.501347332494,csgo_stitch_0,stitch,-1
-0.5573351418849768,0.2351538901320822,31818.126346750418,csgo_stitch_0,stitch,-1
-0.4477325100299651,0.2304665030519217,31833.751346110133,csgo_stitch_0,stitch,-1
-0.4545762483455178,0.2290500009834488,31849.376345498953,csgo_stitch_0,stitch,-1
-0.2256705136382493,0.1689305301456869,31865.001344916876,csgo_stitch_0,stitch,-1
-0.2166477290551256,0.333475064764734,31880.626344305696,csgo_stitch_0,stitch,-1
-0.2215880758858759,0.3331544142766063,31896.251343694516,csgo_stitch_0,stitch,-1
0.0286669709797706,0.4397702654230997,31911.87634305423,csgo_stitch_0,stitch,-1
-0.2000771819261615,0.8276744536573162,31927.50134250126,csgo_stitch_0,stitch,-1
-0.073205998028925,0.9360384544944792,31943.126341860974,csgo_stitch_0,stitch,-1
-0.0815679175979937,0.881044412171974,31958.751341278898,csgo_stitch_0,stitch,-1
-0.2805983413795161,1.648464169428301,31974.751341278898,csgo_stitch_0,stitch,-1
-0.2024576138265956,1.263514921677526,31990.37634151173,csgo_stitch_0,stitch,-1
-0.2024713309852472,0.8231916814781428,32006.00134174456,csgo_stitch_0,stitch,-1
-0.1996272283912503,0.4928803131982917,32021.62634194829,csgo_stitch_0,stitch,-1
-0.1918467481008008,0.1626425017869905,32037.251342181116,csgo_stitch_0,stitch,-1
-0.1957062477682427,0.2172914638395582,32052.876342413947,csgo_stitch_0,stitch,-1
-0.2946964299184742,0.2703398914472501,32068.501342646778,csgo_stitch_0,stitch,-1
-0.2068419919992834,0.3263681638671443,32084.126342850504,csgo_stitch_0,stitch,-1
-0.4353544801217026,0.8163501960962378,32099.751343083335,csgo_stitch_0,stitch,-1
-0.2692377864879347,0.9842453248037016,32115.37634331617,csgo_stitch_0,stitch,-1
-0.0942143954226253,1.153390536006981,32131.001343519893,csgo_stitch_0,stitch,-1
-0.2075876084427932,1.1506256257474805,32146.626343752723,csgo_stitch_0,stitch,-1
-0.0747447692706373,0.7687103933772264,32162.25134398555,csgo_stitch_0,stitch,-1
-0.1896657254133344,0.7657253246762536,32177.876344218384,csgo_stitch_0,stitch,-1
-0.1418829793482814,0.2714272025211102,32193.50134442211,csgo_stitch_0,stitch,-1
-0.118188510307533,0.0517454489579023,32209.126344654946,csgo_stitch_0,stitch,-1
0.0,0.0,32224.75134485867,csgo_stitch_0,stitch,-1
0.0,0.0,32240.376345120603,csgo_stitch_0,stitch,-1
-0.3285095474125796,-0.064837830373932,32256.00134532433,csgo_stitch_0,stitch,-1
-0.2158137787028522,-0.0619520575718155,32271.62634555716,csgo_stitch_0,stitch,-1
-0.214994194255695,-0.0622866523162812,32287.25134578999,csgo_stitch_0,stitch,-1
-0.1111409682015107,-0.0038615352871786,32302.87634599372,csgo_stitch_0,stitch,-1
0.0,0.0,32318.50134622655,csgo_stitch_0,stitch,-1
-0.12737086718937,0.1056594965335833,32334.12634645938,csgo_stitch_0,stitch,-1
-0.2572984289568296,0.2109233910844494,32349.75134669221,csgo_stitch_0,stitch,-1
-0.1841673308908866,0.4338884981857163,32365.376346895937,csgo_stitch_0,stitch,-1
-0.0933194704936113,0.5476528582623104,32381.001347128768,csgo_stitch_0,stitch,-1
-0.1778919999345305,0.9855613184809542,32396.6263473616,csgo_stitch_0,stitch,-1
-0.202952803632229,1.0399748998179843,32412.251347565325,csgo_stitch_0,stitch,-1
-0.2569627201628179,1.2036955514924657,32427.876347798156,csgo_stitch_0,stitch,-1
-0.1875251963448079,1.9248404294453392,32443.501348030983,csgo_stitch_0,stitch,-1
0.1524455385457486,2.2146620947149813,32459.126348263817,csgo_stitch_0,stitch,-1
0.0566187218183813,2.0454919128986404,32474.751348467544,csgo_stitch_0,stitch,-1
0.1633443575672402,2.877232525923347,32490.376348700374,csgo_stitch_0,stitch,-1
0.1452283955456721,3.041782650599231,32506.001348933205,csgo_stitch_0,stitch,-1
-0.4413075499273589,2.533287162606811,32521.626349166036,csgo_stitch_0,stitch,-1
-1.228517487178152,2.1914060397653543,32537.25134936976,csgo_stitch_0,stitch,-1
-1.858449198212668,2.356506906724661,32552.876349602593,csgo_stitch_0,stitch,-1
-3.380598344790485,1.5670802099971155,32568.501349835424,csgo_stitch_0,stitch,-1
-6.097294962860786,1.3791382411002786,32584.12635003915,csgo_stitch_0,stitch,-1
-16.9242180179985,1.4109415431915693,32599.75135027198,csgo_stitch_0,stitch,-1
-10.970038491403074,-1.4022812232535529,32646.62635094137,csgo_stitch_0,stitch,-1
-5.692550278908044,-2.1110825449643187,32662.2513511742,csgo_stitch_0,stitch,-1
-2.044441161934941,-1.4772213906000218,32677.87635140703,csgo_stitch_0,stitch,-1
-1.339350528310888,-1.758088370839431,32693.501351610757,csgo_stitch_0,stitch,-1
-0.3053742773583963,-1.540156751102657,32709.126351843588,csgo_stitch_0,stitch,-1
-0.2132049897183492,-1.8703454076973856,32724.75135207642,csgo_stitch_0,stitch,-1
0.0477905667576976,-1.2649554246615082,32740.37635230925,csgo_stitch_0,stitch,-1
0.0410997979978446,-1.3199616361983004,32756.001352512976,csgo_stitch_0,stitch,-1
-0.1693710414576799,-1.1554352402444437,32771.62635274581,csgo_stitch_0,stitch,-1
0.0340053217611568,-0.9899508801643008,32787.25135297864,csgo_stitch_0,stitch,-1
0.0333502780578385,-1.099953958266994,32802.87635321147,csgo_stitch_0,stitch,-1
-0.1342992785528736,-1.2104818479348296,32818.501353415195,csgo_stitch_0,stitch,-1
0.0329000811449304,-1.0449384443196976,32834.126353648026,csgo_stitch_0,stitch,-1
-0.1175915074804834,-1.155544661200253,32849.751353880856,csgo_stitch_0,stitch,-1
-0.2469695733399248,-1.2114258147214372,32865.37635408458,csgo_stitch_0,stitch,-1
-0.1046743479853091,-0.8257858648795917,32881.001354317414,csgo_stitch_0,stitch,-1
-0.2231232242093881,-0.9919141282576476,32896.626354550244,csgo_stitch_0,stitch,-1
-0.3449443736627415,-0.828633816896641,32912.251354783075,csgo_stitch_0,stitch,-1
-0.0858451646710989,-0.6611909436964254,32927.8763549868,csgo_stitch_0,stitch,-1
-0.0821062007263435,-0.661223387818346,32943.50135521963,csgo_stitch_0,stitch,-1
-0.0858084040780227,-0.5513221147329048,32959.12635545246,csgo_stitch_0,stitch,-1
-0.0864973482784137,-0.4963877615521213,32974.75135565619,csgo_stitch_0,stitch,-1
0.035987500613146,-0.5496671159602897,32990.37635588902,csgo_stitch_0,stitch,-1
0.0277488480322176,-0.4397486721889407,33006.00135612185,csgo_stitch_0,stitch,-1
-0.0721268219310502,-0.6612666191520162,33021.62635635468,csgo_stitch_0,stitch,-1
-0.0729656554668451,-0.6063316626828765,33037.25135655841,csgo_stitch_0,stitch,-1
0.0507478064673989,-0.8244671154701706,33052.87635679124,csgo_stitch_0,stitch,-1
0.0541341002883655,-0.9344236466676676,33068.50135702407,csgo_stitch_0,stitch,-1
0.0537298895102651,-0.9894297067568658,33084.1263572569,csgo_stitch_0,stitch,-1
0.0690885758349111,-1.3742497288721085,33099.75135746063,csgo_stitch_0,stitch,-1
0.2762937627667838,-1.9764021796617044,33115.37635769346,csgo_stitch_0,stitch,-1
0.2608540459894755,-2.3620087934245504,33131.00135792629,csgo_stitch_0,stitch,-1
0.1704719005240917,-3.298302069717842,33146.626358130015,csgo_stitch_0,stitch,-1
0.1403064264363536,-2.968693463780994,33162.251358362846,csgo_stitch_0,stitch,-1
0.1314344784142633,-3.518872050186254,33177.87635859568,csgo_stitch_0,stitch,-1
0.0445283911384422,-3.5196232637991898,33193.50135882851,csgo_stitch_0,stitch,-1
0.0330531174148234,-3.079663517476675,33209.126359032234,csgo_stitch_0,stitch,-1
0.0283865858512797,-3.0796971710138195,33224.751359265065,csgo_stitch_0,stitch,-1
0.017354093460483,-2.1448090995033837,33240.376359527,csgo_stitch_0,stitch,-1
0.0125175843218414,-1.704836292687304,33256.00135970162,csgo_stitch_0,stitch,-1
0.0706583192877587,-1.3195714201469535,33271.62635993445,csgo_stitch_0,stitch,-1
0.1872115643735696,-0.494198117371436,33287.25136016728,csgo_stitch_0,stitch,-1
0.0,0.0,33302.876360400114,csgo_stitch_0,stitch,-1
0.0,0.0,33318.50136060384,csgo_stitch_0,stitch,-1
0.0,0.0,33334.12636083667,csgo_stitch_0,stitch,-1
0.0,0.0,33349.7513610695,csgo_stitch_0,stitch,-1
0.0,0.0,33365.37636130233,csgo_stitch_0,stitch,-1
0.0,0.0,33381.00136150606,csgo_stitch_0,stitch,-1
0.0,0.0,33396.62636173889,csgo_stitch_0,stitch,-1
0.0,0.0,33412.25136197172,csgo_stitch_0,stitch,-1
0.0,0.0,33427.87636217545,csgo_stitch_0,stitch,-1
0.0,0.0,33443.50136240828,csgo_stitch_0,stitch,-1
0.0,0.0,33459.12636264111,csgo_stitch_0,stitch,-1
0.0,0.0,33474.75136287394,csgo_stitch_0,stitch,-1
0.0,0.0,33490.37636307767,csgo_stitch_0,stitch,-1
0.0,0.0,33506.0013633105,csgo_stitch_0,stitch,-1
0.0,0.0,33521.62636354333,csgo_stitch_0,stitch,-1
0.0007005897955423,-0.1649691592388791,33537.251363747055,csgo_stitch_0,stitch,-1
-0.0545438169972669,-1.4851255667346202,33552.876363979885,csgo_stitch_0,stitch,-1
-0.1707470280461507,-1.9806065409017144,33568.501364212716,csgo_stitch_0,stitch,-1
0.1294353091012396,-2.474370304224486,33584.12636444555,csgo_stitch_0,stitch,-1
0.6442502901177818,-2.749014560794663,33599.75136464927,csgo_stitch_0,stitch,-1
1.021701541505024,-3.082459686135932,33615.376364882104,csgo_stitch_0,stitch,-1
1.3274820511032317,-3.8017772743461022,33631.001365114935,csgo_stitch_0,stitch,-1
1.1413791703444076,-3.4695056903905392,33646.626365347765,csgo_stitch_0,stitch,-1
1.025804896198764,-3.627731029102232,33662.25136555149,csgo_stitch_0,stitch,-1
0.9259721954074678,-3.3994644546811,33677.87636578432,csgo_stitch_0,stitch,-1
0.8317062213199335,-2.842886831502553,33693.50136601715,csgo_stitch_0,stitch,-1
0.516607595979167,-2.563983486294054,33709.12636622088,csgo_stitch_0,stitch,-1
0.3027713908809915,-1.961599151322457,33724.75136645371,csgo_stitch_0,stitch,-1
0.1936347924348354,-1.5247947529573578,33740.37636668654,csgo_stitch_0,stitch,-1
0.0228990235191588,-1.0909228474947508,33756.00136691937,csgo_stitch_0,stitch,-1
0.009954032542879,-0.4363502518831392,33771.6263671231,csgo_stitch_0,stitch,-1
-0.1676158061223134,-0.0037446588112448,33787.25136735593,csgo_stitch_0,stitch,-1
-0.0558726454937641,-0.0012301812803592,33802.87636758876,csgo_stitch_0,stitch,-1
0.0,0.0,33818.50136779249,csgo_stitch_0,stitch,-1
0.0,0.0,33834.12636802532,csgo_stitch_0,stitch,-1
0.0,0.0,33849.75136825815,csgo_stitch_0,stitch,-1
0.0,0.0,33865.37636849098,csgo_stitch_0,stitch,-1
0.0,0.0,33881.001368694706,csgo_stitch_0,stitch,-1
0.0,0.0,33896.62636889843,csgo_stitch_0,stitch,-1
0.0,0.0,33912.25136916037,csgo_stitch_0,stitch,-1
0.0,0.0,33927.8763693932,csgo_stitch_0,stitch,-1
0.0,0.0,33943.501369596925,csgo_stitch_0,stitch,-1
0.0,0.0,33959.126369829755,csgo_stitch_0,stitch,-1
0.0,0.0,33974.751370062586,csgo_stitch_0,stitch,-1
0.0,0.0,33990.37637026631,csgo_stitch_0,stitch,-1
0.0,0.0,34006.00137049914,csgo_stitch_0,stitch,-1
0.1117451586363529,0.0024690906959161,34021.626370731974,csgo_stitch_0,stitch,-1
0.5137814772438674,-0.4243490732844446,34037.251370964805,csgo_stitch_0,stitch,-1
0.2930689758548794,-0.4830221116552575,34052.87637116853,csgo_stitch_0,stitch,-1
0.6961729070927731,-0.7421942040738383,34068.50137140136,csgo_stitch_0,stitch,-1
0.5344659084833552,-0.7980349832500302,34084.12637163419,csgo_stitch_0,stitch,-1
0.5849495918185426,-0.5214846285135106,34099.75137183792,csgo_stitch_0,stitch,-1
0.5714487398004735,-0.1397794867493722,34115.37637207075,csgo_stitch_0,stitch,-1
0.1034671715439117,0.2209565810767397,34131.00137230358,csgo_stitch_0,stitch,-1
0.0378836333501624,0.4347931983178927,34146.62637253641,csgo_stitch_0,stitch,-1
0.0361718486598476,0.4887217030748072,34162.25137274014,csgo_stitch_0,stitch,-1
0.047496539937839,0.2183524919532438,34177.87637297297,csgo_stitch_0,stitch,-1
-0.0021553752303873,0.0540390055154471,34193.5013732058,csgo_stitch_0,stitch,-1
0.1101672529854909,0.0583213214285898,34209.12637343863,csgo_stitch_0,stitch,-1
-0.0725116777866503,1.541481283813571,34225.12637343863,csgo_stitch_0,stitch,-1
-0.1568787878824764,2.255298760076517,34240.75137327856,csgo_stitch_0,stitch,-1
-0.1942768390968581,2.449180350609371,34256.376373103936,csgo_stitch_0,stitch,-1
-0.3219174592748857,2.9634292171108285,34272.00137292931,csgo_stitch_0,stitch,-1
-0.5052817808229975,3.4502706929247395,34287.62637276924,csgo_stitch_0,stitch,-1
-0.7511571204035192,4.191793375602565,34303.25137260917,csgo_stitch_0,stitch,-1
-1.369293669016173,6.362228317370963,34318.876372419996,csgo_stitch_0,stitch,-1
-1.495028009437647,5.765041299082327,34334.50137224537,csgo_stitch_0,stitch,-1
-1.957043212429511,5.5961570151144,34350.1263720853,csgo_stitch_0,stitch,-1
-2.512524827721222,5.201403146999773,34365.75137189613,csgo_stitch_0,stitch,-1
-3.2752548913366297,4.5349738230945675,34381.376371721504,csgo_stitch_0,stitch,-1
-3.603516185340624,3.3499253631125754,34397.00137154688,csgo_stitch_0,stitch,-1
-1.9918248394069735,1.251205689847339,34412.62637135771,csgo_stitch_0,stitch,-1
0.0,0.0,34428.251371197635,csgo_stitch_0,stitch,-1
0.0,0.0,34443.87637102301,csgo_stitch_0,stitch,-1
0.0,0.0,34459.50137084839,csgo_stitch_0,stitch,-1
0.0,0.0,34475.12637068832,csgo_stitch_0,stitch,-1
0.0,0.0,34490.75137049914,csgo_stitch_0,stitch,-1
0.0,0.0,34506.37637032452,csgo_stitch_0,stitch,-1
0.0,0.0,34522.00137016445,csgo_stitch_0,stitch,-1
0.0,0.0,34537.62637000438,csgo_stitch_0,stitch,-1
0.0,0.0,34553.25136980065,csgo_stitch_0,stitch,-1
0.0,0.0,34568.87636964058,csgo_stitch_0,stitch,-1
0.0,0.0,34584.50136946596,csgo_stitch_0,stitch,-1
0.0,0.0,34600.12636927678,csgo_stitch_0,stitch,-1
0.0,0.0,34615.75136911671,csgo_stitch_0,stitch,-1
1.992592464815175,-0.6573735769817404,34631.37636894209,csgo_stitch_0,stitch,-1
1.4843046328644505,-0.3702275103846517,34647.001368767465,csgo_stitch_0,stitch,-1
0.3124602993678138,0.4021504026288625,34662.626368607394,csgo_stitch_0,stitch,-1
-0.1037892605380932,0.7841311426865616,34678.25136841822,csgo_stitch_0,stitch,-1
0.0126383179301967,0.7327185853959861,34693.8763682436,csgo_stitch_0,stitch,-1
-0.7262423432609921,1.1479838178297257,34709.501368083525,csgo_stitch_0,stitch,-1
-1.1633514532944105,1.1672872260626974,34725.1263678798,csgo_stitch_0,stitch,-1
-1.0693251347123294,1.0018042074077442,34740.75136771973,csgo_stitch_0,stitch,-1
-0.8547304841692096,0.6541491383143097,34756.376367545105,csgo_stitch_0,stitch,-1
-0.2421585840037892,0.1848236264747669,34772.00136738503,csgo_stitch_0,stitch,-1
-0.1400707821997002,0.0775805041376003,34787.62636719586,csgo_stitch_0,stitch,-1
-0.2126103292275729,0.1161718770754305,34803.25136705034,csgo_stitch_0,stitch,-1
-0.6938269847144625,0.3662585952215238,34818.876366861165,csgo_stitch_0,stitch,-1
-0.765835699738858,0.3828102043707133,34834.50136668654,csgo_stitch_0,stitch,-1
-1.307212277128741,0.6061322435286627,34850.12636652647,csgo_stitch_0,stitch,-1
-1.3716081024524271,0.5789241861678818,34865.751366322744,csgo_stitch_0,stitch,-1
-1.463460771662881,0.5212316869385205,34881.37636616267,csgo_stitch_0,stitch,-1
-1.4992408605655785,0.52383044235782,34897.00136598805,csgo_stitch_0,stitch,-1
-2.4493895932432395,0.648389449862421,34912.626365798875,csgo_stitch_0,stitch,-1
-2.976304580752071,0.6887632887567037,34928.251365638804,csgo_stitch_0,stitch,-1
-5.055322222257928,0.9310206240934064,34943.87636546418,csgo_stitch_0,stitch,-1
-5.468506161507378,0.7905191109072263,34959.50136528956,csgo_stitch_0,stitch,-1
-5.947025869444758,0.6937041179626391,34975.12636512949,csgo_stitch_0,stitch,-1
-4.2242661718929355,0.4124708365930729,34990.75136494031,csgo_stitch_0,stitch,-1
-4.196471126338992,0.2815157096414964,35006.37636476569,csgo_stitch_0,stitch,-1
-4.57897957665611,0.2375174373354411,35022.00136460562,csgo_stitch_0,stitch,-1
-6.048848345586606,0.1574857544624279,35037.62636444555,csgo_stitch_0,stitch,-1
-9.414675714890222,0.1502340112755718,35053.25136424182,csgo_stitch_0,stitch,-1
-8.038609344682072,-0.0209292766955684,35068.87636408175,csgo_stitch_0,stitch,-1
-7.302773905158517,-0.1461222452300745,35084.501363907126,csgo_stitch_0,stitch,-1
-5.322548064382829,-0.201455498930045,35100.12636371795,csgo_stitch_0,stitch,-1
-4.474292131090436,-0.2623865645985574,35115.75136355788,csgo_stitch_0,stitch,-1
-3.098643257450135,-0.2318455737189424,35131.37636338326,csgo_stitch_0,stitch,-1
-3.6342440628088184,-0.3186420545702049,35147.001363208634,csgo_stitch_0,stitch,-1
-3.7073489039700007,-0.3892980381051814,35162.62636304856,csgo_stitch_0,stitch,-1
-3.973303295754135,-0.4737528539478433,35178.25136285939,csgo_stitch_0,stitch,-1
-3.3455138427953557,-0.4785343710854732,35193.876362684765,csgo_stitch_0,stitch,-1
-1.8994484289615627,-0.3096837223437632,35209.50136251014,csgo_stitch_0,stitch,-1
-0.6645592618888259,-0.11559063103347,35225.12636232097,csgo_stitch_0,stitch,-1
-0.3206031806093392,-0.0274577939378133,35240.751362160896,csgo_stitch_0,stitch,-1
-0.3247860915032277,-0.058751584108819,35256.37636198627,csgo_stitch_0,stitch,-1
-0.6394924321019744,-0.1185638417253471,35272.0013618262,csgo_stitch_0,stitch,-1
-0.4709559002439221,-0.08987989607661,35287.62636163703,csgo_stitch_0,stitch,-1
-0.155378555905429,-0.0301320085434895,35303.251361476956,csgo_stitch_0,stitch,-1
-0.0773873949132735,-0.0151079713350839,35318.87636130233,csgo_stitch_0,stitch,-1
-0.0771826246420914,-0.0151169830600963,35334.50136112771,csgo_stitch_0,stitch,-1
0.3099216538266205,0.0603569629386697,35350.12636096764,csgo_stitch_0,stitch,-1
1.7632596329401338,0.3255385068572565,35365.751360778464,csgo_stitch_0,stitch,-1
2.8399465109866355,0.4664288002840777,35381.37636060384,csgo_stitch_0,stitch,-1
5.463159470569224,0.7038869925205518,35397.00136044377,csgo_stitch_0,stitch,-1
7.866171028079805,0.6834873262858849,35412.62636024004,csgo_stitch_0,stitch,-1
9.184605686704458,0.3997151153404843,35428.25136007997,csgo_stitch_0,stitch,-1
9.073374004192146,0.1128188945658195,35443.87635990535,csgo_stitch_0,stitch,-1
8.503411711264022,-0.1789662520720867,35459.501359716174,csgo_stitch_0,stitch,-1
3.8477564026154023,-0.2144579325481572,35475.1263595561,csgo_stitch_0,stitch,-1
1.1326212757566907,-0.1080748825590376,35490.75135938148,csgo_stitch_0,stitch,-1
0.0,0.0,35506.37635920686,csgo_stitch_0,stitch,-1
0.0,0.0,35522.001359046786,csgo_stitch_0,stitch,-1
0.0,0.0,35537.626358886715,csgo_stitch_0,stitch,-1
0.0,0.0,35553.25135869754,csgo_stitch_0,stitch,-1
0.0,0.0,35568.87635852292,csgo_stitch_0,stitch,-1
0.3934357645217119,-0.0077529788451897,35584.501358362846,csgo_stitch_0,stitch,-1
0.3927717338759464,-0.0081714620661301,35600.12635815912,csgo_stitch_0,stitch,-1
0.6530461813948705,-0.0146291775488691,35615.75135799905,csgo_stitch_0,stitch,-1
2.3561742418345375,-0.041248283315042,35631.376357824425,csgo_stitch_0,stitch,-1
4.198449372569343,-0.0656606384790023,35647.0013576498,csgo_stitch_0,stitch,-1
9.72676936794818,-0.3564557075922323,35662.62635748973,csgo_stitch_0,stitch,-1
12.489347473999004,-0.973144863051118,35678.251357300556,csgo_stitch_0,stitch,-1
11.501834779938063,-1.6200474849612476,35693.87635712593,csgo_stitch_0,stitch,-1
10.872333516816129,-2.675519065735216,35709.50135696586,csgo_stitch_0,stitch,-1
7.43033641072978,-3.061920671432304,35725.126356762135,csgo_stitch_0,stitch,-1
6.509288159211735,-4.374660657144275,35740.751356602064,csgo_stitch_0,stitch,-1
3.690269858339576,-3.7472376113758727,35756.37635644199,csgo_stitch_0,stitch,-1
3.183042976882035,-4.4652840262274935,35772.00135626737,csgo_stitch_0,stitch,-1
1.9377427879648508,-3.6415411405882736,35787.626356078195,csgo_stitch_0,stitch,-1
1.532406670590376,-3.6110018297442465,35803.251355918124,csgo_stitch_0,stitch,-1
1.210830623176946,-3.615158300714924,35818.8763557435,csgo_stitch_0,stitch,-1
0.7467557226357542,-2.806056874775834,35834.50135556888,csgo_stitch_0,stitch,-1
0.5317311258623079,-3.059364725437675,35850.12635540881,csgo_stitch_0,stitch,-1
0.2941228547967967,-1.9253215693073784,35865.75135521963,csgo_stitch_0,stitch,-1
0.2325953537147995,-2.2357165226044344,35881.37635504501,csgo_stitch_0,stitch,-1
0.16122198791669,-1.6664223729329135,35897.00135488494,csgo_stitch_0,stitch,-1
0.1835786763424778,-1.7979597315370626,35912.62635468121,csgo_stitch_0,stitch,-1
0.1363132141747769,-1.5136341741671444,35928.25135452114,csgo_stitch_0,stitch,-1
0.2444709322267328,-1.8851537634095197,35943.87635434652,csgo_stitch_0,stitch,-1
0.2490996917995005,-1.5779150437011928,35959.50135415734,csgo_stitch_0,stitch,-1
0.2629173167402427,-1.5124151326520732,35975.12635399727,csgo_stitch_0,stitch,-1
0.2518993024329177,-1.4033805536616484,35990.75135382265,csgo_stitch_0,stitch,-1
0.2478421674031778,-1.6240340974020595,36006.37635366258,csgo_stitch_0,stitch,-1
0.2443784144537346,-1.9986386682828332,36022.001353487954,csgo_stitch_0,stitch,-1
0.1873817560797022,-1.9337824823699312,36037.62635332788,csgo_stitch_0,stitch,-1
0.206023171575282,-2.176029723933528,36053.25135313871,csgo_stitch_0,stitch,-1
0.2221642001142356,-2.2204105178765374,36068.876352964086,csgo_stitch_0,stitch,-1
0.1674837676506797,-1.5611294864313372,36084.501352804014,csgo_stitch_0,stitch,-1
0.1647577136642155,-1.6933582624916692,36100.12635260029,csgo_stitch_0,stitch,-1
0.1615504825601874,-1.539574461941262,36115.75135244022,csgo_stitch_0,stitch,-1
0.1591191432527807,-1.3417407629941265,36131.37635226559,csgo_stitch_0,stitch,-1
0.1575437450098036,-1.3858631063102855,36147.00135207642,csgo_stitch_0,stitch,-1
0.1561608506798393,-1.011955819637464,36162.62635191635,csgo_stitch_0,stitch,-1
0.111005274782201,-0.8580071148079016,36178.251351741725,csgo_stitch_0,stitch,-1
0.088516754870227,-0.6380249336585448,36193.8763515671,csgo_stitch_0,stitch,-1
-0.0001438310936237,-0.3959977012977473,36209.50135140703,csgo_stitch_0,stitch,-1
-0.0222733599913169,-0.439991465032711,36225.126351203304,csgo_stitch_0,stitch,-1
-0.1769699737073438,-0.5059783303013532,36240.75135104323,csgo_stitch_0,stitch,-1
-0.2872039086235247,-0.286075891193601,36256.37635088316,csgo_stitch_0,stitch,-1
-0.3314238376936771,0.0217478435723013,36272.00135070854,csgo_stitch_0,stitch,-1
-0.1332283637447631,0.5058026540453602,36287.62635051936,csgo_stitch_0,stitch,-1
-0.1122932633336972,1.011717433275498,36303.25135035929,csgo_stitch_0,stitch,-1
-0.1145808834036756,1.6275387711014035,36318.87635018467,csgo_stitch_0,stitch,-1
-0.0796555654798112,-3.4390813328818055,36334.87635018467,csgo_stitch_0,stitch,-1
-0.0027126631856333,-3.925879022516021,36350.50135047571,csgo_stitch_0,stitch,-1
0.0540800107354186,-5.019087742350781,36366.126350770384,csgo_stitch_0,stitch,-1
0.0528332154455029,-5.665818912788321,36381.751351057785,csgo_stitch_0,stitch,-1
0.061900615981159,-6.150586982854453,36397.37635134882,csgo_stitch_0,stitch,-1
0.0985679842818001,-6.635377807067009,36413.00135163986,csgo_stitch_0,stitch,-1
0.1840746733655294,-6.836638623679791,36428.62635192726,csgo_stitch_0,stitch,-1
0.3977025279310169,-6.975749664033794,36444.2513522183,csgo_stitch_0,stitch,-1
0.4319416115785088,-5.535952290508098,36459.87635250934,csgo_stitch_0,stitch,-1
0.3746209550395463,-4.360451369323263,36475.50135280038,csgo_stitch_0,stitch,-1
0.3092311499339075,-2.4799640978660733,36491.126353091415,csgo_stitch_0,stitch,-1
0.3353996975893949,-1.0844013263669172,36506.75135338245,csgo_stitch_0,stitch,-1
0.1680268801389672,0.0033142143163598,36522.37635366985,csgo_stitch_0,stitch,-1
0.0,0.0,36538.00135396089,csgo_stitch_0,stitch,-1
0.0,0.0,36553.62635425193,csgo_stitch_0,stitch,-1
0.0,0.0,36569.25135454297,csgo_stitch_0,stitch,-1
0.0,0.0,36584.87635483401,csgo_stitch_0,stitch,-1
0.0,0.0,36600.501355125045,csgo_stitch_0,stitch,-1
0.0,0.0,36616.12635541608,csgo_stitch_0,stitch,-1
0.0,0.0,36631.75135570348,csgo_stitch_0,stitch,-1
0.0,0.0,36647.37635599088,csgo_stitch_0,stitch,-1
0.0,0.0,36663.00135628556,csgo_stitch_0,stitch,-1
0.0,0.0,36678.6263565766,csgo_stitch_0,stitch,-1
-0.2913837395964833,0.9232062770367122,36694.25135686764,csgo_stitch_0,stitch,-1
0.0303693737977823,-0.4840781560715879,36709.87635716231,csgo_stitch_0,stitch,-1
0.1957098572567872,-2.19693982974942,36725.501357446075,csgo_stitch_0,stitch,-1
0.3928123799963998,-4.027915683184862,36741.126357737114,csgo_stitch_0,stitch,-1
0.3638652593693336,-4.348984946077298,36756.75135802815,csgo_stitch_0,stitch,-1
0.4148619763272165,-5.4354119562128815,36772.37635831919,csgo_stitch_0,stitch,-1
0.5145953232091642,-5.692528443231197,36788.00135861023,csgo_stitch_0,stitch,-1
0.5952436906766536,-5.567409029034714,36803.62635890127,csgo_stitch_0,stitch,-1
0.6715126925131756,-4.5731932700749525,36819.25135918867,csgo_stitch_0,stitch,-1
0.9215324872347992,-3.524306641715185,36834.876359479706,csgo_stitch_0,stitch,-1
0.7900920846343524,-1.5848053526336372,36850.501359767106,csgo_stitch_0,stitch,-1
0.0449934236529543,-0.0574169965642354,36866.12636006178,csgo_stitch_0,stitch,-1
0.0,0.0,36881.75136035282,csgo_stitch_0,stitch,-1
0.0,0.0,36897.37636064386,csgo_stitch_0,stitch,-1
0.0,0.0,36913.00136093126,csgo_stitch_0,stitch,-1
0.0,0.0,36928.6263612223,csgo_stitch_0,stitch,-1
0.0,0.0,36944.251361513336,csgo_stitch_0,stitch,-1
0.0,0.0,36959.876361804374,csgo_stitch_0,stitch,-1
0.0,0.0,36975.50136209541,csgo_stitch_0,stitch,-1
0.0,0.0,36991.12636238281,csgo_stitch_0,stitch,-1
0.0,0.0,37006.75136267385,csgo_stitch_0,stitch,-1
-0.7516388429133087,0.2889709316214706,37022.37636296489,csgo_stitch_0,stitch,-1
-0.2623142751248224,-0.9112964246163032,37038.00136325593,csgo_stitch_0,stitch,-1
0.2535717753865469,-2.1551110157233424,37053.62636354333,csgo_stitch_0,stitch,-1
0.931058261945168,-4.062875407893664,37069.251363838,csgo_stitch_0,stitch,-1
1.2402836520348046,-4.070693543352938,37084.87636412904,csgo_stitch_0,stitch,-1
1.9029071746176385,-4.7362009626125285,37100.50136442008,csgo_stitch_0,stitch,-1
3.35503896217557,-5.124679390469353,37116.12636470748,csgo_stitch_0,stitch,-1
5.7711249770297,-4.8123195035301904,37131.75136500216,csgo_stitch_0,stitch,-1
8.532280412890287,-3.7683742914755953,37147.37636528956,csgo_stitch_0,stitch,-1
14.291855894213398,-2.807063913495611,37163.00136558059,csgo_stitch_0,stitch,-1
23.078140642816265,-1.5263810793280896,37178.626365871634,csgo_stitch_0,stitch,-1
20.842166455927384,-0.2391964852415071,37194.25136616267,csgo_stitch_0,stitch,-1
5.388324718937099,0.1687641224583558,37209.87636645007,csgo_stitch_0,stitch,-1
0.0,0.0,37225.50136674111,csgo_stitch_0,stitch,-1
0.0,0.0,37241.12636703215,csgo_stitch_0,stitch,-1
0.0,0.0,37256.75136732319,csgo_stitch_0,stitch,-1
0.0,0.0,37272.376367614226,csgo_stitch_0,stitch,-1
0.0,0.0,37288.001367905264,csgo_stitch_0,stitch,-1
0.0,0.0,37303.626368192665,csgo_stitch_0,stitch,-1
0.0,0.0,37319.2513684837,csgo_stitch_0,stitch,-1
0.0,0.0,37334.87636877838,csgo_stitch_0,stitch,-1
0.0,0.0,37350.50136906578,csgo_stitch_0,stitch,-1
-2.2164921717536004,-0.0679347167555874,37366.12636935682,csgo_stitch_0,stitch,-1
-5.3077618760456176,-0.195115524554609,37381.751369647856,csgo_stitch_0,stitch,-1
6.945652706127362,-0.0840297866445354,37397.37636993526,csgo_stitch_0,stitch,-1
15.254568388801973,0.1979275772339832,37413.001370226295,csgo_stitch_0,stitch,-1
19.405001368753577,0.8019879377102939,37428.62637051733,csgo_stitch_0,stitch,-1
8.989382236983204,0.6800853779826639,37444.25137080837,csgo_stitch_0,stitch,-1
7.256435234533882,0.7038645530104191,37459.87637109941,csgo_stitch_0,stitch,-1
3.658161497739542,0.3845407344554843,37475.501371394086,csgo_stitch_0,stitch,-1
2.751093591588756,0.302492809708994,37491.12637167785,csgo_stitch_0,stitch,-1
2.1516548783045835,0.3173982277005223,37506.75137196889,csgo_stitch_0,stitch,-1
2.0244368903099144,0.3901928649772799,37522.376372259925,csgo_stitch_0,stitch,-1
1.216461307406064,0.2588062262031627,37538.00137255096,csgo_stitch_0,stitch,-1
1.193677503705317,0.2807451942450285,37553.626372842,csgo_stitch_0,stitch,-1
1.5928045258796146,0.4083657588209775,37569.25137313304,csgo_stitch_0,stitch,-1
1.3673914711463624,0.4402283714611315,37584.87637342044,csgo_stitch_0,stitch,-1
0.9589207143272348,0.3108797711573174,37600.50137371148,csgo_stitch_0,stitch,-1
0.5138590257089106,0.1851512687004657,37616.12637400252,csgo_stitch_0,stitch,-1
0.0386011502874907,0.0191882467877491,37631.751374293555,csgo_stitch_0,stitch,-1
0.0,0.0,37647.37637458459,csgo_stitch_0,stitch,-1
0.1148613492946992,0.0575980524075987,37663.00137487563,csgo_stitch_0,stitch,-1
0.3363650962050428,0.1730324247478449,37678.62637517031,csgo_stitch_0,stitch,-1
0.3950721258181033,0.2119203040769974,37694.25137545407,csgo_stitch_0,stitch,-1
0.5121224214541371,0.2896891719094867,37709.87637574511,csgo_stitch_0,stitch,-1
0.3573386209403111,0.212942790685247,37725.50137603615,csgo_stitch_0,stitch,-1
0.5982864944296011,0.4520264337900954,37741.126376327185,csgo_stitch_0,stitch,-1
0.6765199003757232,0.4672554761065157,37756.751376618224,csgo_stitch_0,stitch,-1
0.9393577406392808,0.7231919569133964,37772.37637690926,csgo_stitch_0,stitch,-1
0.6357245330700607,0.6325763846463133,37788.00137719666,csgo_stitch_0,stitch,-1
0.5150187171743426,0.5749657082578068,37803.6263774877,csgo_stitch_0,stitch,-1
0.1312157579576478,0.2211691399528064,37819.2513777751,csgo_stitch_0,stitch,-1
-0.2679659700654895,-0.0892712911679893,37834.87637806978,csgo_stitch_0,stitch,-1
-0.73834402150095,-0.3542327619733356,37850.501378360816,csgo_stitch_0,stitch,-1
-0.7792666743013115,-0.3519397856267119,37866.126378651854,csgo_stitch_0,stitch,-1
-0.279543634953427,-0.151050846049273,37881.751378939254,csgo_stitch_0,stitch,-1
-0.4681429288746699,-0.1399841702857287,37897.37637923393,csgo_stitch_0,stitch,-1
-0.7028027653111906,-0.230613671204793,37913.00137952133,csgo_stitch_0,stitch,-1
-0.337288013074783,-0.1687798259662116,37928.62637981237,csgo_stitch_0,stitch,-1
-0.0276791464416987,-0.0193562350006715,37944.25138010341,csgo_stitch_0,stitch,-1
-0.0933972186634832,0.0057852800438666,37959.87638039081,csgo_stitch_0,stitch,-1
-0.6448963098217462,-0.0225469516499856,37975.501380681846,csgo_stitch_0,stitch,-1
-1.8947155197787424,-0.2120562677523878,37991.12638097288,csgo_stitch_0,stitch,-1
-2.408286612687192,-0.3157435946211819,38006.75138126392,csgo_stitch_0,stitch,-1
-2.677316481121011,-0.3046164416320636,38022.37638155132,csgo_stitch_0,stitch,-1
-1.4879706853659798,-0.1341039962307348,38038.001381846,csgo_stitch_0,stitch,-1
-0.0955105071152218,0.0087794320203045,38053.62638213704,csgo_stitch_0,stitch,-1
-1.1363703067388258,0.0175501344202331,38069.25138242444,csgo_stitch_0,stitch,-1
-2.726106927775106,-0.11015610015356,38084.87638271547,csgo_stitch_0,stitch,-1
-2.7068348134103815,-0.140761225713291,38100.50138301015,csgo_stitch_0,stitch,-1
-1.3776739530034092,-0.0975323970428405,38116.12638329755,csgo_stitch_0,stitch,-1
0.0295092973025816,0.0447131510163671,38131.75138358859,csgo_stitch_0,stitch,-1
0.1765810713399958,0.1230342086541043,38147.37638387963,csgo_stitch_0,stitch,-1
-0.0654225153315053,0.2012722887671429,38163.00138416703,csgo_stitch_0,stitch,-1
-0.2656476679802608,0.3243401227275342,38178.62638445807,csgo_stitch_0,stitch,-1
-0.4711011900547248,0.4031198289676609,38194.25138474911,csgo_stitch_0,stitch,-1
-0.7450344801034987,0.5949235908749841,38209.876385040145,csgo_stitch_0,stitch,-1
-0.7921669967657863,0.3180328383032815,38225.50138533118,csgo_stitch_0,stitch,-1
-1.4537324362684672,0.3122222056454831,38241.12638562222,csgo_stitch_0,stitch,-1
-1.101315702467332,0.1409700619937979,38256.75138591326,csgo_stitch_0,stitch,-1
-2.1219167327651007,0.1103460191399108,38272.37638620066,csgo_stitch_0,stitch,-1
-2.1743666344736425,-0.0151310392904235,38288.0013864917,csgo_stitch_0,stitch,-1
-1.480845339860224,-0.0943581353934206,38303.62638678274,csgo_stitch_0,stitch,-1
-0.7454858440430598,-0.0864677222563869,38319.251387073775,csgo_stitch_0,stitch,-1
-0.0063888361715669,-0.1645812575160015,38335.251387073775,csgo_stitch_0,stitch,-1
-0.0021177169508064,-0.0548621457565872,38350.87638736481,csgo_stitch_0,stitch,-1
0.0,0.0,38366.50138759765,csgo_stitch_0,stitch,-1
0.0628951591471036,-0.0018657773124708,38382.12638785958,csgo_stitch_0,stitch,-1
0.0021509457770321,0.0548545917508107,38397.75138809241,csgo_stitch_0,stitch,-1
0.0086647152992611,0.2194282045313009,38413.37638835434,csgo_stitch_0,stitch,-1
-0.0587622410568542,0.1116068239048928,38429.001388587174,csgo_stitch_0,stitch,-1
0.0,0.0,38444.62638884911,csgo_stitch_0,stitch,-1
0.0,0.0,38460.25138908194,csgo_stitch_0,stitch,-1
0.0,0.0,38475.87638934387,csgo_stitch_0,stitch,-1
0.0,0.0,38491.501389576704,csgo_stitch_0,stitch,-1
0.0,0.0,38507.126389809535,csgo_stitch_0,stitch,-1
0.0,0.0,38522.75139007147,csgo_stitch_0,stitch,-1
0.0021594930120727,0.0548601991807018,38538.3763903043,csgo_stitch_0,stitch,-1
0.0675694778228717,0.1078126328812913,38554.001390566234,csgo_stitch_0,stitch,-1
0.0654762546363088,0.0529102633092826,38569.626390799065,csgo_stitch_0,stitch,-1
0.0022520891838837,0.0548528970550385,38585.251391061,csgo_stitch_0,stitch,-1
0.0,0.0,38600.87639129383,csgo_stitch_0,stitch,-1
0.0,0.0,38616.501391555765,csgo_stitch_0,stitch,-1
0.0,0.0,38632.126391788595,csgo_stitch_0,stitch,-1
0.0632966804401178,-0.0019794366066498,38647.75139205053,csgo_stitch_0,stitch,-1
0.0,0.0,38663.37639228336,csgo_stitch_0,stitch,-1
0.0,0.0,38679.001392545295,csgo_stitch_0,stitch,-1
0.0,0.0,38694.626392778126,csgo_stitch_0,stitch,-1
0.0609727339190158,-0.0568492567692899,38710.25139304006,csgo_stitch_0,stitch,-1
-0.0023145777531681,-0.0548412544350398,38725.87639327289,csgo_stitch_0,stitch,-1
0.0,0.0,38741.501393534825,csgo_stitch_0,stitch,-1
0.0,0.0,38757.126393767656,csgo_stitch_0,stitch,-1
0.0,0.0,38772.75139400049,csgo_stitch_0,stitch,-1
0.0,0.0,38788.37639426242,csgo_stitch_0,stitch,-1
0.0,0.0,38804.00139449525,csgo_stitch_0,stitch,-1
0.0632231682613451,-0.002028607005613,38819.626394757186,csgo_stitch_0,stitch,-1
0.0,0.0,38835.25139499002,csgo_stitch_0,stitch,-1
0.1872083094172012,-0.0610928325154063,38850.87639525195,csgo_stitch_0,stitch,-1
0.1263536102421483,-0.0043161141154328,38866.50139548478,csgo_stitch_0,stitch,-1
0.1973768280158765,0.1576972250810477,38882.12639574672,csgo_stitch_0,stitch,-1
0.137397472703725,0.214506561045475,38897.75139597955,csgo_stitch_0,stitch,-1
0.1408959599719423,0.2690691911421368,38913.37639624148,csgo_stitch_0,stitch,-1
0.1388349841923855,0.2140685260783676,38929.00139647431,csgo_stitch_0,stitch,-1
0.1334408093638615,0.1043515555012,38944.62639673625,csgo_stitch_0,stitch,-1
0.0,0.0,38960.25139696908,csgo_stitch_0,stitch,-1
0.0,0.0,38975.87639723101,csgo_stitch_0,stitch,-1
0.0,0.0,38991.50139746384,csgo_stitch_0,stitch,-1
0.0,0.0,39007.12639772578,csgo_stitch_0,stitch,-1
0.0,0.0,39022.75139795861,csgo_stitch_0,stitch,-1
0.0,0.0,39038.37639819144,csgo_stitch_0,stitch,-1
0.0,0.0,39054.00139845337,csgo_stitch_0,stitch,-1
0.0,0.0,39069.6263986862,csgo_stitch_0,stitch,-1
0.0,0.0,39085.25139894814,csgo_stitch_0,stitch,-1
-0.012052710942811,-0.2190073570658803,39100.87639918097,csgo_stitch_0,stitch,-1
-0.0148810233384608,-0.2737652930896637,39116.5013994429,csgo_stitch_0,stitch,-1
-0.0721781493222408,-0.161733047830598,39132.12639967573,csgo_stitch_0,stitch,-1
-0.2094298840131045,-0.3760340897808127,39147.75139993767,csgo_stitch_0,stitch,-1
-0.1395144078821317,-0.2692254409392802,39163.3764001705,csgo_stitch_0,stitch,-1
-0.0733076368896092,-0.2168883969103596,39179.00140043243,csgo_stitch_0,stitch,-1
-0.012776670511954,-0.2739981405523508,39194.626400665264,csgo_stitch_0,stitch,-1
-0.0225529139102604,-0.493232013684814,39210.2514009272,csgo_stitch_0,stitch,-1
0.1642714277375034,-0.4998079898649159,39225.87640116003,csgo_stitch_0,stitch,-1
0.0988485051273926,-0.5523318606374055,39241.50140142196,csgo_stitch_0,stitch,-1
-0.0049764137455383,-0.1095515405931308,39257.126401654794,csgo_stitch_0,stitch,-1
-0.0592602789988916,0.0569819684947603,39272.75140191673,csgo_stitch_0,stitch,-1
-0.3520816954698489,0.4512247845930126,39288.37640214956,csgo_stitch_0,stitch,-1
-0.0504235104846202,0.2761676666280017,39304.00140238239,csgo_stitch_0,stitch,-1
0.0,0.0,39319.62640264432,csgo_stitch_0,stitch,-1
0.0,0.0,39335.251402877155,csgo_stitch_0,stitch,-1
0.0,0.0,39350.87640313909,csgo_stitch_0,stitch,-1
0.0,0.0,39366.50140337192,csgo_stitch_0,stitch,-1
0.0,0.0,39382.126403633854,csgo_stitch_0,stitch,-1
0.0,0.0,39397.751403866685,csgo_stitch_0,stitch,-1
0.0,0.0,39413.37640412862,csgo_stitch_0,stitch,-1
0.0,0.0,39429.00140436145,csgo_stitch_0,stitch,-1
0.0,0.0,39444.626404623385,csgo_stitch_0,stitch,-1
0.0,0.0,39460.251404856215,csgo_stitch_0,stitch,-1
0.0,0.0,39475.87640511815,csgo_stitch_0,stitch,-1
-0.2420099099765309,0.1725646341835798,39491.50140535098,csgo_stitch_0,stitch,-1
-0.5585190994661673,0.0714642185287175,39507.126405612915,csgo_stitch_0,stitch,-1
-0.197973613133513,-0.3242798665993831,39522.751405845745,csgo_stitch_0,stitch,-1
-0.0797824684391912,-0.5473441913350676,39538.376406078576,csgo_stitch_0,stitch,-1
-0.0120583832232341,-0.3842504454556099,39554.00140634051,csgo_stitch_0,stitch,-1
-0.008466053909359,-0.2744646879733672,39569.62640657334,csgo_stitch_0,stitch,-1
0.0563582746519841,-0.1661766386071228,39585.25140683528,csgo_stitch_0,stitch,-1
0.1192557903252975,-0.1128532468736267,39600.876407068106,csgo_stitch_0,stitch,-1
0.11903885488843,-0.1129280717726928,39616.50140733004,csgo_stitch_0,stitch,-1
0.0594379865964072,-0.0564916057200974,39632.12640756287,csgo_stitch_0,stitch,-1
0.0612252308319796,-0.0016469161460257,39647.751407824806,csgo_stitch_0,stitch,-1
0.0,0.0,39663.37640805764,csgo_stitch_0,stitch,-1
0.0,0.0,39679.00140831957,csgo_stitch_0,stitch,-1
0.0,0.0,39694.6264085524,csgo_stitch_0,stitch,-1
-0.001840266559725,-0.0548626818461635,39710.251408814336,csgo_stitch_0,stitch,-1
0.0,0.0,39725.87640904717,csgo_stitch_0,stitch,-1
0.0593310862270755,-0.0565263441856664,39741.5014093091,csgo_stitch_0,stitch,-1
0.3588820285545466,-0.2298580947950519,39757.12640954193,csgo_stitch_0,stitch,-1
0.4771911982276435,-0.2893229941015889,39772.75140980387,csgo_stitch_0,stitch,-1
0.4190132340123398,-0.1788488656187041,39788.3764100367,csgo_stitch_0,stitch,-1
0.3546212348464621,-0.2322782756759807,39804.00141026953,csgo_stitch_0,stitch,-1
0.1768392390046358,-0.1163748350273827,39819.62641053146,csgo_stitch_0,stitch,-1
0.1159811930104126,-0.1141378694936463,39835.25141076429,csgo_stitch_0,stitch,-1
-0.0026045377617265,-0.0547001091471841,39850.87641102623,csgo_stitch_0,stitch,-1
-0.0025970737881664,-0.0547043921359176,39866.50141125906,csgo_stitch_0,stitch,-1
0.0578810040951225,-0.0570744780866157,39882.12641152099,csgo_stitch_0,stitch,-1
0.0,0.0,39897.75141175382,csgo_stitch_0,stitch,-1
0.0,0.0,39913.37641201576,csgo_stitch_0,stitch,-1
0.0,0.0,39929.00141224859,csgo_stitch_0,stitch,-1
-0.1209427318400457,0.0047176903292687,39944.62641251052,csgo_stitch_0,stitch,-1
-0.0579385974180581,0.0570400519371503,39960.25141274335,csgo_stitch_0,stitch,-1
-0.1135137907514263,0.1687633785596745,39975.87641300529,csgo_stitch_0,stitch,-1
-0.1162483882296783,0.1139986745158516,39991.50141323812,csgo_stitch_0,stitch,-1
-0.1164438084449273,0.1139413482154552,40007.12641350005,csgo_stitch_0,stitch,-1
-0.119027687317839,0.0591297628040514,40022.75141373288,csgo_stitch_0,stitch,-1
-0.1214720228136911,0.0042829067727971,40038.37641399482,csgo_stitch_0,stitch,-1
-0.1214793574941666,0.0041830079205169,40054.00141422765,csgo_stitch_0,stitch,-1
-0.182235688216906,0.0060867041840388,40069.62641446048,csgo_stitch_0,stitch,-1
-0.1278933172077074,-0.1604786393511439,40085.251414722414,csgo_stitch_0,stitch,-1
5.919222827688799,-0.0066435937385733,40101.251414722414,csgo_stitch_0,stitch,-1
13.763800535071397,-0.2162847823005478,40116.87641352916,csgo_stitch_0,stitch,-1
8.966688708488533,-2.7405268657102084,40148.12641114264,csgo_stitch_0,stitch,-1
11.21157305523775,-8.553304186939542,40163.75140992028,csgo_stitch_0,stitch,-1
5.111456838737723,-11.117244956273346,40179.37640874158,csgo_stitch_0,stitch,-1
1.7888759122672298,-13.506308988039727,40195.00140753377,csgo_stitch_0,stitch,-1
0.323654263776433,-12.6465577395352,40210.62640634051,csgo_stitch_0,stitch,-1
-0.009081102677328,-12.742816529386022,40226.2514051327,csgo_stitch_0,stitch,-1
-0.8514841685955901,-13.0254740477246,40241.876403939445,csgo_stitch_0,stitch,-1
-0.6651394512151398,-11.637367313931447,40257.501402731636,csgo_stitch_0,stitch,-1
-0.6666660419404593,-9.463895698719195,40273.12640153838,csgo_stitch_0,stitch,-1
-0.7277370823206013,-6.712477162133823,40288.75140033057,csgo_stitch_0,stitch,-1
-0.4515231402700408,-4.251492691607087,40304.37639913731,csgo_stitch_0,stitch,-1
-0.1955217391595454,-1.959463942988851,40320.0013979295,csgo_stitch_0,stitch,-1
-0.0541175391433057,-0.3385434731198167,40335.62639673625,csgo_stitch_0,stitch,-1
0.0,0.0,40351.25139552844,csgo_stitch_0,stitch,-1
0.1001174946611058,-0.0121965029159518,40366.87639433518,csgo_stitch_0,stitch,-1
0.200306440184022,-0.0241663138635317,40382.50139314192,csgo_stitch_0,stitch,-1
0.4486263242917516,-0.3988728803828287,40398.126391934115,csgo_stitch_0,stitch,-1
0.0741655269561931,-0.1816943064120941,40413.75139074086,csgo_stitch_0,stitch,-1
0.1884819144673031,-0.1084736636020231,40429.37638953305,csgo_stitch_0,stitch,-1
0.0,0.0,40445.00138833979,csgo_stitch_0,stitch,-1
0.1009348531650573,-0.0116489169020397,40460.62638713198,csgo_stitch_0,stitch,-1
0.0260852976558396,0.1701680761466306,40476.251385938725,csgo_stitch_0,stitch,-1
0.40268423625443,0.6475564351194301,40491.87638473092,csgo_stitch_0,stitch,-1
0.6520028565657867,1.0569594976834438,40507.50138355221,csgo_stitch_0,stitch,-1
0.6072710179644218,1.6733555332986183,40523.12638232985,csgo_stitch_0,stitch,-1
0.7013963727649468,1.9309041182882216,40538.751381151145,csgo_stitch_0,stitch,-1
0.4209729879893586,1.3529595123899265,40554.376379928784,csgo_stitch_0,stitch,-1
0.2295868404495422,0.4160444548130648,40570.00137873553,csgo_stitch_0,stitch,-1
0.4103421842922898,0.317024304049287,40585.62637755682,csgo_stitch_0,stitch,-1
0.8759979758105487,0.2007733544129486,40601.25137633446,csgo_stitch_0,stitch,-1
0.9741234877372448,0.2879132356153135,40616.87637515576,csgo_stitch_0,stitch,-1
0.8698711622625126,0.2132821106025133,40632.501373933395,csgo_stitch_0,stitch,-1
1.3446884365492051,0.2846281875272716,40648.12637275469,csgo_stitch_0,stitch,-1
1.0595629118616046,0.3949471746245798,40663.751371575985,csgo_stitch_0,stitch,-1
1.1416840332727816,0.2249306036984357,40679.376370353624,csgo_stitch_0,stitch,-1
0.6623791915375534,0.0693057638853638,40695.00136916037,csgo_stitch_0,stitch,-1
1.0384606246804822,0.0641448574223915,40710.62636795256,csgo_stitch_0,stitch,-1
0.3767517993859712,-0.0070304346742773,40726.2513667593,csgo_stitch_0,stitch,-1
0.93956816578347,-0.1898436983947213,40741.87636558059,csgo_stitch_0,stitch,-1
1.2267727666766175,0.0774713949331982,40757.501364358235,csgo_stitch_0,stitch,-1
1.0364262090629095,0.5259935654947405,40773.12636317953,csgo_stitch_0,stitch,-1
0.5619993656933673,0.3534872500698149,40788.75136195717,csgo_stitch_0,stitch,-1
1.299834843666105,0.9777919242788258,40804.376360778464,csgo_stitch_0,stitch,-1
1.4649802848687727,1.25222325489732,40820.001359570655,csgo_stitch_0,stitch,-1
1.179253321623975,0.9023416587284744,40835.6263583774,csgo_stitch_0,stitch,-1
0.9935726234600964,0.63871286832849,40851.25135716959,csgo_stitch_0,stitch,-1
0.7136228217127041,0.6331806275375289,40866.87635597633,csgo_stitch_0,stitch,-1
0.5306322296534347,0.5408841742320316,40882.50135476852,csgo_stitch_0,stitch,-1
0.0739396618999705,0.5268708563847806,40898.126353575266,csgo_stitch_0,stitch,-1
0.076921894954296,0.4393923539811109,40913.75135238201,csgo_stitch_0,stitch,-1
-0.0135343141408554,0.4366473761151823,40929.3763511742,csgo_stitch_0,stitch,-1
-0.01307294744322,0.4366623260310991,40945.00134998094,csgo_stitch_0,stitch,-1
-0.0025590335804679,0.0873329949856245,40960.626348773134,csgo_stitch_0,stitch,-1
0.0,0.0,40976.25134757988,csgo_stitch_0,stitch,-1
-0.0903814916643739,-0.0024837238850405,40991.87634637207,csgo_stitch_0,stitch,-1
-0.005000035082844,0.1747032105613577,41007.50134517881,csgo_stitch_0,stitch,-1
-0.0097845252175261,0.3494112906007753,41023.126343971,csgo_stitch_0,stitch,-1
-0.0995727270038457,0.3471319818542824,41038.751342777745,csgo_stitch_0,stitch,-1
-0.0068484852368726,0.2621193332825875,41054.376341569936,csgo_stitch_0,stitch,-1
-0.0110645403725015,0.4368697997165522,41070.00134037668,csgo_stitch_0,stitch,-1
-0.0064314374257037,0.2621283146892672,41085.62633916887,csgo_stitch_0,stitch,-1
-0.0062752896609481,0.2621303870743414,41101.25133797561,csgo_stitch_0,stitch,-1
-0.0040973425899153,0.1747562140117455,41116.87633678235,csgo_stitch_0,stitch,-1
-0.0099459671784245,0.4368961738383259,41132.50133557455,csgo_stitch_0,stitch,-1
0.1635785020922071,0.7026925686413534,41148.12633438129,csgo_stitch_0,stitch,-1
0.1621777990860096,0.7895960199425556,41163.75133317348,csgo_stitch_0,stitch,-1
0.5167798130396193,0.8829669431085811,41179.376331980224,csgo_stitch_0,stitch,-1
0.5163108685509599,0.8815250602725602,41195.001330772415,csgo_stitch_0,stitch,-1
0.4306747970509264,0.7043392458905862,41210.62632957916,csgo_stitch_0,stitch,-1
0.3437230342001953,0.6147636245287726,41226.25132837135,csgo_stitch_0,stitch,-1
0.2569416831967146,0.5256118880452147,41241.87632719264,csgo_stitch_0,stitch,-1
0.4314047390220992,0.7010322060055412,41257.50132597028,csgo_stitch_0,stitch,-1
0.3437605334788429,0.6984166540513588,41273.12632479158,csgo_stitch_0,stitch,-1
0.1683596359975752,0.6952170789310332,41288.75132356922,csgo_stitch_0,stitch,-1
0.4310763328643077,1.042805437248068,41304.37632237596,csgo_stitch_0,stitch,-1
0.2606175147728606,0.5206260060722843,41320.001321197255,csgo_stitch_0,stitch,-1
0.0875264389740664,0.0869427160651612,41335.626319974894,csgo_stitch_0,stitch,-1
0.0,0.0,41351.25131879619,csgo_stitch_0,stitch,-1
0.0,0.0,41366.87631757383,csgo_stitch_0,stitch,-1
0.0,0.0,41382.50131639512,csgo_stitch_0,stitch,-1
0.0,0.0,41398.12631521642,csgo_stitch_0,stitch,-1
0.0,0.0,41413.75131399406,csgo_stitch_0,stitch,-1
0.0,0.0,41429.37631281535,csgo_stitch_0,stitch,-1
0.0,0.0,41445.00131159299,csgo_stitch_0,stitch,-1
0.0,0.0,41460.62631039973,csgo_stitch_0,stitch,-1
0.0,0.0,41476.25130922103,csgo_stitch_0,stitch,-1
0.0,0.0,41491.87630799867,csgo_stitch_0,stitch,-1
0.0,0.0,41507.50130681996,csgo_stitch_0,stitch,-1
0.0,0.0,41523.1263055976,csgo_stitch_0,stitch,-1
0.0,0.0,41538.751304418896,csgo_stitch_0,stitch,-1
0.0,0.0,41554.37630321109,csgo_stitch_0,stitch,-1
0.0,0.0,41570.00130201783,csgo_stitch_0,stitch,-1
0.0,0.0,41585.62630081002,csgo_stitch_0,stitch,-1
0.0,0.0,41601.25129961677,csgo_stitch_0,stitch,-1
0.0,0.0,41616.876298408955,csgo_stitch_0,stitch,-1
0.0,0.0,41632.5012972157,csgo_stitch_0,stitch,-1
0.0,0.0,41648.12629602244,csgo_stitch_0,stitch,-1
0.0,0.0,41663.75129481463,csgo_stitch_0,stitch,-1
0.0,0.0,41679.376293621375,csgo_stitch_0,stitch,-1
-0.0880385792416404,-0.0005098206714957,41695.001292413566,csgo_stitch_0,stitch,-1
0.0,0.0,41710.62629122031,csgo_stitch_0,stitch,-1
0.0,0.0,41726.2512900125,csgo_stitch_0,stitch,-1
0.0,0.0,41741.87628881924,csgo_stitch_0,stitch,-1
0.0,0.0,41757.501287611434,csgo_stitch_0,stitch,-1
0.0,0.0,41773.12628641818,csgo_stitch_0,stitch,-1
0.0,0.0,41788.75128521037,csgo_stitch_0,stitch,-1
0.0,0.0,41804.37628401711,csgo_stitch_0,stitch,-1
0.0,0.0,41820.0012828093,csgo_stitch_0,stitch,-1
0.0,0.0,41835.626281616045,csgo_stitch_0,stitch,-1
0.0,0.0,41851.25128042279,csgo_stitch_0,stitch,-1
0.0,0.0,41866.87627921498,csgo_stitch_0,stitch,-1
0.0,0.0,41882.50127802172,csgo_stitch_0,stitch,-1
-0.0009475056948531,0.1728660464267482,41898.12627681391,csgo_stitch_0,stitch,-1
-0.0896155440158565,0.3453796981638568,41913.751275620656,csgo_stitch_0,stitch,-1
-0.0894313208436301,0.4320700515886885,41929.37627441285,csgo_stitch_0,stitch,-1
-0.0885559423935831,0.2593042028543948,41945.00127323414,csgo_stitch_0,stitch,-1
-0.0883312825565383,0.2594544845244705,41960.62627201178,csgo_stitch_0,stitch,-1
-9.541021896097844e-05,0.1730684600172909,41976.25127083307,csgo_stitch_0,stitch,-1
-0.1759651942933828,0.2597000800209552,41991.876269610715,csgo_stitch_0,stitch,-1
-0.1757573299137504,0.2599881957399906,42007.50126843201,csgo_stitch_0,stitch,-1
-0.0877238775572095,0.1734270285471288,42023.12626723875,csgo_stitch_0,stitch,-1
-0.0878323846283706,0.0868418162682149,42038.751266030944,csgo_stitch_0,stitch,-1
0.0001941153624898,0.0866777514752208,42054.37626483769,csgo_stitch_0,stitch,-1
-0.088008268842799,0.0002090916753495,42070.001263615326,csgo_stitch_0,stitch,-1
-0.0877916075396854,0.0869312129480098,42085.62626243662,csgo_stitch_0,stitch,-1
0.0,0.0,42101.62626243662,csgo_stitch_0,stitch,-1
0.0,0.0,42117.25126573627,csgo_stitch_0,stitch,-1
0.0,0.0,42132.87626903955,csgo_stitch_0,stitch,-1
0.0,0.0,42148.50127234284,csgo_stitch_0,stitch,-1
0.0,0.0,42164.12627564612,csgo_stitch_0,stitch,-1
0.2774061308255966,-0.4951973624285735,42179.75127894941,csgo_stitch_0,stitch,-1
0.16677219013755,-1.2650353648517465,42195.37628225269,csgo_stitch_0,stitch,-1
-0.1121007753563674,-1.4849781071304964,42211.001285555976,csgo_stitch_0,stitch,-1
-0.3390401407213517,-1.649638885145686,42226.62628885562,csgo_stitch_0,stitch,-1
-0.4574385319905616,-1.6486463924368664,42242.25129215891,csgo_stitch_0,stitch,-1
-0.6375580904352489,-1.756154948329543,42257.87629546219,csgo_stitch_0,stitch,-1
-0.5880583068595513,-1.3691583739159086,42273.50129876184,csgo_stitch_0,stitch,-1
-0.5323111655689559,-0.8728225260911309,42289.12630206876,csgo_stitch_0,stitch,-1
-0.4758979818161606,-0.6519789231262685,42304.75130537205,csgo_stitch_0,stitch,-1
-0.1778524770232366,-0.161686175167361,42320.37630867169,csgo_stitch_0,stitch,-1
-0.0582357264071333,0.0010582193947357,42336.00131197498,csgo_stitch_0,stitch,-1
-0.0559442539630481,0.1108823899557336,42351.62631527826,csgo_stitch_0,stitch,-1
-0.0535840767341255,0.22068438551252,42367.25131857791,csgo_stitch_0,stitch,-1
-0.111537321619977,0.2217710133414563,42382.87632188483,csgo_stitch_0,stitch,-1
-0.2260087367079108,0.2789571137674009,42398.50132518812,csgo_stitch_0,stitch,-1
-0.2215773697091094,0.4436825457323721,42414.1263284914,csgo_stitch_0,stitch,-1
-0.106659416214569,0.3864201864981069,42429.75133179105,csgo_stitch_0,stitch,-1
-0.1601275616351358,0.5521291534675257,42445.37633509433,csgo_stitch_0,stitch,-1
-0.0461545805897856,0.4947865643558558,42461.00133839762,csgo_stitch_0,stitch,-1
-0.1034505519800177,0.4959112482702927,42476.6263417009,csgo_stitch_0,stitch,-1
-0.1628118096755599,0.3873639149157437,42492.25134500419,csgo_stitch_0,stitch,-1
-0.0545947252499559,0.110841042459711,42507.87634830747,csgo_stitch_0,stitch,-1
-0.0558077610184,0.0560235576166032,42523.50135161076,csgo_stitch_0,stitch,-1
0.0,0.0,42539.1263549104,csgo_stitch_0,stitch,-1
0.0,0.0,42554.75135821005,csgo_stitch_0,stitch,-1
-0.002522022239674,-0.1096248952234084,42570.376361516974,csgo_stitch_0,stitch,-1
0.0545694393974258,-0.1108479829109274,42586.00136482026,csgo_stitch_0,stitch,-1
0.0533528825569078,-0.1656748285856331,42601.62636812354,csgo_stitch_0,stitch,-1
0.1081093709873073,-0.2765484558916196,42617.25137142683,csgo_stitch_0,stitch,-1
0.163155177221995,-0.3874436006507622,42632.876374726475,csgo_stitch_0,stitch,-1
0.2210797023566897,-0.3886402982210271,42648.50137802976,csgo_stitch_0,stitch,-1
0.2805428698257799,-0.3348394626844388,42664.12638133304,csgo_stitch_0,stitch,-1
0.2237498766765497,-0.3336019224695867,42679.75138463633,csgo_stitch_0,stitch,-1
0.2265581078528669,-0.2236971744261389,42695.376387939614,csgo_stitch_0,stitch,-1
0.2260795479976991,-0.2784437409761935,42711.0013912429,csgo_stitch_0,stitch,-1
0.2276612077115771,-0.22336489272584,42726.62639454618,csgo_stitch_0,stitch,-1
0.1131247254324989,-0.1665448165740173,42742.25139784583,csgo_stitch_0,stitch,-1
0.1713542873530684,-0.1673347730812935,42757.876401149115,csgo_stitch_0,stitch,-1
0.1127408736514894,-0.2213836517363816,42773.5014044524,csgo_stitch_0,stitch,-1
0.171978318554494,-0.1671605256555324,42789.12640775568,csgo_stitch_0,stitch,-1
0.1140762437739795,-0.1663259904307317,42804.75141105897,csgo_stitch_0,stitch,-1
0.0560007005613556,-0.1655844622501874,42820.376414362254,csgo_stitch_0,stitch,-1
0.1137262320068543,-0.2212277185583495,42836.00141766554,csgo_stitch_0,stitch,-1
-0.0028867299345733,-0.2198535928739424,42851.62642096155,csgo_stitch_0,stitch,-1
0.0541655356111618,-0.3304639610560294,42867.25142426847,csgo_stitch_0,stitch,-1
-0.0043677123700831,-0.329791453799853,42882.876427571755,csgo_stitch_0,stitch,-1
-0.0044546705684354,-0.3297886649529822,42898.50143087504,csgo_stitch_0,stitch,-1
-0.0060763461870294,-0.4397165541776147,42914.12643417832,csgo_stitch_0,stitch,-1
-0.1254134167480458,-0.4931672477227629,42929.75143748161,csgo_stitch_0,stitch,-1
-0.1282596148623724,-0.6029107419896604,42945.37644077762,csgo_stitch_0,stitch,-1
-0.0708960482941165,-0.6585761904361362,42961.00144408454,csgo_stitch_0,stitch,-1
-0.1329920028097149,-0.7124793798070748,42976.626447387825,csgo_stitch_0,stitch,-1
-0.1348433636060519,-0.712246298214243,42992.25145069111,csgo_stitch_0,stitch,-1
-0.200086499709613,-0.8207082506468169,43007.876453994395,csgo_stitch_0,stitch,-1
-0.3242931974994008,-0.7626684390313301,43023.50145729768,csgo_stitch_0,stitch,-1
-0.4610608963902223,-1.03290656492441,43039.12646060096,csgo_stitch_0,stitch,-1
-0.2680720788872577,-0.5970281327316869,43054.75146390061,csgo_stitch_0,stitch,-1
-0.3448009340615954,-0.86854364955596,43070.376467203896,csgo_stitch_0,stitch,-1
-0.0293124645876332,-0.7130148308327477,43086.00147050718,csgo_stitch_0,stitch,-1
-0.009235337947814,-0.2193872539923127,43101.626473810466,csgo_stitch_0,stitch,-1
0.0,0.0,43117.25147711375,csgo_stitch_0,stitch,-1
0.0,0.0,43132.87648042067,csgo_stitch_0,stitch,-1
0.0,0.0,43148.50148372032,csgo_stitch_0,stitch,-1
0.0,0.0,43164.12648701997,csgo_stitch_0,stitch,-1
0.0,0.0,43179.75149032325,csgo_stitch_0,stitch,-1
0.0,0.0,43195.376493626536,csgo_stitch_0,stitch,-1
0.0,0.0,43211.00149692982,csgo_stitch_0,stitch,-1
0.0,0.0,43226.62650023674,csgo_stitch_0,stitch,-1
0.0,0.0,43242.25150353639,csgo_stitch_0,stitch,-1
0.0,0.0,43257.87650683604,csgo_stitch_0,stitch,-1
0.0,0.0,43273.50151013932,csgo_stitch_0,stitch,-1
0.0,0.0,43289.12651344261,csgo_stitch_0,stitch,-1
0.0,0.0,43304.75151674589,csgo_stitch_0,stitch,-1
0.0,0.0,43320.376520049176,csgo_stitch_0,stitch,-1
0.0,0.0,43336.00152335246,csgo_stitch_0,stitch,-1
0.1125570816523691,-0.3331187305954053,43351.626526655746,csgo_stitch_0,stitch,-1
0.1040756386429961,-0.5525460602520411,43367.25152995539,csgo_stitch_0,stitch,-1
0.2240641406660586,-0.7759342486331384,43382.87653325868,csgo_stitch_0,stitch,-1
0.2810639418539722,-1.052151255879625,43398.50153656196,csgo_stitch_0,stitch,-1
0.0827948389103028,-1.2113799875646123,43414.126539868885,csgo_stitch_0,stitch,-1
-0.0522640530040519,-1.262620115874057,43429.75154316853,csgo_stitch_0,stitch,-1
-0.18867294581608,-1.203548853920175,43445.376546471816,csgo_stitch_0,stitch,-1
-0.1792553283121378,-0.8737026440168023,43461.00154977146,csgo_stitch_0,stitch,-1
-0.094406759330468,-0.491542417226718,43476.62655307475,csgo_stitch_0,stitch,-1
-0.0235501795498009,-0.4389213787326085,43492.25155637803,csgo_stitch_0,stitch,-1
-0.0149808164764806,-0.2743171880251296,43507.876559684955,csgo_stitch_0,stitch,-1
0.0576948000840218,-0.221838707610992,43523.5015629846,csgo_stitch_0,stitch,-1
0.0639254107880447,-0.1120796374759152,43539.12656628789,csgo_stitch_0,stitch,-1
-0.0059386399714753,-0.1097474224006802,43554.75156959117,csgo_stitch_0,stitch,-1
0.064180678756827,-0.1120650624504406,43570.37657289082,csgo_stitch_0,stitch,-1
0.0614579520523079,-0.1669245781274853,43586.0015761941,csgo_stitch_0,stitch,-1
0.0559339401159491,-0.276675078276746,43601.626579501026,csgo_stitch_0,stitch,-1
-0.017525858077704,-0.3292924094544744,43617.25158280067,csgo_stitch_0,stitch,-1
-0.0118448473611749,-0.2195281190654512,43632.87658610396,csgo_stitch_0,stitch,-1
0.0623441591675089,-0.1669340942560921,43648.50158940724,csgo_stitch_0,stitch,-1
-0.0088737475487334,-0.1646570873547759,43664.12659271053,csgo_stitch_0,stitch,-1
0.0597697863487383,-0.2218124086925144,43679.751596010174,csgo_stitch_0,stitch,-1
0.0542472349526974,-0.3315892701375276,43695.3765993171,csgo_stitch_0,stitch,-1
0.0517317986860064,-0.3864887042908123,43711.00160261674,csgo_stitch_0,stitch,-1
0.0492375041563377,-0.4413900385209501,43726.62660592003,csgo_stitch_0,stitch,-1
0.055563982898434,-0.3315948325510263,43742.25160922331,csgo_stitch_0,stitch,-1
-0.0177053938844835,-0.32940595692898,43757.8766125266,csgo_stitch_0,stitch,-1
-0.014981844827588,-0.2744903747958318,43773.50161582624,csgo_stitch_0,stitch,-1
-0.018256973520323,-0.3293927496534081,43789.12661912953,csgo_stitch_0,stitch,-1
-0.0154494457917166,-0.2744806148483931,43804.75162243645,csgo_stitch_0,stitch,-1
-0.0188282500757281,-0.3293762482261186,43820.3766257361,csgo_stitch_0,stitch,-1
-0.0223722561001125,-0.384266483063989,43836.00162903938,csgo_stitch_0,stitch,-1
-0.0261158875138391,-0.4391465523863758,43851.62663234267,csgo_stitch_0,stitch,-1
-0.0267155863253094,-0.4391373692072093,43867.25163564595,csgo_stitch_0,stitch,-1
-0.0238810680653784,-0.3842303081951215,43882.8766389456,csgo_stitch_0,stitch,-1
-0.0349571460465085,-0.5488893296884996,43898.50164224888,csgo_stitch_0,stitch,-1
-0.028699360160914,-0.4390886909471589,43914.12664555217,csgo_stitch_0,stitch,-1
-0.025663790346897,-0.3841984268772904,43929.751648855454,csgo_stitch_0,stitch,-1
-0.1097375570422514,-0.4364179363970635,43945.37665215874,csgo_stitch_0,stitch,-1
-0.0313350876794515,-0.4390109618316913,43961.00165546202,csgo_stitch_0,stitch,-1
-0.0280307737556597,-0.384123545803618,43976.62665876167,csgo_stitch_0,stitch,-1
-0.0410639399356114,-0.5487160212487794,43992.25166206859,csgo_stitch_0,stitch,-1
-0.0252324434536603,-0.3292188702728253,44007.87666536824,csgo_stitch_0,stitch,-1
-0.112987048877045,-0.3811747511044885,44023.50166867152,csgo_stitch_0,stitch,-1
-0.0267803856058037,-0.3291648208740909,44039.12667197481,csgo_stitch_0,stitch,-1
-0.0226914411719292,-0.2742950102575676,44054.751675278094,csgo_stitch_0,stitch,-1
-0.0276890373257288,-0.3291415578405718,44070.37667857774,csgo_stitch_0,stitch,-1
-0.0282019247094922,-0.3291314845897375,44086.001681881025,csgo_stitch_0,stitch,-1
-0.0481770848414839,-0.5485205139019698,44101.62668518431,csgo_stitch_0,stitch,-1
-0.0547516871746438,-0.6033404346417086,44117.251688487595,csgo_stitch_0,stitch,-1
-0.0514401632761121,-0.5484512866264453,44132.87669179088,csgo_stitch_0,stitch,-1
-0.0693585435238617,-0.7129278614727923,44148.50169509416,csgo_stitch_0,stitch,-1
-0.0723163127287023,-0.7128569502826636,44164.12669839381,csgo_stitch_0,stitch,-1
-0.0933177602207138,-0.877267988401897,44179.751701700734,csgo_stitch_0,stitch,-1
-0.0034482262700521,-0.8807681022329703,44195.37670500038,csgo_stitch_0,stitch,-1
0.0016828071507859,-0.8259753412170667,44211.001708303666,csgo_stitch_0,stitch,-1
-0.0982351488347319,-0.822326792954712,44226.62671160695,csgo_stitch_0,stitch,-1
-0.117777586304868,-0.9318252582500222,44242.251714910235,csgo_stitch_0,stitch,-1
-0.1251953382291333,-0.9316610005196324,44257.87671820988,csgo_stitch_0,stitch,-1
-0.0027213046750773,-0.7711979756705958,44273.501721516805,csgo_stitch_0,stitch,-1
-0.1375415058286933,-0.9314781688274536,44289.12672482009,csgo_stitch_0,stitch,-1
-0.0852027142591964,-0.5478307143244123,44304.751728119736,csgo_stitch_0,stitch,-1
-0.0706039317821307,-0.4382061502285665,44320.37673142302,csgo_stitch_0,stitch,-1
-0.0636410968110112,-0.3833981031203706,44336.001734726306,csgo_stitch_0,stitch,-1
-0.065454366695576,-0.3833519415940216,44351.62673802959,csgo_stitch_0,stitch,-1
-0.1942300255839484,-0.4334313447472482,44367.251741332875,csgo_stitch_0,stitch,-1
-0.1791432900412246,-0.3236428795946864,44382.87674463616,csgo_stitch_0,stitch,-1
-0.0008387250687178,-0.2771163161502592,44398.87674463616,csgo_stitch_0,stitch,-1
-0.0006042795176881,-0.2078378472270552,44414.50174431602,csgo_stitch_0,stitch,-1
-0.0004553110259166,-0.1616510663762911,44430.12674400315,csgo_stitch_0,stitch,-1
-0.000254440828769,-0.0923719253409887,44445.751743690285,csgo_stitch_0,stitch,-1
-0.0002501730569974,-0.0923719042992416,44461.37674337014,csgo_stitch_0,stitch,-1
-0.0003068991846362,-0.1154657920274147,44477.00174305728,csgo_stitch_0,stitch,-1
-0.0003595311197557,-0.1385573570647995,44492.626742737135,csgo_stitch_0,stitch,-1
-0.023657833674747,-0.1846882958570566,44508.25174242427,csgo_stitch_0,stitch,-1
-0.0236277567520915,-0.1846926688268206,44523.87674210413,csgo_stitch_0,stitch,-1
-0.0237495947032471,-0.2539790094277716,44539.50174179126,csgo_stitch_0,stitch,-1
-0.0237027674934324,-0.2539857976361981,44555.126741478394,csgo_stitch_0,stitch,-1
-0.0236998967582735,-0.2770858410474881,44570.75174115825,csgo_stitch_0,stitch,-1
-0.0004159697843988,-0.2309429819558799,44586.376740845386,csgo_stitch_0,stitch,-1
-0.0235024633811349,-0.207811247880302,44602.00174052525,csgo_stitch_0,stitch,-1
-0.0004693169915128,-0.3002290185964069,44617.62674021238,csgo_stitch_0,stitch,-1
-0.0237459364055325,-0.4387517446101143,44633.251739892235,csgo_stitch_0,stitch,-1
-0.0005714507331617,-0.4849602470299707,44648.87673957937,csgo_stitch_0,stitch,-1
-0.023544573611133,-0.4387661133551477,44664.5017392665,csgo_stitch_0,stitch,-1
-0.0233698586575599,-0.3233134713929355,44680.12673894636,csgo_stitch_0,stitch,-1
-0.0233315315367121,-0.3464157801839234,44695.751738633495,csgo_stitch_0,stitch,-1
-0.0232138571859081,-0.2078483269997064,44711.37673831335,csgo_stitch_0,stitch,-1
-0.0231751314047414,-0.1616605985027324,44727.00173800049,csgo_stitch_0,stitch,-1
-0.0231466450694597,-0.1154713329454251,44742.62673768762,csgo_stitch_0,stitch,-1
-0.0231660183585233,-0.2078589027077598,44758.25173736748,csgo_stitch_0,stitch,-1
-0.023177521745282,-0.4157162803514119,44773.87673705461,csgo_stitch_0,stitch,-1
7.582455111787567e-06,-0.62354807703209,44789.50173673447,csgo_stitch_0,stitch,-1
0.0001283762227046,-0.5542556995210765,44805.1267364216,csgo_stitch_0,stitch,-1
0.0002946263049352,-0.6466417339778251,44820.75173610146,csgo_stitch_0,stitch,-1
0.0005281220812776,-0.7390125203027684,44836.376735788595,csgo_stitch_0,stitch,-1
0.0012348766969694,-1.1547341300122604,44852.00173547573,csgo_stitch_0,stitch,-1
-0.1370947159267928,-1.2935287792514978,44867.62673515559,csgo_stitch_0,stitch,-1
-0.2300011495782143,-1.270689227254599,44883.25173484272,csgo_stitch_0,stitch,-1
-0.2077279677068588,-1.0166390981648634,44898.87673452258,csgo_stitch_0,stitch,-1
-0.0692259063393407,-0.4620878524449514,44914.50173420971,csgo_stitch_0,stitch,-1
0.0229516663098081,0.254137186150186,44930.12673389685,csgo_stitch_0,stitch,-1
0.1385887231213018,0.7162395040751433,44945.751733576704,csgo_stitch_0,stitch,-1
0.2311844225283152,0.7163688955415592,44961.37673326384,csgo_stitch_0,stitch,-1
0.300369468798408,0.6934173635165033,44977.001732943696,csgo_stitch_0,stitch,-1
0.2077068608110437,0.4622803582024977,44992.62673263083,csgo_stitch_0,stitch,-1
0.2306932061789268,0.4623509825394425,45008.25173231069,csgo_stitch_0,stitch,-1
0.1384387850742143,0.2312116081228841,45023.87673199782,csgo_stitch_0,stitch,-1
0.0925114495868228,0.046387584785541,45039.501731684955,csgo_stitch_0,stitch,-1
0.0464172287376811,-0.0460676892986211,45055.12673136481,csgo_stitch_0,stitch,-1
0.0465387934676471,-0.0922370411599535,45070.75173105195,csgo_stitch_0,stitch,-1
0.0001164036975751,-0.0461739034920096,45086.376730731805,csgo_stitch_0,stitch,-1
0.0461388560999864,0.0693772690965444,45102.00173041894,csgo_stitch_0,stitch,-1
0.0228629553225516,0.1154903866971683,45117.62673010607,csgo_stitch_0,stitch,-1
-5.772377869561751e-05,0.023085775902186,45133.25172978593,csgo_stitch_0,stitch,-1
0.046305551697884,0.0001165769834043,45148.876729473064,csgo_stitch_0,stitch,-1
0.2547470625740402,-0.0223974331510117,45164.50172915292,csgo_stitch_0,stitch,-1
0.2546878727282262,0.000764374405759,45180.126728840056,csgo_stitch_0,stitch,-1
0.1851489722828887,0.0236774603751013,45195.751728519914,csgo_stitch_0,stitch,-1
0.0922155202337933,0.1156730066299287,45211.37672820705,csgo_stitch_0,stitch,-1
0.0458336803415022,0.1385792954969553,45227.00172789418,csgo_stitch_0,stitch,-1
0.0225479439554874,0.1846355772341064,45242.62672757404,csgo_stitch_0,stitch,-1
-0.000427584457924,0.1384200778152062,45258.2517272539,csgo_stitch_0,stitch,-1
-0.0001386467076827,0.0461400299968115,45273.876726933755,csgo_stitch_0,stitch,-1
0.0001386467076827,-0.0461400299968115,45289.501726628165,csgo_stitch_0,stitch,-1
-0.0457834135762027,-0.161634870204129,45305.1267263153,csgo_stitch_0,stitch,-1
-0.0227779455844938,-0.1154290380353226,45320.75172599516,csgo_stitch_0,stitch,-1
0.0,0.0,45336.37672568229,csgo_stitch_0,stitch,-1
0.0231446819282155,7.451475542064045e-05,45352.00172536215,csgo_stitch_0,stitch,-1
0.1387911765468459,0.0235254071675745,45367.62672504928,csgo_stitch_0,stitch,-1
0.1620092673242652,0.0005564351476872,45383.25172472914,csgo_stitch_0,stitch,-1
0.0696846145460767,-0.0689410539688504,45398.876724416274,csgo_stitch_0,stitch,-1
0.0468185159581935,-0.1381987056568663,45414.50172410341,csgo_stitch_0,stitch,-1
0.0235138865616875,-0.0921551071568247,45430.126723783265,csgo_stitch_0,stitch,-1
0.0,0.0,45445.7517234704,csgo_stitch_0,stitch,-1
0.0,0.0,45461.37672315026,csgo_stitch_0,stitch,-1
-0.0229672014399966,-0.0462147985692622,45477.00172283739,csgo_stitch_0,stitch,-1
0.0005662791990346,-0.1383694522215997,45492.62672251725,csgo_stitch_0,stitch,-1
0.0003884859920333,-0.092246550150981,45508.25172220438,csgo_stitch_0,stitch,-1
0.0463191396663091,0.000197839122217,45523.87672189152,csgo_stitch_0,stitch,-1
-0.0001982534110709,0.0461206240335618,45539.501721571374,csgo_stitch_0,stitch,-1
0.0231585304992165,9.908615663878352e-05,45555.12672125851,csgo_stitch_0,stitch,-1
0.0231584138388711,9.93733506184924e-05,45570.751720938366,csgo_stitch_0,stitch,-1
0.0231583577294145,0.0001002923980477,45586.3767206255,csgo_stitch_0,stitch,-1
0.0466246635919276,-0.0689707112429403,45602.00172031263,csgo_stitch_0,stitch,-1
0.0699078064939158,-0.0919106951609496,45617.62671999249,csgo_stitch_0,stitch,-1
0.0695989363707099,-0.0227272898445987,45633.251719679625,csgo_stitch_0,stitch,-1
0.0230531099498705,0.0231642769441178,45648.87671935948,csgo_stitch_0,stitch,-1
0.0,0.0,45664.50171904662,csgo_stitch_0,stitch,-1
0.0,0.0,45680.126718726475,csgo_stitch_0,stitch,-1
-0.023163349803184,-0.0001100798193069,45695.75171841361,csgo_stitch_0,stitch,-1
0.0,0.0,45711.37671810802,csgo_stitch_0,stitch,-1
0.0,0.0,45727.00171778787,csgo_stitch_0,stitch,-1
0.0,0.0,45742.626717467734,csgo_stitch_0,stitch,-1
0.0467765377070463,-0.0919905375197549,45758.25171714759,csgo_stitch_0,stitch,-1
0.1172823942257821,-0.2760198663230708,45773.876716834726,csgo_stitch_0,stitch,-1
0.118152388573776,-0.3911425154365284,45789.50171652186,csgo_stitch_0,stitch,-1
0.1415255631845298,-0.367813345605354,45805.12671620172,csgo_stitch_0,stitch,-1
0.0707263894576897,-0.1608140872906336,45820.75171588885,csgo_stitch_0,stitch,-1
0.0,0.0,45836.37671556871,csgo_stitch_0,stitch,-1
-0.0006463591425074,0.0921618236081895,45852.00171525584,csgo_stitch_0,stitch,-1
-0.0004767084483319,0.0691213369110288,45867.6267149357,csgo_stitch_0,stitch,-1
-0.0001575752858968,0.0230397362096832,45883.251714622835,csgo_stitch_0,stitch,-1
0.0,0.0,45898.87671430997,csgo_stitch_0,stitch,-1
0.0,0.0,45914.50171398983,csgo_stitch_0,stitch,-1
0.0,0.0,45930.12671367696,csgo_stitch_0,stitch,-1
0.0001575752858968,-0.0230397362096832,45945.75171335682,csgo_stitch_0,stitch,-1
-0.0228857660436858,-0.046239492212079,45961.37671304395,csgo_stitch_0,stitch,-1
-0.0227262694739067,-0.0692834811593918,45977.001712731086,csgo_stitch_0,stitch,-1
-0.0460940858078231,-0.0464031702310236,45992.62671241094,csgo_stitch_0,stitch,-1
0.0,0.0,46008.25171209808,csgo_stitch_0,stitch,-1
0.0,0.0,46023.876711777935,csgo_stitch_0,stitch,-1
0.023367840030346,-0.0228833424528396,46039.50171146507,csgo_stitch_0,stitch,-1
0.0936632168154005,-0.114549293620672,46055.12671114493,csgo_stitch_0,stitch,-1
0.094601386353105,-0.2296916143955103,46070.75171083206,csgo_stitch_0,stitch,-1
0.0252412777454367,-0.253218912254229,46086.376710519195,csgo_stitch_0,stitch,-1
-0.0685781737691115,-0.1387856345141811,46102.00171019905,csgo_stitch_0,stitch,-1
-0.0933238130009215,0.0453374534932873,46117.626709886186,csgo_stitch_0,stitch,-1
-0.0716525359989077,0.2529306269974283,46133.25170956605,csgo_stitch_0,stitch,-1
-0.0710148991490768,0.1838474231242015,46148.87670925318,csgo_stitch_0,stitch,-1
-0.0233812891491709,0.0228816083111578,46164.50170894031,csgo_stitch_0,stitch,-1
0.0,0.0,46180.12670862017,csgo_stitch_0,stitch,-1
0.0232170991477005,0.0001629760175871,46195.7517083073,csgo_stitch_0,stitch,-1
0.0232176493762494,0.0001641277441297,46211.37670798716,csgo_stitch_0,stitch,-1
0.0464346194281688,0.0003305588910711,46227.001707674295,csgo_stitch_0,stitch,-1
0.022883700242346,0.0462515832421184,46242.62670735415,csgo_stitch_0,stitch,-1
0.0,0.0,46258.25170704129,csgo_stitch_0,stitch,-1
0.0228825106862018,0.0462501373612465,46273.87670672842,csgo_stitch_0,stitch,-1
0.0225518848174033,0.0923302570243658,46289.50170640828,csgo_stitch_0,stitch,-1
-0.0003265610741891,0.0460817033640532,46305.12670609541,csgo_stitch_0,stitch,-1
0.0230452764152744,0.0232033247500611,46320.75170577527,csgo_stitch_0,stitch,-1
0.0,0.0,46336.3767054624,csgo_stitch_0,stitch,-1
0.0001631234038939,-0.0230401838036469,46352.00170514226,csgo_stitch_0,stitch,-1
-0.0228818387449791,-0.0462448443104674,46367.62670482212,csgo_stitch_0,stitch,-1
0.0001643425801205,-0.0230411753215369,46383.25170451653,csgo_stitch_0,stitch,-1
0.0,0.0,46398.87670419639,csgo_stitch_0,stitch,-1
0.0,0.0,46414.50170388352,csgo_stitch_0,stitch,-1
0.0467562406904562,-0.0457494157211364,46430.12670356338,csgo_stitch_0,stitch,-1
0.0,0.0,46446.12670356338,csgo_stitch_0,stitch,-1
0.0,0.0,46461.751704363734,csgo_stitch_0,stitch,-1
0.0,0.0,46477.376705120434,csgo_stitch_0,stitch,-1
0.0,0.0,46493.001705877134,csgo_stitch_0,stitch,-1
0.0,0.0,46508.626706648385,csgo_stitch_0,stitch,-1
0.0,0.0,46524.25170741964,csgo_stitch_0,stitch,-1
0.0,0.0,46539.87670820544,csgo_stitch_0,stitch,-1
0.0,0.0,46555.50170896214,csgo_stitch_0,stitch,-1
0.0,0.0,46571.12670971884,csgo_stitch_0,stitch,-1
0.0,0.0,46586.75171050464,csgo_stitch_0,stitch,-1
0.0,0.0,46602.376711275894,csgo_stitch_0,stitch,-1
5.135095511695056,-1.2443272209841822,46618.001712047146,csgo_stitch_0,stitch,-1
5.771082593761776,-1.80257719084954,46633.6267128184,csgo_stitch_0,stitch,-1
3.0958745408737514,-1.2960433976827588,46649.2517136042,csgo_stitch_0,stitch,-1
2.673049719250685,-1.13848772665569,46664.8767143609,csgo_stitch_0,stitch,-1
2.891516337497393,-1.148301413605772,46680.5017151176,csgo_stitch_0,stitch,-1
3.5307787187726376,-1.437972479285989,46696.12671588885,csgo_stitch_0,stitch,-1
4.437440848698657,-2.0183008276001573,46711.7517166601,csgo_stitch_0,stitch,-1
4.020509204241762,-2.2972840185518137,46727.376717445906,csgo_stitch_0,stitch,-1
5.18285217532619,-2.9933656695977717,46743.001718202606,csgo_stitch_0,stitch,-1
4.792533559670034,-2.8347090442532945,46758.626718959305,csgo_stitch_0,stitch,-1
5.370955176371524,-3.3196672473992237,46774.25171974511,csgo_stitch_0,stitch,-1
6.052933395874476,-3.852487449908161,46789.87672051636,csgo_stitch_0,stitch,-1
4.83010771291984,-2.3147789298821024,46805.50172128761,csgo_stitch_0,stitch,-1
4.0843856850605675,-0.7349511039026169,46821.12672205886,csgo_stitch_0,stitch,-1
5.208089631229882,1.0463412102603726,46836.751722830115,csgo_stitch_0,stitch,-1
3.439387186899893,1.9497428676240744,46852.37672360137,csgo_stitch_0,stitch,-1
2.219644830529944,2.1078716995019846,46868.001724358066,csgo_stitch_0,stitch,-1
1.174620491823532,1.955869770996152,46883.62672512932,csgo_stitch_0,stitch,-1
0.576034435210687,1.9353380734501255,46899.25172590057,csgo_stitch_0,stitch,-1
0.2319920310122256,1.8386135802768135,46914.87672668637,csgo_stitch_0,stitch,-1
-0.1004341504166461,2.2570024996270206,46930.50172744307,csgo_stitch_0,stitch,-1
-0.3302688083820726,1.5174024443351328,46946.12672819977,csgo_stitch_0,stitch,-1
-0.6564574190982455,1.686479751565706,46961.751728985575,csgo_stitch_0,stitch,-1
-0.546766074360562,0.8924717958077295,46977.37672975683,csgo_stitch_0,stitch,-1
-0.3208043538215861,0.4357842267656266,46993.00173052808,csgo_stitch_0,stitch,-1
-0.2100526651263976,0.1591983023987353,47008.62673129933,csgo_stitch_0,stitch,-1
-0.1020585141239962,0.1037606510258655,47024.25173208513,csgo_stitch_0,stitch,-1
-0.1024950976649847,0.1036867498574025,47039.87673284183,csgo_stitch_0,stitch,-1
-0.1316803291263397,0.1786266104462299,47055.50173359853,csgo_stitch_0,stitch,-1
-0.129291443675271,0.2028152957040063,47071.126734369784,csgo_stitch_0,stitch,-1
-0.0976746308790268,0.1520431978444207,47086.751735141035,csgo_stitch_0,stitch,-1
-0.0687571467937289,0.0770230816269474,47102.37673592684,csgo_stitch_0,stitch,-1
-0.0986697330575339,0.1519364688113711,47118.00173668354,csgo_stitch_0,stitch,-1
-0.1817953470242059,0.1315043585813882,47133.62673744024,csgo_stitch_0,stitch,-1
-0.2195329351984867,0.1574757225458611,47149.25173822604,csgo_stitch_0,stitch,-1
-0.2609933526896952,0.1589216021302135,47164.87673899729,csgo_stitch_0,stitch,-1
-0.1505625738020626,0.0684844859098632,47180.501739768544,csgo_stitch_0,stitch,-1
-0.0850658644866086,0.0293897032312315,47196.12674053979,csgo_stitch_0,stitch,-1
-0.0458477796414626,0.0386693821135821,47211.7517413256,csgo_stitch_0,stitch,-1
-0.0417415743537219,0.0751836005398018,47227.3767420823,csgo_stitch_0,stitch,-1
-0.0061182710614104,0.1226022947986038,47243.001742839,csgo_stitch_0,stitch,-1
0.0088999532593732,0.164792353580168,47258.6267435957,csgo_stitch_0,stitch,-1
0.0082982025894011,0.1587109507012982,47274.2517443815,csgo_stitch_0,stitch,-1
0.0257682005200763,0.2191569704806184,47289.876745167305,csgo_stitch_0,stitch,-1
-0.0083441396472494,0.275661727324703,47305.501745924,csgo_stitch_0,stitch,-1
-0.0266865778105227,0.2091385524855553,47321.126746680704,csgo_stitch_0,stitch,-1
-0.0338867207098587,0.411337671495275,47336.75174746651,csgo_stitch_0,stitch,-1
-0.0131619096439976,0.3248246030351822,47352.37674823776,csgo_stitch_0,stitch,-1
-0.0019572051848228,0.4161605447758703,47368.00174900901,csgo_stitch_0,stitch,-1
-0.0170145015143532,0.380074193140679,47383.62674978026,csgo_stitch_0,stitch,-1
-0.0078251690339925,0.2818027619237071,47399.251750566065,csgo_stitch_0,stitch,-1
-0.0286929422331354,0.2030922899732061,47414.876751322765,csgo_stitch_0,stitch,-1
-0.0179462979825189,0.1169917937714402,47430.501752079464,csgo_stitch_0,stitch,-1
-0.0077959084472354,0.0247812169818928,47446.12675283616,csgo_stitch_0,stitch,-1
0.0,0.0,47461.75175362197,csgo_stitch_0,stitch,-1
0.0,0.0,47477.37675440777,csgo_stitch_0,stitch,-1
0.0048489901847688,0.0383629145889301,47493.00175516447,csgo_stitch_0,stitch,-1
0.1234547786841915,0.2006670626676907,47508.62675592117,csgo_stitch_0,stitch,-1
0.3567631812878744,0.4251478397314017,47524.25175670697,csgo_stitch_0,stitch,-1
0.7209968454141631,0.7385093534519953,47539.876757478225,csgo_stitch_0,stitch,-1
0.6590569992879693,1.3455103134782649,47555.50175824948,csgo_stitch_0,stitch,-1
0.1976372892645201,0.9829418184003984,47571.12675902073,csgo_stitch_0,stitch,-1
-0.4585999933917151,1.5686722763240155,47586.75175980653,csgo_stitch_0,stitch,-1
-0.4492395531113686,1.2345613680606888,47602.37676056323,csgo_stitch_0,stitch,-1
-0.6162934996015395,1.845259824130636,47618.00176131993,csgo_stitch_0,stitch,-1
-0.8141652859767419,1.95699280454474,47633.62676207663,csgo_stitch_0,stitch,-1
-1.3655786132858625,2.126906071668955,47649.251762862434,csgo_stitch_0,stitch,-1
-1.829579465258746,1.7858834659676717,47664.87676364824,csgo_stitch_0,stitch,-1
-2.7188213426592256,1.981236530301885,47680.50176440494,csgo_stitch_0,stitch,-1
-3.548966323294536,1.8749306149828584,47696.12676516163,csgo_stitch_0,stitch,-1
-2.924578449960052,1.0782904290941673,47711.75176594744,csgo_stitch_0,stitch,-1
-2.748283795303024,0.8385313420162248,47727.37676671869,csgo_stitch_0,stitch,-1
-1.2457834520951965,0.3903673042409394,47743.00176748994,csgo_stitch_0,stitch,-1
-0.0462960655142126,0.0538463629310825,47758.626768261194,csgo_stitch_0,stitch,-1
0.0,0.0,47774.251769047,csgo_stitch_0,stitch,-1
0.0,0.0,47789.8767698037,csgo_stitch_0,stitch,-1
0.1377942994655256,-0.1615500734592103,47805.5017705604,csgo_stitch_0,stitch,-1
0.3519837075342593,-0.4311526425889838,47821.1267713171,csgo_stitch_0,stitch,-1
0.6806020324225983,-0.917875207535758,47836.7517721029,csgo_stitch_0,stitch,-1
0.0146022730639572,-0.9483086979613944,47852.3767728887,csgo_stitch_0,stitch,-1
-0.0416143997716744,-1.1741186031477042,47868.0017736454,csgo_stitch_0,stitch,-1
-0.102460032429235,-1.0657924802418108,47883.626774416654,csgo_stitch_0,stitch,-1
0.0679763393872576,-1.055854140579413,47899.251775187906,csgo_stitch_0,stitch,-1
0.3947338206876338,-1.0909943890295182,47914.87677595916,csgo_stitch_0,stitch,-1
0.230820761335508,-0.8210912552816723,47930.50177671586,csgo_stitch_0,stitch,-1
0.3567283492062927,-0.8127039333717221,47946.12677750166,csgo_stitch_0,stitch,-1
0.1794446863026166,-0.4337886708766234,47961.751778287464,csgo_stitch_0,stitch,-1
0.0690808992289078,-0.1717711186688291,47977.37677902961,csgo_stitch_0,stitch,-1
0.0129660870611587,-0.0325408200983332,47993.00177980086,csgo_stitch_0,stitch,-1
0.0,0.0,48008.62678055756,csgo_stitch_0,stitch,-1
0.0,0.0,48024.251781343366,csgo_stitch_0,stitch,-1
0.0,0.0,48039.87678212917,csgo_stitch_0,stitch,-1
0.0,0.0,48055.50178288587,csgo_stitch_0,stitch,-1
-0.0096013930554477,0.0241121615748625,48071.12678364257,csgo_stitch_0,stitch,-1
0.0530073578097756,0.0278198851675597,48086.75178442837,csgo_stitch_0,stitch,-1
0.0,0.0,48102.37678519962,csgo_stitch_0,stitch,-1
0.0,0.0,48118.00178595632,csgo_stitch_0,stitch,-1
0.0,0.0,48133.62678674213,csgo_stitch_0,stitch,-1
0.0,0.0,48149.251787498826,csgo_stitch_0,stitch,-1
0.0,0.0,48164.87678828463,csgo_stitch_0,stitch,-1
0.0,0.0,48180.50178904133,csgo_stitch_0,stitch,-1
0.0,0.0,48196.12678979803,csgo_stitch_0,stitch,-1
0.0,0.0,48211.75179058383,csgo_stitch_0,stitch,-1
0.0,0.0,48227.376791369636,csgo_stitch_0,stitch,-1
0.1253211931964983,0.0073463351676679,48243.001792126335,csgo_stitch_0,stitch,-1
0.0720675354843649,-0.0204883514603295,48258.626792883035,csgo_stitch_0,stitch,-1
0.0,0.0,48274.25179368339,csgo_stitch_0,stitch,-1
0.0,0.0,48289.87679444009,csgo_stitch_0,stitch,-1
0.0,0.0,48305.50179519679,csgo_stitch_0,stitch,-1
0.0,0.0,48321.12679598259,csgo_stitch_0,stitch,-1
0.0,0.0,48336.75179673929,csgo_stitch_0,stitch,-1
0.0,0.0,48352.376797525096,csgo_stitch_0,stitch,-1
0.0,0.0,48368.001798281795,csgo_stitch_0,stitch,-1
0.0336553847527056,-0.0042261882585847,48383.626799038495,csgo_stitch_0,stitch,-1
0.1031989519439378,-0.0187438958050591,48399.2517998243,csgo_stitch_0,stitch,-1
0.0561176176674393,-0.0214767165267915,48414.8768006101,csgo_stitch_0,stitch,-1
0.0761778640102477,-0.0326859611102889,48430.5018013668,csgo_stitch_0,stitch,-1
0.0536194398586076,-0.0154811894682325,48446.12680213805,csgo_stitch_0,stitch,-1
0.037948191787251,-0.0163727476396502,48461.751802923856,csgo_stitch_0,stitch,-1
0.0044763889198975,-0.0120710089118603,48477.37680368056,csgo_stitch_0,stitch,-1
0.0,0.0,48493.001804437255,csgo_stitch_0,stitch,-1
0.0,0.0,48508.62680522306,csgo_stitch_0,stitch,-1
0.0022352150675146,-0.0060406225957621,48524.25180597976,csgo_stitch_0,stitch,-1
0.0155927178812191,0.0008624315161824,48539.87680676556,csgo_stitch_0,stitch,-1
0.0467803813866396,0.0025933874079839,48555.50180752226,csgo_stitch_0,stitch,-1
0.0823902581742004,-0.0077778493569837,48571.12680827896,csgo_stitch_0,stitch,-1
0.0445976880024261,0.0085901863702702,48586.751809064765,csgo_stitch_0,stitch,-1
0.0333824260259802,-0.0043419928190644,48602.376809836016,csgo_stitch_0,stitch,-1
0.0155993539490282,0.0008476609986871,48618.00181060727,csgo_stitch_0,stitch,-1
0.0,0.0,48633.62681137852,csgo_stitch_0,stitch,-1
0.0,0.0,48649.25181216432,csgo_stitch_0,stitch,-1
0.0,0.0,48664.87681292102,csgo_stitch_0,stitch,-1
0.0,0.0,48680.50181367772,csgo_stitch_0,stitch,-1
0.0,0.0,48696.126814463525,csgo_stitch_0,stitch,-1
0.0,0.0,48711.751815220225,csgo_stitch_0,stitch,-1
0.0,0.0,48727.37681600603,csgo_stitch_0,stitch,-1
0.0,0.0,48743.00181676273,csgo_stitch_0,stitch,-1
0.0,0.0,48758.62681751943,csgo_stitch_0,stitch,-1
0.0,0.0,48774.25181830523,csgo_stitch_0,stitch,-1
0.0,0.0,48789.87681907648,csgo_stitch_0,stitch,-1
0.0,0.0,48805.501819847734,csgo_stitch_0,stitch,-1
0.0,0.0,48821.126820618985,csgo_stitch_0,stitch,-1
0.0021750040543508,-0.0060378274163923,48836.75182140479,csgo_stitch_0,stitch,-1
0.0774802790281796,-0.0389386242947722,48852.37682216149,csgo_stitch_0,stitch,-1
-0.0445535661243639,-0.0085626496004351,48868.00182291819,csgo_stitch_0,stitch,-1
0.0116524932746528,-0.032622292021017,48883.62682370399,csgo_stitch_0,stitch,-1
0.2060325635706306,-0.1915661224736169,48899.25182446069,csgo_stitch_0,stitch,-1
-1.901955499761243e-07,0.051239671286287,48915.25182446069,csgo_stitch_0,stitch,-1
-0.0256204469902172,0.0512395381394193,48930.87682210328,csgo_stitch_0,stitch,-1
-0.0256202193023398,-2.4064573828086466e-07,48946.50181971677,csgo_stitch_0,stitch,-1
0.0,0.0,48962.12681733025,csgo_stitch_0,stitch,-1
0.0,0.0,48977.75181494374,csgo_stitch_0,stitch,-1
0.0,0.0,48993.376812557224,csgo_stitch_0,stitch,-1
0.0,0.0,49009.00181017071,csgo_stitch_0,stitch,-1
0.0,0.0,49024.62680778419,csgo_stitch_0,stitch,-1
0.0,0.0,49040.25180539768,csgo_stitch_0,stitch,-1
0.0256202193023398,2.4064573828086466e-07,49055.87680301117,csgo_stitch_0,stitch,-1
0.0,0.0,49071.501800624654,csgo_stitch_0,stitch,-1
0.0,0.0,49087.12679826724,csgo_stitch_0,stitch,-1
0.0,0.0,49102.75179588073,csgo_stitch_0,stitch,-1
0.0,0.0,49118.376793494215,csgo_stitch_0,stitch,-1
0.0,0.0,49134.0017911077,csgo_stitch_0,stitch,-1
0.0,0.0,49149.62678872119,csgo_stitch_0,stitch,-1
0.0,0.0,49165.25178633467,csgo_stitch_0,stitch,-1
0.0,0.0,49180.87678394816,csgo_stitch_0,stitch,-1
0.0,0.0,49196.501781561645,csgo_stitch_0,stitch,-1
0.0,0.0,49212.12677917513,csgo_stitch_0,stitch,-1
0.0,0.0,49227.75177678862,csgo_stitch_0,stitch,-1
0.0,0.0,49243.376774431206,csgo_stitch_0,stitch,-1
0.0,0.0,49259.00177204469,csgo_stitch_0,stitch,-1
0.0,0.0,49274.62676965818,csgo_stitch_0,stitch,-1
0.0,0.0,49290.251767271664,csgo_stitch_0,stitch,-1
0.0,0.0,49305.87676488515,csgo_stitch_0,stitch,-1
0.0,0.0,49321.50176249864,csgo_stitch_0,stitch,-1
0.0,0.0,49337.12676011212,csgo_stitch_0,stitch,-1
0.0,0.0,49352.751757696504,csgo_stitch_0,stitch,-1
0.0,0.0,49368.37675533909,csgo_stitch_0,stitch,-1
-0.0512407537962076,0.0256193029359831,49384.00175295258,csgo_stitch_0,stitch,-1
-0.1024811342788041,-1.8907926688793708e-06,49399.62675059517,csgo_stitch_0,stitch,-1
-0.0512412807465239,0.0256182522320874,49415.251748208655,csgo_stitch_0,stitch,-1
-0.1024814840462511,-3.735758021761182e-06,49430.87674582214,csgo_stitch_0,stitch,-1
-0.1024814425372824,-4.887425753163921e-06,49446.50174343563,csgo_stitch_0,stitch,-1
-0.128101899149442,-7.689244262920614e-06,49462.12674104911,csgo_stitch_0,stitch,-1
-0.1024794188737132,-0.0256253168770171,49477.7517386626,csgo_stitch_0,stitch,-1
-0.0512369764835511,-0.0512390141136779,49493.376736276085,csgo_stitch_0,stitch,-1
-0.0768571073913335,-0.0512394476546433,49509.00173388957,csgo_stitch_0,stitch,-1
-0.3074388685821816,-0.4354707729241491,49524.62673150306,csgo_stitch_0,stitch,-1
-0.4106977945023118,-1.613415078870864,49540.25172911654,csgo_stitch_0,stitch,-1
-0.1882082181270448,-4.199538428114561,49555.87672675913,csgo_stitch_0,stitch,-1
-0.0570985382530864,-6.222496796038516,49571.50172437262,csgo_stitch_0,stitch,-1
-0.052611991818253,-6.017581929022928,49587.126721986104,csgo_stitch_0,stitch,-1
-0.0383582194014309,-5.249543692911569,49602.75171959959,csgo_stitch_0,stitch,-1
-0.1137116804945321,-5.094995892359812,49618.376717213076,csgo_stitch_0,stitch,-1
-0.203281984043258,-3.8640381828363495,49634.00171482656,csgo_stitch_0,stitch,-1
-0.0760540172502999,-6.068969417270736,49649.62671244005,csgo_stitch_0,stitch,-1
0.0281331771016368,-4.1248486296576985,49665.25171005353,csgo_stitch_0,stitch,-1
-0.0402845820079278,-1.0751766149009754,49680.87670766702,csgo_stitch_0,stitch,-1
-0.2509172154958321,-4.837032040310852,49696.50170530961,csgo_stitch_0,stitch,-1
-0.0104163785925663,-0.204750008101179,49712.126702923095,csgo_stitch_0,stitch,-1
0.0,0.0,49727.75170053658,csgo_stitch_0,stitch,-1
0.0,0.0,49743.37669815007,csgo_stitch_0,stitch,-1
0.0,0.0,49759.00169576355,csgo_stitch_0,stitch,-1
0.0,0.0,49774.62669337704,csgo_stitch_0,stitch,-1
0.0,0.0,49790.251690990524,csgo_stitch_0,stitch,-1
0.0,0.0,49805.87668860401,csgo_stitch_0,stitch,-1
0.0,0.0,49821.501686217496,csgo_stitch_0,stitch,-1
0.0,0.0,49837.12668383098,csgo_stitch_0,stitch,-1
0.0,0.0,49852.75168147357,csgo_stitch_0,stitch,-1
0.0,0.0,49868.37667908706,csgo_stitch_0,stitch,-1
0.0,0.0,49884.00167670054,csgo_stitch_0,stitch,-1
0.0,0.0,49899.62667431403,csgo_stitch_0,stitch,-1
0.1615622937446232,0.1246317061401924,49915.251671927515,csgo_stitch_0,stitch,-1
0.7392206040177314,0.0638328185409591,49930.876669541,csgo_stitch_0,stitch,-1
0.8742318427350142,-1.0597261537225364,49946.50166715449,csgo_stitch_0,stitch,-1
-0.0274714599735261,-1.6138895058991525,49962.12666476797,csgo_stitch_0,stitch,-1
-0.2183993841796905,-2.3810110461861953,49977.75166238146,csgo_stitch_0,stitch,-1
-0.1493938084039996,-3.688160398823811,49993.376659994945,csgo_stitch_0,stitch,-1
-0.1066074886895194,-4.277996046938782,50009.001657637535,csgo_stitch_0,stitch,-1
-0.1594100624143379,-4.457128951454244,50024.62665525102,csgo_stitch_0,stitch,-1
-0.1368203158021685,-6.097916083780419,50040.25165286451,csgo_stitch_0,stitch,-1
-0.2737375431675843,-5.123884835710612,50055.87665047799,csgo_stitch_0,stitch,-1
-0.8535344074906277,-5.122033880859178,50071.50164809148,csgo_stitch_0,stitch,-1
-1.0412003773341496,-2.8933892702473543,50087.12664570496,csgo_stitch_0,stitch,-1
-1.4432144264951603,-1.8685869551409129,50102.75164331845,csgo_stitch_0,stitch,-1
-0.3337884263799253,-0.4359765405576041,50118.376640931936,csgo_stitch_0,stitch,-1
1.8556883077774555,0.4044748662037563,50134.00163854542,csgo_stitch_0,stitch,-1
0.5385592673073631,0.9477280114292485,50149.62663615891,csgo_stitch_0,stitch,-1
-1.3387009977731168,0.8538197290060339,50165.2516338015,csgo_stitch_0,stitch,-1
-1.2135044926979504,0.5750066498183486,50180.87663141498,csgo_stitch_0,stitch,-1
-0.7833337701738969,0.0590540439141733,50196.50162902847,csgo_stitch_0,stitch,-1
0.0,0.0,50212.126626641955,csgo_stitch_0,stitch,-1
-0.0317144391594013,-0.0254543931265374,50227.75162425544,csgo_stitch_0,stitch,-1
-0.3474812770828919,-0.047918829449955,50243.37662186893,csgo_stitch_0,stitch,-1
-0.0340441814688006,-0.0254265978247474,50259.00161948241,csgo_stitch_0,stitch,-1
0.0,0.0,50274.626617125,csgo_stitch_0,stitch,-1
-0.3199281928230277,-0.0223035279265957,50290.251614709385,csgo_stitch_0,stitch,-1
-1.529192466344739,-0.2142011447573963,50305.87661232287,csgo_stitch_0,stitch,-1
-2.327665386683435,-0.4872851659715991,50321.50160993636,csgo_stitch_0,stitch,-1
-2.536188907827409,-0.4842837925746295,50337.126607578946,csgo_stitch_0,stitch,-1
-4.425338006993087,-0.6944680851632512,50352.75160519243,csgo_stitch_0,stitch,-1
-4.704339894163468,-0.5109019388623182,50368.37660280592,csgo_stitch_0,stitch,-1
-4.691232306698623,-0.3266043367951852,50384.00160041941,csgo_stitch_0,stitch,-1
-3.353323305215781,-0.1890926631554208,50399.62659803289,csgo_stitch_0,stitch,-1
-1.2716961800863942,-0.0303841359226595,50415.251595646376,csgo_stitch_0,stitch,-1
0.0,0.0,50430.87659325986,csgo_stitch_0,stitch,-1
0.0,0.0,50446.50159087335,csgo_stitch_0,stitch,-1
0.5764025368805221,-0.0134587587370447,50462.12658848683,csgo_stitch_0,stitch,-1
0.0,0.0,50477.75158612942,csgo_stitch_0,stitch,-1
0.0,0.0,50493.37658374291,csgo_stitch_0,stitch,-1
0.0,0.0,50509.001581356395,csgo_stitch_0,stitch,-1
0.0,0.0,50524.62657896988,csgo_stitch_0,stitch,-1
0.0,0.0,50540.25157658337,csgo_stitch_0,stitch,-1
0.0,0.0,50555.87657419685,csgo_stitch_0,stitch,-1
0.0,0.0,50571.50157181034,csgo_stitch_0,stitch,-1
0.0,0.0,50587.126569423825,csgo_stitch_0,stitch,-1
-1.8834840413307177,-0.0158239306257002,50602.75156703731,csgo_stitch_0,stitch,-1
-5.016711496567581,-0.1212015161568729,50618.3765646508,csgo_stitch_0,stitch,-1
-13.446340282715369,-0.3276478094751809,50634.001562293386,csgo_stitch_0,stitch,-1
-18.556067162072623,-0.2532890993997512,50649.62655990687,csgo_stitch_0,stitch,-1
-22.84762390068795,-0.0301453935218347,50665.25155752036,csgo_stitch_0,stitch,-1
-19.33378469214199,0.1977076790826402,50680.87655513384,csgo_stitch_0,stitch,-1
-12.830482765533077,4.174055236071524,50712.126550360816,csgo_stitch_0,stitch,-1
-6.2105049625942,8.643649752851374,50727.7515479743,csgo_stitch_0,stitch,-1
-1.974335823904852,11.6041051902167,50743.37654558779,csgo_stitch_0,stitch,-1
0.2733326455763176,11.624829168183515,50759.00154320127,csgo_stitch_0,stitch,-1
0.5841584843229839,8.912970483203559,50774.62654084386,csgo_stitch_0,stitch,-1
-0.4341715940367407,7.177246875334468,50790.25153845735,csgo_stitch_0,stitch,-1
-0.7212917321226939,2.537094541550992,50805.876536070835,csgo_stitch_0,stitch,-1
0.0,0.0,50821.50153368432,csgo_stitch_0,stitch,-1
0.0,0.0,50837.12653129781,csgo_stitch_0,stitch,-1
0.0,0.0,50852.75152891129,csgo_stitch_0,stitch,-1
0.0,0.0,50868.37652652478,csgo_stitch_0,stitch,-1
0.0,0.0,50884.001524138264,csgo_stitch_0,stitch,-1
0.0,0.0,50899.62652175175,csgo_stitch_0,stitch,-1
0.0,0.0,50915.25151936523,csgo_stitch_0,stitch,-1
0.0,0.0,50930.876517007826,csgo_stitch_0,stitch,-1
0.0,0.0,50946.50151462131,csgo_stitch_0,stitch,-1
0.0,0.0,50962.1265122348,csgo_stitch_0,stitch,-1
0.0,0.0,50977.75150984828,csgo_stitch_0,stitch,-1
0.0,0.0,50993.37650746177,csgo_stitch_0,stitch,-1
0.0,0.0,51009.001505075255,csgo_stitch_0,stitch,-1
0.0,0.0,51024.62650268874,csgo_stitch_0,stitch,-1
0.0,0.0,51040.25150030223,csgo_stitch_0,stitch,-1
0.0,0.0,51055.87649791571,csgo_stitch_0,stitch,-1
0.0,0.0,51071.5014955292,csgo_stitch_0,stitch,-1
0.0,0.0,51087.12649317179,csgo_stitch_0,stitch,-1
0.0,0.0,51102.751490785275,csgo_stitch_0,stitch,-1
0.3411962034109876,1.2126772846997549,51118.37648839876,csgo_stitch_0,stitch,-1
0.3409027727664977,1.059473816228678,51134.00148601225,csgo_stitch_0,stitch,-1
0.2732293579029488,0.469280200392788,51149.62648362573,csgo_stitch_0,stitch,-1
0.0138027099592932,0.3585296009970875,51165.25148123922,csgo_stitch_0,stitch,-1
0.0215006021684303,0.8702468008047894,51180.876478852704,csgo_stitch_0,stitch,-1
-0.0340786454832198,0.8428139055512496,51196.50147646619,csgo_stitch_0,stitch,-1
-0.0999214803046584,1.122103499385922,51212.12647407968,csgo_stitch_0,stitch,-1
-0.0691449661698584,1.1487016777833825,51227.75147169316,csgo_stitch_0,stitch,-1
0.0453187023686041,1.1519136791318552,51243.376469364855,csgo_stitch_0,stitch,-1
0.1316732596066572,1.0773920590546346,51259.00146694924,csgo_stitch_0,stitch,-1
0.0721948329047279,0.3342946913407409,51274.62646456272,csgo_stitch_0,stitch,-1
0.0,0.0,51290.25146217621,csgo_stitch_0,stitch,-1
0.0284137307295679,-0.0247716346829101,51305.876459789695,csgo_stitch_0,stitch,-1
0.0576986352460267,-0.0750547528778824,51321.50145740318,csgo_stitch_0,stitch,-1
0.0301458377007008,-0.0758180565616442,51337.12645501667,csgo_stitch_0,stitch,-1
0.0561009757108195,-0.0239436787396947,51352.75145263015,csgo_stitch_0,stitch,-1
0.0561211205287293,-0.0239217643260651,51368.37645024364,csgo_stitch_0,stitch,-1
0.0293834628675426,-0.0502428286389928,51384.001447857125,csgo_stitch_0,stitch,-1
0.000878898848839,-0.025530800697723,51399.626445499714,csgo_stitch_0,stitch,-1
0.0,0.0,51415.626445499714,csgo_stitch_0,stitch,-1
0.0,0.0,51431.251447838935,csgo_stitch_0,stitch,-1
0.0,0.0,51446.87645017452,csgo_stitch_0,stitch,-1
0.0,0.0,51462.5014525101,csgo_stitch_0,stitch,-1
0.0,0.0,51478.12645484568,csgo_stitch_0,stitch,-1
0.0,0.0,51493.7514571849,csgo_stitch_0,stitch,-1
0.0,0.0,51509.376459520485,csgo_stitch_0,stitch,-1
0.0,0.0,51525.00146185607,csgo_stitch_0,stitch,-1
0.0,0.0,51540.62646419529,csgo_stitch_0,stitch,-1
0.0,0.0,51556.25146653087,csgo_stitch_0,stitch,-1
0.0,0.0,51571.87646886645,csgo_stitch_0,stitch,-1
0.0,0.0,51587.501471202035,csgo_stitch_0,stitch,-1
0.0,0.0,51603.12647353762,csgo_stitch_0,stitch,-1
0.0,0.0,51618.75147587684,csgo_stitch_0,stitch,-1
0.0,0.0,51634.37647821242,csgo_stitch_0,stitch,-1
0.0,0.0,51650.001480548,csgo_stitch_0,stitch,-1
0.0,0.0,51665.62648288722,csgo_stitch_0,stitch,-1
0.0,0.0,51681.251485222805,csgo_stitch_0,stitch,-1
0.0,0.0,51696.87648755839,csgo_stitch_0,stitch,-1
0.0,0.0,51712.50148989397,csgo_stitch_0,stitch,-1
0.0,0.0,51728.12649223683,csgo_stitch_0,stitch,-1
0.0,0.0,51743.75149456877,csgo_stitch_0,stitch,-1
0.0,0.0,51759.376496904355,csgo_stitch_0,stitch,-1
0.0,0.0,51775.00149923994,csgo_stitch_0,stitch,-1
0.0,0.0,51790.62650157916,csgo_stitch_0,stitch,-1
0.0,0.0,51806.25150391474,csgo_stitch_0,stitch,-1
0.0,0.0,51821.87650625032,csgo_stitch_0,stitch,-1
0.0,0.0,51837.501508585905,csgo_stitch_0,stitch,-1
0.0,0.0,51853.126510925125,csgo_stitch_0,stitch,-1
0.0,0.0,51868.75151326071,csgo_stitch_0,stitch,-1
0.0,0.0,51884.37651559629,csgo_stitch_0,stitch,-1
0.0,0.0,51900.00151793551,csgo_stitch_0,stitch,-1
0.0,0.0,51915.62652027109,csgo_stitch_0,stitch,-1
0.0,0.0,51931.251522606675,csgo_stitch_0,stitch,-1
0.0,0.0,51946.87652494226,csgo_stitch_0,stitch,-1
0.0,0.0,51962.50152728512,csgo_stitch_0,stitch,-1
0.0,0.0,51978.12652961706,csgo_stitch_0,stitch,-1
0.0,0.0,51993.75153195264,csgo_stitch_0,stitch,-1
0.0,0.0,52009.376534288225,csgo_stitch_0,stitch,-1
0.0,0.0,52025.001536627446,csgo_stitch_0,stitch,-1
0.0,0.0,52040.62653896303,csgo_stitch_0,stitch,-1
0.0,0.0,52056.25154129861,csgo_stitch_0,stitch,-1
0.0,0.0,52071.87654363419,csgo_stitch_0,stitch,-1
0.0,0.0,52087.501545969775,csgo_stitch_0,stitch,-1
0.0,0.0,52103.126548308996,csgo_stitch_0,stitch,-1
0.0,0.0,52118.75155064458,csgo_stitch_0,stitch,-1
0.0,0.0,52134.3765529838,csgo_stitch_0,stitch,-1
0.0,0.0,52150.00155531938,csgo_stitch_0,stitch,-1
0.0,0.0,52165.62655765496,csgo_stitch_0,stitch,-1
0.0,0.0,52181.251559990546,csgo_stitch_0,stitch,-1
0.0,0.0,52196.876562329766,csgo_stitch_0,stitch,-1
0.0,0.0,52212.50156466535,csgo_stitch_0,stitch,-1
0.0,0.0,52228.12656700457,csgo_stitch_0,stitch,-1
0.0,0.0,52243.75156933651,csgo_stitch_0,stitch,-1
0.0,0.0,52259.37657167573,csgo_stitch_0,stitch,-1
0.0,0.0,52275.00157401131,csgo_stitch_0,stitch,-1
0.0,0.0,52290.6265763469,csgo_stitch_0,stitch,-1
0.0,0.0,52306.25157868248,csgo_stitch_0,stitch,-1
0.0,0.0,52321.87658101806,csgo_stitch_0,stitch,-1
0.0,0.0,52337.501583353645,csgo_stitch_0,stitch,-1
0.0,0.0,52353.126585692866,csgo_stitch_0,stitch,-1
0.0,0.0,52368.751588032086,csgo_stitch_0,stitch,-1
0.0,0.0,52384.37659036767,csgo_stitch_0,stitch,-1
0.0,0.0,52400.00159270325,csgo_stitch_0,stitch,-1
0.0,0.0,52415.62659503883,csgo_stitch_0,stitch,-1
0.0,0.0,52431.251597378054,csgo_stitch_0,stitch,-1
0.0,0.0,52446.87659971363,csgo_stitch_0,stitch,-1
0.0,0.0,52462.50160205286,csgo_stitch_0,stitch,-1
0.0,0.0,52478.1266043848,csgo_stitch_0,stitch,-1
0.0,0.0,52493.75160672402,csgo_stitch_0,stitch,-1
0.0,0.0,52509.3766090596,csgo_stitch_0,stitch,-1
0.0,0.0,52525.001611395186,csgo_stitch_0,stitch,-1
0.0,0.0,52540.62661373077,csgo_stitch_0,stitch,-1
0.0,0.0,52556.25161606999,csgo_stitch_0,stitch,-1
0.0,0.0,52571.87661840557,csgo_stitch_0,stitch,-1
0.0,0.0,52587.50162074115,csgo_stitch_0,stitch,-1
0.0,0.0,52603.126623076736,csgo_stitch_0,stitch,-1
0.0,0.0,52618.75162541596,csgo_stitch_0,stitch,-1
0.0,0.0,52634.37662775154,csgo_stitch_0,stitch,-1
0.0,0.0,52650.00163008712,csgo_stitch_0,stitch,-1
0.0,0.0,52665.62663242634,csgo_stitch_0,stitch,-1
0.0,0.0,52681.25163476192,csgo_stitch_0,stitch,-1
0.0,0.0,52696.876637101144,csgo_stitch_0,stitch,-1
0.0,0.0,52712.50163943673,csgo_stitch_0,stitch,-1
0.0,0.0,52728.12664177231,csgo_stitch_0,stitch,-1
0.0,0.0,52743.75164410789,csgo_stitch_0,stitch,-1
0.0,0.0,52759.376646443474,csgo_stitch_0,stitch,-1
0.0,0.0,52775.001648779056,csgo_stitch_0,stitch,-1
0.0,0.0,52790.62665111828,csgo_stitch_0,stitch,-1
0.0,0.0,52806.25165345386,csgo_stitch_0,stitch,-1
0.0,0.0,52821.8766557858,csgo_stitch_0,stitch,-1
0.0,0.0,52837.501658125024,csgo_stitch_0,stitch,-1
0.0,0.0,52853.12666046424,csgo_stitch_0,stitch,-1
0.0,0.0,52868.75166279983,csgo_stitch_0,stitch,-1
0.0,0.0,52884.37666513541,csgo_stitch_0,stitch,-1
0.0,0.0,52900.00166747099,csgo_stitch_0,stitch,-1
0.0,0.0,52915.62666981021,csgo_stitch_0,stitch,-1
0.0,0.0,52931.251672145794,csgo_stitch_0,stitch,-1
0.0,0.0,52946.876674485015,csgo_stitch_0,stitch,-1
0.0,0.0,52962.5016768206,csgo_stitch_0,stitch,-1
0.0,0.0,52978.12667915618,csgo_stitch_0,stitch,-1
0.0,0.0,52993.75168149176,csgo_stitch_0,stitch,-1
0.0,0.0,53009.376683827344,csgo_stitch_0,stitch,-1
0.8227723327147771,-3.292249675552327,53025.376683827344,csgo_stitch_0,stitch,-1
1.016292934685083,-1.5006366795094834,53041.00168392921,csgo_stitch_0,stitch,-1
0.5149326967426191,-0.1026615945094775,53056.626684023795,csgo_stitch_0,stitch,-1
0.0,0.0,53072.25168412566,csgo_stitch_0,stitch,-1
0.0,0.0,53087.87668422752,csgo_stitch_0,stitch,-1
0.0,0.0,53103.501684329385,csgo_stitch_0,stitch,-1
0.0,0.0,53119.12668443125,csgo_stitch_0,stitch,-1
0.0,0.0,53134.75168453311,csgo_stitch_0,stitch,-1
0.0,0.0,53150.376684634975,csgo_stitch_0,stitch,-1
0.0,0.0,53166.00168473684,csgo_stitch_0,stitch,-1
0.0,0.0,53181.6266848387,csgo_stitch_0,stitch,-1
0.0,0.0,53197.251684940566,csgo_stitch_0,stitch,-1
0.0,0.0,53212.87668503515,csgo_stitch_0,stitch,-1
0.0,0.0,53228.50168514429,csgo_stitch_0,stitch,-1
0.0,0.0,53244.12668524616,csgo_stitch_0,stitch,-1
0.0,0.0,53259.75168534802,csgo_stitch_0,stitch,-1
-0.1008588879251135,-0.2613564840208369,53275.37668544988,csgo_stitch_0,stitch,-1
-0.2616850974677618,-0.5998794573186785,53291.001685551746,csgo_stitch_0,stitch,-1
-0.201671122249877,-0.2836602176371556,53306.62668565361,csgo_stitch_0,stitch,-1
0.0085328465608256,0.3718396597524318,53322.2516857482,csgo_stitch_0,stitch,-1
0.2667468291641341,0.94574324462571,53337.87668585006,csgo_stitch_0,stitch,-1
0.5172290114114446,1.2802756989125967,53353.50168595192,csgo_stitch_0,stitch,-1
0.6098528949288493,1.2221334353618971,53369.12668605379,csgo_stitch_0,stitch,-1
0.7822893348388789,1.6393531177974054,53384.75168615565,csgo_stitch_0,stitch,-1
0.8030001201798882,1.7721213125703912,53400.376686257514,csgo_stitch_0,stitch,-1
0.698882904143403,1.5388293054609932,53416.00168635938,csgo_stitch_0,stitch,-1
0.4686861957706298,1.1251732988648513,53431.62668646124,csgo_stitch_0,stitch,-1
0.48405483588067,1.0451653985868603,53447.251686563104,csgo_stitch_0,stitch,-1
0.1353787776964168,0.744251531866027,53462.87668666497,csgo_stitch_0,stitch,-1
0.0350463850058417,0.5354505111736358,53478.50168676683,csgo_stitch_0,stitch,-1
-0.103892653746584,0.2744951880530664,53494.126686868694,csgo_stitch_0,stitch,-1
-0.0801286084005141,0.1655766048881588,53509.75168697056,csgo_stitch_0,stitch,-1
-0.0685106302892677,0.0305468591818112,53525.37668707242,csgo_stitch_0,stitch,-1
0.0,0.0,53541.001687174285,csgo_stitch_0,stitch,-1
0.0,0.0,53556.62668727615,csgo_stitch_0,stitch,-1
0.0,0.0,53572.251687370735,csgo_stitch_0,stitch,-1
0.0,0.0,53587.8766874726,csgo_stitch_0,stitch,-1
0.0,0.0,53603.50168757446,csgo_stitch_0,stitch,-1
0.0,0.0,53619.126687676326,csgo_stitch_0,stitch,-1
0.0,0.0,53634.75168777819,csgo_stitch_0,stitch,-1
-0.0825763342787695,0.0044130384122951,53650.37668788005,csgo_stitch_0,stitch,-1
-0.1652664053242745,0.0087024555083843,53666.00168798192,csgo_stitch_0,stitch,-1
-0.4138139052170402,0.0211303353844272,53681.62668808378,csgo_stitch_0,stitch,-1
-1.0683963690956944,0.0769693054535167,53697.25168818564,csgo_stitch_0,stitch,-1
-0.6682712830174182,0.0282152360021967,53712.876688287506,csgo_stitch_0,stitch,-1
-0.4186484305353417,0.0164569983988513,53728.50168838937,csgo_stitch_0,stitch,-1
0.0,0.0,53744.12668849123,csgo_stitch_0,stitch,-1
-0.0838147345821482,0.0031727571291497,53759.751688593096,csgo_stitch_0,stitch,-1
0.0,0.0,53775.37668869496,csgo_stitch_0,stitch,-1
0.0,0.0,53791.00168879682,csgo_stitch_0,stitch,-1
0.0,0.0,53806.62668889869,csgo_stitch_0,stitch,-1
0.0,0.0,53822.25168900055,csgo_stitch_0,stitch,-1
0.0,0.0,53837.87668909514,csgo_stitch_0,stitch,-1
0.0,0.0,53853.501689197,csgo_stitch_0,stitch,-1
0.0,0.0,53869.126689298864,csgo_stitch_0,stitch,-1
0.0,0.0,53884.75168940073,csgo_stitch_0,stitch,-1
0.0,0.0,53900.37668950259,csgo_stitch_0,stitch,-1
0.0,0.0,53916.001689604454,csgo_stitch_0,stitch,-1
0.0,0.0,53931.62668970632,csgo_stitch_0,stitch,-1
0.0,0.0,53947.25168980818,csgo_stitch_0,stitch,-1
0.0,0.0,53962.876689910045,csgo_stitch_0,stitch,-1
0.0303041995637727,0.0789538285908548,53978.50169001191,csgo_stitch_0,stitch,-1
0.1239389953706222,0.3157489545821619,53994.12669011377,csgo_stitch_0,stitch,-1
0.4353728265457448,1.0255550739935586,54009.751690215635,csgo_stitch_0,stitch,-1
0.6007555740751798,1.6092745743840735,54025.3766903175,csgo_stitch_0,stitch,-1
1.2593463796607978,2.178717264524096,54041.00169041936,csgo_stitch_0,stitch,-1
4.258169277024592,3.892716538711099,54056.626690521225,csgo_stitch_0,stitch,-1
17.509476604524394,4.8238337019191135,54072.25169062309,csgo_stitch_0,stitch,-1
8.343254412548958,-6.770834617912612,54119.1266909214,csgo_stitch_0,stitch,-1
3.5867587836111454,-8.192229806276345,54134.751691023266,csgo_stitch_0,stitch,-1
1.5428932019664785,-6.485428741570125,54150.37669112513,csgo_stitch_0,stitch,-1
1.3152820881244338,-8.34672441785493,54166.00169122699,csgo_stitch_0,stitch,-1
0.7216409767061407,-5.657613432175921,54181.62669132886,csgo_stitch_0,stitch,-1
0.7540987758526398,-6.269477694829433,54197.25169143072,csgo_stitch_0,stitch,-1
0.7080133272799856,-5.213820819564944,54212.87669153258,csgo_stitch_0,stitch,-1
0.5379978826192087,-4.211942339142237,54228.50169162717,csgo_stitch_0,stitch,-1
0.3289116008012911,-2.730092936666786,54244.12669173631,csgo_stitch_0,stitch,-1
0.1567735322286694,-1.2195489215247726,54259.75169183817,csgo_stitch_0,stitch,-1
0.0312441584616181,-0.3182142695131915,54275.37669194004,csgo_stitch_0,stitch,-1
0.0,0.0,54291.0016920419,csgo_stitch_0,stitch,-1
0.0,0.0,54306.62669214376,csgo_stitch_0,stitch,-1
0.0,0.0,54322.25169224563,csgo_stitch_0,stitch,-1
0.0,0.0,54337.87669234749,csgo_stitch_0,stitch,-1
0.0,0.0,54353.501692449354,csgo_stitch_0,stitch,-1
0.0,0.0,54369.12669254394,csgo_stitch_0,stitch,-1
0.0,0.0,54384.751692645805,csgo_stitch_0,stitch,-1
0.0,0.0,54400.37669274767,csgo_stitch_0,stitch,-1
0.0,0.0,54416.00169284953,csgo_stitch_0,stitch,-1
0.0,0.0,54431.626692951395,csgo_stitch_0,stitch,-1
0.0,0.0,54447.25169305326,csgo_stitch_0,stitch,-1
0.0,0.0,54462.87669315512,csgo_stitch_0,stitch,-1
0.0,0.0,54478.501693256985,csgo_stitch_0,stitch,-1
0.0,0.0,54494.12669335885,csgo_stitch_0,stitch,-1
0.0,0.0,54509.75169346071,csgo_stitch_0,stitch,-1
0.0,0.0,54525.37669356985,csgo_stitch_0,stitch,-1
-0.0858438788996238,-0.636983695147233,54541.00169366444,csgo_stitch_0,stitch,-1
-0.309802169845085,-2.0440967033284636,54556.6266937663,csgo_stitch_0,stitch,-1
-0.182466623967656,-2.6005991798203425,54572.251693868166,csgo_stitch_0,stitch,-1
0.0,0.0,54588.251693868166,csgo_stitch_0,stitch,-1
0.0,0.0,54603.87669616009,csgo_stitch_0,stitch,-1
0.0,0.0,54619.50169845202,csgo_stitch_0,stitch,-1
0.0,0.0,54635.126700745765,csgo_stitch_0,stitch,-1
0.0,0.0,54650.75170303769,csgo_stitch_0,stitch,-1
-0.0355403979130812,0.0333431180034438,54666.37670532962,csgo_stitch_0,stitch,-1
0.0,0.0,54682.001707621544,csgo_stitch_0,stitch,-1
0.0,0.0,54697.62670991529,csgo_stitch_0,stitch,-1
-0.0354518530790528,0.0333598429115795,54713.25171220722,csgo_stitch_0,stitch,-1
0.0,0.0,54728.87671450278,csgo_stitch_0,stitch,-1
0.0,0.0,54744.50171679289,csgo_stitch_0,stitch,-1
0.0,0.0,54760.126719086635,csgo_stitch_0,stitch,-1
0.0,0.0,54775.75172137856,csgo_stitch_0,stitch,-1
0.0,0.0,54791.37672367049,csgo_stitch_0,stitch,-1
0.0,0.0,54807.00172596423,csgo_stitch_0,stitch,-1
0.0,0.0,54822.62672825616,csgo_stitch_0,stitch,-1
0.0,0.0,54838.25173054809,csgo_stitch_0,stitch,-1
0.0,0.0,54853.87673284183,csgo_stitch_0,stitch,-1
0.0,0.0,54869.50173513376,csgo_stitch_0,stitch,-1
0.0,0.0,54885.126737425686,csgo_stitch_0,stitch,-1
0.0,0.0,54900.75173971761,csgo_stitch_0,stitch,-1
0.0,0.0,54916.37674200954,csgo_stitch_0,stitch,-1
0.0,0.0,54932.00174430692,csgo_stitch_0,stitch,-1
0.0,0.0,54947.62674659703,csgo_stitch_0,stitch,-1
0.0,0.0,54963.251748890776,csgo_stitch_0,stitch,-1
0.0,0.0,54978.8767511827,csgo_stitch_0,stitch,-1
0.0,0.0,54994.50175347463,csgo_stitch_0,stitch,-1
0.0,0.0,55010.12675576656,csgo_stitch_0,stitch,-1
0.0,0.0,55025.7517580603,csgo_stitch_0,stitch,-1
0.0,0.0,55041.37676035223,csgo_stitch_0,stitch,-1
0.0,0.0,55057.001762644155,csgo_stitch_0,stitch,-1
0.0,0.0,55072.6267649379,csgo_stitch_0,stitch,-1
0.0,0.0,55088.25176722983,csgo_stitch_0,stitch,-1
0.0,0.0,55103.876769521754,csgo_stitch_0,stitch,-1
0.0,0.0,55119.50177181368,csgo_stitch_0,stitch,-1
0.0,0.0,55135.12677410561,csgo_stitch_0,stitch,-1
0.0,0.0,55150.75177640299,csgo_stitch_0,stitch,-1
0.0,0.0,55166.37677869492,csgo_stitch_0,stitch,-1
0.6913921305871327,-0.2299177920246933,55182.00178098685,csgo_stitch_0,stitch,-1
1.8861890908201815,-0.599567255250264,55197.62678327877,csgo_stitch_0,stitch,-1
3.0701149511794483,-0.9183218375284524,55213.2517855707,csgo_stitch_0,stitch,-1
4.791084247373561,-1.357586988308782,55228.876787862624,csgo_stitch_0,stitch,-1
6.946961100513903,-1.495073815630164,55244.50179015637,csgo_stitch_0,stitch,-1
10.20023224439896,-1.3583589597754724,55260.126792448296,csgo_stitch_0,stitch,-1
14.019058522262185,-0.425013898752212,55275.75179474022,csgo_stitch_0,stitch,-1
10.79023575196672,0.6723150027501958,55291.37679703397,csgo_stitch_0,stitch,-1
7.369829411058873,1.2909624541182296,55307.001799325895,csgo_stitch_0,stitch,-1
4.3696107899558285,1.459028763616388,55322.62680161782,csgo_stitch_0,stitch,-1
2.7162904122708653,1.347102350688317,55338.25180390975,csgo_stitch_0,stitch,-1
0.0,0.0,55353.876806201675,csgo_stitch_0,stitch,-1
0.0,0.0,55369.50180849724,csgo_stitch_0,stitch,-1
0.0,0.0,55385.126810790985,csgo_stitch_0,stitch,-1
0.0,0.0,55400.75181308291,csgo_stitch_0,stitch,-1
0.0,0.0,55416.37681537484,csgo_stitch_0,stitch,-1
0.0,0.0,55432.001817666765,csgo_stitch_0,stitch,-1
0.0,0.0,55447.62681995869,csgo_stitch_0,stitch,-1
0.0,0.0,55463.25182225244,csgo_stitch_0,stitch,-1
0.0,0.0,55478.87682454437,csgo_stitch_0,stitch,-1
0.0,0.0,55494.50182683811,csgo_stitch_0,stitch,-1
0.0,0.0,55510.12682913004,csgo_stitch_0,stitch,-1
0.0,0.0,55525.75183142196,csgo_stitch_0,stitch,-1
0.0,0.0,55541.37683371571,csgo_stitch_0,stitch,-1
0.0,0.0,55557.00183600582,csgo_stitch_0,stitch,-1
0.0,0.0,55572.62683829774,csgo_stitch_0,stitch,-1
0.0,0.0,55588.25184059513,csgo_stitch_0,stitch,-1
0.0,0.0,55603.87684288705,csgo_stitch_0,stitch,-1
0.0,0.0,55619.50184517716,csgo_stitch_0,stitch,-1
0.0,0.0,55635.12684747091,csgo_stitch_0,stitch,-1
0.0,0.0,55650.75184976283,csgo_stitch_0,stitch,-1
-0.9110830320428532,0.1917801327871444,55666.37685205658,csgo_stitch_0,stitch,-1
-1.165585073396187,0.2388041766889728,55682.001854348506,csgo_stitch_0,stitch,-1
-0.8732783871946594,0.2398779566495079,55697.62685664043,csgo_stitch_0,stitch,-1
-0.4176002885397452,0.1945430870546971,55713.25185893418,csgo_stitch_0,stitch,-1
-0.227467788050717,0.226420740512296,55728.876861226105,csgo_stitch_0,stitch,-1
-0.3253742887608553,0.1568723679941257,55744.50186351803,csgo_stitch_0,stitch,-1
-0.0735813523987189,0.07569094058762,55760.12686580996,csgo_stitch_0,stitch,-1
0.0071338839113934,0.0363647257425014,55775.751868101885,csgo_stitch_0,stitch,-1
-0.080300343629176,0.0393554332432444,55791.37687039563,csgo_stitch_0,stitch,-1
-0.0873906437139169,0.0030311404388356,55807.001872691195,csgo_stitch_0,stitch,-1
0.0,0.0,55822.62687498312,csgo_stitch_0,stitch,-1
0.007329313968114,0.0363615320345047,55838.25187727505,csgo_stitch_0,stitch,-1
0.0,0.0,55853.876879566975,csgo_stitch_0,stitch,-1
0.0073083100479607,0.036356584302652,55869.5018818589,csgo_stitch_0,stitch,-1
0.0,0.0,55885.12688415265,csgo_stitch_0,stitch,-1
0.0,0.0,55900.751886444574,csgo_stitch_0,stitch,-1
-0.0797277957681217,0.0394302048602952,55916.3768887365,csgo_stitch_0,stitch,-1
-0.0869922598970163,0.003123378146725,55932.001891030246,csgo_stitch_0,stitch,-1
0.0075003991272808,0.0363437346345278,55947.62689332217,csgo_stitch_0,stitch,-1
0.0,0.0,55963.2518956141,csgo_stitch_0,stitch,-1
0.0,0.0,55978.876897906026,csgo_stitch_0,stitch,-1
0.0,0.0,55994.50190019795,csgo_stitch_0,stitch,-1
0.0,0.0,56010.126902495336,csgo_stitch_0,stitch,-1
0.0,0.0,56025.75190478726,csgo_stitch_0,stitch,-1
0.0,0.0,56041.37690707919,csgo_stitch_0,stitch,-1
0.0,0.0,56057.00190937112,csgo_stitch_0,stitch,-1
0.0,0.0,56072.62691166304,csgo_stitch_0,stitch,-1
0.0,0.0,56088.25191395497,csgo_stitch_0,stitch,-1
0.0,0.0,56103.876916248715,csgo_stitch_0,stitch,-1
0.0,0.0,56119.50191854064,csgo_stitch_0,stitch,-1
0.0,0.0,56135.12692083257,csgo_stitch_0,stitch,-1
0.0,0.0,56150.751923126314,csgo_stitch_0,stitch,-1
0.0,0.0,56166.37692541824,csgo_stitch_0,stitch,-1
0.0,0.0,56182.001927711986,csgo_stitch_0,stitch,-1
0.0,0.0,56197.626930002094,csgo_stitch_0,stitch,-1
0.0,0.0,56213.25193229584,csgo_stitch_0,stitch,-1
0.0,0.0,56228.876934589585,csgo_stitch_0,stitch,-1
0.0,0.0,56244.50193688333,csgo_stitch_0,stitch,-1
0.0,0.0,56260.12693917526,csgo_stitch_0,stitch,-1
0.0,0.0,56275.751941467184,csgo_stitch_0,stitch,-1
0.0,0.0,56291.37694375911,csgo_stitch_0,stitch,-1
0.0,0.0,56307.00194605104,csgo_stitch_0,stitch,-1
0.0,0.0,56322.62694834478,csgo_stitch_0,stitch,-1
0.0,0.0,56338.25195063671,csgo_stitch_0,stitch,-1
0.0,0.0,56353.87695292864,csgo_stitch_0,stitch,-1
0.0,0.0,56369.50195522238,csgo_stitch_0,stitch,-1
0.0,0.0,56385.12695751431,csgo_stitch_0,stitch,-1
0.0,0.0,56400.751959808054,csgo_stitch_0,stitch,-1
0.0,0.0,56416.37696209998,csgo_stitch_0,stitch,-1
0.0,0.0,56432.00196439009,csgo_stitch_0,stitch,-1
0.0,0.0,56447.62696668565,csgo_stitch_0,stitch,-1
0.0,0.0,56463.25196897758,csgo_stitch_0,stitch,-1
0.0,0.0,56478.876971271326,csgo_stitch_0,stitch,-1
0.0,0.0,56494.50197356325,csgo_stitch_0,stitch,-1
0.0,0.0,56510.12697585518,csgo_stitch_0,stitch,-1
-0.0792564615258584,0.0395175332137966,56525.751978147106,csgo_stitch_0,stitch,-1
-0.07135674636271,0.0758828740353863,56541.37698044085,csgo_stitch_0,stitch,-1
-0.063245186430521,0.1122648730588196,56557.00198273278,csgo_stitch_0,stitch,-1
-0.148456487772421,0.1155938960469313,56572.62698502652,csgo_stitch_0,stitch,-1
-0.1312149559275042,0.1883648280048788,56588.25198731845,csgo_stitch_0,stitch,-1
-0.1214006692386817,0.2247759614798212,56603.87698961038,csgo_stitch_0,stitch,-1
0.0118909776218174,0.4392360655732261,56619.50199190412,csgo_stitch_0,stitch,-1
0.1232349123853566,0.5810984120820635,56635.12699419605,csgo_stitch_0,stitch,-1
0.5699068501811837,0.856260996940037,56650.751996487976,csgo_stitch_0,stitch,-1
0.7891559904953738,0.9964418052117808,56666.37699878172,csgo_stitch_0,stitch,-1
0.7341849026927321,0.9647017984825794,56682.00200107365,csgo_stitch_0,stitch,-1
1.1839291187432934,1.7252841058115962,56697.627003365575,csgo_stitch_0,stitch,-1
0.8542504654756726,1.4829968400809648,56713.25200565932,csgo_stitch_0,stitch,-1
0.9232692863554348,1.7798345815707748,56728.87700795125,csgo_stitch_0,stitch,-1
0.8419762008544751,1.6403264206646142,56744.50201024681,csgo_stitch_0,stitch,-1
0.7760804178027456,1.75531910736472,56760.12701253692,csgo_stitch_0,stitch,-1
0.5535486794233009,1.4656921889456314,56775.752014828846,csgo_stitch_0,stitch,-1
0.4163939397681986,1.2471132603784696,56791.37701712259,csgo_stitch_0,stitch,-1
0.2925092510414515,1.1003578040993318,56807.00201941452,csgo_stitch_0,stitch,-1
0.0933511691667376,0.4033776714651083,56822.627021706445,csgo_stitch_0,stitch,-1
-0.0044947459979596,0.1094680753462924,56838.25202400019,csgo_stitch_0,stitch,-1
0.0,0.0,56853.87702629212,csgo_stitch_0,stitch,-1
0.0,0.0,56869.50202858405,csgo_stitch_0,stitch,-1
0.0,0.0,56885.12703087779,csgo_stitch_0,stitch,-1
0.0,0.0,56900.75203316971,csgo_stitch_0,stitch,-1
0.0,0.0,56916.37703546164,csgo_stitch_0,stitch,-1
0.1800098549519475,-4.345104721536018,56932.37703546164,csgo_stitch_0,stitch,-1
0.1717612094733454,-3.3002459884628266,56948.00203508329,csgo_stitch_0,stitch,-1
0.1116225419557963,-1.9802089040098565,56963.62703470494,csgo_stitch_0,stitch,-1
0.0516287952426353,-2.255053675088618,56979.25203432659,csgo_stitch_0,stitch,-1
-0.0614534877315975,-1.9798082483759671,56994.87703394824,csgo_stitch_0,stitch,-1
-0.0594537680682663,-1.7048593860903658,57010.502033569894,csgo_stitch_0,stitch,-1
0.1675247823598056,-0.6602610099114639,57026.127033191544,csgo_stitch_0,stitch,-1
0.0,0.0,57041.752032813194,csgo_stitch_0,stitch,-1
0.0,0.0,57057.37703243485,csgo_stitch_0,stitch,-1
0.0,0.0,57073.002032056494,csgo_stitch_0,stitch,-1
0.0,0.0,57088.627031678145,csgo_stitch_0,stitch,-1
0.0,0.0,57104.252031299795,csgo_stitch_0,stitch,-1
0.0,0.0,57119.87703091417,csgo_stitch_0,stitch,-1
0.0,0.0,57135.50203053582,csgo_stitch_0,stitch,-1
0.0,0.0,57151.12703015747,csgo_stitch_0,stitch,-1
0.0,0.0,57166.75202977912,csgo_stitch_0,stitch,-1
0.0,0.0,57182.37702940077,csgo_stitch_0,stitch,-1
0.0,0.0,57198.00202902242,csgo_stitch_0,stitch,-1
0.0,0.0,57213.62702864407,csgo_stitch_0,stitch,-1
0.0,0.0,57229.25202826572,csgo_stitch_0,stitch,-1
0.0557980073050714,-0.1651065063662891,57244.87702788737,csgo_stitch_0,stitch,-1
1.1122930052610798,-1.818683937031027,57260.50202750902,csgo_stitch_0,stitch,-1
0.5017996842738341,-0.0578423189951067,57276.12702713067,csgo_stitch_0,stitch,-1
-0.2176566793382619,0.8808220115832928,57291.75202675232,csgo_stitch_0,stitch,-1
-0.494071287918814,1.7621645276839484,57307.37702637397,csgo_stitch_0,stitch,-1
-0.555980976859189,1.7622812226850453,57323.00202599562,csgo_stitch_0,stitch,-1
-0.3380075769936468,0.7710640787695233,57338.62702561727,csgo_stitch_0,stitch,-1
-0.0567464560514565,0.0551429444130739,57354.25202523892,csgo_stitch_0,stitch,-1
-0.0002889015287905,-0.1099939669323468,57369.87702486057,csgo_stitch_0,stitch,-1
-0.0595959306244253,-1.209819488003513,57385.50202448222,csgo_stitch_0,stitch,-1
0.1089908181742203,-1.7051549888535469,57401.12702410387,csgo_stitch_0,stitch,-1
0.1632633853871539,-2.0352240622819355,57416.75202372552,csgo_stitch_0,stitch,-1
0.2171168598307531,-2.3102321320569503,57432.3770233399,csgo_stitch_0,stitch,-1
0.1052482147444777,-2.7497505557504933,57448.00202296882,csgo_stitch_0,stitch,-1
0.1063962930741979,-3.739347320108732,57463.6270225832,csgo_stitch_0,stitch,-1
0.1115603517958732,-3.9589909518376576,57479.25202220485,csgo_stitch_0,stitch,-1
0.0072925381077766,-3.7390003174182023,57494.8770218265,csgo_stitch_0,stitch,-1
0.0165677579186649,-4.5087722485980954,57510.50202144815,csgo_stitch_0,stitch,-1
-0.0333060127643705,-4.23415430326858,57526.1270210698,csgo_stitch_0,stitch,-1
-0.0182473044969526,-5.334009231111148,57541.75202069145,csgo_stitch_0,stitch,-1
0.0520617958081288,-5.22361380139731,57557.3770203131,csgo_stitch_0,stitch,-1
0.1042774198976417,-3.298397272966348,57573.00201993475,csgo_stitch_0,stitch,-1
0.1765127613458901,-3.022396734045376,57588.6270195564,csgo_stitch_0,stitch,-1
0.170463039607057,-1.9773063063437704,57604.25201917805,csgo_stitch_0,stitch,-1
0.1753334400041808,-1.756966437569183,57619.8770187997,csgo_stitch_0,stitch,-1
0.0153826884909449,-0.6046428312913079,57635.50201842135,csgo_stitch_0,stitch,-1
0.0,0.0,57651.127018043,csgo_stitch_0,stitch,-1
0.0,0.0,57666.75201766465,csgo_stitch_0,stitch,-1
0.0,0.0,57682.3770172863,csgo_stitch_0,stitch,-1
0.0,0.0,57698.00201690795,csgo_stitch_0,stitch,-1
0.0,0.0,57713.62701653688,csgo_stitch_0,stitch,-1
0.0,0.0,57729.252016143975,csgo_stitch_0,stitch,-1
0.0,0.0,57744.877015765625,csgo_stitch_0,stitch,-1
0.0,0.0,57760.50201538728,csgo_stitch_0,stitch,-1
0.0,0.0,57776.1270150162,csgo_stitch_0,stitch,-1
0.0685346639277497,0.0011611479960649,57791.752014630576,csgo_stitch_0,stitch,-1
-0.0014662626739436,0.0549595572402523,57807.377014252226,csgo_stitch_0,stitch,-1
-0.0043750344473778,0.1649008872403428,57823.00201387388,csgo_stitch_0,stitch,-1
0.0623677822302966,0.2210389243176322,57838.62701349553,csgo_stitch_0,stitch,-1
0.1299996431799286,0.2223041617071928,57854.25201311718,csgo_stitch_0,stitch,-1
0.0,0.0,57869.87701273883,csgo_stitch_0,stitch,-1
0.0,0.0,57885.50201236048,csgo_stitch_0,stitch,-1
0.0,0.0,57901.12701198213,csgo_stitch_0,stitch,-1
0.0,0.0,57916.75201160378,csgo_stitch_0,stitch,-1
0.0,0.0,57932.37701122543,csgo_stitch_0,stitch,-1
0.0,0.0,57948.00201084708,csgo_stitch_0,stitch,-1
0.0,0.0,57963.62701046873,csgo_stitch_0,stitch,-1
0.0,0.0,57979.25201009038,csgo_stitch_0,stitch,-1
-0.0046696216870145,0.1648735718342209,57994.87700971203,csgo_stitch_0,stitch,-1
0.1209972632178448,0.4971713729836793,58010.50200933368,csgo_stitch_0,stitch,-1
0.0352645280187005,1.1003635423641782,58026.12700894805,csgo_stitch_0,stitch,-1
-0.0274561312279217,0.9891497320238328,58041.75200856243,csgo_stitch_0,stitch,-1
-0.0175713366468528,0.6594417137530044,58057.37700819135,csgo_stitch_0,stitch,-1
-0.0183980524025741,0.7144118010479765,58073.00200781301,csgo_stitch_0,stitch,-1
0.0451149570134532,0.7705295819823696,58088.627007434654,csgo_stitch_0,stitch,-1
0.0340660189736183,1.2101111901437314,58104.252007056304,csgo_stitch_0,stitch,-1
-0.0479129749352864,2.0881920043472917,58119.877006677954,csgo_stitch_0,stitch,-1
-0.0387136976221995,1.8684356773668291,58135.502006299605,csgo_stitch_0,stitch,-1
-0.0220754052970733,1.154059373688515,58151.12700592853,csgo_stitch_0,stitch,-1
-0.0090500006716922,0.4946065944881113,58166.752005542905,csgo_stitch_0,stitch,-1
0.0542698693193699,0.3306404187852969,58182.377005164555,csgo_stitch_0,stitch,-1
0.0571055522263748,0.1657804786842867,58198.002004786205,csgo_stitch_0,stitch,-1
-0.0010145711821394,0.0549521845341125,58213.627004407856,csgo_stitch_0,stitch,-1
0.0,0.0,58229.252004029506,csgo_stitch_0,stitch,-1
0.0,0.0,58244.87700365115,csgo_stitch_0,stitch,-1
0.0,0.0,58260.502003272806,csgo_stitch_0,stitch,-1
0.0,0.0,58276.12700289446,csgo_stitch_0,stitch,-1
0.0,0.0,58291.75200251611,csgo_stitch_0,stitch,-1
-0.0010116483045976,0.0549509315271663,58307.37700213776,csgo_stitch_0,stitch,-1
-0.0128758715312358,0.7143762228025601,58323.00200175213,csgo_stitch_0,stitch,-1
-0.0339219819407787,2.033262122194863,58338.62700137378,csgo_stitch_0,stitch,-1
-0.2258219775500265,3.78998105662701,58354.25200099543,csgo_stitch_0,stitch,-1
-0.4538106233117105,7.088065327403079,58369.87700061708,csgo_stitch_0,stitch,-1
-0.7956324522627085,9.565847986422932,58385.50200023873,csgo_stitch_0,stitch,-1
-0.8243725652275771,9.294938726952894,58401.12699986038,csgo_stitch_0,stitch,-1
-0.7564990014656132,10.833644093375227,58416.75199948203,csgo_stitch_0,stitch,-1
-0.5595829281399745,9.565452051652958,58432.37699910368,csgo_stitch_0,stitch,-1
-0.4278699446741996,9.343772777874284,58448.00199872533,csgo_stitch_0,stitch,-1
-0.5487493341749712,9.835441223483045,58463.62699834698,csgo_stitch_0,stitch,-1
-0.4778785684051172,7.031625343226018,58479.25199796863,csgo_stitch_0,stitch,-1
-0.4699504856326939,4.501671793624979,58494.87699759028,csgo_stitch_0,stitch,-1
-0.5510216182681802,3.840101768775504,58510.50199721193,csgo_stitch_0,stitch,-1
-0.2086646888093355,1.4816605529843514,58526.126996833584,csgo_stitch_0,stitch,-1
-0.0669026431299357,0.4389469584419174,58541.751996455234,csgo_stitch_0,stitch,-1
0.0,0.0,58557.37699607688,csgo_stitch_0,stitch,-1
-0.0085384385079692,0.0548606512725911,58573.001995698534,csgo_stitch_0,stitch,-1
-0.304028288571402,0.2121224294073442,58588.626995320185,csgo_stitch_0,stitch,-1
-0.612781343011136,0.3674897947340412,58604.251994941835,csgo_stitch_0,stitch,-1
-0.3423465677786339,0.3197046353834167,58619.87699455621,csgo_stitch_0,stitch,-1
0.0,0.0,58635.50199417786,csgo_stitch_0,stitch,-1
-0.1382341145744874,-0.0047118268399515,58651.12699379951,csgo_stitch_0,stitch,-1
0.0,0.0,58666.75199342116,csgo_stitch_0,stitch,-1
0.0,0.0,58682.37699304281,csgo_stitch_0,stitch,-1
0.0,0.0,58698.00199266446,csgo_stitch_0,stitch,-1
0.0,0.0,58713.62699228611,csgo_stitch_0,stitch,-1
0.0,0.0,58729.25199190776,csgo_stitch_0,stitch,-1
0.0,0.0,58744.876991522135,csgo_stitch_0,stitch,-1
0.0,0.0,58760.50199115106,csgo_stitch_0,stitch,-1
0.0,0.0,58776.12699077271,csgo_stitch_0,stitch,-1
0.0,0.0,58791.75199039436,csgo_stitch_0,stitch,-1
0.0119952009315511,-0.0547489505436828,58807.37699001601,csgo_stitch_0,stitch,-1
0.0,0.0,58823.00198963766,csgo_stitch_0,stitch,-1
0.0238183455008424,-0.1095175165546891,58838.62698925931,csgo_stitch_0,stitch,-1
0.0815891385600764,-0.3833271106173015,58854.25198888824,csgo_stitch_0,stitch,-1
0.1010068192867095,-0.4929287853699833,58869.87698850261,csgo_stitch_0,stitch,-1
0.2064962614769001,-0.3790355649692003,58885.50198812426,csgo_stitch_0,stitch,-1
0.0206452274088349,-0.1095820847768465,58901.12698774591,csgo_stitch_0,stitch,-1
-0.0474501946500822,-0.4426715817995301,58916.75198736756,csgo_stitch_0,stitch,-1
-0.1819674239523578,-2.4323104101916897,58932.37698698194,csgo_stitch_0,stitch,-1
0.2121791770086645,-5.722669949759208,58948.00198660359,csgo_stitch_0,stitch,-1
1.0316241067581586,-8.382973469795182,58963.62698622524,csgo_stitch_0,stitch,-1
1.8325921276825736,-11.500889756195136,58979.25198584689,csgo_stitch_0,stitch,-1
1.515844741200624,-11.202383122814908,58994.87698546854,csgo_stitch_0,stitch,-1
1.2846273892811553,-13.089575599577351,59010.50198509019,csgo_stitch_0,stitch,-1
1.3609357946662897,-14.572757622823476,59026.12698471184,csgo_stitch_0,stitch,-1
1.5901186484665004,-11.68956268656349,59041.75198433349,csgo_stitch_0,stitch,-1
1.403259383062874,-7.705992410183386,59057.37698395514,csgo_stitch_0,stitch,-1
0.9964622765568548,-4.898757816419764,59073.00198357679,csgo_stitch_0,stitch,-1
0.3300625652607039,-2.5069195443810877,59088.62698319844,csgo_stitch_0,stitch,-1
-0.0954297762063447,-0.4979406138871489,59104.25198282009,csgo_stitch_0,stitch,-1
-0.2719241859735177,0.3165538333610875,59119.87698244174,csgo_stitch_0,stitch,-1
0.0,0.0,59135.87698244174,csgo_stitch_0,stitch,-1
0.0,0.0,59151.50198232533,csgo_stitch_0,stitch,-1
0.0,0.0,59167.126982179805,csgo_stitch_0,stitch,-1
0.0,0.0,59182.75198207794,csgo_stitch_0,stitch,-1
0.0,0.0,59198.376981946974,csgo_stitch_0,stitch,-1
0.0,0.0,59214.00198181601,csgo_stitch_0,stitch,-1
0.0,0.0,59229.62698169959,csgo_stitch_0,stitch,-1
0.0,0.0,59245.25198158318,csgo_stitch_0,stitch,-1
0.0,0.0,59260.87698146676,csgo_stitch_0,stitch,-1
0.0,0.0,59276.501981335794,csgo_stitch_0,stitch,-1
0.0,0.0,59292.12698121938,csgo_stitch_0,stitch,-1
0.0,0.0,59307.75198110296,csgo_stitch_0,stitch,-1
0.0,0.0,59323.37698098655,csgo_stitch_0,stitch,-1
0.0,0.0,59339.00198085558,csgo_stitch_0,stitch,-1
0.0,0.0,59354.62698072461,csgo_stitch_0,stitch,-1
0.0,0.0,59370.25198062275,csgo_stitch_0,stitch,-1
0.0,0.0,59385.87698046268,csgo_stitch_0,stitch,-1
0.0,0.0,59401.501980360816,csgo_stitch_0,stitch,-1
0.0,0.0,59417.1269802153,csgo_stitch_0,stitch,-1
0.0,0.0,59432.75198009888,csgo_stitch_0,stitch,-1
0.0,0.0,59448.376979982466,csgo_stitch_0,stitch,-1
0.0,0.0,59464.00197986605,csgo_stitch_0,stitch,-1
0.0,0.0,59479.626979749635,csgo_stitch_0,stitch,-1
0.0,0.0,59495.25197961867,csgo_stitch_0,stitch,-1
0.0,0.0,59510.87697950225,csgo_stitch_0,stitch,-1
0.0,0.0,59526.50197938584,csgo_stitch_0,stitch,-1
0.0,0.0,59542.12697926942,csgo_stitch_0,stitch,-1
0.0,0.0,59557.751979138455,csgo_stitch_0,stitch,-1
0.0,0.0,59573.37697900749,csgo_stitch_0,stitch,-1
0.0,0.0,59589.001978905624,csgo_stitch_0,stitch,-1
0.0,0.0,59604.626978760105,csgo_stitch_0,stitch,-1
0.0,0.0,59620.25197864369,csgo_stitch_0,stitch,-1
0.0,0.0,59635.87697849817,csgo_stitch_0,stitch,-1
0.0,0.0,59651.501978381755,csgo_stitch_0,stitch,-1
0.0,0.0,59667.12697826534,csgo_stitch_0,stitch,-1
0.0,0.0,59682.751978148925,csgo_stitch_0,stitch,-1
0.0,0.0,59698.37697801796,csgo_stitch_0,stitch,-1
0.0,0.0,59714.00197790154,csgo_stitch_0,stitch,-1
0.0,0.0,59729.62697778513,csgo_stitch_0,stitch,-1
0.0,0.0,59745.25197766871,csgo_stitch_0,stitch,-1
0.0,0.0,59760.876977537744,csgo_stitch_0,stitch,-1
0.0,0.0,59776.50197740678,csgo_stitch_0,stitch,-1
0.0,0.0,59792.12697730491,csgo_stitch_0,stitch,-1
0.0,0.0,59807.7519771885,csgo_stitch_0,stitch,-1
0.0,0.0,59823.37697704298,csgo_stitch_0,stitch,-1
0.0,0.0,59839.00197692656,csgo_stitch_0,stitch,-1
0.0,0.0,59854.626976781045,csgo_stitch_0,stitch,-1
0.0,0.0,59870.25197667918,csgo_stitch_0,stitch,-1
0.0,0.0,59885.876976548214,csgo_stitch_0,stitch,-1
0.0,0.0,59901.50197641725,csgo_stitch_0,stitch,-1
0.0,0.0,59917.12697630083,csgo_stitch_0,stitch,-1
0.0,0.0,59932.751976184416,csgo_stitch_0,stitch,-1
0.0,0.0,59948.376976068,csgo_stitch_0,stitch,-1
0.0,0.0,59964.00197593703,csgo_stitch_0,stitch,-1
0.0,0.0,59979.62697582062,csgo_stitch_0,stitch,-1
0.0,0.0,59995.2519757042,csgo_stitch_0,stitch,-1
0.0,0.0,60010.87697558779,csgo_stitch_0,stitch,-1
0.0,0.0,60026.50197545682,csgo_stitch_0,stitch,-1
0.0,0.0,60042.12697532585,csgo_stitch_0,stitch,-1
0.0,0.0,60057.75197522399,csgo_stitch_0,stitch,-1
0.0,0.0,60073.37697507847,csgo_stitch_0,stitch,-1
0.0,0.0,60089.001974962055,csgo_stitch_0,stitch,-1
0.0,0.0,60104.626974816536,csgo_stitch_0,stitch,-1
0.0,0.0,60120.25197470012,csgo_stitch_0,stitch,-1
0.0,0.0,60135.87697459826,csgo_stitch_0,stitch,-1
0.0,0.0,60151.50197446729,csgo_stitch_0,stitch,-1
0.0,0.0,60167.12697433632,csgo_stitch_0,stitch,-1
0.0,0.0,60182.75197421991,csgo_stitch_0,stitch,-1
0.0,0.0,60198.37697410349,csgo_stitch_0,stitch,-1
0.0,0.0,60214.00197398708,csgo_stitch_0,stitch,-1
0.0,0.0,60229.62697385611,csgo_stitch_0,stitch,-1
0.0,0.0,60245.251973739694,csgo_stitch_0,stitch,-1
0.0,0.0,60260.87697362328,csgo_stitch_0,stitch,-1
0.0,0.0,60276.50197350686,csgo_stitch_0,stitch,-1
0.0,0.0,60292.126973361344,csgo_stitch_0,stitch,-1
0.0,0.0,60307.75197324493,csgo_stitch_0,stitch,-1
0.0,0.0,60323.37697309941,csgo_stitch_0,stitch,-1
0.0,0.0,60339.00197299755,csgo_stitch_0,stitch,-1
0.0,0.0,60354.62697286658,csgo_stitch_0,stitch,-1
0.0,0.0,60370.25197273561,csgo_stitch_0,stitch,-1
0.0,0.0,60385.8769726192,csgo_stitch_0,stitch,-1
0.0,0.0,60401.50197250278,csgo_stitch_0,stitch,-1
0.0,0.0,60417.126972386366,csgo_stitch_0,stitch,-1
0.0,0.0,60432.7519722554,csgo_stitch_0,stitch,-1
0.0,0.0,60448.37697213898,csgo_stitch_0,stitch,-1
0.0,0.0,60464.00197202257,csgo_stitch_0,stitch,-1
0.0,0.0,60479.62697190615,csgo_stitch_0,stitch,-1
0.0,0.0,60495.25197178974,csgo_stitch_0,stitch,-1
0.0,0.0,60510.87697164422,csgo_stitch_0,stitch,-1
0.0,0.0,60526.501971542355,csgo_stitch_0,stitch,-1
0.0,0.0,60542.12697138229,csgo_stitch_0,stitch,-1
0.0,0.0,60557.75197128042,csgo_stitch_0,stitch,-1
0.0,0.0,60573.37697114945,csgo_stitch_0,stitch,-1
0.0,0.0,60589.001971018486,csgo_stitch_0,stitch,-1
0.0,0.0,60604.62697090207,csgo_stitch_0,stitch,-1
0.0,0.0,60620.251970785655,csgo_stitch_0,stitch,-1
0.0,0.0,60635.87697066924,csgo_stitch_0,stitch,-1
0.0,0.0,60651.50197053827,csgo_stitch_0,stitch,-1
0.0,0.0,60667.12697042186,csgo_stitch_0,stitch,-1
0.0,0.0,60682.75197030544,csgo_stitch_0,stitch,-1
0.0,0.0,60698.37697018903,csgo_stitch_0,stitch,-1
0.0,0.0,60714.00197005806,csgo_stitch_0,stitch,-1
0.0,0.0,60729.62696992709,csgo_stitch_0,stitch,-1
0.0,0.0,60745.25196982523,csgo_stitch_0,stitch,-1
0.0,0.0,60760.87696967971,csgo_stitch_0,stitch,-1
0.0,0.0,60776.501969563295,csgo_stitch_0,stitch,-1
0.0,0.0,60792.126969417775,csgo_stitch_0,stitch,-1
0.0,0.0,60807.75196930136,csgo_stitch_0,stitch,-1
0.0,0.0,60823.3769691995,csgo_stitch_0,stitch,-1
0.0,0.0,60839.00196906853,csgo_stitch_0,stitch,-1
0.0,0.0,60854.62696893756,csgo_stitch_0,stitch,-1
0.0,0.0,60870.25196882115,csgo_stitch_0,stitch,-1
0.0,0.0,60885.87696870473,csgo_stitch_0,stitch,-1
0.0,0.0,60901.50196858832,csgo_stitch_0,stitch,-1
0.0,0.0,60917.12696845735,csgo_stitch_0,stitch,-1
0.0,0.0,60932.751968340934,csgo_stitch_0,stitch,-1
0.0,0.0,60948.37696822452,csgo_stitch_0,stitch,-1
0.0,0.0,60964.0019681081,csgo_stitch_0,stitch,-1
0.0,0.0,60979.626967962584,csgo_stitch_0,stitch,-1
0.0,0.0,60995.25196784617,csgo_stitch_0,stitch,-1
0.0,0.0,61010.87696770065,csgo_stitch_0,stitch,-1
0.0,0.0,61026.501967598786,csgo_stitch_0,stitch,-1
0.0,0.0,61042.12696748237,csgo_stitch_0,stitch,-1
0.0,0.0,61057.75196733685,csgo_stitch_0,stitch,-1
0.0,0.0,61073.37696722043,csgo_stitch_0,stitch,-1
0.0,0.0,61089.00196710402,csgo_stitch_0,stitch,-1
0.0,0.0,61104.626966987606,csgo_stitch_0,stitch,-1
0.0,0.0,61120.25196685664,csgo_stitch_0,stitch,-1
0.0,0.0,61135.87696674022,csgo_stitch_0,stitch,-1
0.0,0.0,61151.50196662381,csgo_stitch_0,stitch,-1
0.0,0.0,61167.12696650739,csgo_stitch_0,stitch,-1
0.0,0.0,61182.751966376425,csgo_stitch_0,stitch,-1
0.4104489970331428,2.038037343038429,61198.751966376425,csgo_stitch_0,stitch,-1
0.5422306265860755,2.174766143201353,61214.376967169504,csgo_stitch_0,stitch,-1
0.5395221980611211,2.084577069605615,61230.001967962584,csgo_stitch_0,stitch,-1
0.4696815983951978,1.597761200874988,61245.62696874839,csgo_stitch_0,stitch,-1
0.4465839903746484,1.8990830736637392,61261.25196954147,csgo_stitch_0,stitch,-1
0.5130447410940633,2.3337283117975502,61276.876970334546,csgo_stitch_0,stitch,-1
0.3970615656532175,1.974791544474325,61292.501971127625,csgo_stitch_0,stitch,-1
0.3581332826406083,1.925059780541204,61308.12697191343,csgo_stitch_0,stitch,-1
0.253789773262298,1.3536505562277057,61323.75197270651,csgo_stitch_0,stitch,-1
0.3811878657395766,1.615630522846983,61339.37697349959,csgo_stitch_0,stitch,-1
0.360472593006591,1.0930880589814027,61355.00197429267,csgo_stitch_0,stitch,-1
0.288500660428781,0.657206986568335,61370.62697508575,csgo_stitch_0,stitch,-1
0.2167267426644059,0.180021155255341,61386.25197587155,csgo_stitch_0,stitch,-1
0.090766542671588,-0.0398149663000122,61401.87697666463,csgo_stitch_0,stitch,-1
0.0,0.0,61417.50197745771,csgo_stitch_0,stitch,-1
0.0,0.0,61433.12697825079,csgo_stitch_0,stitch,-1
0.0,0.0,61448.75197904387,csgo_stitch_0,stitch,-1
0.0,0.0,61464.37697982967,csgo_stitch_0,stitch,-1
0.0,0.0,61480.00198062275,csgo_stitch_0,stitch,-1
0.0,0.0,61495.62698141583,csgo_stitch_0,stitch,-1
0.0,0.0,61511.25198220891,csgo_stitch_0,stitch,-1
0.0,0.0,61526.87698300199,csgo_stitch_0,stitch,-1
0.0,0.0,61542.50198378779,csgo_stitch_0,stitch,-1
0.0,0.0,61558.12698458087,csgo_stitch_0,stitch,-1
0.0,0.0,61573.75198537395,csgo_stitch_0,stitch,-1
0.0,0.0,61589.37698616703,csgo_stitch_0,stitch,-1
-0.3344312954782253,-0.6152309904146893,61605.00198696011,csgo_stitch_0,stitch,-1
-0.0877171864292449,-0.0463607729972004,61620.62698774591,csgo_stitch_0,stitch,-1
-0.1037610133328144,0.3843662909941017,61636.25198853899,csgo_stitch_0,stitch,-1
-0.0182862523191431,0.5168866096423894,61651.87698933207,csgo_stitch_0,stitch,-1
0.1551583325582157,0.6947857622869211,61667.50199012515,csgo_stitch_0,stitch,-1
0.1119502596886832,0.6927012972742883,61683.12699091823,csgo_stitch_0,stitch,-1
0.1984910844794569,0.8235269873351543,61698.75199170403,csgo_stitch_0,stitch,-1
0.205686264416073,0.6074972867175514,61714.37699249711,csgo_stitch_0,stitch,-1
0.165412046686697,0.4767787656733713,61730.00199329019,csgo_stitch_0,stitch,-1
0.1246881119602676,0.346476905137969,61745.62699408327,csgo_stitch_0,stitch,-1
0.0817506917269099,0.3023082742655054,61761.251994869075,csgo_stitch_0,stitch,-1
0.0820280735910046,0.3021632873943769,61776.876995662155,csgo_stitch_0,stitch,-1
0.039004237006111,0.2582168417896691,61792.501996455234,csgo_stitch_0,stitch,-1
-0.0032916392842139,0.1715570199582519,61808.12699724831,csgo_stitch_0,stitch,-1
0.0409556784352673,0.1723558546320456,61823.75199804139,csgo_stitch_0,stitch,-1
-0.003063274925779,0.1715310177268287,61839.3769988272,csgo_stitch_0,stitch,-1
-0.0029421041539876,0.1715325586599876,61855.001999620275,csgo_stitch_0,stitch,-1
0.0399047033364468,0.2579961840192011,61870.627000413355,csgo_stitch_0,stitch,-1
-0.0058012761757311,0.3858643135665764,61886.252001206434,csgo_stitch_0,stitch,-1
-0.0062683122355906,0.471585161556407,61901.87700199951,csgo_stitch_0,stitch,-1
-0.0070970667204051,0.6431002417728111,61917.50200278532,csgo_stitch_0,stitch,-1
-0.0065897565801549,0.8146106987430681,61933.1270035784,csgo_stitch_0,stitch,-1
-0.0036274875687638,0.728879176943727,61948.75200437147,csgo_stitch_0,stitch,-1
-0.0014617366686877,0.6860197238450504,61964.377005164555,csgo_stitch_0,stitch,-1
0.0004329399616267,0.6860089500116383,61980.00200595036,csgo_stitch_0,stitch,-1
-0.0420760112635889,0.6004488953356795,61995.62700674344,csgo_stitch_0,stitch,-1
0.0030840332045158,0.5574804738894803,62011.25200753652,csgo_stitch_0,stitch,-1
-0.0418472236320326,0.3005188140564245,62026.8770083296,csgo_stitch_0,stitch,-1
0.0010411525916538,0.1286868698167869,62042.50200912267,csgo_stitch_0,stitch,-1
-0.0436671992715389,0.043269503200396,62058.12700990848,csgo_stitch_0,stitch,-1
0.0,0.0,62073.75201070156,csgo_stitch_0,stitch,-1
0.0,0.0,62089.37701149464,csgo_stitch_0,stitch,-1
-0.0440276254133777,0.0003726801258423,62105.00201228772,csgo_stitch_0,stitch,-1
0.0,0.0,62120.6270130808,csgo_stitch_0,stitch,-1
0.0003660823531106,0.042910251279395,62136.2520138666,csgo_stitch_0,stitch,-1
0.0,0.0,62151.87701465968,csgo_stitch_0,stitch,-1
0.0,0.0,62167.50201545276,csgo_stitch_0,stitch,-1
0.000374750270538,0.0429106681703501,62183.12701624584,csgo_stitch_0,stitch,-1
0.0,0.0,62198.752017046194,csgo_stitch_0,stitch,-1
0.0,0.0,62214.37701782472,csgo_stitch_0,stitch,-1
0.0,0.0,62230.0020186178,csgo_stitch_0,stitch,-1
0.0,0.0,62245.62701941088,csgo_stitch_0,stitch,-1
0.0,0.0,62261.25202020396,csgo_stitch_0,stitch,-1
0.0,0.0,62276.87702099704,csgo_stitch_0,stitch,-1
0.0,0.0,62292.50202178284,csgo_stitch_0,stitch,-1
0.0007697871112384,0.0858207338092968,62308.12702257592,csgo_stitch_0,stitch,-1
0.0012099945967634,0.1287303566049873,62323.752023369,csgo_stitch_0,stitch,-1
0.0021633631542954,0.2145494112373156,62339.37702416208,csgo_stitch_0,stitch,-1
0.0038440178594214,0.3432453296961268,62355.00202494789,csgo_stitch_0,stitch,-1
-0.1261762222631546,0.4737246792655987,62370.62702574096,csgo_stitch_0,stitch,-1
-0.1661415632664784,0.6896204230645475,62386.25202653404,csgo_stitch_0,stitch,-1
-0.2496561104424017,0.8640843798886726,62401.87702732712,csgo_stitch_0,stitch,-1
-0.1984222602812622,1.079853271925474,62417.5020281202,csgo_stitch_0,stitch,-1
-0.1756895277933949,1.770317237206977,62433.127028906005,csgo_stitch_0,stitch,-1
-0.111706534124238,2.0296414914368786,62448.75202969909,csgo_stitch_0,stitch,-1
-0.0807178650437379,2.419385704455035,62464.37703049216,csgo_stitch_0,stitch,-1
-0.0801604531384896,2.8978635808179867,62480.00203128524,csgo_stitch_0,stitch,-1
-0.004473611695289,3.5902814231722395,62495.62703207832,csgo_stitch_0,stitch,-1
0.0975764736257644,3.6754262297727216,62511.252032864126,csgo_stitch_0,stitch,-1
0.2553751442316354,3.710937110954219,62526.877033657205,csgo_stitch_0,stitch,-1
0.3324654056488612,3.3595939061302644,62542.502034450285,csgo_stitch_0,stitch,-1
0.4392993573684123,3.2643667857469545,62558.12703524336,csgo_stitch_0,stitch,-1
0.4364960331085683,2.7870714436640185,62573.75203603644,csgo_stitch_0,stitch,-1
0.5377727354332649,2.383879554161375,62589.37703682225,csgo_stitch_0,stitch,-1
0.6316115923125096,1.716022089168483,62605.002037615326,csgo_stitch_0,stitch,-1
0.7998198242492833,1.4724867113145097,62620.627038408405,csgo_stitch_0,stitch,-1
0.7982951218670564,0.8101970399611815,62636.252039201485,csgo_stitch_0,stitch,-1
0.7181063975581026,0.2024239298375647,62651.87703998729,csgo_stitch_0,stitch,-1
0.6737456693581123,-0.1902404387793339,62667.50204078037,csgo_stitch_0,stitch,-1
0.664075387773778,-0.6308125336502712,62683.12704157345,csgo_stitch_0,stitch,-1
0.50975400043896,-1.1326275317234078,62698.75204236653,csgo_stitch_0,stitch,-1
