dx,dy,time,session_id,bot_type,user_id
0.0,0.0,0.0,S001_P3,human,csgo_S001_P3
0.0,0.0,15.624981504515745,S001_P3,human,csgo_S001_P3
0.0,0.0,31.249963023583405,S001_P3,human,csgo_S001_P3
0.0,0.0,46.87494452809915,S001_P3,human,csgo_S001_P3
0.0,0.0,78.12490756623447,S001_P3,human,csgo_S001_P3
0.0,0.0,93.7498890707502,S001_P3,human,csgo_S001_P3
0.0,0.0,109.37487058981787,S001_P3,human,csgo_S001_P3
0.0,0.0,124.99985209433362,S001_P3,human,csgo_S001_P3
0.0,0.0,140.62483361340128,S001_P3,human,csgo_S001_P3
0.0,0.0,156.24981511791702,S001_P3,human,csgo_S001_P3
0.0,0.0,171.87479663698468,S001_P3,human,csgo_S001_P3
0.0,0.0,187.49977814150043,S001_P3,human,csgo_S001_P3
0.0,0.0,203.1247596605681,S001_P3,human,csgo_S001_P3
0.0,0.0,218.74974117963575,S001_P3,human,csgo_S001_P3
0.0,0.0,234.3747226841515,S001_P3,human,csgo_S001_P3
0.0,0.0,249.99970420321915,S001_P3,human,csgo_S001_P3
0.0,0.0,265.6246857077349,S001_P3,human,csgo_S001_P3
0.0,0.0,281.24966722680256,S001_P3,human,csgo_S001_P3
0.0,0.0,296.8746487313183,S001_P3,human,csgo_S001_P3
0.0,0.0,312.49963025038596,S001_P3,human,csgo_S001_P3
0.0,0.0,328.1246117549017,S001_P3,human,csgo_S001_P3
0.0,0.0,343.74959327396937,S001_P3,human,csgo_S001_P3
0.0,0.0,359.374574793037,S001_P3,human,csgo_S001_P3
0.0,0.0,374.9995562975528,S001_P3,human,csgo_S001_P3
0.0,0.0,390.6245378166204,S001_P3,human,csgo_S001_P3
0.0,0.0,406.2495193211362,S001_P3,human,csgo_S001_P3
0.0,0.0,421.87450084020384,S001_P3,human,csgo_S001_P3
0.0,0.0,437.4994823447196,S001_P3,human,csgo_S001_P3
0.0,0.0,453.1244638637872,S001_P3,human,csgo_S001_P3
0.0,0.0,468.749445368303,S001_P3,human,csgo_S001_P3
0.0,0.0,484.37442688737065,S001_P3,human,csgo_S001_P3
0.0,0.0,499.9994084064383,S001_P3,human,csgo_S001_P3
0.0,0.0,515.624389910954,S001_P3,human,csgo_S001_P3
0.0,0.0,531.2493714300217,S001_P3,human,csgo_S001_P3
0.0,0.0,546.8743529345375,S001_P3,human,csgo_S001_P3
0.0,0.0,562.4993344536051,S001_P3,human,csgo_S001_P3
0.0,0.0,578.1243159581209,S001_P3,human,csgo_S001_P3
0.0,0.0,593.7492974771885,S001_P3,human,csgo_S001_P3
0.0,0.0,609.3742789817043,S001_P3,human,csgo_S001_P3
0.0,0.0,624.9992605007719,S001_P3,human,csgo_S001_P3
0.0,0.0,640.6242420198396,S001_P3,human,csgo_S001_P3
0.0,0.0,656.2492235243553,S001_P3,human,csgo_S001_P3
0.0,0.0,671.874205043423,S001_P3,human,csgo_S001_P3
0.0,0.0,687.4991865479387,S001_P3,human,csgo_S001_P3
0.0,0.0,703.1241680670064,S001_P3,human,csgo_S001_P3
0.0,0.0,718.7491495715221,S001_P3,human,csgo_S001_P3
0.0,0.0,734.3741310905898,S001_P3,human,csgo_S001_P3
0.0,0.0,749.9991125951055,S001_P3,human,csgo_S001_P3
0.0,0.0,765.6240941141732,S001_P3,human,csgo_S001_P3
0.0,0.0,781.2490756332409,S001_P3,human,csgo_S001_P3
0.0,0.0,796.8740571377566,S001_P3,human,csgo_S001_P3
0.0,0.0,812.4990386568243,S001_P3,human,csgo_S001_P3
0.0,0.0,828.12402016134,S001_P3,human,csgo_S001_P3
0.0,0.0,843.7490016804077,S001_P3,human,csgo_S001_P3
0.0,0.0,859.3739831849234,S001_P3,human,csgo_S001_P3
0.0,0.0,874.9989647039911,S001_P3,human,csgo_S001_P3
0.0,0.0,890.6239462085068,S001_P3,human,csgo_S001_P3
0.0,0.0,906.2489277275744,S001_P3,human,csgo_S001_P3
0.0,0.0,921.873909246642,S001_P3,human,csgo_S001_P3
0.0,0.0,937.498890751158,S001_P3,human,csgo_S001_P3
0.0,0.0,953.1238722702255,S001_P3,human,csgo_S001_P3
0.0,0.0,968.7488537747412,S001_P3,human,csgo_S001_P3
0.0,0.0,984.373835293809,S001_P3,human,csgo_S001_P3
0.0,0.0,999.9988167983248,S001_P3,human,csgo_S001_P3
0.0,0.0,1015.6237983173924,S001_P3,human,csgo_S001_P3
0.0,0.0,1031.248779821908,S001_P3,human,csgo_S001_P3
0.0,0.0,1046.8737613409758,S001_P3,human,csgo_S001_P3
0.0,0.0,1062.4987428600434,S001_P3,human,csgo_S001_P3
0.0,0.0,1078.1237243645592,S001_P3,human,csgo_S001_P3
0.0,0.0,1093.7487058836268,S001_P3,human,csgo_S001_P3
0.0,0.0,1109.3736873881426,S001_P3,human,csgo_S001_P3
0.0,0.0,1124.9986689072102,S001_P3,human,csgo_S001_P3
0.0,0.0,1140.623650411726,S001_P3,human,csgo_S001_P3
0.0,0.0,1156.2486319307936,S001_P3,human,csgo_S001_P3
0.0,0.0,1171.8736134353094,S001_P3,human,csgo_S001_P3
0.0,0.0,1187.498594954377,S001_P3,human,csgo_S001_P3
0.0,0.0,1203.1235764734447,S001_P3,human,csgo_S001_P3
0.0,0.0,1218.7485579779604,S001_P3,human,csgo_S001_P3
0.0,0.0,1234.373539497028,S001_P3,human,csgo_S001_P3
0.0,0.0,1249.9985210015438,S001_P3,human,csgo_S001_P3
0.0,0.0,1265.6235025206115,S001_P3,human,csgo_S001_P3
0.0,0.0,1281.2484840251273,S001_P3,human,csgo_S001_P3
0.0,0.0,1296.873465544195,S001_P3,human,csgo_S001_P3
0.0,0.0,1312.498447048711,S001_P3,human,csgo_S001_P3
0.0,0.0,1328.1234285677783,S001_P3,human,csgo_S001_P3
0.0,0.0,1343.748410086846,S001_P3,human,csgo_S001_P3
0.0,0.0,1359.3733915913615,S001_P3,human,csgo_S001_P3
0.0,0.0,1374.9983731104294,S001_P3,human,csgo_S001_P3
0.0,0.0,1390.6233546149451,S001_P3,human,csgo_S001_P3
0.0,0.0,1406.2483361340128,S001_P3,human,csgo_S001_P3
0.0,0.0,1421.8733176385283,S001_P3,human,csgo_S001_P3
0.0,0.0,1437.4982991575962,S001_P3,human,csgo_S001_P3
0.0,0.0,1453.123280662112,S001_P3,human,csgo_S001_P3
0.0,0.0,1468.7482621811796,S001_P3,human,csgo_S001_P3
0.0,0.0,1484.3732437002473,S001_P3,human,csgo_S001_P3
0.0,0.0,1499.998225204763,S001_P3,human,csgo_S001_P3
0.0,0.0,1515.623206723831,S001_P3,human,csgo_S001_P3
0.0,0.0,1531.2481882283464,S001_P3,human,csgo_S001_P3
0.0,0.0,1546.873169747414,S001_P3,human,csgo_S001_P3
0.0,0.0,1562.4981512519298,S001_P3,human,csgo_S001_P3
0.0,0.0,1578.1231327709977,S001_P3,human,csgo_S001_P3
0.0,0.0,1593.7481142755132,S001_P3,human,csgo_S001_P3
0.0,0.0,1609.3730957945809,S001_P3,human,csgo_S001_P3
0.0,0.0,1624.9980773136483,S001_P3,human,csgo_S001_P3
0.0,0.0,1640.6230588181645,S001_P3,human,csgo_S001_P3
0.0,0.0,1656.248040337232,S001_P3,human,csgo_S001_P3
0.0,0.0,1671.8730218417477,S001_P3,human,csgo_S001_P3
0.0,0.0,1687.4980033608151,S001_P3,human,csgo_S001_P3
0.0,0.0,1703.122984865331,S001_P3,human,csgo_S001_P3
0.0,0.0,1718.7479663843988,S001_P3,human,csgo_S001_P3
0.0,0.0,1734.3729478889145,S001_P3,human,csgo_S001_P3
-0.0219999989964776,0.0,1749.9979294079822,S001_P3,human,csgo_S001_P3
0.0,0.0,1765.6229109270498,S001_P3,human,csgo_S001_P3
0.0,0.0,1781.2478924315656,S001_P3,human,csgo_S001_P3
0.0,0.0,1796.8728739506332,S001_P3,human,csgo_S001_P3
0.0,0.0,1812.497855455149,S001_P3,human,csgo_S001_P3
0.0,0.0,1828.1228369742169,S001_P3,human,csgo_S001_P3
0.0,0.0,1843.7478184787324,S001_P3,human,csgo_S001_P3
0.0,0.0,1859.3727999978,S001_P3,human,csgo_S001_P3
0.0,0.0,1874.997781502316,S001_P3,human,csgo_S001_P3
0.0,0.0,1890.6227630213832,S001_P3,human,csgo_S001_P3
-6.600004098800127e-09,0.0439999888046138,1906.247744540451,S001_P3,human,csgo_S001_P3
-0.0220001114426224,0.0879999496228718,1921.8727260449668,S001_P3,human,csgo_S001_P3
-0.0440011506737789,0.1759996486861014,1937.4977075640345,S001_P3,human,csgo_S001_P3
-0.0660070074257817,0.2859983475060676,1953.1226890685505,S001_P3,human,csgo_S001_P3
-0.0660275618120067,0.4399943924666363,1968.747670587618,S001_P3,human,csgo_S001_P3
-0.0660860176803339,0.6379868390633872,1984.3726520921336,S001_P3,human,csgo_S001_P3
-0.0882243538154909,0.7919679992131334,1999.9976336112013,S001_P3,human,csgo_S001_P3
-0.1105802537164208,1.0779259061203903,2015.622615115717,S001_P3,human,csgo_S001_P3
-0.089139283366137,1.3198835095918544,2031.2475966347847,S001_P3,human,csgo_S001_P3
-0.0677194862999783,1.363855186678549,2046.8725781538524,S001_P3,human,csgo_S001_P3
-0.0686939414046605,1.517798650701045,2062.497559658368,S001_P3,human,csgo_S001_P3
-0.0926454709118616,1.8036671455794435,2078.122541177436,S001_P3,human,csgo_S001_P3
-0.0486479724887374,1.4957289460936938,2093.7475226819515,S001_P3,human,csgo_S001_P3
-0.0277215071059799,1.6497431001323104,2109.372504201019,S001_P3,human,csgo_S001_P3
-0.0529137868489897,1.9795867242699767,2124.997485705535,S001_P3,human,csgo_S001_P3
-0.0099487455237294,2.1557112060202552,2140.6224672246026,S001_P3,human,csgo_S001_P3
0.1064398302794131,1.8263001221411024,2156.2474487291183,S001_P3,human,csgo_S001_P3
0.1569833108013085,1.3425571937720306,2171.872430248186,S001_P3,human,csgo_S001_P3
0.0230438203608969,0.0880798836782403,2187.4974117672537,S001_P3,human,csgo_S001_P3
0.0,0.0,2203.1223932717694,S001_P3,human,csgo_S001_P3
0.0,0.0,2218.747374790837,S001_P3,human,csgo_S001_P3
0.0,0.0,2234.372356295353,S001_P3,human,csgo_S001_P3
0.0,0.0,2249.9973378144205,S001_P3,human,csgo_S001_P3
0.0,0.0,2265.622319318936,S001_P3,human,csgo_S001_P3
0.0,0.0,2281.247300838004,S001_P3,human,csgo_S001_P3
0.0,0.0,2296.8722823425196,S001_P3,human,csgo_S001_P3
0.0,0.0,2312.4972638615873,S001_P3,human,csgo_S001_P3
0.0,0.0,2328.122245380655,S001_P3,human,csgo_S001_P3
0.0,0.0,2343.7472268851707,S001_P3,human,csgo_S001_P3
0.0,0.0,2359.3722084042383,S001_P3,human,csgo_S001_P3
0.0,0.0,2374.997189908754,S001_P3,human,csgo_S001_P3
0.0,0.0,2390.6221714278217,S001_P3,human,csgo_S001_P3
0.0,0.0,2406.2471529323375,S001_P3,human,csgo_S001_P3
0.0,0.0,2421.872134451405,S001_P3,human,csgo_S001_P3
0.0,0.0,2437.497115970473,S001_P3,human,csgo_S001_P3
0.0,0.0,2453.1220974749885,S001_P3,human,csgo_S001_P3
0.0,0.0,2468.747078994056,S001_P3,human,csgo_S001_P3
0.0,0.0,2484.372060498572,S001_P3,human,csgo_S001_P3
-0.0473435906307315,0.1098154685525543,2499.9970420176396,S001_P3,human,csgo_S001_P3
-0.1895596729978876,0.3511093361278767,2515.6220235221554,S001_P3,human,csgo_S001_P3
-0.1436731548023146,0.3951609726322083,2531.247005041223,S001_P3,human,csgo_S001_P3
-0.0254388372132439,0.2638068769405457,2546.8719865457388,S001_P3,human,csgo_S001_P3
-0.0245711570332218,0.1318265345311253,2562.4969680648064,S001_P3,human,csgo_S001_P3
-0.0241187099911428,0.0658336704953157,2578.121949583874,S001_P3,human,csgo_S001_P3
-0.0001670084315321,0.0219934054531769,2593.74693108839,S001_P3,human,csgo_S001_P3
0.0,0.0,2609.3719126074575,S001_P3,human,csgo_S001_P3
0.0,0.0,2624.9968941119732,S001_P3,human,csgo_S001_P3
0.0,0.0,2640.621875631041,S001_P3,human,csgo_S001_P3
0.0,0.0,2656.2468571355566,S001_P3,human,csgo_S001_P3
0.0,0.0,2671.8718386546243,S001_P3,human,csgo_S001_P3
0.0,0.0,2687.49682015914,S001_P3,human,csgo_S001_P3
-0.023632349511331,-0.0001575647145415,2703.1218016782077,S001_P3,human,csgo_S001_P3
0.0,0.0,2718.7467831972754,S001_P3,human,csgo_S001_P3
0.0,0.0,2734.371764701791,S001_P3,human,csgo_S001_P3
0.0,0.0,2749.9967462208588,S001_P3,human,csgo_S001_P3
0.0,0.0,2765.6217277253745,S001_P3,human,csgo_S001_P3
0.0,0.0,2781.246709244442,S001_P3,human,csgo_S001_P3
0.0,0.0,2796.871690748958,S001_P3,human,csgo_S001_P3
0.0,0.0,2812.4966722680256,S001_P3,human,csgo_S001_P3
0.0,0.0,2828.1216537725413,S001_P3,human,csgo_S001_P3
0.0,0.0,2843.746635291609,S001_P3,human,csgo_S001_P3
0.0,0.0,2859.3716168106766,S001_P3,human,csgo_S001_P3
0.0,0.0,2874.9965983151924,S001_P3,human,csgo_S001_P3
0.0,0.0,2890.62157983426,S001_P3,human,csgo_S001_P3
0.0,0.0,2906.246561338776,S001_P3,human,csgo_S001_P3
0.0,0.0,2921.8715428578435,S001_P3,human,csgo_S001_P3
0.0,0.0,2937.496524362359,S001_P3,human,csgo_S001_P3
0.0,0.0,2953.121505881427,S001_P3,human,csgo_S001_P3
0.0,0.0,2968.7464873859426,S001_P3,human,csgo_S001_P3
0.0,0.0,2984.3714689050103,S001_P3,human,csgo_S001_P3
0.0,0.0,2999.996450424078,S001_P3,human,csgo_S001_P3
0.0,0.0,3015.6214319285937,S001_P3,human,csgo_S001_P3
0.0,0.0,3031.2464134476613,S001_P3,human,csgo_S001_P3
0.0,0.0,3046.871394952177,S001_P3,human,csgo_S001_P3
0.0,0.0,3062.4963764712447,S001_P3,human,csgo_S001_P3
0.0,0.0,3078.1213579757605,S001_P3,human,csgo_S001_P3
0.0,0.0,3093.746339494828,S001_P3,human,csgo_S001_P3
0.0,0.0,3109.371320999344,S001_P3,human,csgo_S001_P3
0.0,0.0,3124.9963025184115,S001_P3,human,csgo_S001_P3
0.0,0.0,3140.621284037479,S001_P3,human,csgo_S001_P3
0.0,0.0,3156.246265541995,S001_P3,human,csgo_S001_P3
0.0,0.0,3171.8712470610626,S001_P3,human,csgo_S001_P3
0.0,0.0,3187.4962285655783,S001_P3,human,csgo_S001_P3
0.0,0.0,3203.121210084646,S001_P3,human,csgo_S001_P3
0.0,0.0,3218.7461915891618,S001_P3,human,csgo_S001_P3
0.0,0.0,3234.3711731082294,S001_P3,human,csgo_S001_P3
0.0,0.0,3249.996154612745,S001_P3,human,csgo_S001_P3
0.0,0.0,3265.621136131813,S001_P3,human,csgo_S001_P3
0.0,0.0,3281.2461176508805,S001_P3,human,csgo_S001_P3
0.0,0.0,3296.871099155396,S001_P3,human,csgo_S001_P3
0.0,0.0,3312.496080674464,S001_P3,human,csgo_S001_P3
0.0,0.0,3328.1210621789796,S001_P3,human,csgo_S001_P3
0.0,0.0,3343.7460436980473,S001_P3,human,csgo_S001_P3
0.0,0.0,3359.371025202563,S001_P3,human,csgo_S001_P3
-0.000171106878696,0.0219948481119161,3374.9960067216307,S001_P3,human,csgo_S001_P3
0.0,0.0,3390.6209882261464,S001_P3,human,csgo_S001_P3
-0.0001712060455929,0.021994471375482,3406.245969745214,S001_P3,human,csgo_S001_P3
0.0,0.0,3421.8709512642818,S001_P3,human,csgo_S001_P3
-0.0001714650522615,0.0219953292413279,3437.4959327687975,S001_P3,human,csgo_S001_P3
0.0,0.0,3453.120914287865,S001_P3,human,csgo_S001_P3
0.0,0.0,3468.745895792381,S001_P3,human,csgo_S001_P3
0.0,0.0,3484.370877311449,S001_P3,human,csgo_S001_P3
0.0,0.0,3499.9958588159643,S001_P3,human,csgo_S001_P3
0.0,0.0,3515.620840335032,S001_P3,human,csgo_S001_P3
0.0,0.0,3531.2458218395477,S001_P3,human,csgo_S001_P3
0.0,0.0,3546.8708033586154,S001_P3,human,csgo_S001_P3
0.0,0.0,3562.495784877683,S001_P3,human,csgo_S001_P3
0.0,0.0,3578.120766382199,S001_P3,human,csgo_S001_P3
0.0,0.0,3593.7457479012664,S001_P3,human,csgo_S001_P3
0.0,0.0,3609.370729405782,S001_P3,human,csgo_S001_P3
0.0,0.0,3624.99571092485,S001_P3,human,csgo_S001_P3
0.0,0.0,3640.6206924293656,S001_P3,human,csgo_S001_P3
0.0,0.0,3656.2456739484337,S001_P3,human,csgo_S001_P3
0.0,0.0,3671.870655452949,S001_P3,human,csgo_S001_P3
0.0,0.0,3687.4956369720167,S001_P3,human,csgo_S001_P3
0.0,0.0,3703.120618491084,S001_P3,human,csgo_S001_P3
0.0,0.0,3718.7455999956,S001_P3,human,csgo_S001_P3
0.0,0.0,3734.370581514668,S001_P3,human,csgo_S001_P3
0.0,0.0,3749.995563019183,S001_P3,human,csgo_S001_P3
0.0,0.0,3765.620544538251,S001_P3,human,csgo_S001_P3
0.0,0.0,3781.245526042767,S001_P3,human,csgo_S001_P3
0.0,0.0,3796.8705075618345,S001_P3,human,csgo_S001_P3
0.0,0.0,3812.4954890663503,S001_P3,human,csgo_S001_P3
0.0,0.0,3828.120470585418,S001_P3,human,csgo_S001_P3
0.0,0.0,3843.7454521044856,S001_P3,human,csgo_S001_P3
0.0,0.0,3859.370433609002,S001_P3,human,csgo_S001_P3
0.0,0.0,3874.995415128069,S001_P3,human,csgo_S001_P3
0.0,0.0,3890.6203966325847,S001_P3,human,csgo_S001_P3
0.0,0.0,3906.245378151653,S001_P3,human,csgo_S001_P3
0.0,0.0,3921.870359656168,S001_P3,human,csgo_S001_P3
0.0,0.0,3937.495341175236,S001_P3,human,csgo_S001_P3
0.0,0.0,3953.120322679752,S001_P3,human,csgo_S001_P3
0.0,0.0,3968.745304198819,S001_P3,human,csgo_S001_P3
0.0,0.0,3984.370285717887,S001_P3,human,csgo_S001_P3
0.0,0.0,3999.9952672224026,S001_P3,human,csgo_S001_P3
0.0,0.0,4015.6202487414703,S001_P3,human,csgo_S001_P3
0.0,0.0,4031.245230245986,S001_P3,human,csgo_S001_P3
0.0,0.0,4046.8702117650537,S001_P3,human,csgo_S001_P3
0.0,0.0,4062.4951932695694,S001_P3,human,csgo_S001_P3
0.0,0.0,4078.120174788637,S001_P3,human,csgo_S001_P3
0.0,0.0,4093.745156293153,S001_P3,human,csgo_S001_P3
0.0,0.0,4109.3701378122205,S001_P3,human,csgo_S001_P3
0.0,0.0,4124.995119331288,S001_P3,human,csgo_S001_P3
0.0,0.0,4140.620100835804,S001_P3,human,csgo_S001_P3
0.0,0.0,4156.245082354872,S001_P3,human,csgo_S001_P3
0.0,0.0,4171.870063859387,S001_P3,human,csgo_S001_P3
0.0,0.0,4187.495045378455,S001_P3,human,csgo_S001_P3
0.0,0.0,4203.120026882971,S001_P3,human,csgo_S001_P3
0.0,0.0,4218.745008402038,S001_P3,human,csgo_S001_P3
0.0,0.0,4234.369989906554,S001_P3,human,csgo_S001_P3
0.0,0.0,4249.994971425622,S001_P3,human,csgo_S001_P3
0.0,0.0,4265.619952944689,S001_P3,human,csgo_S001_P3
0.0,0.0,4281.244934449205,S001_P3,human,csgo_S001_P3
0.0,0.0,4296.869915968273,S001_P3,human,csgo_S001_P3
0.0,0.0,4312.494897472789,S001_P3,human,csgo_S001_P3
0.0,0.0,4328.119878991856,S001_P3,human,csgo_S001_P3
0.0,0.0,4343.744860496372,S001_P3,human,csgo_S001_P3
0.0,0.0,4359.36984201544,S001_P3,human,csgo_S001_P3
0.0,0.0,4374.994823519955,S001_P3,human,csgo_S001_P3
0.0,0.0,4390.619805039023,S001_P3,human,csgo_S001_P3
0.0,0.0,4406.244786558091,S001_P3,human,csgo_S001_P3
0.0,0.0,4421.869768062606,S001_P3,human,csgo_S001_P3
0.0,0.0,4437.494749581674,S001_P3,human,csgo_S001_P3
0.0,0.0,4453.11973108619,S001_P3,human,csgo_S001_P3
0.0,0.0,4468.7447126052575,S001_P3,human,csgo_S001_P3
0.0,0.0,4484.369694109773,S001_P3,human,csgo_S001_P3
0.0,0.0,4499.994675628841,S001_P3,human,csgo_S001_P3
0.0,0.0,4515.619657133357,S001_P3,human,csgo_S001_P3
0.0,0.0,4531.244638652424,S001_P3,human,csgo_S001_P3
0.0,0.0,4546.869620171492,S001_P3,human,csgo_S001_P3
0.0,0.0,4562.494601676008,S001_P3,human,csgo_S001_P3
0.0,0.0,4578.119583195075,S001_P3,human,csgo_S001_P3
0.0,0.0,4593.744564699591,S001_P3,human,csgo_S001_P3
0.0,0.0,4609.369546218659,S001_P3,human,csgo_S001_P3
0.0,0.0,4624.9945277231745,S001_P3,human,csgo_S001_P3
0.0,0.0,4640.619509242242,S001_P3,human,csgo_S001_P3
0.0,0.0,4656.244490746758,S001_P3,human,csgo_S001_P3
0.0,0.0,4671.869472265826,S001_P3,human,csgo_S001_P3
0.0,0.0,4687.494453784893,S001_P3,human,csgo_S001_P3
0.0,0.0,4703.119435289409,S001_P3,human,csgo_S001_P3
0.0,0.0,4718.744416808477,S001_P3,human,csgo_S001_P3
0.0,0.0,4734.369398312992,S001_P3,human,csgo_S001_P3
0.0,0.0,4749.99437983206,S001_P3,human,csgo_S001_P3
0.0,0.0,4765.619361336576,S001_P3,human,csgo_S001_P3
0.0,0.0,4781.2443428556435,S001_P3,human,csgo_S001_P3
0.0,0.0,4796.869324360159,S001_P3,human,csgo_S001_P3
0.0,0.0,4812.494305879227,S001_P3,human,csgo_S001_P3
0.0,0.0,4828.119287398295,S001_P3,human,csgo_S001_P3
0.0,0.0,4843.74426890281,S001_P3,human,csgo_S001_P3
0.0,0.0,4859.369250421878,S001_P3,human,csgo_S001_P3
0.0,0.0,4874.994231926394,S001_P3,human,csgo_S001_P3
0.0,0.0,4890.619213445461,S001_P3,human,csgo_S001_P3
0.0,0.0,4906.244194949977,S001_P3,human,csgo_S001_P3
0.0,0.0,4921.869176469045,S001_P3,human,csgo_S001_P3
0.0,0.0,4937.4941579735605,S001_P3,human,csgo_S001_P3
0.0,0.0,4953.119139492628,S001_P3,human,csgo_S001_P3
0.0,0.0,4968.744121011696,S001_P3,human,csgo_S001_P3
0.0,0.0,4984.369102516212,S001_P3,human,csgo_S001_P3
0.0,0.0,4999.994084035279,S001_P3,human,csgo_S001_P3
0.0,0.0,5015.619065539795,S001_P3,human,csgo_S001_P3
0.0,0.0,5031.244047058863,S001_P3,human,csgo_S001_P3
0.0,0.0,5046.869028563378,S001_P3,human,csgo_S001_P3
0.0,0.0,5062.494010082446,S001_P3,human,csgo_S001_P3
0.0,0.0,5078.118991586962,S001_P3,human,csgo_S001_P3
0.0,0.0,5093.743973106029,S001_P3,human,csgo_S001_P3
0.0,0.0,5109.368954625097,S001_P3,human,csgo_S001_P3
0.0,0.0,5124.993936129613,S001_P3,human,csgo_S001_P3
0.0,0.0,5140.6189176486805,S001_P3,human,csgo_S001_P3
0.0,0.0,5156.243899153196,S001_P3,human,csgo_S001_P3
0.0,0.0,5171.868880672264,S001_P3,human,csgo_S001_P3
0.0,0.0,5187.49386217678,S001_P3,human,csgo_S001_P3
0.0,0.0,5203.118843695847,S001_P3,human,csgo_S001_P3
0.0,0.0,5218.743825200363,S001_P3,human,csgo_S001_P3
0.0,0.0,5234.368806719431,S001_P3,human,csgo_S001_P3
0.0,0.0,5249.993788238498,S001_P3,human,csgo_S001_P3
0.0,0.0,5265.618769743014,S001_P3,human,csgo_S001_P3
0.0,0.0,5281.243751262082,S001_P3,human,csgo_S001_P3
0.0,0.0,5296.8687327665975,S001_P3,human,csgo_S001_P3
0.0,0.0,5312.493714285665,S001_P3,human,csgo_S001_P3
0.0,0.0,5328.118695790181,S001_P3,human,csgo_S001_P3
0.0,0.0,5343.743677309249,S001_P3,human,csgo_S001_P3
0.0,0.0,5359.368658813764,S001_P3,human,csgo_S001_P3
0.0,0.0,5374.993640332832,S001_P3,human,csgo_S001_P3
0.0,0.0,5390.6186218519,S001_P3,human,csgo_S001_P3
0.0,0.0,5406.243603356415,S001_P3,human,csgo_S001_P3
0.0,0.0,5421.868584875483,S001_P3,human,csgo_S001_P3
0.0,0.0,5437.493566379999,S001_P3,human,csgo_S001_P3
0.0,0.0,5453.1185478990665,S001_P3,human,csgo_S001_P3
0.0,0.0,5468.743529403582,S001_P3,human,csgo_S001_P3
0.0,0.0,5484.36851092265,S001_P3,human,csgo_S001_P3
0.0,0.0,5499.993492427166,S001_P3,human,csgo_S001_P3
0.0,0.0,5515.618473946233,S001_P3,human,csgo_S001_P3
0.0,0.0,5531.243455465301,S001_P3,human,csgo_S001_P3
0.0,0.0,5546.868436969817,S001_P3,human,csgo_S001_P3
0.0,0.0,5562.493418488884,S001_P3,human,csgo_S001_P3
0.0,0.0,5578.1183999934,S001_P3,human,csgo_S001_P3
0.0,0.0,5593.743381512468,S001_P3,human,csgo_S001_P3
0.0,0.0,5609.3683630169835,S001_P3,human,csgo_S001_P3
0.0,0.0,5624.993344536051,S001_P3,human,csgo_S001_P3
0.0,0.0,5640.618326040567,S001_P3,human,csgo_S001_P3
0.0,0.0,5656.243307559635,S001_P3,human,csgo_S001_P3
0.0,0.0,5671.868289078702,S001_P3,human,csgo_S001_P3
0.0,0.0,5687.493270583218,S001_P3,human,csgo_S001_P3
0.0,0.0,5703.118252102286,S001_P3,human,csgo_S001_P3
0.0,0.0,5718.743233606801,S001_P3,human,csgo_S001_P3
0.0,0.0,5734.368215125869,S001_P3,human,csgo_S001_P3
0.0,0.0,5749.993196630385,S001_P3,human,csgo_S001_P3
0.0,0.0,5765.618178149452,S001_P3,human,csgo_S001_P3
0.0,0.0,5781.243159653968,S001_P3,human,csgo_S001_P3
0.0,0.0,5796.868141173036,S001_P3,human,csgo_S001_P3
0.0,0.0,5812.4931226921035,S001_P3,human,csgo_S001_P3
0.0,0.0,5828.118104196619,S001_P3,human,csgo_S001_P3
0.0,0.0,5843.743085715687,S001_P3,human,csgo_S001_P3
0.0,0.0,5859.368067220203,S001_P3,human,csgo_S001_P3
0.0,0.0,5874.99304873927,S001_P3,human,csgo_S001_P3
0.0,0.0,5890.618030243786,S001_P3,human,csgo_S001_P3
0.0,0.0,5906.243011762854,S001_P3,human,csgo_S001_P3
0.0,0.0,5921.8679932673695,S001_P3,human,csgo_S001_P3
0.0,0.0,5937.492974786437,S001_P3,human,csgo_S001_P3
0.0,0.0,5953.117956305505,S001_P3,human,csgo_S001_P3
0.0,0.0,5968.7429378100205,S001_P3,human,csgo_S001_P3
0.0,0.0,5984.367919329088,S001_P3,human,csgo_S001_P3
0.0,0.0,5999.992900833604,S001_P3,human,csgo_S001_P3
0.0,0.0,6015.617882352672,S001_P3,human,csgo_S001_P3
0.0,0.0,6031.242863857187,S001_P3,human,csgo_S001_P3
0.0,0.0,6046.867845376255,S001_P3,human,csgo_S001_P3
0.0,0.0,6062.492826880771,S001_P3,human,csgo_S001_P3
0.0006845884269068,-0.0879798766473349,6078.117808399838,S001_P3,human,csgo_S001_P3
0.0487212219494779,-0.1976507722487959,6093.742789918906,S001_P3,human,csgo_S001_P3
0.0721441861055893,-0.1975338988724786,6109.367771423422,S001_P3,human,csgo_S001_P3
0.0475582421041735,-0.0657138331661144,6124.9927529424895,S001_P3,human,csgo_S001_P3
0.0,0.0,6140.617734447005,S001_P3,human,csgo_S001_P3
0.0,0.0,6156.242715966073,S001_P3,human,csgo_S001_P3
0.0,0.0,6171.867697470589,S001_P3,human,csgo_S001_P3
0.0,0.0,6187.492678989656,S001_P3,human,csgo_S001_P3
0.0,0.0,6203.117660494172,S001_P3,human,csgo_S001_P3
0.0,0.0,6218.74264201324,S001_P3,human,csgo_S001_P3
0.0,0.0,6234.367623532307,S001_P3,human,csgo_S001_P3
0.0,0.0,6249.992605036823,S001_P3,human,csgo_S001_P3
0.0,0.0,6265.617586555891,S001_P3,human,csgo_S001_P3
0.0,0.0,6281.2425680604065,S001_P3,human,csgo_S001_P3
0.0,0.0,6296.867549579474,S001_P3,human,csgo_S001_P3
0.0,0.0,6312.49253108399,S001_P3,human,csgo_S001_P3
0.0,0.0,6328.117512603058,S001_P3,human,csgo_S001_P3
0.0,0.0,6343.742494107573,S001_P3,human,csgo_S001_P3
0.0,0.0,6359.367475626641,S001_P3,human,csgo_S001_P3
0.0,0.0,6374.992457145709,S001_P3,human,csgo_S001_P3
0.0,0.0,6390.617438650224,S001_P3,human,csgo_S001_P3
0.0,0.0,6406.242420169292,S001_P3,human,csgo_S001_P3
0.0,0.0,6421.867401673808,S001_P3,human,csgo_S001_P3
0.0,0.0,6437.492383192875,S001_P3,human,csgo_S001_P3
0.0,0.0,6453.117364697391,S001_P3,human,csgo_S001_P3
0.0,0.0,6468.742346216459,S001_P3,human,csgo_S001_P3
0.0,0.0,6484.3673277355265,S001_P3,human,csgo_S001_P3
0.0,0.0,6499.992309240042,S001_P3,human,csgo_S001_P3
0.0,0.0,6515.61729075911,S001_P3,human,csgo_S001_P3
0.0,0.0,6531.242272263626,S001_P3,human,csgo_S001_P3
0.0,0.0,6546.867253782693,S001_P3,human,csgo_S001_P3
0.0,0.0,6562.492235287209,S001_P3,human,csgo_S001_P3
0.0,0.0,6578.117216806277,S001_P3,human,csgo_S001_P3
0.0,0.0,6593.742198310792,S001_P3,human,csgo_S001_P3
0.0,0.0,6609.36717982986,S001_P3,human,csgo_S001_P3
0.0,0.0,6624.992161348928,S001_P3,human,csgo_S001_P3
0.0,0.0,6640.6171428534435,S001_P3,human,csgo_S001_P3
0.0,0.0,6656.242124372511,S001_P3,human,csgo_S001_P3
0.0,0.0,6671.867105877027,S001_P3,human,csgo_S001_P3
0.0,0.0,6687.492087396095,S001_P3,human,csgo_S001_P3
0.0,0.0,6703.11706890061,S001_P3,human,csgo_S001_P3
0.0,0.0,6718.742050419678,S001_P3,human,csgo_S001_P3
0.0,0.0,6734.367031924194,S001_P3,human,csgo_S001_P3
0.0,0.0,6749.992013443261,S001_P3,human,csgo_S001_P3
0.0,0.0,6765.616994962329,S001_P3,human,csgo_S001_P3
0.0,0.0,6781.241976466845,S001_P3,human,csgo_S001_P3
0.0,0.0,6796.866957985912,S001_P3,human,csgo_S001_P3
0.0,0.0,6812.491939490428,S001_P3,human,csgo_S001_P3
0.0,0.0,6828.116921009496,S001_P3,human,csgo_S001_P3
0.0,0.0,6843.741902514012,S001_P3,human,csgo_S001_P3
0.0,0.0,6859.366884033079,S001_P3,human,csgo_S001_P3
0.0,0.0,6874.991865537595,S001_P3,human,csgo_S001_P3
0.0,0.0,6890.616847056663,S001_P3,human,csgo_S001_P3
0.0,0.0,6906.24182857573,S001_P3,human,csgo_S001_P3
0.0,0.0,6921.866810080246,S001_P3,human,csgo_S001_P3
0.0,0.0,6937.491791599314,S001_P3,human,csgo_S001_P3
0.0,0.0,6953.1167731038295,S001_P3,human,csgo_S001_P3
0.0,0.0,6968.741754622897,S001_P3,human,csgo_S001_P3
0.0,0.0,6984.366736127413,S001_P3,human,csgo_S001_P3
0.0,0.0,6999.9917176464805,S001_P3,human,csgo_S001_P3
0.0,0.0,7015.616699150996,S001_P3,human,csgo_S001_P3
0.0,0.0,7031.241680670064,S001_P3,human,csgo_S001_P3
0.0,0.0,7046.866662189132,S001_P3,human,csgo_S001_P3
0.0,0.0,7062.491643693647,S001_P3,human,csgo_S001_P3
0.0,0.0,7078.116625212715,S001_P3,human,csgo_S001_P3
0.0,0.0,7093.741606717231,S001_P3,human,csgo_S001_P3
0.0,0.0,7109.366588236298,S001_P3,human,csgo_S001_P3
0.0,0.0,7124.991569740814,S001_P3,human,csgo_S001_P3
0.0,0.0,7140.616551259882,S001_P3,human,csgo_S001_P3
0.0,0.0,7156.241532764398,S001_P3,human,csgo_S001_P3
0.0,0.0,7171.866514283465,S001_P3,human,csgo_S001_P3
0.0,0.0,7187.491495802533,S001_P3,human,csgo_S001_P3
0.0,0.0,7203.116477307049,S001_P3,human,csgo_S001_P3
0.0,0.0,7218.741458826116,S001_P3,human,csgo_S001_P3
0.0,0.0,7234.366440330632,S001_P3,human,csgo_S001_P3
0.0,0.0,7249.9914218497,S001_P3,human,csgo_S001_P3
0.0,0.0,7265.616403354215,S001_P3,human,csgo_S001_P3
0.0,0.0,7281.241384873283,S001_P3,human,csgo_S001_P3
0.0,0.0,7296.866366377799,S001_P3,human,csgo_S001_P3
0.0,0.0,7312.491347896867,S001_P3,human,csgo_S001_P3
0.0,0.0,7328.116329415934,S001_P3,human,csgo_S001_P3
0.0,0.0,7343.74131092045,S001_P3,human,csgo_S001_P3
0.0,0.0,7359.366292439518,S001_P3,human,csgo_S001_P3
0.0,0.0,7374.991273944033,S001_P3,human,csgo_S001_P3
0.0,0.0,7390.616255463101,S001_P3,human,csgo_S001_P3
0.0,0.0,7406.241236967617,S001_P3,human,csgo_S001_P3
0.0,0.0,7421.866218486684,S001_P3,human,csgo_S001_P3
0.0,0.0,7437.4911999912,S001_P3,human,csgo_S001_P3
0.0,0.0,7453.116181510268,S001_P3,human,csgo_S001_P3
0.0,0.0,7468.741163029335,S001_P3,human,csgo_S001_P3
0.0,0.0,7484.366144533851,S001_P3,human,csgo_S001_P3
0.0,0.0,7499.991126052919,S001_P3,human,csgo_S001_P3
0.0,0.0,7515.616107557435,S001_P3,human,csgo_S001_P3
0.0,0.0,7531.241089076502,S001_P3,human,csgo_S001_P3
0.0,0.0,7546.866070581018,S001_P3,human,csgo_S001_P3
0.0,0.0,7562.491052100086,S001_P3,human,csgo_S001_P3
0.0,0.0,7578.116033604601,S001_P3,human,csgo_S001_P3
0.0,0.0,7593.741015123669,S001_P3,human,csgo_S001_P3
0.0,0.0,7609.365996642737,S001_P3,human,csgo_S001_P3
0.0,0.0,7624.9909781472525,S001_P3,human,csgo_S001_P3
0.0,0.0,7640.61595966632,S001_P3,human,csgo_S001_P3
0.0,0.0,7656.240941170836,S001_P3,human,csgo_S001_P3
0.0,0.0,7671.865922689904,S001_P3,human,csgo_S001_P3
0.0,0.0,7687.490904194419,S001_P3,human,csgo_S001_P3
0.0,0.0,7703.115885713487,S001_P3,human,csgo_S001_P3
0.0,0.0,7718.740867218003,S001_P3,human,csgo_S001_P3
0.0,0.0,7734.36584873707,S001_P3,human,csgo_S001_P3
0.0,0.0,7749.990830256138,S001_P3,human,csgo_S001_P3
0.0,0.0,7765.615811760654,S001_P3,human,csgo_S001_P3
0.0,0.0,7781.240793279721,S001_P3,human,csgo_S001_P3
0.0,0.0,7796.865774784237,S001_P3,human,csgo_S001_P3
0.0,0.0,7812.490756303305,S001_P3,human,csgo_S001_P3
0.0,0.0,7828.115737807821,S001_P3,human,csgo_S001_P3
0.0,0.0,7843.740719326888,S001_P3,human,csgo_S001_P3
0.0,0.0,7859.365700831404,S001_P3,human,csgo_S001_P3
0.0,0.0,7874.990682350472,S001_P3,human,csgo_S001_P3
0.0,0.0,7890.615663869539,S001_P3,human,csgo_S001_P3
0.0,0.0,7906.240645374055,S001_P3,human,csgo_S001_P3
0.0,0.0,7921.865626893123,S001_P3,human,csgo_S001_P3
0.0,0.0,7937.490608397638,S001_P3,human,csgo_S001_P3
0.0,0.0,7953.115589916706,S001_P3,human,csgo_S001_P3
0.0,0.0,7968.740571421222,S001_P3,human,csgo_S001_P3
0.0,0.0,7984.3655529402895,S001_P3,human,csgo_S001_P3
0.0,0.0,7999.990534444805,S001_P3,human,csgo_S001_P3
0.0,0.0,8015.615515963873,S001_P3,human,csgo_S001_P3
0.0,0.0,8031.240497482941,S001_P3,human,csgo_S001_P3
0.0,0.0,8046.865478987456,S001_P3,human,csgo_S001_P3
0.0,0.0,8062.490460506524,S001_P3,human,csgo_S001_P3
0.0,0.0,8078.11544201104,S001_P3,human,csgo_S001_P3
0.0,0.0,8093.740423530107,S001_P3,human,csgo_S001_P3
0.0,0.0,8109.365405034623,S001_P3,human,csgo_S001_P3
0.0,0.0,8124.990386553691,S001_P3,human,csgo_S001_P3
0.0,0.0,8140.6153680582065,S001_P3,human,csgo_S001_P3
0.0,0.0,8156.240349577274,S001_P3,human,csgo_S001_P3
0.0,0.0,8171.865331096342,S001_P3,human,csgo_S001_P3
0.0,0.0,8187.490312600858,S001_P3,human,csgo_S001_P3
0.0,0.0,8203.115294119925,S001_P3,human,csgo_S001_P3
0.0,0.0,8218.740275624441,S001_P3,human,csgo_S001_P3
0.0,0.0,8234.365257143509,S001_P3,human,csgo_S001_P3
0.0,0.0,8249.990238648024,S001_P3,human,csgo_S001_P3
0.0,0.0,8265.615220167092,S001_P3,human,csgo_S001_P3
0.0001418103556147,-0.0219959316967361,8281.240201671608,S001_P3,human,csgo_S001_P3
0.0481771246957691,-0.1757193225379154,8296.865183190675,S001_P3,human,csgo_S001_P3
0.0717977740312107,-0.2196172423090132,8312.490164709743,S001_P3,human,csgo_S001_P3
0.0003638587363923,-0.0659900583258732,8328.115146214259,S001_P3,human,csgo_S001_P3
0.0,0.0,8343.740127733327,S001_P3,human,csgo_S001_P3
0.0,0.0,8359.365109237842,S001_P3,human,csgo_S001_P3
0.0,0.0,8374.99009075691,S001_P3,human,csgo_S001_P3
0.0,0.0,8390.615072261426,S001_P3,human,csgo_S001_P3
0.0,0.0,8406.240053780493,S001_P3,human,csgo_S001_P3
0.000121063684304,-0.0219962925979686,8421.865035285009,S001_P3,human,csgo_S001_P3
0.0,0.0,8437.490016804077,S001_P3,human,csgo_S001_P3
0.0,0.0,8453.114998323144,S001_P3,human,csgo_S001_P3
0.0,0.0,8468.73997982766,S001_P3,human,csgo_S001_P3
0.0,0.0,8484.364961346728,S001_P3,human,csgo_S001_P3
0.0,0.0,8499.989942851244,S001_P3,human,csgo_S001_P3
0.0232418108124647,0.0441064382552234,8515.614924370311,S001_P3,human,csgo_S001_P3
0.0691489514700833,0.2642948591693255,8531.239905874827,S001_P3,human,csgo_S001_P3
0.022564660647248,0.1980850067460053,8546.864887393895,S001_P3,human,csgo_S001_P3
0.0228257201685551,0.1540874372507161,8562.48986889841,S001_P3,human,csgo_S001_P3
-0.0005255618534079,0.1099877357507459,8578.114850417478,S001_P3,human,csgo_S001_P3
-0.0237069282159154,0.0218977098243691,8593.739831936546,S001_P3,human,csgo_S001_P3
0.0,0.0,8609.364813441061,S001_P3,human,csgo_S001_P3
0.0,0.0,8624.989794960129,S001_P3,human,csgo_S001_P3
-0.0234885793080934,-0.0221005195052903,8640.614776464645,S001_P3,human,csgo_S001_P3
-0.1406547005548191,-0.1546659438445807,8656.239757983712,S001_P3,human,csgo_S001_P3
-0.093417262174853,-0.1324967795059031,8671.864739488228,S001_P3,human,csgo_S001_P3
0.0476556953422857,-0.0877215391472141,8687.489721007296,S001_P3,human,csgo_S001_P3
0.3529063937076273,0.0455636996746022,8703.114702511812,S001_P3,human,csgo_S001_P3
0.0940379159017936,0.0442949028820081,8718.73968403088,S001_P3,human,csgo_S001_P3
0.0,0.0,8734.364665549947,S001_P3,human,csgo_S001_P3
0.0,0.0,8749.989647054463,S001_P3,human,csgo_S001_P3
0.0,0.0,8765.61462857353,S001_P3,human,csgo_S001_P3
0.0,0.0,8781.239610078046,S001_P3,human,csgo_S001_P3
0.0,0.0,8796.864591597114,S001_P3,human,csgo_S001_P3
0.0,0.0,8812.48957310163,S001_P3,human,csgo_S001_P3
0.0,0.0,8828.114554620697,S001_P3,human,csgo_S001_P3
0.0,0.0,8843.739536125213,S001_P3,human,csgo_S001_P3
0.0,0.0,8859.36451764428,S001_P3,human,csgo_S001_P3
0.0,0.0,8874.989499163348,S001_P3,human,csgo_S001_P3
0.0,0.0,8890.614480667864,S001_P3,human,csgo_S001_P3
0.0,0.0,8906.239462186932,S001_P3,human,csgo_S001_P3
-0.0234766841385294,-0.0220665960636274,8921.864443691447,S001_P3,human,csgo_S001_P3
-0.0707339381140172,0.0217703251206557,8937.489425210515,S001_P3,human,csgo_S001_P3
-0.0947130096512296,0.1096394539509049,8953.11440671503,S001_P3,human,csgo_S001_P3
-0.0241986005563603,0.1318913234073377,8968.739388234098,S001_P3,human,csgo_S001_P3
-0.0242454792953878,0.1318878174178515,8984.364369738614,S001_P3,human,csgo_S001_P3
-0.0476912036758108,0.0877784597923501,8999.989351257682,S001_P3,human,csgo_S001_P3
-0.0238677478111526,0.0438849636653877,9015.61433277675,S001_P3,human,csgo_S001_P3
-0.0711627644600128,0.0436408040466709,9031.239314281263,S001_P3,human,csgo_S001_P3
-0.0236400023914029,-0.0001262141552302,9046.864295800331,S001_P3,human,csgo_S001_P3
0.0,0.0,9062.489277304849,S001_P3,human,csgo_S001_P3
0.0,0.0,9078.114258823916,S001_P3,human,csgo_S001_P3
0.0,0.0,9093.739240328432,S001_P3,human,csgo_S001_P3
0.0,0.0,9109.3642218475,S001_P3,human,csgo_S001_P3
0.0,0.0,9124.989203352015,S001_P3,human,csgo_S001_P3
0.0,0.0,9140.614184871083,S001_P3,human,csgo_S001_P3
0.0,0.0,9156.23916639015,S001_P3,human,csgo_S001_P3
0.0,0.0,9171.864147894668,S001_P3,human,csgo_S001_P3
0.0,0.0,9187.489129413734,S001_P3,human,csgo_S001_P3
0.0,0.0,9203.11411091825,S001_P3,human,csgo_S001_P3
0.0,0.0,9218.739092437318,S001_P3,human,csgo_S001_P3
0.0,0.0,9234.364073941832,S001_P3,human,csgo_S001_P3
0.0,0.0,9249.9890554609,S001_P3,human,csgo_S001_P3
0.0,0.0,9265.614036965417,S001_P3,human,csgo_S001_P3
0.0,0.0,9281.239018484484,S001_P3,human,csgo_S001_P3
0.0,0.0,9296.864000003552,S001_P3,human,csgo_S001_P3
0.0,0.0,9312.488981508068,S001_P3,human,csgo_S001_P3
0.0,0.0,9328.113963027135,S001_P3,human,csgo_S001_P3
0.0,0.0,9343.738944531651,S001_P3,human,csgo_S001_P3
0.0,0.0,9359.36392605072,S001_P3,human,csgo_S001_P3
0.0,0.0,9374.988907555236,S001_P3,human,csgo_S001_P3
-0.0001357391224416,0.0219986243548966,9390.613889074302,S001_P3,human,csgo_S001_P3
-0.0001359383111037,0.0219951760151886,9406.238870578818,S001_P3,human,csgo_S001_P3
-0.0005453651158688,0.0879875421458855,9421.863852097886,S001_P3,human,csgo_S001_P3
-0.0008233194251374,0.1319784719301999,9437.488833616952,S001_P3,human,csgo_S001_P3
-0.0008296160610541,0.1319812336559778,9453.113815121467,S001_P3,human,csgo_S001_P3
0.0231631119642372,0.088111894391389,9468.738796640537,S001_P3,human,csgo_S001_P3
0.0466654888471111,0.1322299123179711,9484.363778145052,S001_P3,human,csgo_S001_P3
0.0231110406013215,0.1101026467694659,9499.98875966412,S001_P3,human,csgo_S001_P3
0.0232678314383747,0.088105282287529,9515.613741168636,S001_P3,human,csgo_S001_P3
0.0,0.0,9531.238722687704,S001_P3,human,csgo_S001_P3
0.0,0.0,9546.86370419222,S001_P3,human,csgo_S001_P3
0.0,0.0,9562.488685711289,S001_P3,human,csgo_S001_P3
0.0,0.0,9578.113667230356,S001_P3,human,csgo_S001_P3
-0.047550677865189,-0.000234677706949,9593.73864873487,S001_P3,human,csgo_S001_P3
-0.0239100317325551,0.0218731600735395,9609.363630253938,S001_P3,human,csgo_S001_P3
0.0,0.0,9624.988611758454,S001_P3,human,csgo_S001_P3
0.0,0.0,9640.61359327752,S001_P3,human,csgo_S001_P3
0.0,0.0,9656.238574782035,S001_P3,human,csgo_S001_P3
0.0,0.0,9671.863556301105,S001_P3,human,csgo_S001_P3
0.0,0.0,9687.48853780562,S001_P3,human,csgo_S001_P3
0.0,0.0,9703.113519324688,S001_P3,human,csgo_S001_P3
0.0,0.0,9718.738500843756,S001_P3,human,csgo_S001_P3
0.0,0.0,9734.363482348272,S001_P3,human,csgo_S001_P3
0.0,0.0,9749.98846386734,S001_P3,human,csgo_S001_P3
0.0,0.0,9765.613445371857,S001_P3,human,csgo_S001_P3
0.0,0.0,9781.238426890925,S001_P3,human,csgo_S001_P3
0.0,0.0,9796.863408395438,S001_P3,human,csgo_S001_P3
0.0,0.0,9812.488389914506,S001_P3,human,csgo_S001_P3
0.0,0.0,9828.113371419022,S001_P3,human,csgo_S001_P3
0.0,0.0,9843.73835293809,S001_P3,human,csgo_S001_P3
0.0,0.0,9859.363334457155,S001_P3,human,csgo_S001_P3
0.0,0.0,9874.988315961671,S001_P3,human,csgo_S001_P3
0.0,0.0,9890.61329748074,S001_P3,human,csgo_S001_P3
0.0,0.0,9906.238278985256,S001_P3,human,csgo_S001_P3
-0.0001349002655217,0.0219979879231679,9921.863260504324,S001_P3,human,csgo_S001_P3
0.0,0.0,9937.48824200884,S001_P3,human,csgo_S001_P3
0.0,0.0,9953.113223527907,S001_P3,human,csgo_S001_P3
0.0,0.0,9968.738205032423,S001_P3,human,csgo_S001_P3
0.0,0.0,9984.36318655149,S001_P3,human,csgo_S001_P3
0.0,0.0,9999.988168070558,S001_P3,human,csgo_S001_P3
0.0,0.0,10015.613149575074,S001_P3,human,csgo_S001_P3
0.0,0.0,10031.238131094142,S001_P3,human,csgo_S001_P3
0.0,0.0,10046.863112598658,S001_P3,human,csgo_S001_P3
0.0,0.0,10062.488094117723,S001_P3,human,csgo_S001_P3
0.0,0.0,10078.11307562224,S001_P3,human,csgo_S001_P3
0.0,0.0,10093.738057141309,S001_P3,human,csgo_S001_P3
0.0,0.0,10109.363038645824,S001_P3,human,csgo_S001_P3
0.0,0.0,10124.988020164892,S001_P3,human,csgo_S001_P3
0.0,0.0,10140.61300168396,S001_P3,human,csgo_S001_P3
0.0,0.0,10156.237983188475,S001_P3,human,csgo_S001_P3
0.0,0.0,10171.862964707543,S001_P3,human,csgo_S001_P3
0.0,0.0,10187.48794621206,S001_P3,human,csgo_S001_P3
0.0,0.0,10203.112927731128,S001_P3,human,csgo_S001_P3
0.0,0.0,10218.737909235642,S001_P3,human,csgo_S001_P3
0.0,0.0,10234.36289075471,S001_P3,human,csgo_S001_P3
0.0,0.0,10249.987872259226,S001_P3,human,csgo_S001_P3
0.0,0.0,10265.612853778292,S001_P3,human,csgo_S001_P3
0.0,0.0,10281.23783529736,S001_P3,human,csgo_S001_P3
0.0,0.0,10296.862816801877,S001_P3,human,csgo_S001_P3
0.0,0.0,10312.487798320944,S001_P3,human,csgo_S001_P3
0.0,0.0,10328.11277982546,S001_P3,human,csgo_S001_P3
0.0,0.0,10343.737761344528,S001_P3,human,csgo_S001_P3
0.0,0.0,10359.362742849044,S001_P3,human,csgo_S001_P3
0.0,0.0,10374.987724368111,S001_P3,human,csgo_S001_P3
0.0,0.0,10390.612705872629,S001_P3,human,csgo_S001_P3
0.0,0.0,10406.237687391696,S001_P3,human,csgo_S001_P3
0.0,0.0,10421.862668910762,S001_P3,human,csgo_S001_P3
0.0,0.0,10437.487650415278,S001_P3,human,csgo_S001_P3
0.0,0.0,10453.112631934346,S001_P3,human,csgo_S001_P3
0.0,0.0,10468.73761343886,S001_P3,human,csgo_S001_P3
0.0,0.0,10484.36259495793,S001_P3,human,csgo_S001_P3
0.0,0.0,10499.987576462445,S001_P3,human,csgo_S001_P3
0.0,0.0,10515.612557981513,S001_P3,human,csgo_S001_P3
0.0,0.0,10531.237539486028,S001_P3,human,csgo_S001_P3
0.0,0.0,10546.862521005096,S001_P3,human,csgo_S001_P3
0.0,0.0,10562.487502524164,S001_P3,human,csgo_S001_P3
0.0,0.0,10578.11248402868,S001_P3,human,csgo_S001_P3
0.0,0.0,10593.737465547749,S001_P3,human,csgo_S001_P3
0.0,0.0,10609.362447052265,S001_P3,human,csgo_S001_P3
0.0,0.0,10624.98742857133,S001_P3,human,csgo_S001_P3
0.0,0.0,10640.612410075846,S001_P3,human,csgo_S001_P3
0.0,0.0,10656.237391594914,S001_P3,human,csgo_S001_P3
0.0,0.0,10671.86237311398,S001_P3,human,csgo_S001_P3
0.0,0.0,10687.487354618495,S001_P3,human,csgo_S001_P3
0.0,0.0,10703.112336137565,S001_P3,human,csgo_S001_P3
0.0,0.0,10718.73731764208,S001_P3,human,csgo_S001_P3
0.0,0.0,10734.362299161148,S001_P3,human,csgo_S001_P3
0.0,0.0,10749.987280665664,S001_P3,human,csgo_S001_P3
0.0,0.0,10765.612262184732,S001_P3,human,csgo_S001_P3
0.0,0.0,10781.237243689247,S001_P3,human,csgo_S001_P3
0.0,0.0,10796.862225208317,S001_P3,human,csgo_S001_P3
0.0,0.0,10812.487206727385,S001_P3,human,csgo_S001_P3
0.0,0.0,10828.112188231898,S001_P3,human,csgo_S001_P3
0.0,0.0,10843.737169750966,S001_P3,human,csgo_S001_P3
0.0,0.0,10859.362151255482,S001_P3,human,csgo_S001_P3
0.0,0.0,10874.98713277455,S001_P3,human,csgo_S001_P3
0.0,0.0,10890.612114279063,S001_P3,human,csgo_S001_P3
0.0,0.0,10906.237095798131,S001_P3,human,csgo_S001_P3
0.0,0.0,10921.862077302649,S001_P3,human,csgo_S001_P3
0.0,0.0,10937.487058821716,S001_P3,human,csgo_S001_P3
0.0,0.0,10953.112040340784,S001_P3,human,csgo_S001_P3
0.0,0.0,10968.7370218453,S001_P3,human,csgo_S001_P3
0.0,0.0,10984.362003364367,S001_P3,human,csgo_S001_P3
0.0,0.0,10999.986984868883,S001_P3,human,csgo_S001_P3
0.0,0.0,11015.61196638795,S001_P3,human,csgo_S001_P3
0.0,0.0,11031.236947892468,S001_P3,human,csgo_S001_P3
0.0,0.0,11046.861929411534,S001_P3,human,csgo_S001_P3
0.0,0.0,11062.48691091605,S001_P3,human,csgo_S001_P3
0.0,0.0,11078.111892435118,S001_P3,human,csgo_S001_P3
0.0,0.0,11093.736873954183,S001_P3,human,csgo_S001_P3
0.0,0.0,11109.3618554587,S001_P3,human,csgo_S001_P3
0.0,0.0,11124.986836977769,S001_P3,human,csgo_S001_P3
0.0,0.0,11140.611818482284,S001_P3,human,csgo_S001_P3
0.0,0.0,11156.236800001352,S001_P3,human,csgo_S001_P3
0.0,0.0,11171.861781505868,S001_P3,human,csgo_S001_P3
0.0,0.0,11187.486763024935,S001_P3,human,csgo_S001_P3
0.0,0.0,11203.111744529451,S001_P3,human,csgo_S001_P3
0.0,0.0,11218.73672604852,S001_P3,human,csgo_S001_P3
0.0,0.0,11234.361707567588,S001_P3,human,csgo_S001_P3
0.0,0.0,11249.986689072102,S001_P3,human,csgo_S001_P3
0.0,0.0,11265.61167059117,S001_P3,human,csgo_S001_P3
0.0,0.0,11281.236652095686,S001_P3,human,csgo_S001_P3
0.0,0.0,11296.861633614752,S001_P3,human,csgo_S001_P3
0.0,0.0,11312.48661511927,S001_P3,human,csgo_S001_P3
0.0,0.0,11328.111596638337,S001_P3,human,csgo_S001_P3
0.0,0.0,11343.736578142853,S001_P3,human,csgo_S001_P3
0.0,0.0,11359.36155966192,S001_P3,human,csgo_S001_P3
0.0,0.0,11374.986541180988,S001_P3,human,csgo_S001_P3
0.0,0.0,11390.611522685504,S001_P3,human,csgo_S001_P3
0.0,0.0,11406.236504204571,S001_P3,human,csgo_S001_P3
0.0,0.0,11421.861485709089,S001_P3,human,csgo_S001_P3
0.0,0.0,11437.486467228156,S001_P3,human,csgo_S001_P3
0.0,0.0,11453.11144873267,S001_P3,human,csgo_S001_P3
0.0,0.0,11468.736430251738,S001_P3,human,csgo_S001_P3
0.0,0.0,11484.361411756254,S001_P3,human,csgo_S001_P3
0.0,0.0,11499.98639327532,S001_P3,human,csgo_S001_P3
0.0,0.0,11515.61137479439,S001_P3,human,csgo_S001_P3
0.0,0.0,11531.236356298905,S001_P3,human,csgo_S001_P3
0.0,0.0,11546.861337817973,S001_P3,human,csgo_S001_P3
0.0,0.0,11562.486319322488,S001_P3,human,csgo_S001_P3
0.0,0.0,11578.111300841556,S001_P3,human,csgo_S001_P3
0.0,0.0,11593.736282346072,S001_P3,human,csgo_S001_P3
0.0,0.0,11609.36126386514,S001_P3,human,csgo_S001_P3
0.0,0.0,11624.986245369657,S001_P3,human,csgo_S001_P3
0.0,0.0,11640.611226888725,S001_P3,human,csgo_S001_P3
-0.0004058339342805,0.065990011027015,11656.23620840779,S001_P3,human,csgo_S001_P3
-0.0249137404172472,0.175849338504296,11671.861189912306,S001_P3,human,csgo_S001_P3
-0.0974979297992888,0.3074073962071502,11687.486171431374,S001_P3,human,csgo_S001_P3
-0.1233558994428847,0.4831341307342427,11703.11115293589,S001_P3,human,csgo_S001_P3
-0.1002841736888058,0.4831925718434213,11718.736134454955,S001_P3,human,csgo_S001_P3
-0.0767557509999505,0.4613114153210631,11734.361115959471,S001_P3,human,csgo_S001_P3
-0.0266411240574768,0.2417311263656287,11749.98609747854,S001_P3,human,csgo_S001_P3
-0.0011483425098788,0.1099691658542099,11765.611078983056,S001_P3,human,csgo_S001_P3
-0.0002304424965586,0.0219940985615494,11781.236060502124,S001_P3,human,csgo_S001_P3
-0.0002309376896221,0.0219935640403825,11796.861042021192,S001_P3,human,csgo_S001_P3
-0.0491482060376426,0.0655503324199422,11812.486023525707,S001_P3,human,csgo_S001_P3
-0.0247170277558552,0.043765101979428,11828.111005044777,S001_P3,human,csgo_S001_P3
-0.049233544192532,0.0655253956797672,11843.73598654929,S001_P3,human,csgo_S001_P3
-0.024507656162541,0.0217612949537802,11859.360968068358,S001_P3,human,csgo_S001_P3
-0.0005190639395777,0.0439827427687404,11874.985949572874,S001_P3,human,csgo_S001_P3
-0.0247904107015983,0.0437443415259402,11890.610931091942,S001_P3,human,csgo_S001_P3
-0.0002650423645604,0.021994335262363,11906.235912596458,S001_P3,human,csgo_S001_P3
0.0,0.0,11921.860894115523,S001_P3,human,csgo_S001_P3
0.0,0.0,11937.485875634591,S001_P3,human,csgo_S001_P3
0.0002650423645604,-0.021994335262363,11953.110857139109,S001_P3,human,csgo_S001_P3
0.0,0.0,11968.735838658176,S001_P3,human,csgo_S001_P3
0.0,0.0,11984.360820162692,S001_P3,human,csgo_S001_P3
0.0,0.0,11999.98580168176,S001_P3,human,csgo_S001_P3
0.0,0.0,12015.610783186276,S001_P3,human,csgo_S001_P3
0.0,0.0,12031.235764705343,S001_P3,human,csgo_S001_P3
0.0,0.0,12046.86074620986,S001_P3,human,csgo_S001_P3
0.0,0.0,12062.485727728928,S001_P3,human,csgo_S001_P3
0.0,0.0,12078.110709247994,S001_P3,human,csgo_S001_P3
0.0,0.0,12093.73569075251,S001_P3,human,csgo_S001_P3
0.0,0.0,12109.360672271578,S001_P3,human,csgo_S001_P3
0.0,0.0,12124.985653776092,S001_P3,human,csgo_S001_P3
0.0,0.0,12140.61063529516,S001_P3,human,csgo_S001_P3
0.0,0.0,12156.235616799677,S001_P3,human,csgo_S001_P3
0.0,0.0,12171.860598318744,S001_P3,human,csgo_S001_P3
0.0,0.0,12187.48557982326,S001_P3,human,csgo_S001_P3
0.0,0.0,12203.110561342328,S001_P3,human,csgo_S001_P3
0.0,0.0,12218.735542861396,S001_P3,human,csgo_S001_P3
0.0,0.0,12234.360524365911,S001_P3,human,csgo_S001_P3
0.0,0.0,12249.98550588498,S001_P3,human,csgo_S001_P3
0.0,0.0,12265.610487389496,S001_P3,human,csgo_S001_P3
0.0,0.0,12281.235468908562,S001_P3,human,csgo_S001_P3
0.0,0.0,12296.860450413078,S001_P3,human,csgo_S001_P3
0.0,0.0,12312.485431932146,S001_P3,human,csgo_S001_P3
0.0,0.0,12328.11041343666,S001_P3,human,csgo_S001_P3
0.0,0.0,12343.73539495573,S001_P3,human,csgo_S001_P3
0.0,0.0,12359.360376474797,S001_P3,human,csgo_S001_P3
0.0,0.0,12374.985357979313,S001_P3,human,csgo_S001_P3
0.0,0.0,12390.61033949838,S001_P3,human,csgo_S001_P3
0.0,0.0,12406.235321002896,S001_P3,human,csgo_S001_P3
0.0,0.0,12421.860302521964,S001_P3,human,csgo_S001_P3
0.0,0.0,12437.48528402648,S001_P3,human,csgo_S001_P3
0.0,0.0,12453.110265545549,S001_P3,human,csgo_S001_P3
0.0,0.0,12468.735247050065,S001_P3,human,csgo_S001_P3
0.0,0.0,12484.36022856913,S001_P3,human,csgo_S001_P3
0.0,0.0,12499.985210088198,S001_P3,human,csgo_S001_P3
0.0,0.0,12515.610191592714,S001_P3,human,csgo_S001_P3
0.0,0.0,12531.23517311178,S001_P3,human,csgo_S001_P3
0.0,0.0,12546.860154616295,S001_P3,human,csgo_S001_P3
0.0,0.0,12562.485136135365,S001_P3,human,csgo_S001_P3
0.0,0.0,12578.11011763988,S001_P3,human,csgo_S001_P3
0.0,0.0,12593.735099158948,S001_P3,human,csgo_S001_P3
0.0,0.0,12609.360080663464,S001_P3,human,csgo_S001_P3
0.0,0.0,12624.985062182532,S001_P3,human,csgo_S001_P3
0.0240092993564644,0.022233315802179,12640.6100437016,S001_P3,human,csgo_S001_P3
-0.0010460457388603,0.0879695049700863,12656.235025206115,S001_P3,human,csgo_S001_P3
-0.0015777968116026,0.131953029691342,12671.860006725185,S001_P3,human,csgo_S001_P3
0.0222316220867355,0.176179348829212,12687.4849882297,S001_P3,human,csgo_S001_P3
0.0469277309007338,0.154416690954207,12703.109969748766,S001_P3,human,csgo_S001_P3
0.1451647310802855,0.111277435877092,12718.734951253282,S001_P3,human,csgo_S001_P3
0.3651480751595954,0.1346297942645513,12734.35993277235,S001_P3,human,csgo_S001_P3
0.0,0.0,12749.984914276863,S001_P3,human,csgo_S001_P3
0.0,0.0,12765.609895795931,S001_P3,human,csgo_S001_P3
0.0,0.0,12781.234877315,S001_P3,human,csgo_S001_P3
0.0,0.0,12796.859858819516,S001_P3,human,csgo_S001_P3
0.0,0.0,12812.484840338584,S001_P3,human,csgo_S001_P3
0.0,0.0,12828.1098218431,S001_P3,human,csgo_S001_P3
0.0,0.0,12843.734803362167,S001_P3,human,csgo_S001_P3
0.0,0.0,12859.359784866683,S001_P3,human,csgo_S001_P3
0.0,0.0,12874.98476638575,S001_P3,human,csgo_S001_P3
0.0,0.0,12890.609747890268,S001_P3,human,csgo_S001_P3
0.0,0.0,12906.234729409334,S001_P3,human,csgo_S001_P3
0.0,0.0,12921.859710928402,S001_P3,human,csgo_S001_P3
0.0,0.0,12937.484692432918,S001_P3,human,csgo_S001_P3
0.0,0.0,12953.109673951983,S001_P3,human,csgo_S001_P3
0.0,0.0,12968.7346554565,S001_P3,human,csgo_S001_P3
0.0,0.0,12984.359636975569,S001_P3,human,csgo_S001_P3
0.0,0.0,12999.984618480084,S001_P3,human,csgo_S001_P3
0.0,0.0,13015.609599999152,S001_P3,human,csgo_S001_P3
0.0,0.0,13031.234581503668,S001_P3,human,csgo_S001_P3
0.0,0.0,13046.859563022736,S001_P3,human,csgo_S001_P3
0.0,0.0,13062.484544541803,S001_P3,human,csgo_S001_P3
0.0,0.0,13078.10952604632,S001_P3,human,csgo_S001_P3
0.0,0.0,13093.734507565388,S001_P3,human,csgo_S001_P3
0.0,0.0,13109.359489069902,S001_P3,human,csgo_S001_P3
0.0,0.0,13124.98447058897,S001_P3,human,csgo_S001_P3
0.0,0.0,13140.609452093486,S001_P3,human,csgo_S001_P3
0.0,0.0,13156.234433612552,S001_P3,human,csgo_S001_P3
0.0,0.0,13171.85941511707,S001_P3,human,csgo_S001_P3
0.0,0.0,13187.484396636137,S001_P3,human,csgo_S001_P3
0.0,0.0,13203.109378155204,S001_P3,human,csgo_S001_P3
0.0,0.0,13218.73435965972,S001_P3,human,csgo_S001_P3
0.0,0.0,13234.359341178788,S001_P3,human,csgo_S001_P3
0.0,0.0,13249.984322683304,S001_P3,human,csgo_S001_P3
0.0,0.0,13265.609304202371,S001_P3,human,csgo_S001_P3
0.0,0.0,13281.234285706889,S001_P3,human,csgo_S001_P3
0.0,0.0,13296.859267225957,S001_P3,human,csgo_S001_P3
0.0,0.0,13312.48424873047,S001_P3,human,csgo_S001_P3
0.0,0.0,13328.109230249538,S001_P3,human,csgo_S001_P3
0.0,0.0,13343.734211768606,S001_P3,human,csgo_S001_P3
0.0,0.0,13359.35919327312,S001_P3,human,csgo_S001_P3
0.0,0.0,13374.98417479219,S001_P3,human,csgo_S001_P3
0.0,0.0,13390.609156296705,S001_P3,human,csgo_S001_P3
0.0,0.0,13406.234137815773,S001_P3,human,csgo_S001_P3
0.0,0.0,13421.859119320288,S001_P3,human,csgo_S001_P3
0.0,0.0,13437.484100839356,S001_P3,human,csgo_S001_P3
0.0,0.0,13453.109082343872,S001_P3,human,csgo_S001_P3
0.0,0.0,13468.73406386294,S001_P3,human,csgo_S001_P3
-0.0247720031805442,0.0438492663600769,13484.359045382009,S001_P3,human,csgo_S001_P3
-0.1466685004326677,-0.0009829800481711,13499.984026886525,S001_P3,human,csgo_S001_P3
-0.1433533234238666,-0.3310611747911061,13515.60900840559,S001_P3,human,csgo_S001_P3
0.2044260782602123,-1.1643739887849769,13531.233989910106,S001_P3,human,csgo_S001_P3
0.0857537657996942,-1.9352990238020773,13546.858971429174,S001_P3,human,csgo_S001_P3
0.179585524586713,-2.638939504675072,13562.48395293369,S001_P3,human,csgo_S001_P3
0.1729940055046199,-2.9032784316153197,13578.108934452755,S001_P3,human,csgo_S001_P3
0.1216234717638826,-3.233630854422133,13593.733915957271,S001_P3,human,csgo_S001_P3
0.1402431434812854,-4.245745235646432,13609.35889747634,S001_P3,human,csgo_S001_P3
0.1353903151680811,-4.795898286827208,13624.983878995408,S001_P3,human,csgo_S001_P3
0.1104963739144864,-4.949982823112446,13640.608860499924,S001_P3,human,csgo_S001_P3
0.1546079671355187,-5.6539886104779065,13656.233842018992,S001_P3,human,csgo_S001_P3
0.1810548189990299,-5.3018678740430865,13671.858823523507,S001_P3,human,csgo_S001_P3
0.2313454735392213,-3.343556647515385,13687.483805042575,S001_P3,human,csgo_S001_P3
0.3800249681266905,-3.5184738832442903,13703.10878654709,S001_P3,human,csgo_S001_P3
0.2944920126044508,-2.28601002608886,13718.73376806616,S001_P3,human,csgo_S001_P3
0.2772387714021818,-1.8894253368686051,13734.358749570674,S001_P3,human,csgo_S001_P3
0.1313615817222739,-1.0544704409836996,13749.983731089742,S001_P3,human,csgo_S001_P3
0.1719488607108417,-0.3060446011997406,13765.60871260881,S001_P3,human,csgo_S001_P3
0.1639448918532764,0.2878505309540209,13781.233694113324,S001_P3,human,csgo_S001_P3
-0.0003226268868274,0.0219860336546844,13796.858675632391,S001_P3,human,csgo_S001_P3
0.0,0.0,13812.483657136909,S001_P3,human,csgo_S001_P3
0.0,0.0,13828.108638655976,S001_P3,human,csgo_S001_P3
0.0,0.0,13843.733620160492,S001_P3,human,csgo_S001_P3
0.0,0.0,13859.35860167956,S001_P3,human,csgo_S001_P3
0.0,0.0,13874.983583184076,S001_P3,human,csgo_S001_P3
0.0,0.0,13890.608564703143,S001_P3,human,csgo_S001_P3
0.0,0.0,13906.23354622221,S001_P3,human,csgo_S001_P3
0.0,0.0,13921.858527726728,S001_P3,human,csgo_S001_P3
0.0,0.0,13937.483509245794,S001_P3,human,csgo_S001_P3
0.0,0.0,13953.10849075031,S001_P3,human,csgo_S001_P3
0.0,0.0,13968.733472269378,S001_P3,human,csgo_S001_P3
-0.0249223981128068,0.0656647942523882,13984.358453773892,S001_P3,human,csgo_S001_P3
-0.0694151441734334,-0.1767655860955557,13999.98343529296,S001_P3,human,csgo_S001_P3
-0.0927180550256139,-0.2429887903020962,14015.608416797477,S001_P3,human,csgo_S001_P3
-0.0918943315541866,-0.3309162415192546,14031.233398316544,S001_P3,human,csgo_S001_P3
0.17182676108456,-0.2179723979193113,14046.858379835612,S001_P3,human,csgo_S001_P3
0.1937905662974799,-0.0415303738129466,14062.483361340128,S001_P3,human,csgo_S001_P3
0.238683881301938,0.1572818645171345,14078.108342859196,S001_P3,human,csgo_S001_P3
0.2823674268892091,0.3562044697727167,14093.733324363711,S001_P3,human,csgo_S001_P3
0.1610191861486498,0.3544658492414108,14109.35830588278,S001_P3,human,csgo_S001_P3
0.0908105196511144,0.243397932433492,14124.983287387297,S001_P3,human,csgo_S001_P3
0.0216164923499775,0.1102907475239867,14140.608268906362,S001_P3,human,csgo_S001_P3
-0.0004622890701853,0.0219716432398371,14156.233250410878,S001_P3,human,csgo_S001_P3
0.0,0.0,14171.858231929946,S001_P3,human,csgo_S001_P3
-0.0004616778867898,0.0219736555861373,14187.483213449012,S001_P3,human,csgo_S001_P3
-0.0004614692552422,0.021971934076209,14203.10819495353,S001_P3,human,csgo_S001_P3
-0.0004602082728695,0.0219739521311623,14218.733176472597,S001_P3,human,csgo_S001_P3
-0.0004600005888448,0.0219703701059259,14234.358157977113,S001_P3,human,csgo_S001_P3
0.0,0.0,14249.98313949618,S001_P3,human,csgo_S001_P3
-0.0004593914005681,0.0219742616107758,14265.608121000696,S001_P3,human,csgo_S001_P3
-0.0248028857418205,0.0435240564035233,14281.233102519764,S001_P3,human,csgo_S001_P3
-0.0247856791861806,0.0435324563461811,14296.85808402428,S001_P3,human,csgo_S001_P3
-0.0725087493771354,0.0427213653922784,14312.483065543349,S001_P3,human,csgo_S001_P3
-0.0967454019153422,0.0643468153543409,14328.108047062417,S001_P3,human,csgo_S001_P3
-0.1455320916570315,0.1296191141951759,14343.73302856693,S001_P3,human,csgo_S001_P3
-0.3153495420961008,0.3473253640127041,14359.358010085998,S001_P3,human,csgo_S001_P3
-0.3390934657610387,0.479730656433194,14374.982991590514,S001_P3,human,csgo_S001_P3
-0.4564119726003071,0.6555379264580807,14390.607973109582,S001_P3,human,csgo_S001_P3
-0.4520744380285464,0.6349694166202404,14406.232954614095,S001_P3,human,csgo_S001_P3
-0.4714434118137944,0.5702094704558931,14421.857936133163,S001_P3,human,csgo_S001_P3
-0.6078728860560432,0.6375943184433019,14437.48291763768,S001_P3,human,csgo_S001_P3
-0.7892174067092697,0.5964351598414908,14453.107899156748,S001_P3,human,csgo_S001_P3
-0.6456718064677887,0.5102911333880158,14468.732880675816,S001_P3,human,csgo_S001_P3
-0.5721965912300675,0.5553343846513599,14484.357862180332,S001_P3,human,csgo_S001_P3
-0.521878083347417,0.6219066241656499,14499.9828436994,S001_P3,human,csgo_S001_P3
-0.3136987057251303,0.5317988405247647,14515.607825203915,S001_P3,human,csgo_S001_P3
-0.1548738686885258,0.3538362960626848,14531.232806722985,S001_P3,human,csgo_S001_P3
-0.0418870204582901,0.2423014407477239,14546.8577882275,S001_P3,human,csgo_S001_P3
0.0003530262402193,0.0219663719108869,14562.482769746566,S001_P3,human,csgo_S001_P3
0.0228728563760114,-0.0003372019184837,14578.107751251082,S001_P3,human,csgo_S001_P3
0.0672440616030485,-0.0888718594400987,14593.73273277015,S001_P3,human,csgo_S001_P3
0.0676362537849115,-0.066887307351191,14609.357714289215,S001_P3,human,csgo_S001_P3
0.0680092942554893,-0.0449051866304195,14624.982695793731,S001_P3,human,csgo_S001_P3
0.0683645774122396,-0.0229195310349119,14640.6076773128,S001_P3,human,csgo_S001_P3
0.0457981358001404,-0.0006190966874406,14656.232658817316,S001_P3,human,csgo_S001_P3
0.0925256717118827,0.0647054318331576,14671.857640336384,S001_P3,human,csgo_S001_P3
0.1619832373345389,0.1298382482771778,14687.4826218409,S001_P3,human,csgo_S001_P3
0.2765846274413093,0.1726955041451887,14703.107603359967,S001_P3,human,csgo_S001_P3
0.5038891997180315,0.105114998975285,14718.732584864483,S001_P3,human,csgo_S001_P3
0.502057734238349,-0.0916244027390895,14734.35756638355,S001_P3,human,csgo_S001_P3
0.0228574335679354,-0.0001381102095123,14749.98254790262,S001_P3,human,csgo_S001_P3
0.0,0.0,14765.607529407134,S001_P3,human,csgo_S001_P3
0.0,0.0,14781.232510926202,S001_P3,human,csgo_S001_P3
0.0,0.0,14796.857492430718,S001_P3,human,csgo_S001_P3
0.0,0.0,14812.482473949784,S001_P3,human,csgo_S001_P3
0.0,0.0,14828.1074554543,S001_P3,human,csgo_S001_P3
0.0,0.0,14843.732436973369,S001_P3,human,csgo_S001_P3
0.0,0.0,14859.357418492436,S001_P3,human,csgo_S001_P3
0.0,0.0,14874.982399996952,S001_P3,human,csgo_S001_P3
0.0,0.0,14890.60738151602,S001_P3,human,csgo_S001_P3
0.0,0.0,14906.232363020536,S001_P3,human,csgo_S001_P3
0.0,0.0,14921.857344539603,S001_P3,human,csgo_S001_P3
0.0,0.0,14937.48232604412,S001_P3,human,csgo_S001_P3
0.0,0.0,14953.107307563188,S001_P3,human,csgo_S001_P3
0.0,0.0,14968.732289067702,S001_P3,human,csgo_S001_P3
0.0,0.0,14984.35727058677,S001_P3,human,csgo_S001_P3
0.0,0.0,14999.982252105838,S001_P3,human,csgo_S001_P3
0.0,0.0,15015.607233610352,S001_P3,human,csgo_S001_P3
0.0,0.0,15031.23221512942,S001_P3,human,csgo_S001_P3
-0.0687237093291344,-0.0215695622269542,15046.857196633937,S001_P3,human,csgo_S001_P3
-0.1595139454664149,0.0670533511728059,15062.482178153004,S001_P3,human,csgo_S001_P3
-0.2937258332425472,0.3761047154376449,15078.10715965752,S001_P3,human,csgo_S001_P3
-0.1772499669043838,0.5512306723380309,15093.732141176588,S001_P3,human,csgo_S001_P3
-0.1315701428186173,0.506871459201415,15109.357122681104,S001_P3,human,csgo_S001_P3
-0.1777692541904514,0.3753908365341427,15124.982104200171,S001_P3,human,csgo_S001_P3
-0.2244459840665058,0.2000608343758774,15140.60708571924,S001_P3,human,csgo_S001_P3
-0.1577351102781392,0.0676056574789374,15156.232067223757,S001_P3,human,csgo_S001_P3
-0.0905424265810381,0.0010004633374549,15171.857048742822,S001_P3,human,csgo_S001_P3
-0.0689797773962936,-0.0871187047586605,15187.482030247338,S001_P3,human,csgo_S001_P3
-0.046661457452501,-0.1093307938228598,15203.107011766406,S001_P3,human,csgo_S001_P3
-0.0013856613708185,-0.1098579386064351,15218.731993270922,S001_P3,human,csgo_S001_P3
-0.0016792036074662,-0.1318302880001916,15234.35697478999,S001_P3,human,csgo_S001_P3
0.0215578667966269,-0.0881604729528771,15249.981956294503,S001_P3,human,csgo_S001_P3
0.0212864257330807,-0.1101350804714105,15265.606937813573,S001_P3,human,csgo_S001_P3
-0.0011286385155528,-0.0878888303494225,15281.23191933264,S001_P3,human,csgo_S001_P3
-0.0005673586956049,-0.0439452109475677,15296.856900837156,S001_P3,human,csgo_S001_P3
-0.0002844910633825,-0.0219725940239392,15312.481882356224,S001_P3,human,csgo_S001_P3
-0.0235757555981308,-0.065637282795592,15328.10686386074,S001_P3,human,csgo_S001_P3
-0.0690470371671096,-0.0650647769279189,15343.731845379809,S001_P3,human,csgo_S001_P3
-0.0233254086969623,-0.043650823233996,15359.356826884325,S001_P3,human,csgo_S001_P3
-0.0233360927744001,-0.0436476371771252,15374.98180840339,S001_P3,human,csgo_S001_P3
-0.0006069914408897,-0.0439406158249138,15390.606789907906,S001_P3,human,csgo_S001_P3
-0.0233536251324437,-0.0436437641626987,15406.231771426974,S001_P3,human,csgo_S001_P3
-0.0006158407416876,-0.0439369097884174,15421.856752946042,S001_P3,human,csgo_S001_P3
-0.0006179024423431,-0.0439386793056719,15437.481734450555,S001_P3,human,csgo_S001_P3
0.0215213721121472,-0.0881756587298276,15453.106715969623,S001_P3,human,csgo_S001_P3
0.0436904901305581,-0.1324167046582491,15468.73169747414,S001_P3,human,csgo_S001_P3
0.0437285228834412,-0.1324193749836624,15484.356678993208,S001_P3,human,csgo_S001_P3
0.0212677477519491,-0.1101533803293719,15499.981660497724,S001_P3,human,csgo_S001_P3
0.0221955792973744,-0.0442381547967745,15515.606642016792,S001_P3,human,csgo_S001_P3
-0.0003050393370642,-0.0219716780298444,15531.231623521307,S001_P3,human,csgo_S001_P3
0.0,0.0,15546.856605040375,S001_P3,human,csgo_S001_P3
0.0,0.0,15562.481586559445,S001_P3,human,csgo_S001_P3
0.0,0.0,15578.10656806396,S001_P3,human,csgo_S001_P3
0.0,0.0,15593.731549583026,S001_P3,human,csgo_S001_P3
0.0,0.0,15609.356531087542,S001_P3,human,csgo_S001_P3
0.0,0.0,15624.98151260661,S001_P3,human,csgo_S001_P3
0.0,0.0,15640.606494111124,S001_P3,human,csgo_S001_P3
0.0,0.0,15656.231475630191,S001_P3,human,csgo_S001_P3
0.0003050393370642,0.0219716780298444,15671.856457134709,S001_P3,human,csgo_S001_P3
0.0018178094439065,0.1318322184401861,15687.481438653776,S001_P3,human,csgo_S001_P3
-0.0629059447491329,0.3963545639510926,15703.106420172844,S001_P3,human,csgo_S001_P3
-0.1882295502274473,1.1889015186794047,15718.73140167736,S001_P3,human,csgo_S001_P3
-0.4227180117553075,2.1578779456875132,15734.356383196427,S001_P3,human,csgo_S001_P3
-0.6966735568532556,3.4323110517260425,15749.981364700943,S001_P3,human,csgo_S001_P3
-0.7402174821857557,4.063101639266396,15765.60634622001,S001_P3,human,csgo_S001_P3
-0.9589021634081972,5.695419887784949,15781.231327724528,S001_P3,human,csgo_S001_P3
-1.057638884964888,6.351109364578118,15796.856309243594,S001_P3,human,csgo_S001_P3
-1.0921027457664536,6.409935433901829,15812.48129074811,S001_P3,human,csgo_S001_P3
-1.3062250814118386,7.764249831824394,15828.106272267178,S001_P3,human,csgo_S001_P3
-1.109345307858149,6.985428710039805,15843.731253786244,S001_P3,human,csgo_S001_P3
-1.220061512864703,7.642477119106772,15859.35623529076,S001_P3,human,csgo_S001_P3
-1.2343040623135837,7.344380011799132,15874.981216809829,S001_P3,human,csgo_S001_P3
-0.8720077135673421,5.099578172342646,15890.606198314345,S001_P3,human,csgo_S001_P3
-0.9714728247887194,5.826115865470712,15906.231179833412,S001_P3,human,csgo_S001_P3
-0.5457756308110788,4.087117451711833,15921.856161337928,S001_P3,human,csgo_S001_P3
-0.091364879285976,3.4678170418576,15937.481142856996,S001_P3,human,csgo_S001_P3
0.514772496579468,1.94475326159818,15953.106124361511,S001_P3,human,csgo_S001_P3
0.6489278500943385,0.851470961091664,15968.73110588058,S001_P3,human,csgo_S001_P3
0.0,0.0,15984.356087399648,S001_P3,human,csgo_S001_P3
0.0,0.0,15999.981068904162,S001_P3,human,csgo_S001_P3
0.0,0.0,16015.60605042323,S001_P3,human,csgo_S001_P3
0.0,0.0,16031.231031927746,S001_P3,human,csgo_S001_P3
0.0,0.0,16046.856013446812,S001_P3,human,csgo_S001_P3
0.0,0.0,16062.48099495133,S001_P3,human,csgo_S001_P3
0.0,0.0,16078.105976470397,S001_P3,human,csgo_S001_P3
0.0,0.0,16093.730957974913,S001_P3,human,csgo_S001_P3
0.0,0.0,16109.35593949398,S001_P3,human,csgo_S001_P3
0.0,0.0,16124.980921013048,S001_P3,human,csgo_S001_P3
0.0,0.0,16140.605902517564,S001_P3,human,csgo_S001_P3
0.0,0.0,16156.230884036631,S001_P3,human,csgo_S001_P3
0.0,0.0,16171.855865541149,S001_P3,human,csgo_S001_P3
0.0,0.0,16187.480847060217,S001_P3,human,csgo_S001_P3
0.0,0.0,16203.10582856473,S001_P3,human,csgo_S001_P3
0.0,0.0,16218.730810083798,S001_P3,human,csgo_S001_P3
0.0,0.0,16234.355791588314,S001_P3,human,csgo_S001_P3
0.0,0.0,16249.980773107382,S001_P3,human,csgo_S001_P3
0.0,0.0,16265.60575462645,S001_P3,human,csgo_S001_P3
0.0,0.0,16281.230736130963,S001_P3,human,csgo_S001_P3
0.0,0.0,16296.855717650033,S001_P3,human,csgo_S001_P3
0.0,0.0,16312.480699154548,S001_P3,human,csgo_S001_P3
0.0,0.0,16328.105680673616,S001_P3,human,csgo_S001_P3
0.0,0.0,16343.730662178132,S001_P3,human,csgo_S001_P3
-0.0397485490042583,-0.0262974995244746,16359.3556436972,S001_P3,human,csgo_S001_P3
-0.0912706013579622,-0.031313718582723,16374.980625201715,S001_P3,human,csgo_S001_P3
-0.0515795546911306,-0.0050251478303096,16390.605606720783,S001_P3,human,csgo_S001_P3
-0.1790076411620873,0.0273947705954356,16406.23058823985,S001_P3,human,csgo_S001_P3
-0.2434054689317406,0.0432778134437938,16421.855569744366,S001_P3,human,csgo_S001_P3
-0.2189377717181742,0.0003831999727594,16437.480551263434,S001_P3,human,csgo_S001_P3
-0.1031173871251951,-0.0105490848620206,16453.10553276795,S001_P3,human,csgo_S001_P3
0.0,0.0,16468.730514287017,S001_P3,human,csgo_S001_P3
0.0,0.0,16484.355495791533,S001_P3,human,csgo_S001_P3
0.0,0.0,16499.9804773106,S001_P3,human,csgo_S001_P3
0.0,0.0,16515.605458815116,S001_P3,human,csgo_S001_P3
0.0,0.0,16531.230440334184,S001_P3,human,csgo_S001_P3
0.0,0.0,16546.85542185325,S001_P3,human,csgo_S001_P3
0.0,0.0,16562.480403357767,S001_P3,human,csgo_S001_P3
0.0,0.0,16578.105384876835,S001_P3,human,csgo_S001_P3
0.0,0.0,16593.73036638135,S001_P3,human,csgo_S001_P3
0.0,0.0,16609.35534790042,S001_P3,human,csgo_S001_P3
0.0,0.0,16624.980329404934,S001_P3,human,csgo_S001_P3
0.0,0.0,16640.605310924002,S001_P3,human,csgo_S001_P3
0.0,0.0,16656.230292428518,S001_P3,human,csgo_S001_P3
0.0,0.0,16671.855273947585,S001_P3,human,csgo_S001_P3
0.0,0.0,16687.480255466653,S001_P3,human,csgo_S001_P3
0.0,0.0,16703.10523697117,S001_P3,human,csgo_S001_P3
0.0,0.0,16718.730218490236,S001_P3,human,csgo_S001_P3
0.0,0.0,16734.355199994752,S001_P3,human,csgo_S001_P3
0.0,0.0,16749.98018151382,S001_P3,human,csgo_S001_P3
0.0,0.0,16765.605163018336,S001_P3,human,csgo_S001_P3
0.0,0.0,16781.230144537403,S001_P3,human,csgo_S001_P3
0.0,0.0,16796.85512604192,S001_P3,human,csgo_S001_P3
0.0,0.0,16812.480107560987,S001_P3,human,csgo_S001_P3
0.0,0.0,16828.105089080054,S001_P3,human,csgo_S001_P3
0.0,0.0,16843.73007058457,S001_P3,human,csgo_S001_P3
0.0,0.0,16859.355052103638,S001_P3,human,csgo_S001_P3
0.0,0.0,16874.980033608153,S001_P3,human,csgo_S001_P3
0.0,0.0,16890.60501512722,S001_P3,human,csgo_S001_P3
0.0,0.0,16906.229996631737,S001_P3,human,csgo_S001_P3
0.0,0.0,16921.854978150805,S001_P3,human,csgo_S001_P3
0.0,0.0,16937.47995965532,S001_P3,human,csgo_S001_P3
0.0,0.0,16953.104941174388,S001_P3,human,csgo_S001_P3
0.0,0.0,16968.729922693456,S001_P3,human,csgo_S001_P3
0.0,0.0,16984.35490419797,S001_P3,human,csgo_S001_P3
0.0,0.0,16999.97988571704,S001_P3,human,csgo_S001_P3
0.0,0.0,17015.604867221555,S001_P3,human,csgo_S001_P3
0.0,0.0,17031.229848740622,S001_P3,human,csgo_S001_P3
0.0,0.0,17046.854830245138,S001_P3,human,csgo_S001_P3
0.0,0.0,17062.479811764206,S001_P3,human,csgo_S001_P3
0.0,0.0,17078.10479326872,S001_P3,human,csgo_S001_P3
0.0,0.0,17093.72977478779,S001_P3,human,csgo_S001_P3
0.0,0.0,17109.354756306857,S001_P3,human,csgo_S001_P3
0.0,0.0,17124.979737811373,S001_P3,human,csgo_S001_P3
0.0,0.0,17140.60471933044,S001_P3,human,csgo_S001_P3
0.0,0.0,17156.229700834956,S001_P3,human,csgo_S001_P3
0.0,0.0,17171.854682354024,S001_P3,human,csgo_S001_P3
-0.0254380823045607,0.0424602187241305,17187.47966385854,S001_P3,human,csgo_S001_P3
-0.0255277631040655,0.042456056122063,17203.104645377607,S001_P3,human,csgo_S001_P3
-0.1031742380814648,0.079552462423166,17218.729626882123,S001_P3,human,csgo_S001_P3
-0.0388626628820816,0.0636337197532412,17234.35460840119,S001_P3,human,csgo_S001_P3
-0.0390741110453518,0.0636231806270473,17249.979589920258,S001_P3,human,csgo_S001_P3
-0.013071857253351,0.0212100504461574,17265.604571424774,S001_P3,human,csgo_S001_P3
0.0,0.0,17281.22955294384,S001_P3,human,csgo_S001_P3
0.0,0.0,17296.854534448357,S001_P3,human,csgo_S001_P3
0.0,0.0,17312.479515967425,S001_P3,human,csgo_S001_P3
0.0,0.0,17328.10449747194,S001_P3,human,csgo_S001_P3
-0.0130956420799464,0.0212065525031164,17343.72947899101,S001_P3,human,csgo_S001_P3
0.0,0.0,17359.354460495524,S001_P3,human,csgo_S001_P3
-0.0131189898574746,0.0211960389467975,17374.97944201459,S001_P3,human,csgo_S001_P3
0.0,0.0,17390.60442353366,S001_P3,human,csgo_S001_P3
0.0,0.0,17406.229405038175,S001_P3,human,csgo_S001_P3
0.0,0.0,17421.854386557243,S001_P3,human,csgo_S001_P3
0.0,0.0,17437.47936806176,S001_P3,human,csgo_S001_P3
-0.0131431504147769,0.0212065491553374,17453.104349580826,S001_P3,human,csgo_S001_P3
0.0,0.0,17468.729331085342,S001_P3,human,csgo_S001_P3
-0.0131677077872893,0.021196024004098,17484.35431260441,S001_P3,human,csgo_S001_P3
-0.0131915772701063,0.0212051519648355,17499.979294108925,S001_P3,human,csgo_S001_P3
0.0,0.0,17515.604275627993,S001_P3,human,csgo_S001_P3
-0.0132142593862738,0.0211974260946021,17531.22925714706,S001_P3,human,csgo_S001_P3
0.0,0.0,17546.854238651576,S001_P3,human,csgo_S001_P3
-0.0132390066426069,0.0211924994659398,17562.479220170644,S001_P3,human,csgo_S001_P3
-0.065680720588773,0.0157636519559503,17578.10420167516,S001_P3,human,csgo_S001_P3
-0.0133283606386669,0.021183749323697,17593.729183194228,S001_P3,human,csgo_S001_P3
-0.0133523618816298,0.0211900846775989,17609.354164698743,S001_P3,human,csgo_S001_P3
0.0,0.0,17624.97914621781,S001_P3,human,csgo_S001_P3
-0.0133762921317668,0.0211879656954323,17640.604127722327,S001_P3,human,csgo_S001_P3
0.0,0.0,17656.229109241394,S001_P3,human,csgo_S001_P3
-0.0134027118468225,0.0211773641842256,17671.854090760462,S001_P3,human,csgo_S001_P3
0.0,0.0,17687.479072264978,S001_P3,human,csgo_S001_P3
0.0,0.0,17703.104053784045,S001_P3,human,csgo_S001_P3
0.0,0.0,17718.72903528856,S001_P3,human,csgo_S001_P3
-0.0660180553436191,0.0157015706007399,17734.35401680763,S001_P3,human,csgo_S001_P3
0.0,0.0,17749.978998312145,S001_P3,human,csgo_S001_P3
0.0,0.0,17765.603979831212,S001_P3,human,csgo_S001_P3
0.0,0.0,17781.228961335728,S001_P3,human,csgo_S001_P3
0.0,0.0,17796.853942854796,S001_P3,human,csgo_S001_P3
0.0,0.0,17812.478924373863,S001_P3,human,csgo_S001_P3
-0.0134906412954194,0.0211713477710446,17828.10390587838,S001_P3,human,csgo_S001_P3
0.0,0.0,17843.728887397447,S001_P3,human,csgo_S001_P3
-0.013516040300658,0.0211833676310675,17859.353868901962,S001_P3,human,csgo_S001_P3
-0.0271069110780786,0.0423419117290251,17874.97885042103,S001_P3,human,csgo_S001_P3
-0.0135913918916514,0.021172709822963,17890.603831925546,S001_P3,human,csgo_S001_P3
-0.0801089407599136,0.0367945577725805,17906.228813444613,S001_P3,human,csgo_S001_P3
-0.0137067944115187,0.0211573561406623,17921.85379494913,S001_P3,human,csgo_S001_P3
-0.0274896247831861,0.0423253329013704,17937.478776468197,S001_P3,human,csgo_S001_P3
-0.0137817891032625,0.0211537302777884,17953.103757987265,S001_P3,human,csgo_S001_P3
-0.0138079678850431,0.0211515651770923,17968.72873949178,S001_P3,human,csgo_S001_P3
-0.0530359317892816,-0.0055837115144754,17984.353721010848,S001_P3,human,csgo_S001_P3
0.0,0.0,17999.978702515364,S001_P3,human,csgo_S001_P3
0.0,0.0,18015.60368403443,S001_P3,human,csgo_S001_P3
0.0,0.0,18031.228665538947,S001_P3,human,csgo_S001_P3
-0.0138746803786204,0.021147546322652,18046.853647058015,S001_P3,human,csgo_S001_P3
0.0,0.0,18062.47862856253,S001_P3,human,csgo_S001_P3
0.0,0.0,18078.1036100816,S001_P3,human,csgo_S001_P3
0.0,0.0,18093.728591600662,S001_P3,human,csgo_S001_P3
-0.0139006783374782,0.0211453726207935,18109.35357310518,S001_P3,human,csgo_S001_P3
0.0,0.0,18124.97855462425,S001_P3,human,csgo_S001_P3
0.0,0.0,18140.603536128765,S001_P3,human,csgo_S001_P3
0.0,0.0,18156.228517647833,S001_P3,human,csgo_S001_P3
0.0,0.0,18171.85349915235,S001_P3,human,csgo_S001_P3
0.0,0.0,18187.478480671416,S001_P3,human,csgo_S001_P3
0.0,0.0,18203.10346217593,S001_P3,human,csgo_S001_P3
0.0,0.0,18218.728443695,S001_P3,human,csgo_S001_P3
0.0,0.0,18234.353425214067,S001_P3,human,csgo_S001_P3
0.0,0.0,18249.978406718583,S001_P3,human,csgo_S001_P3
0.0,0.0,18265.60338823765,S001_P3,human,csgo_S001_P3
0.0,0.0,18281.228369742166,S001_P3,human,csgo_S001_P3
0.0,0.0,18296.85335126123,S001_P3,human,csgo_S001_P3
0.0,0.0,18312.47833276575,S001_P3,human,csgo_S001_P3
0.0,0.0,18328.103314284817,S001_P3,human,csgo_S001_P3
-0.0670611167614936,0.0155236828252611,18343.728295789333,S001_P3,human,csgo_S001_P3
0.0,0.0,18359.3532773084,S001_P3,human,csgo_S001_P3
-0.013993861085197,0.0211334017803039,18374.97825882747,S001_P3,human,csgo_S001_P3
-0.0531520203179525,-0.0056430480205165,18390.603240331984,S001_P3,human,csgo_S001_P3
0.0,0.0,18406.22822185105,S001_P3,human,csgo_S001_P3
0.0,0.0,18421.853203355568,S001_P3,human,csgo_S001_P3
0.0,0.0,18437.478184874635,S001_P3,human,csgo_S001_P3
0.0,0.0,18453.10316637915,S001_P3,human,csgo_S001_P3
0.0,0.0,18468.72814789822,S001_P3,human,csgo_S001_P3
0.0,0.0,18484.353129402734,S001_P3,human,csgo_S001_P3
0.0,0.0,18499.9781109218,S001_P3,human,csgo_S001_P3
0.0,0.0,18515.60309244087,S001_P3,human,csgo_S001_P3
0.0,0.0,18531.228073945385,S001_P3,human,csgo_S001_P3
0.0,0.0,18546.853055464453,S001_P3,human,csgo_S001_P3
0.0,0.0,18562.47803696897,S001_P3,human,csgo_S001_P3
0.0,0.0,18578.103018488036,S001_P3,human,csgo_S001_P3
0.0,0.0,18593.727999992552,S001_P3,human,csgo_S001_P3
0.0,0.0,18609.35298151162,S001_P3,human,csgo_S001_P3
0.0,0.0,18624.977963016136,S001_P3,human,csgo_S001_P3
0.0,0.0,18640.602944535203,S001_P3,human,csgo_S001_P3
0.0,0.0,18656.22792605427,S001_P3,human,csgo_S001_P3
0.0,0.0,18671.852907558787,S001_P3,human,csgo_S001_P3
0.0,0.0,18687.477889077854,S001_P3,human,csgo_S001_P3
0.0,0.0,18703.10287058237,S001_P3,human,csgo_S001_P3
0.0,0.0,18718.72785210144,S001_P3,human,csgo_S001_P3
0.0,0.0,18734.352833605953,S001_P3,human,csgo_S001_P3
0.0,0.0,18749.97781512502,S001_P3,human,csgo_S001_P3
0.0,0.0,18765.602796629537,S001_P3,human,csgo_S001_P3
0.0,0.0,18781.227778148605,S001_P3,human,csgo_S001_P3
0.0,0.0,18796.852759667672,S001_P3,human,csgo_S001_P3
0.0,0.0,18812.477741172188,S001_P3,human,csgo_S001_P3
0.0,0.0,18828.102722691256,S001_P3,human,csgo_S001_P3
0.0,0.0,18843.72770419577,S001_P3,human,csgo_S001_P3
0.0,0.0,18859.35268571484,S001_P3,human,csgo_S001_P3
0.0,0.0,18874.977667219355,S001_P3,human,csgo_S001_P3
0.0,0.0,18890.602648738422,S001_P3,human,csgo_S001_P3
0.0,0.0,18906.227630242935,S001_P3,human,csgo_S001_P3
0.0,0.0,18921.85261176201,S001_P3,human,csgo_S001_P3
0.0,0.0,18937.477593281073,S001_P3,human,csgo_S001_P3
0.0,0.0,18953.10257478559,S001_P3,human,csgo_S001_P3
0.0,0.0,18968.727556304657,S001_P3,human,csgo_S001_P3
0.0,0.0,18984.352537809173,S001_P3,human,csgo_S001_P3
0.0,0.0,18999.97751932824,S001_P3,human,csgo_S001_P3
0.0,0.0,19015.602500832756,S001_P3,human,csgo_S001_P3
0.0,0.0,19031.227482351824,S001_P3,human,csgo_S001_P3
0.0,0.0,19046.85246387089,S001_P3,human,csgo_S001_P3
0.0,0.0,19062.477445375407,S001_P3,human,csgo_S001_P3
0.0,0.0,19078.102426894475,S001_P3,human,csgo_S001_P3
0.0,0.0,19093.72740839899,S001_P3,human,csgo_S001_P3
0.0838124677765677,-0.1268047814195085,19109.352389918055,S001_P3,human,csgo_S001_P3
0.1492408391957553,-0.1424339524909328,19124.977371422578,S001_P3,human,csgo_S001_P3
0.0273002066781202,-0.042319926694148,19140.60235294164,S001_P3,human,csgo_S001_P3
0.0,0.0,19156.227334446157,S001_P3,human,csgo_S001_P3
0.0,0.0,19171.852315965225,S001_P3,human,csgo_S001_P3
0.0,0.0,19187.477297484293,S001_P3,human,csgo_S001_P3
0.0,0.0,19203.10227898881,S001_P3,human,csgo_S001_P3
0.0,0.0,19218.727260507876,S001_P3,human,csgo_S001_P3
0.0,0.0,19234.35224201239,S001_P3,human,csgo_S001_P3
0.0,0.0,19249.97722353146,S001_P3,human,csgo_S001_P3
0.0,0.0,19265.602205035975,S001_P3,human,csgo_S001_P3
0.0,0.0,19281.227186555043,S001_P3,human,csgo_S001_P3
0.0,0.0,19296.85216805956,S001_P3,human,csgo_S001_P3
0.0,0.0,19312.477149578623,S001_P3,human,csgo_S001_P3
0.0,0.0,19328.102131097698,S001_P3,human,csgo_S001_P3
0.0,0.0,19343.72711260221,S001_P3,human,csgo_S001_P3
0.0,0.0,19359.352094121277,S001_P3,human,csgo_S001_P3
0.0,0.0,19374.977075625793,S001_P3,human,csgo_S001_P3
0.0,0.0,19390.60205714486,S001_P3,human,csgo_S001_P3
0.0,0.0,19406.227038649376,S001_P3,human,csgo_S001_P3
0.0,0.0,19421.852020168444,S001_P3,human,csgo_S001_P3
0.0,0.0,19437.47700167296,S001_P3,human,csgo_S001_P3
0.0,0.0,19453.101983192028,S001_P3,human,csgo_S001_P3
0.0,0.0,19468.726964711095,S001_P3,human,csgo_S001_P3
0.0,0.0,19484.35194621561,S001_P3,human,csgo_S001_P3
0.0,0.0,19499.97692773468,S001_P3,human,csgo_S001_P3
0.0,0.0,19515.60190923919,S001_P3,human,csgo_S001_P3
0.0,0.0,19531.226890758266,S001_P3,human,csgo_S001_P3
0.0,0.0,19546.851872262778,S001_P3,human,csgo_S001_P3
0.0,0.0,19562.476853781845,S001_P3,human,csgo_S001_P3
0.0,0.0,19578.10183528636,S001_P3,human,csgo_S001_P3
0.0,0.0,19593.72681680543,S001_P3,human,csgo_S001_P3
0.0,0.0,19609.351798324496,S001_P3,human,csgo_S001_P3
0.0,0.0,19624.976779829012,S001_P3,human,csgo_S001_P3
0.0,0.0,19640.60176134808,S001_P3,human,csgo_S001_P3
0.0,0.0,19656.226742852596,S001_P3,human,csgo_S001_P3
0.0,0.0,19671.851724371663,S001_P3,human,csgo_S001_P3
0.0,0.0,19687.47670587618,S001_P3,human,csgo_S001_P3
0.0,0.0,19703.101687395247,S001_P3,human,csgo_S001_P3
0.0,0.0,19718.72666889976,S001_P3,human,csgo_S001_P3
0.0,0.0,19734.35165041883,S001_P3,human,csgo_S001_P3
0.0,0.0,19749.976631937898,S001_P3,human,csgo_S001_P3
0.0,0.0,19765.601613442417,S001_P3,human,csgo_S001_P3
0.0,0.0,19781.22659496148,S001_P3,human,csgo_S001_P3
0.0,0.0,19796.851576465997,S001_P3,human,csgo_S001_P3
0.0,0.0,19812.476557985065,S001_P3,human,csgo_S001_P3
0.0,0.0,19828.10153948958,S001_P3,human,csgo_S001_P3
0.0,0.0,19843.726521008648,S001_P3,human,csgo_S001_P3
0.0,0.0,19859.351502513164,S001_P3,human,csgo_S001_P3
0.0,0.0,19874.97648403223,S001_P3,human,csgo_S001_P3
0.0,0.0,19890.6014655513,S001_P3,human,csgo_S001_P3
0.0,0.0,19906.226447055815,S001_P3,human,csgo_S001_P3
0.0,0.0,19921.85142857488,S001_P3,human,csgo_S001_P3
0.0,0.0,19937.4764100794,S001_P3,human,csgo_S001_P3
0.0,0.0,19953.101391598462,S001_P3,human,csgo_S001_P3
0.0,0.0,19968.72637310298,S001_P3,human,csgo_S001_P3
0.0,0.0,19984.35135462205,S001_P3,human,csgo_S001_P3
0.0,0.0,19999.976336126565,S001_P3,human,csgo_S001_P3
0.0,0.0,20015.601317645633,S001_P3,human,csgo_S001_P3
0.0,0.0,20031.2262991647,S001_P3,human,csgo_S001_P3
0.0,0.0,20046.851280669216,S001_P3,human,csgo_S001_P3
0.0,0.0,20062.476262188284,S001_P3,human,csgo_S001_P3
0.0,0.0,20078.1012436928,S001_P3,human,csgo_S001_P3
0.0,0.0,20093.726225211867,S001_P3,human,csgo_S001_P3
0.0,0.0,20109.351206716383,S001_P3,human,csgo_S001_P3
0.0,0.0,20124.97618823545,S001_P3,human,csgo_S001_P3
0.0,0.0,20140.601169739966,S001_P3,human,csgo_S001_P3
0.0,0.0,20156.22615125903,S001_P3,human,csgo_S001_P3
0.0,0.0,20171.8511327781,S001_P3,human,csgo_S001_P3
0.0,0.0,20187.476114282617,S001_P3,human,csgo_S001_P3
0.0,0.0,20203.101095801685,S001_P3,human,csgo_S001_P3
0.0,0.0,20218.7260773062,S001_P3,human,csgo_S001_P3
0.0,0.0,20234.35105882527,S001_P3,human,csgo_S001_P3
0.0,0.0,20249.976040329784,S001_P3,human,csgo_S001_P3
0.0,0.0,20265.60102184885,S001_P3,human,csgo_S001_P3
0.0,0.0,20281.226003353368,S001_P3,human,csgo_S001_P3
0.0,0.0,20296.850984872435,S001_P3,human,csgo_S001_P3
0.0,0.0,20312.475966391503,S001_P3,human,csgo_S001_P3
0.0,0.0,20328.10094789602,S001_P3,human,csgo_S001_P3
0.0,0.0,20343.725929415086,S001_P3,human,csgo_S001_P3
0.0,0.0,20359.3509109196,S001_P3,human,csgo_S001_P3
0.0,0.0,20374.97589243867,S001_P3,human,csgo_S001_P3
0.0,0.0,20390.600873943185,S001_P3,human,csgo_S001_P3
0.0,0.0,20406.225855462253,S001_P3,human,csgo_S001_P3
0.0,0.0,20421.85083696677,S001_P3,human,csgo_S001_P3
0.0,0.0,20437.475818485836,S001_P3,human,csgo_S001_P3
0.0,0.0,20453.100800004904,S001_P3,human,csgo_S001_P3
0.0,0.0,20468.72578150942,S001_P3,human,csgo_S001_P3
0.0,0.0,20484.350763028488,S001_P3,human,csgo_S001_P3
0.0,0.0,20499.975744533003,S001_P3,human,csgo_S001_P3
0.0,0.0,20515.60072605207,S001_P3,human,csgo_S001_P3
0.0,0.0,20531.225707556587,S001_P3,human,csgo_S001_P3
0.0,0.0,20546.850689075654,S001_P3,human,csgo_S001_P3
0.0,0.0,20562.47567058017,S001_P3,human,csgo_S001_P3
0.0,0.0,20578.10065209924,S001_P3,human,csgo_S001_P3
0.0,0.0,20593.725633618305,S001_P3,human,csgo_S001_P3
0.0,0.0,20609.35061512282,S001_P3,human,csgo_S001_P3
0.0,0.0,20624.97559664189,S001_P3,human,csgo_S001_P3
0.0,0.0,20640.600578146405,S001_P3,human,csgo_S001_P3
0.0,0.0,20656.225559665472,S001_P3,human,csgo_S001_P3
0.0,0.0,20671.850541169988,S001_P3,human,csgo_S001_P3
0.0,0.0,20687.475522689056,S001_P3,human,csgo_S001_P3
0.0,0.0,20703.10050419357,S001_P3,human,csgo_S001_P3
0.0,0.0,20718.72548571264,S001_P3,human,csgo_S001_P3
0.0,0.0,20734.350467231707,S001_P3,human,csgo_S001_P3
0.0,0.0,20749.975448736222,S001_P3,human,csgo_S001_P3
0.0,0.0,20765.60043025529,S001_P3,human,csgo_S001_P3
0.0,0.0,20781.22541175981,S001_P3,human,csgo_S001_P3
0.0,0.0,20796.850393278874,S001_P3,human,csgo_S001_P3
0.0,0.0,20812.47537478339,S001_P3,human,csgo_S001_P3
0.0,0.0,20828.100356302457,S001_P3,human,csgo_S001_P3
0.0,0.0,20843.725337806973,S001_P3,human,csgo_S001_P3
0.0,0.0,20859.35031932604,S001_P3,human,csgo_S001_P3
0.0,0.0,20874.975300845108,S001_P3,human,csgo_S001_P3
0.0,0.0,20890.600282349624,S001_P3,human,csgo_S001_P3
0.0,0.0,20906.22526386869,S001_P3,human,csgo_S001_P3
0.0,0.0,20921.850245373207,S001_P3,human,csgo_S001_P3
0.0,0.0,20937.475226892275,S001_P3,human,csgo_S001_P3
0.0,0.0,20953.10020839679,S001_P3,human,csgo_S001_P3
0.0,0.0,20968.72518991586,S001_P3,human,csgo_S001_P3
0.0,0.0,20984.350171420378,S001_P3,human,csgo_S001_P3
0.0,0.0,20999.97515293944,S001_P3,human,csgo_S001_P3
0.0,0.0,21015.60013445851,S001_P3,human,csgo_S001_P3
0.0,0.0,21031.225115963025,S001_P3,human,csgo_S001_P3
0.0,0.0,21046.850097482093,S001_P3,human,csgo_S001_P3
0.0,0.0,21062.47507898661,S001_P3,human,csgo_S001_P3
0.0,0.0,21078.100060505676,S001_P3,human,csgo_S001_P3
0.0,0.0,21093.725042010192,S001_P3,human,csgo_S001_P3
0.0,0.0,21109.35002352926,S001_P3,human,csgo_S001_P3
0.0,0.0,21124.975005033775,S001_P3,human,csgo_S001_P3
0.0,0.0,21140.599986552843,S001_P3,human,csgo_S001_P3
0.0,0.0,21156.22496807191,S001_P3,human,csgo_S001_P3
0.0,0.0,21171.849949576423,S001_P3,human,csgo_S001_P3
0.0,0.0,21187.474931095498,S001_P3,human,csgo_S001_P3
0.0,0.0,21203.09991260001,S001_P3,human,csgo_S001_P3
0.0,0.0,21218.724894119077,S001_P3,human,csgo_S001_P3
0.0,0.0,21234.349875623593,S001_P3,human,csgo_S001_P3
0.0,0.0,21249.97485714266,S001_P3,human,csgo_S001_P3
0.0,0.0,21265.599838647177,S001_P3,human,csgo_S001_P3
0.0,0.0,21281.224820166244,S001_P3,human,csgo_S001_P3
0.0,0.0,21296.849801685312,S001_P3,human,csgo_S001_P3
0.0,0.0,21312.474783189828,S001_P3,human,csgo_S001_P3
0.0,0.0,21328.099764708895,S001_P3,human,csgo_S001_P3
0.0,0.0,21343.72474621341,S001_P3,human,csgo_S001_P3
0.0,0.0,21359.34972773248,S001_P3,human,csgo_S001_P3
0.0,0.0,21374.97470923699,S001_P3,human,csgo_S001_P3
0.0,0.0,21390.599690756066,S001_P3,human,csgo_S001_P3
0.0,0.0,21406.224672260578,S001_P3,human,csgo_S001_P3
0.0,0.0,21421.849653779645,S001_P3,human,csgo_S001_P3
0.0,0.0,21437.474635298713,S001_P3,human,csgo_S001_P3
0.0,0.0,21453.09961680323,S001_P3,human,csgo_S001_P3
0.0,0.0,21468.724598322297,S001_P3,human,csgo_S001_P3
0.0,0.0,21484.349579826812,S001_P3,human,csgo_S001_P3
0.0,0.0,21499.97456134588,S001_P3,human,csgo_S001_P3
0.0,0.0,21515.599542850396,S001_P3,human,csgo_S001_P3
0.0,0.0,21531.224524369463,S001_P3,human,csgo_S001_P3
0.0,0.0,21546.84950587398,S001_P3,human,csgo_S001_P3
0.0,0.0,21562.474487393047,S001_P3,human,csgo_S001_P3
0.0,0.0,21578.09946891211,S001_P3,human,csgo_S001_P3
0.0,0.0,21593.72445041663,S001_P3,human,csgo_S001_P3
0.0,0.0,21609.349431935698,S001_P3,human,csgo_S001_P3
0.0,0.0,21624.974413440217,S001_P3,human,csgo_S001_P3
0.0,0.0,21640.59939495928,S001_P3,human,csgo_S001_P3
0.0,0.0,21656.224376463797,S001_P3,human,csgo_S001_P3
0.0,0.0,21671.849357982865,S001_P3,human,csgo_S001_P3
0.0,0.0,21687.47433948738,S001_P3,human,csgo_S001_P3
0.0,0.0,21703.099321006448,S001_P3,human,csgo_S001_P3
0.0,0.0,21718.724302525516,S001_P3,human,csgo_S001_P3
0.0,0.0,21734.34928403003,S001_P3,human,csgo_S001_P3
0.0,0.0,21749.9742655491,S001_P3,human,csgo_S001_P3
0.0,0.0,21765.599247053615,S001_P3,human,csgo_S001_P3
0.0,0.0,21781.22422857268,S001_P3,human,csgo_S001_P3
0.0,0.0,21796.8492100772,S001_P3,human,csgo_S001_P3
0.0,0.0,21812.474191596262,S001_P3,human,csgo_S001_P3
0.0,0.0,21828.09917310078,S001_P3,human,csgo_S001_P3
0.0,0.0,21843.72415461985,S001_P3,human,csgo_S001_P3
0.0,0.0,21859.349136138917,S001_P3,human,csgo_S001_P3
0.0,0.0,21874.974117643433,S001_P3,human,csgo_S001_P3
0.0,0.0,21890.5990991625,S001_P3,human,csgo_S001_P3
0.0,0.0,21906.224080667016,S001_P3,human,csgo_S001_P3
0.0,0.0,21921.849062186084,S001_P3,human,csgo_S001_P3
0.0,0.0,21937.4740436906,S001_P3,human,csgo_S001_P3
0.0,0.0,21953.099025209667,S001_P3,human,csgo_S001_P3
0.0,0.0,21968.724006714183,S001_P3,human,csgo_S001_P3
0.0,0.0,21984.34898823325,S001_P3,human,csgo_S001_P3
0.0,0.0,21999.97396975232,S001_P3,human,csgo_S001_P3
0.0,0.0,22015.59895125683,S001_P3,human,csgo_S001_P3
0.0,0.0,22031.2239327759,S001_P3,human,csgo_S001_P3
0.0,0.0,22046.848914280417,S001_P3,human,csgo_S001_P3
0.0,0.0,22062.473895799485,S001_P3,human,csgo_S001_P3
0.0,0.0,22078.098877304,S001_P3,human,csgo_S001_P3
0.0,0.0,22093.72385882307,S001_P3,human,csgo_S001_P3
0.0,0.0,22109.348840327584,S001_P3,human,csgo_S001_P3
0.0,0.0,22124.973821846652,S001_P3,human,csgo_S001_P3
0.0,0.0,22140.59880336572,S001_P3,human,csgo_S001_P3
0.0,0.0,22156.223784870235,S001_P3,human,csgo_S001_P3
0.0,0.0,22171.848766389303,S001_P3,human,csgo_S001_P3
0.0,0.0,22187.47374789382,S001_P3,human,csgo_S001_P3
0.0,0.0,22203.098729412886,S001_P3,human,csgo_S001_P3
0.0,0.0,22218.7237109174,S001_P3,human,csgo_S001_P3
0.0,0.0,22234.34869243647,S001_P3,human,csgo_S001_P3
0.0,0.0,22249.973673940985,S001_P3,human,csgo_S001_P3
0.0,0.0,22265.598655460053,S001_P3,human,csgo_S001_P3
0.0,0.0,22281.22363697912,S001_P3,human,csgo_S001_P3
0.0,0.0,22296.848618483637,S001_P3,human,csgo_S001_P3
0.0,0.0,22312.473600002704,S001_P3,human,csgo_S001_P3
0.0,0.0,22328.09858150722,S001_P3,human,csgo_S001_P3
0.0,0.0,22343.723563026288,S001_P3,human,csgo_S001_P3
0.0,0.0,22359.348544530803,S001_P3,human,csgo_S001_P3
0.0,0.0,22374.97352604987,S001_P3,human,csgo_S001_P3
0.0,0.0,22390.598507554387,S001_P3,human,csgo_S001_P3
0.0,0.0,22406.223489073454,S001_P3,human,csgo_S001_P3
0.0,0.0,22421.84847059252,S001_P3,human,csgo_S001_P3
0.0,0.0,22437.47345209704,S001_P3,human,csgo_S001_P3
0.0,0.0,22453.098433616105,S001_P3,human,csgo_S001_P3
0.0,0.0,22468.72341512062,S001_P3,human,csgo_S001_P3
0.145675456414807,-0.0524515383931003,22484.34839663969,S001_P3,human,csgo_S001_P3
0.1069686034325343,-0.1694245415376798,22499.973378144205,S001_P3,human,csgo_S001_P3
0.0389231141652999,0.0266353565259152,22515.598359663272,S001_P3,human,csgo_S001_P3
0.938525843753439,-0.0853906386355021,22531.223341167788,S001_P3,human,csgo_S001_P3
1.2320997961636522,-0.2434088699330061,22546.848322686856,S001_P3,human,csgo_S001_P3
1.2992868382734457,-0.4472858334549983,22562.473304205923,S001_P3,human,csgo_S001_P3
1.7439637875593803,-0.912516221085582,22578.09828571044,S001_P3,human,csgo_S001_P3
1.6468539214690736,-1.1541906169788163,22593.723267229507,S001_P3,human,csgo_S001_P3
1.859672108692962,-1.4431787734898478,22609.348248734022,S001_P3,human,csgo_S001_P3
1.770119237265277,-1.7077157526605404,22624.97323025309,S001_P3,human,csgo_S001_P3
1.2017557879354115,-1.61048655792154,22640.59821175761,S001_P3,human,csgo_S001_P3
0.4713981275179719,-1.3954773464024868,22656.223193276674,S001_P3,human,csgo_S001_P3
0.4017306037563344,-1.46431244675464,22671.84817478119,S001_P3,human,csgo_S001_P3
0.1910806385689341,-1.0298157576556335,22687.473156300257,S001_P3,human,csgo_S001_P3
-0.0493939944285841,-0.903542756057398,22703.098137819325,S001_P3,human,csgo_S001_P3
0.0185155845350379,-0.8138440705706742,22718.72311932384,S001_P3,human,csgo_S001_P3
-0.0539624505446454,-0.8156142517247602,22734.348100842908,S001_P3,human,csgo_S001_P3
-0.0934126088578466,-0.7286167183658421,22749.973082347424,S001_P3,human,csgo_S001_P3
-0.0002596178302951,-0.528168640072721,22765.59806386649,S001_P3,human,csgo_S001_P3
0.1866514775446432,-0.2153166160521777,22781.223045371007,S001_P3,human,csgo_S001_P3
0.0,0.0,22796.848026890075,S001_P3,human,csgo_S001_P3
0.0,0.0,22812.47300839459,S001_P3,human,csgo_S001_P3
0.0,0.0,22828.09798991366,S001_P3,human,csgo_S001_P3
0.0,0.0,22843.72297143273,S001_P3,human,csgo_S001_P3
0.0,0.0,22859.34795293724,S001_P3,human,csgo_S001_P3
0.0,0.0,22874.97293445631,S001_P3,human,csgo_S001_P3
0.0,0.0,22890.597915960825,S001_P3,human,csgo_S001_P3
0.0,0.0,22906.222897479893,S001_P3,human,csgo_S001_P3
0.0,0.0,22921.84787898441,S001_P3,human,csgo_S001_P3
0.0,0.0,22937.472860503476,S001_P3,human,csgo_S001_P3
0.0,0.0,22953.097842007992,S001_P3,human,csgo_S001_P3
0.0,0.0,22968.72282352706,S001_P3,human,csgo_S001_P3
0.0,0.0,22984.347805046127,S001_P3,human,csgo_S001_P3
0.0,0.0,22999.972786550643,S001_P3,human,csgo_S001_P3
0.0,0.0,23015.59776806971,S001_P3,human,csgo_S001_P3
0.0,0.0,23031.222749574223,S001_P3,human,csgo_S001_P3
0.0,0.0,23046.847731093298,S001_P3,human,csgo_S001_P3
0.0,0.0,23062.47271259781,S001_P3,human,csgo_S001_P3
-0.0331496987713251,-0.0228281279554423,23078.097694116877,S001_P3,human,csgo_S001_P3
-0.1379055027872482,-0.0035072426206994,23093.722675635945,S001_P3,human,csgo_S001_P3
-0.1738412953878878,0.0173455447066288,23109.34765714046,S001_P3,human,csgo_S001_P3
-0.1394750702951341,0.0180748786400641,23124.97263865953,S001_P3,human,csgo_S001_P3
-0.0689837506864989,-0.0020052634278968,23140.597620164044,S001_P3,human,csgo_S001_P3
-0.0344893967077837,-0.0010196843592211,23156.222601683112,S001_P3,human,csgo_S001_P3
0.0,0.0,23171.847583187628,S001_P3,human,csgo_S001_P3
0.0,0.0,23187.472564706695,S001_P3,human,csgo_S001_P3
0.0,0.0,23203.09754621121,S001_P3,human,csgo_S001_P3
0.0,0.0,23218.72252773028,S001_P3,human,csgo_S001_P3
0.0,0.0,23234.347509249343,S001_P3,human,csgo_S001_P3
0.0,0.0,23249.972490753866,S001_P3,human,csgo_S001_P3
0.0,0.0,23265.59747227293,S001_P3,human,csgo_S001_P3
0.0,0.0,23281.222453777445,S001_P3,human,csgo_S001_P3
0.0,0.0,23296.847435296513,S001_P3,human,csgo_S001_P3
0.0,0.0,23312.47241680103,S001_P3,human,csgo_S001_P3
0.0,0.0,23328.097398320097,S001_P3,human,csgo_S001_P3
0.0,0.0,23343.722379824612,S001_P3,human,csgo_S001_P3
0.0,0.0,23359.34736134368,S001_P3,human,csgo_S001_P3
0.0,0.0,23374.972342862748,S001_P3,human,csgo_S001_P3
0.0,0.0,23390.597324367263,S001_P3,human,csgo_S001_P3
0.0,0.0,23406.22230588633,S001_P3,human,csgo_S001_P3
0.0,0.0,23421.847287390847,S001_P3,human,csgo_S001_P3
0.0,0.0,23437.47226890991,S001_P3,human,csgo_S001_P3
0.0,0.0,23453.09725041443,S001_P3,human,csgo_S001_P3
0.0376593178520181,-0.0428931883627541,23468.722231933494,S001_P3,human,csgo_S001_P3
0.0360258531156887,-0.0209642153179814,23484.347213438017,S001_P3,human,csgo_S001_P3
0.0359930069213021,-0.0209585529308853,23499.97219495708,S001_P3,human,csgo_S001_P3
0.1047951740868597,-0.0190517358656023,23515.59717647615,S001_P3,human,csgo_S001_P3
0.0358997106312415,-0.0210081831347537,23531.222157980665,S001_P3,human,csgo_S001_P3
0.0,0.0,23546.847139499732,S001_P3,human,csgo_S001_P3
0.0,0.0,23562.472121004248,S001_P3,human,csgo_S001_P3
0.0,0.0,23578.097102523316,S001_P3,human,csgo_S001_P3
0.0,0.0,23593.72208402783,S001_P3,human,csgo_S001_P3
0.0,0.0,23609.3470655469,S001_P3,human,csgo_S001_P3
0.0,0.0,23624.972047051415,S001_P3,human,csgo_S001_P3
0.0,0.0,23640.597028570483,S001_P3,human,csgo_S001_P3
0.0,0.0,23656.22201008955,S001_P3,human,csgo_S001_P3
-0.0344027314972379,-0.0009506206318761,23671.846991594062,S001_P3,human,csgo_S001_P3
0.0,0.0,23687.471973113137,S001_P3,human,csgo_S001_P3
0.0,0.0,23703.09695461765,S001_P3,human,csgo_S001_P3
0.0,0.0,23718.721936136717,S001_P3,human,csgo_S001_P3
0.0,0.0,23734.346917641233,S001_P3,human,csgo_S001_P3
0.0,0.0,23749.9718991603,S001_P3,human,csgo_S001_P3
0.0,0.0,23765.596880664816,S001_P3,human,csgo_S001_P3
0.0,0.0,23781.221862183884,S001_P3,human,csgo_S001_P3
0.0,0.0,23796.84684370295,S001_P3,human,csgo_S001_P3
0.0,0.0,23812.471825207467,S001_P3,human,csgo_S001_P3
0.0,0.0,23828.096806726535,S001_P3,human,csgo_S001_P3
0.0,0.0,23843.72178823105,S001_P3,human,csgo_S001_P3
0.0,0.0,23859.34676975012,S001_P3,human,csgo_S001_P3
0.0,0.0,23874.97175125463,S001_P3,human,csgo_S001_P3
0.0,0.0,23890.5967327737,S001_P3,human,csgo_S001_P3
0.0,0.0,23906.221714278217,S001_P3,human,csgo_S001_P3
0.0,0.0,23921.846695797285,S001_P3,human,csgo_S001_P3
0.0,0.0,23937.471677316353,S001_P3,human,csgo_S001_P3
0.0,0.0,23953.09665882087,S001_P3,human,csgo_S001_P3
0.0,0.0,23968.721640339936,S001_P3,human,csgo_S001_P3
0.0,0.0,23984.346621844452,S001_P3,human,csgo_S001_P3
0.0,0.0,23999.97160336352,S001_P3,human,csgo_S001_P3
0.0,0.0,24015.596584868035,S001_P3,human,csgo_S001_P3
0.0,0.0,24031.221566387103,S001_P3,human,csgo_S001_P3
0.0,0.0,24046.84654789162,S001_P3,human,csgo_S001_P3
0.0,0.0,24062.471529410686,S001_P3,human,csgo_S001_P3
0.0,0.0,24078.09651092975,S001_P3,human,csgo_S001_P3
0.0,0.0,24093.72149243427,S001_P3,human,csgo_S001_P3
0.0,0.0,24109.346473953337,S001_P3,human,csgo_S001_P3
0.0,0.0,24124.971455457853,S001_P3,human,csgo_S001_P3
0.0,0.0,24140.59643697692,S001_P3,human,csgo_S001_P3
0.0,0.0,24156.221418481437,S001_P3,human,csgo_S001_P3
0.0,0.0,24171.846400000504,S001_P3,human,csgo_S001_P3
0.0,0.0,24187.47138150502,S001_P3,human,csgo_S001_P3
0.0,0.0,24203.096363024088,S001_P3,human,csgo_S001_P3
0.0,0.0,24218.721344543155,S001_P3,human,csgo_S001_P3
0.0,0.0,24234.34632604767,S001_P3,human,csgo_S001_P3
0.0,0.0,24249.97130756674,S001_P3,human,csgo_S001_P3
0.0,0.0,24265.596289071254,S001_P3,human,csgo_S001_P3
0.0,0.0,24281.22127059032,S001_P3,human,csgo_S001_P3
0.0,0.0,24296.84625209484,S001_P3,human,csgo_S001_P3
0.0,0.0,24312.471233613905,S001_P3,human,csgo_S001_P3
0.0,0.0,24328.09621511842,S001_P3,human,csgo_S001_P3
0.0,0.0,24343.72119663749,S001_P3,human,csgo_S001_P3
0.0,0.0,24359.346178156557,S001_P3,human,csgo_S001_P3
0.0,0.0,24374.971159661072,S001_P3,human,csgo_S001_P3
0.0,0.0,24390.59614118014,S001_P3,human,csgo_S001_P3
0.0,0.0,24406.221122684656,S001_P3,human,csgo_S001_P3
0.0,0.0,24421.846104203723,S001_P3,human,csgo_S001_P3
0.0,0.0,24437.47108570824,S001_P3,human,csgo_S001_P3
0.0,0.0,24453.096067227307,S001_P3,human,csgo_S001_P3
0.0,0.0,24468.721048731823,S001_P3,human,csgo_S001_P3
-0.0359146919407749,0.0209987911886742,24484.34603025089,S001_P3,human,csgo_S001_P3
-0.0359465527449174,0.0209946051873544,24499.97101176996,S001_P3,human,csgo_S001_P3
-0.034430908535171,-0.0009828567437963,24515.595993274474,S001_P3,human,csgo_S001_P3
-0.0359930069213021,0.0209585529308853,24531.22097479354,S001_P3,human,csgo_S001_P3
-0.0360258531156887,0.0209642153179814,24546.845956298057,S001_P3,human,csgo_S001_P3
-0.0360576827665966,0.0209402287205335,24562.470937817125,S001_P3,human,csgo_S001_P3
0.0,0.0,24578.09591932164,S001_P3,human,csgo_S001_P3
0.0,0.0,24593.720900840708,S001_P3,human,csgo_S001_P3
0.0,0.0,24609.345882345224,S001_P3,human,csgo_S001_P3
0.0,0.0,24624.97086386429,S001_P3,human,csgo_S001_P3
0.0,0.0,24640.59584538336,S001_P3,human,csgo_S001_P3
0.0,0.0,24656.220826887875,S001_P3,human,csgo_S001_P3
0.0,0.0,24671.845808406943,S001_P3,human,csgo_S001_P3
0.0,0.0,24687.47078991146,S001_P3,human,csgo_S001_P3
0.0,0.0,24703.09577143053,S001_P3,human,csgo_S001_P3
0.0,0.0,24718.72075293504,S001_P3,human,csgo_S001_P3
0.0,0.0,24734.34573445411,S001_P3,human,csgo_S001_P3
0.0,0.0,24749.970715958625,S001_P3,human,csgo_S001_P3
0.0,0.0,24765.595697477693,S001_P3,human,csgo_S001_P3
0.0,0.0,24781.22067899676,S001_P3,human,csgo_S001_P3
0.0,0.0,24796.845660501276,S001_P3,human,csgo_S001_P3
0.0,0.0,24812.470642020344,S001_P3,human,csgo_S001_P3
0.0,0.0,24828.09562352486,S001_P3,human,csgo_S001_P3
0.0,0.0,24843.720605043927,S001_P3,human,csgo_S001_P3
0.0,0.0,24859.345586548443,S001_P3,human,csgo_S001_P3
0.0,0.0,24874.97056806751,S001_P3,human,csgo_S001_P3
0.0,0.0,24890.595549572023,S001_P3,human,csgo_S001_P3
0.0,0.0,24906.220531091098,S001_P3,human,csgo_S001_P3
0.0,0.0,24921.84551261016,S001_P3,human,csgo_S001_P3
0.0,0.0,24937.470494114677,S001_P3,human,csgo_S001_P3
0.0,0.0,24953.095475633745,S001_P3,human,csgo_S001_P3
0.0,0.0,24968.72045713826,S001_P3,human,csgo_S001_P3
0.0,0.0,24984.34543865733,S001_P3,human,csgo_S001_P3
0.0,0.0,24999.970420161844,S001_P3,human,csgo_S001_P3
0.0,0.0,25015.595401680912,S001_P3,human,csgo_S001_P3
0.0,0.0,25031.220383185428,S001_P3,human,csgo_S001_P3
0.0,0.0,25046.845364704495,S001_P3,human,csgo_S001_P3
0.0,0.0,25062.470346223563,S001_P3,human,csgo_S001_P3
0.0,0.0,25078.09532772808,S001_P3,human,csgo_S001_P3
0.0,0.0,25093.720309247143,S001_P3,human,csgo_S001_P3
0.0,0.0,25109.345290751666,S001_P3,human,csgo_S001_P3
0.0,0.0,25124.97027227073,S001_P3,human,csgo_S001_P3
-0.0016016350854215,0.0219529596422205,25140.59525377525,S001_P3,human,csgo_S001_P3
0.0,0.0,25156.220235294313,S001_P3,human,csgo_S001_P3
0.0,0.0,25171.84521679883,S001_P3,human,csgo_S001_P3
0.0,0.0,25187.470198317897,S001_P3,human,csgo_S001_P3
0.0,0.0,25203.095179836964,S001_P3,human,csgo_S001_P3
0.0,0.0,25218.72016134148,S001_P3,human,csgo_S001_P3
0.0,0.0,25234.345142860548,S001_P3,human,csgo_S001_P3
0.0,0.0,25249.970124365063,S001_P3,human,csgo_S001_P3
0.0,0.0,25265.59510588413,S001_P3,human,csgo_S001_P3
0.0,0.0,25281.220087388647,S001_P3,human,csgo_S001_P3
0.0,0.0,25296.84506890771,S001_P3,human,csgo_S001_P3
0.0,0.0,25312.47005041223,S001_P3,human,csgo_S001_P3
0.0,0.0,25328.095031931294,S001_P3,human,csgo_S001_P3
0.0,0.0,25343.72001345037,S001_P3,human,csgo_S001_P3
0.0,0.0,25359.34499495488,S001_P3,human,csgo_S001_P3
0.0,0.0,25374.96997647395,S001_P3,human,csgo_S001_P3
0.0,0.0,25390.594957978465,S001_P3,human,csgo_S001_P3
0.0,0.0,25406.219939497532,S001_P3,human,csgo_S001_P3
0.0,0.0,25421.844921002048,S001_P3,human,csgo_S001_P3
0.0,0.0,25437.469902521116,S001_P3,human,csgo_S001_P3
0.0,0.0,25453.09488402563,S001_P3,human,csgo_S001_P3
0.0,0.0,25468.7198655447,S001_P3,human,csgo_S001_P3
0.0,0.0,25484.344847063767,S001_P3,human,csgo_S001_P3
0.0,0.0,25499.969828568283,S001_P3,human,csgo_S001_P3
0.0,0.0,25515.59481008735,S001_P3,human,csgo_S001_P3
0.0,0.0,25531.219791591862,S001_P3,human,csgo_S001_P3
0.0,0.0,25546.844773110937,S001_P3,human,csgo_S001_P3
0.0,0.0,25562.46975461545,S001_P3,human,csgo_S001_P3
0.0,0.0,25578.094736134517,S001_P3,human,csgo_S001_P3
0.0,0.0,25593.719717639033,S001_P3,human,csgo_S001_P3
0.0,0.0,25609.3446991581,S001_P3,human,csgo_S001_P3
0.0,0.0,25624.969680677168,S001_P3,human,csgo_S001_P3
0.0,0.0,25640.594662181684,S001_P3,human,csgo_S001_P3
0.0,0.0,25656.21964370075,S001_P3,human,csgo_S001_P3
0.0,0.0,25671.844625205267,S001_P3,human,csgo_S001_P3
0.0,0.0,25687.469606724335,S001_P3,human,csgo_S001_P3
0.0,0.0,25703.09458822885,S001_P3,human,csgo_S001_P3
0.0,0.0,25718.71956974792,S001_P3,human,csgo_S001_P3
0.0,0.0,25734.34455125243,S001_P3,human,csgo_S001_P3
-0.034488814051997,-0.0010223599009435,25749.9695327715,S001_P3,human,csgo_S001_P3
-0.0016200701112438,0.0219599649190129,25765.59451429057,S001_P3,human,csgo_S001_P3
0.0,0.0,25781.219495795085,S001_P3,human,csgo_S001_P3
0.0,0.0,25796.844477314153,S001_P3,human,csgo_S001_P3
0.0,0.0,25812.46945881867,S001_P3,human,csgo_S001_P3
0.0,0.0,25828.094440337736,S001_P3,human,csgo_S001_P3
0.0,0.0,25843.719421842252,S001_P3,human,csgo_S001_P3
0.0,0.0,25859.34440336132,S001_P3,human,csgo_S001_P3
0.0,0.0,25874.969384865835,S001_P3,human,csgo_S001_P3
0.0,0.0,25890.594366384903,S001_P3,human,csgo_S001_P3
0.0,0.0,25906.21934790397,S001_P3,human,csgo_S001_P3
0.0,0.0,25921.844329408486,S001_P3,human,csgo_S001_P3
-0.0361404837329644,0.0209198709168703,25937.46931092755,S001_P3,human,csgo_S001_P3
0.0,0.0,25953.09429243207,S001_P3,human,csgo_S001_P3
-0.0378307556026698,0.0428628941351831,25968.719273951137,S001_P3,human,csgo_S001_P3
-0.0707859195973412,0.0198261533016008,25984.344255455653,S001_P3,human,csgo_S001_P3
-0.0396976811715887,0.0647820575209365,25999.96923697472,S001_P3,human,csgo_S001_P3
-0.0727117361460898,0.0416990967649297,26015.594218479237,S001_P3,human,csgo_S001_P3
-0.0728431248551828,0.0416610792951388,26031.219199998304,S001_P3,human,csgo_S001_P3
-0.0364701347546088,0.0208023529765455,26046.844181517372,S001_P3,human,csgo_S001_P3
-0.0018083528813122,0.0219498540291809,26062.469163021888,S001_P3,human,csgo_S001_P3
0.0,0.0,26078.094144540955,S001_P3,human,csgo_S001_P3
0.0,0.0,26093.71912604547,S001_P3,human,csgo_S001_P3
0.0,0.0,26109.34410756454,S001_P3,human,csgo_S001_P3
0.0,0.0,26124.969089069054,S001_P3,human,csgo_S001_P3
0.0,0.0,26140.59407058812,S001_P3,human,csgo_S001_P3
0.0,0.0,26156.21905209264,S001_P3,human,csgo_S001_P3
0.0,0.0,26171.844033611706,S001_P3,human,csgo_S001_P3
0.0,0.0,26187.469015130773,S001_P3,human,csgo_S001_P3
0.0,0.0,26203.09399663529,S001_P3,human,csgo_S001_P3
0.0,0.0,26218.718978154357,S001_P3,human,csgo_S001_P3
0.0,0.0,26234.343959658872,S001_P3,human,csgo_S001_P3
0.0,0.0,26249.96894117794,S001_P3,human,csgo_S001_P3
0.0,0.0,26265.593922682456,S001_P3,human,csgo_S001_P3
0.0,0.0,26281.218904201523,S001_P3,human,csgo_S001_P3
0.0,0.0,26296.84388570604,S001_P3,human,csgo_S001_P3
0.0,0.0,26312.468867225107,S001_P3,human,csgo_S001_P3
0.0,0.0,26328.093848744174,S001_P3,human,csgo_S001_P3
0.0,0.0,26343.71883024869,S001_P3,human,csgo_S001_P3
0.0,0.0,26359.34381176776,S001_P3,human,csgo_S001_P3
0.0,0.0,26374.968793272274,S001_P3,human,csgo_S001_P3
0.0,0.0,26390.59377479134,S001_P3,human,csgo_S001_P3
0.0,0.0,26406.218756295857,S001_P3,human,csgo_S001_P3
0.0,0.0,26421.843737814925,S001_P3,human,csgo_S001_P3
0.0,0.0,26437.46871931944,S001_P3,human,csgo_S001_P3
0.0,0.0,26453.093700838508,S001_P3,human,csgo_S001_P3
0.0,0.0,26468.718682357576,S001_P3,human,csgo_S001_P3
0.0,0.0,26484.34366386209,S001_P3,human,csgo_S001_P3
0.0,0.0,26499.96864538116,S001_P3,human,csgo_S001_P3
0.0,0.0,26515.593626885675,S001_P3,human,csgo_S001_P3
0.0,0.0,26531.218608404743,S001_P3,human,csgo_S001_P3
0.0,0.0,26546.84358990926,S001_P3,human,csgo_S001_P3
0.0,0.0,26562.46857142833,S001_P3,human,csgo_S001_P3
0.0,0.0,26578.09355293284,S001_P3,human,csgo_S001_P3
0.0,0.0,26593.71853445191,S001_P3,human,csgo_S001_P3
0.0,0.0,26609.343515970977,S001_P3,human,csgo_S001_P3
0.0,0.0,26624.968497475493,S001_P3,human,csgo_S001_P3
0.0,0.0,26640.59347899456,S001_P3,human,csgo_S001_P3
0.0,0.0,26656.218460499076,S001_P3,human,csgo_S001_P3
0.0,0.0,26671.843442018144,S001_P3,human,csgo_S001_P3
0.0,0.0,26687.46842352266,S001_P3,human,csgo_S001_P3
0.0,0.0,26703.093405041727,S001_P3,human,csgo_S001_P3
0.0,0.0,26718.718386546243,S001_P3,human,csgo_S001_P3
0.0,0.0,26734.34336806531,S001_P3,human,csgo_S001_P3
0.0,0.0,26749.96834958438,S001_P3,human,csgo_S001_P3
0.0,0.0,26765.593331088898,S001_P3,human,csgo_S001_P3
0.0,0.0,26781.21831260796,S001_P3,human,csgo_S001_P3
0.0,0.0,26796.843294112477,S001_P3,human,csgo_S001_P3
0.0,0.0,26812.468275631545,S001_P3,human,csgo_S001_P3
0.0,0.0,26828.09325713606,S001_P3,human,csgo_S001_P3
0.0,0.0,26843.71823865513,S001_P3,human,csgo_S001_P3
0.0,0.0,26859.343220159644,S001_P3,human,csgo_S001_P3
0.0,0.0,26874.968201678712,S001_P3,human,csgo_S001_P3
0.0,0.0,26890.59318319778,S001_P3,human,csgo_S001_P3
0.0,0.0,26906.218164702295,S001_P3,human,csgo_S001_P3
0.0,0.0,26921.843146221363,S001_P3,human,csgo_S001_P3
0.0,0.0,26937.46812772588,S001_P3,human,csgo_S001_P3
0.0,0.0,26953.093109244943,S001_P3,human,csgo_S001_P3
0.0,0.0,26968.718090749466,S001_P3,human,csgo_S001_P3
0.0,0.0,26984.34307226853,S001_P3,human,csgo_S001_P3
0.0,0.0,26999.96805377305,S001_P3,human,csgo_S001_P3
0.0,0.0,27015.593035292113,S001_P3,human,csgo_S001_P3
0.0,0.0,27031.21801681118,S001_P3,human,csgo_S001_P3
0.0,0.0,27046.842998315697,S001_P3,human,csgo_S001_P3
0.0,0.0,27062.467979834764,S001_P3,human,csgo_S001_P3
0.0,0.0,27078.09296133928,S001_P3,human,csgo_S001_P3
0.0,0.0,27093.717942858348,S001_P3,human,csgo_S001_P3
0.0,0.0,27109.342924362863,S001_P3,human,csgo_S001_P3
0.0,0.0,27124.96790588193,S001_P3,human,csgo_S001_P3
0.0,0.0,27140.592887386447,S001_P3,human,csgo_S001_P3
0.0,0.0,27156.21786890551,S001_P3,human,csgo_S001_P3
0.0,0.0,27171.842850424586,S001_P3,human,csgo_S001_P3
0.0,0.0,27187.467831929094,S001_P3,human,csgo_S001_P3
0.0,0.0,27203.09281344817,S001_P3,human,csgo_S001_P3
0.0,0.0,27218.71779495268,S001_P3,human,csgo_S001_P3
0.0,0.0,27234.34277647175,S001_P3,human,csgo_S001_P3
0.0,0.0,27249.967757976265,S001_P3,human,csgo_S001_P3
0.0,0.0,27265.592739495332,S001_P3,human,csgo_S001_P3
0.0,0.0,27281.217720999848,S001_P3,human,csgo_S001_P3
0.0,0.0,27296.842702518916,S001_P3,human,csgo_S001_P3
0.0,0.0,27312.467684037983,S001_P3,human,csgo_S001_P3
0.0,0.0,27328.0926655425,S001_P3,human,csgo_S001_P3
0.0,0.0,27343.717647061567,S001_P3,human,csgo_S001_P3
0.0,0.0,27359.342628566083,S001_P3,human,csgo_S001_P3
0.0,0.0,27374.96761008515,S001_P3,human,csgo_S001_P3
0.0,0.0,27390.592591589662,S001_P3,human,csgo_S001_P3
0.0,0.0,27406.217573108737,S001_P3,human,csgo_S001_P3
0.0,0.0,27421.8425546278,S001_P3,human,csgo_S001_P3
0.0,0.0,27437.467536132317,S001_P3,human,csgo_S001_P3
0.0,0.0,27453.092517651385,S001_P3,human,csgo_S001_P3
0.0,0.0,27468.7174991559,S001_P3,human,csgo_S001_P3
0.0,0.0,27484.342480674968,S001_P3,human,csgo_S001_P3
0.0,0.0,27499.967462179484,S001_P3,human,csgo_S001_P3
0.0,0.0,27515.59244369855,S001_P3,human,csgo_S001_P3
0.0,0.0,27531.217425203067,S001_P3,human,csgo_S001_P3
0.0,0.0,27546.842406722135,S001_P3,human,csgo_S001_P3
0.0,0.0,27562.467388241203,S001_P3,human,csgo_S001_P3
0.0,0.0,27578.09236974572,S001_P3,human,csgo_S001_P3
0.0,0.0,27593.717351264782,S001_P3,human,csgo_S001_P3
0.0,0.0,27609.3423327693,S001_P3,human,csgo_S001_P3
0.0,0.0,27624.96731428837,S001_P3,human,csgo_S001_P3
0.0,0.0,27640.592295792885,S001_P3,human,csgo_S001_P3
0.0,0.0,27656.217277311953,S001_P3,human,csgo_S001_P3
0.0,0.0,27671.84225881647,S001_P3,human,csgo_S001_P3
-0.0346953554133335,-0.0011527496138441,27687.467240335536,S001_P3,human,csgo_S001_P3
-0.0365363380014684,0.0207827994348761,27703.092221854604,S001_P3,human,csgo_S001_P3
-0.0365692871578176,0.0207793455723788,27718.71720335912,S001_P3,human,csgo_S001_P3
-0.0366023936479678,0.0207613935058077,27734.342184878187,S001_P3,human,csgo_S001_P3
-0.0366356698150411,0.0207434202548313,27749.967166382703,S001_P3,human,csgo_S001_P3
-0.0347511850713999,-0.001205527068457,27765.59214790177,S001_P3,human,csgo_S001_P3
-0.0019174967297601,0.0219490893630052,27781.217129406286,S001_P3,human,csgo_S001_P3
-0.0347658345456238,-0.0012187576273987,27796.84211092535,S001_P3,human,csgo_S001_P3
0.0,0.0,27812.46709242987,S001_P3,human,csgo_S001_P3
0.0,0.0,27828.092073948937,S001_P3,human,csgo_S001_P3
0.0,0.0,27843.717055468005,S001_P3,human,csgo_S001_P3
0.0,0.0,27859.34203697252,S001_P3,human,csgo_S001_P3
0.0,0.0,27874.96701849159,S001_P3,human,csgo_S001_P3
0.0,0.0,27890.591999996104,S001_P3,human,csgo_S001_P3
0.0,0.0,27906.216981515172,S001_P3,human,csgo_S001_P3
0.0,0.0,27921.841963019688,S001_P3,human,csgo_S001_P3
0.0,0.0,27937.466944538755,S001_P3,human,csgo_S001_P3
0.0,0.0,27953.09192604327,S001_P3,human,csgo_S001_P3
0.0,0.0,27968.71690756234,S001_P3,human,csgo_S001_P3
0.0,0.0,27984.341889081406,S001_P3,human,csgo_S001_P3
0.0,0.0,27999.96687058592,S001_P3,human,csgo_S001_P3
0.0,0.0,28015.59185210499,S001_P3,human,csgo_S001_P3
0.0,0.0,28031.216833609506,S001_P3,human,csgo_S001_P3
0.0,0.0,28046.841815128573,S001_P3,human,csgo_S001_P3
0.0,0.0,28062.46679663309,S001_P3,human,csgo_S001_P3
0.0,0.0,28078.091778152157,S001_P3,human,csgo_S001_P3
0.0,0.0,28093.716759656672,S001_P3,human,csgo_S001_P3
0.0,0.0,28109.34174117574,S001_P3,human,csgo_S001_P3
0.0,0.0,28124.966722694808,S001_P3,human,csgo_S001_P3
0.0,0.0,28140.591704199323,S001_P3,human,csgo_S001_P3
0.0,0.0,28156.21668571839,S001_P3,human,csgo_S001_P3
0.0,0.0,28171.841667222907,S001_P3,human,csgo_S001_P3
0.0,0.0,28187.466648741974,S001_P3,human,csgo_S001_P3
0.0,0.0,28203.09163024649,S001_P3,human,csgo_S001_P3
0.0,0.0,28218.71661176556,S001_P3,human,csgo_S001_P3
0.0,0.0,28234.341593270074,S001_P3,human,csgo_S001_P3
0.0,0.0,28249.96657478914,S001_P3,human,csgo_S001_P3
0.0,0.0,28265.59155630821,S001_P3,human,csgo_S001_P3
0.0,0.0,28281.216537812725,S001_P3,human,csgo_S001_P3
0.0,0.0,28296.841519331792,S001_P3,human,csgo_S001_P3
0.0,0.0,28312.466500836308,S001_P3,human,csgo_S001_P3
0.0,0.0,28328.091482355376,S001_P3,human,csgo_S001_P3
0.0,0.0,28343.71646385989,S001_P3,human,csgo_S001_P3
0.0,0.0,28359.34144537896,S001_P3,human,csgo_S001_P3
0.0,0.0,28374.966426883475,S001_P3,human,csgo_S001_P3
0.0,0.0,28390.591408402543,S001_P3,human,csgo_S001_P3
0.0,0.0,28406.21638992161,S001_P3,human,csgo_S001_P3
0.0,0.0,28421.84137142613,S001_P3,human,csgo_S001_P3
0.0,0.0,28437.466352945194,S001_P3,human,csgo_S001_P3
0.0,0.0,28453.09133444971,S001_P3,human,csgo_S001_P3
0.0,0.0,28468.716315968777,S001_P3,human,csgo_S001_P3
0.0,0.0,28484.341297473293,S001_P3,human,csgo_S001_P3
0.0,0.0,28499.96627899236,S001_P3,human,csgo_S001_P3
0.0,0.0,28515.591260496876,S001_P3,human,csgo_S001_P3
0.0,0.0,28531.216242015944,S001_P3,human,csgo_S001_P3
0.0,0.0,28546.84122353501,S001_P3,human,csgo_S001_P3
0.0,0.0,28562.466205039527,S001_P3,human,csgo_S001_P3
0.0,0.0,28578.091186558595,S001_P3,human,csgo_S001_P3
0.0,0.0,28593.71616806311,S001_P3,human,csgo_S001_P3
0.0,0.0,28609.34114958218,S001_P3,human,csgo_S001_P3
0.0,0.0,28624.966131086698,S001_P3,human,csgo_S001_P3
0.0,0.0,28640.59111260576,S001_P3,human,csgo_S001_P3
0.0,0.0,28656.216094110277,S001_P3,human,csgo_S001_P3
0.0,0.0,28671.841075629345,S001_P3,human,csgo_S001_P3
0.0,0.0,28687.466057148413,S001_P3,human,csgo_S001_P3
0.0,0.0,28703.09103865293,S001_P3,human,csgo_S001_P3
0.0,0.0,28718.716020171996,S001_P3,human,csgo_S001_P3
0.0,0.0,28734.341001676512,S001_P3,human,csgo_S001_P3
0.0,0.0,28749.96598319558,S001_P3,human,csgo_S001_P3
0.0,0.0,28765.590964700095,S001_P3,human,csgo_S001_P3
0.0,0.0,28781.215946219163,S001_P3,human,csgo_S001_P3
0.0,0.0,28796.84092772368,S001_P3,human,csgo_S001_P3
0.0,0.0,28812.465909242743,S001_P3,human,csgo_S001_P3
0.0,0.0,28828.090890761818,S001_P3,human,csgo_S001_P3
0.0,0.0,28843.71587226633,S001_P3,human,csgo_S001_P3
0.0,0.0,28859.340853785397,S001_P3,human,csgo_S001_P3
0.0,0.0,28874.965835289913,S001_P3,human,csgo_S001_P3
0.0,0.0,28890.59081680898,S001_P3,human,csgo_S001_P3
0.0,0.0,28906.215798313497,S001_P3,human,csgo_S001_P3
0.0,0.0,28921.840779832564,S001_P3,human,csgo_S001_P3
0.0,0.0,28937.46576133708,S001_P3,human,csgo_S001_P3
0.0,0.0,28953.090742856148,S001_P3,human,csgo_S001_P3
0.0,0.0,28968.715724375215,S001_P3,human,csgo_S001_P3
0.0,0.0,28984.34070587973,S001_P3,human,csgo_S001_P3
0.0,0.0,28999.9656873988,S001_P3,human,csgo_S001_P3
0.0,0.0,29015.590668903315,S001_P3,human,csgo_S001_P3
0.0,0.0,29031.215650422386,S001_P3,human,csgo_S001_P3
0.0,0.0,29046.840631926894,S001_P3,human,csgo_S001_P3
0.0,0.0,29062.46561344597,S001_P3,human,csgo_S001_P3
0.0,0.0,29078.09059495048,S001_P3,human,csgo_S001_P3
0.0,0.0,29093.71557646955,S001_P3,human,csgo_S001_P3
0.0,0.0,29109.340557988617,S001_P3,human,csgo_S001_P3
0.0,0.0,29124.965539493132,S001_P3,human,csgo_S001_P3
0.0,0.0,29140.5905210122,S001_P3,human,csgo_S001_P3
0.0,0.0,29156.215502516716,S001_P3,human,csgo_S001_P3
0.0,0.0,29171.840484035783,S001_P3,human,csgo_S001_P3
0.0,0.0,29187.4654655403,S001_P3,human,csgo_S001_P3
0.0,0.0,29203.090447059367,S001_P3,human,csgo_S001_P3
0.0,0.0,29218.715428563883,S001_P3,human,csgo_S001_P3
0.0,0.0,29234.34041008295,S001_P3,human,csgo_S001_P3
0.0,0.0,29249.965391602014,S001_P3,human,csgo_S001_P3
0.0,0.0,29265.590373106537,S001_P3,human,csgo_S001_P3
0.0,0.0,29281.2153546256,S001_P3,human,csgo_S001_P3
0.0,0.0,29296.840336130117,S001_P3,human,csgo_S001_P3
0.0,0.0,29312.465317649185,S001_P3,human,csgo_S001_P3
0.0,0.0,29328.0902991537,S001_P3,human,csgo_S001_P3
0.0,0.0,29343.715280672768,S001_P3,human,csgo_S001_P3
0.0,0.0,29359.340262177284,S001_P3,human,csgo_S001_P3
0.0,0.0,29374.96524369635,S001_P3,human,csgo_S001_P3
0.0,0.0,29390.59022521542,S001_P3,human,csgo_S001_P3
0.0,0.0,29406.215206719935,S001_P3,human,csgo_S001_P3
0.0,0.0,29421.840188239003,S001_P3,human,csgo_S001_P3
0.0,0.0,29437.46516974352,S001_P3,human,csgo_S001_P3
0.0,0.0,29453.090151262582,S001_P3,human,csgo_S001_P3
0.0,0.0,29468.7151327671,S001_P3,human,csgo_S001_P3
0.0,0.0,29484.34011428617,S001_P3,human,csgo_S001_P3
0.0,0.0,29499.965095790685,S001_P3,human,csgo_S001_P3
0.0,0.0,29515.590077309753,S001_P3,human,csgo_S001_P3
0.0,0.0,29531.21505882882,S001_P3,human,csgo_S001_P3
0.0,0.0,29546.840040333336,S001_P3,human,csgo_S001_P3
0.0,0.0,29562.465021852404,S001_P3,human,csgo_S001_P3
0.0,0.0,29578.09000335692,S001_P3,human,csgo_S001_P3
0.0,0.0,29593.714984875987,S001_P3,human,csgo_S001_P3
0.0,0.0,29609.339966380503,S001_P3,human,csgo_S001_P3
0.0,0.0,29624.96494789957,S001_P3,human,csgo_S001_P3
0.0,0.0,29640.589929404086,S001_P3,human,csgo_S001_P3
0.0,0.0,29656.21491092315,S001_P3,human,csgo_S001_P3
0.0,0.0,29671.83989244222,S001_P3,human,csgo_S001_P3
0.0,0.0,29687.464873946737,S001_P3,human,csgo_S001_P3
0.0,0.0,29703.089855465805,S001_P3,human,csgo_S001_P3
0.0,0.0,29718.71483697032,S001_P3,human,csgo_S001_P3
0.0,0.0,29734.33981848939,S001_P3,human,csgo_S001_P3
0.0,0.0,29749.964799993904,S001_P3,human,csgo_S001_P3
0.0,0.0,29765.589781512972,S001_P3,human,csgo_S001_P3
0.0,0.0,29781.214763017488,S001_P3,human,csgo_S001_P3
0.0,0.0,29796.839744536555,S001_P3,human,csgo_S001_P3
0.0,0.0,29812.464726055623,S001_P3,human,csgo_S001_P3
0.0,0.0,29828.08970756014,S001_P3,human,csgo_S001_P3
0.0,0.0,29843.714689079206,S001_P3,human,csgo_S001_P3
0.0,0.0,29859.33967058372,S001_P3,human,csgo_S001_P3
0.0,0.0,29874.96465210279,S001_P3,human,csgo_S001_P3
0.0,0.0,29890.589633607306,S001_P3,human,csgo_S001_P3
0.0,0.0,29906.214615126373,S001_P3,human,csgo_S001_P3
0.0,0.0,29921.83959663089,S001_P3,human,csgo_S001_P3
0.0,0.0,29937.464578149957,S001_P3,human,csgo_S001_P3
0.0,0.0,29953.089559669024,S001_P3,human,csgo_S001_P3
0.0,0.0,29968.71454117354,S001_P3,human,csgo_S001_P3
0.0,0.0,29984.339522692608,S001_P3,human,csgo_S001_P3
0.0,0.0,29999.964504197123,S001_P3,human,csgo_S001_P3
0.0,0.0,30015.58948571619,S001_P3,human,csgo_S001_P3
0.0,0.0,30031.214467220707,S001_P3,human,csgo_S001_P3
0.0,0.0,30046.839448739775,S001_P3,human,csgo_S001_P3
0.0,0.0,30062.46443024429,S001_P3,human,csgo_S001_P3
0.0,0.0,30078.08941176336,S001_P3,human,csgo_S001_P3
0.0,0.0,30093.714393282426,S001_P3,human,csgo_S001_P3
0.0,0.0,30109.33937478694,S001_P3,human,csgo_S001_P3
0.0,0.0,30124.96435630601,S001_P3,human,csgo_S001_P3
0.0,0.0,30140.589337810525,S001_P3,human,csgo_S001_P3
0.0,0.0,30156.214319329592,S001_P3,human,csgo_S001_P3
0.0,0.0,30171.839300834108,S001_P3,human,csgo_S001_P3
0.0,0.0,30187.464282353176,S001_P3,human,csgo_S001_P3
0.0,0.0,30203.08926385769,S001_P3,human,csgo_S001_P3
0.0,0.0,30218.71424537676,S001_P3,human,csgo_S001_P3
0.0,0.0,30234.339226895827,S001_P3,human,csgo_S001_P3
0.0,0.0,30249.964208400343,S001_P3,human,csgo_S001_P3
0.0,0.0,30265.58918991941,S001_P3,human,csgo_S001_P3
0.0,0.0,30281.21417142393,S001_P3,human,csgo_S001_P3
0.0,0.0,30296.839152942994,S001_P3,human,csgo_S001_P3
0.0,0.0,30312.46413444751,S001_P3,human,csgo_S001_P3
0.0,0.0,30328.089115966577,S001_P3,human,csgo_S001_P3
0.0,0.0,30343.714097471093,S001_P3,human,csgo_S001_P3
0.0,0.0,30359.33907899016,S001_P3,human,csgo_S001_P3
0.0,0.0,30374.964060509228,S001_P3,human,csgo_S001_P3
0.0,0.0,30390.589042013744,S001_P3,human,csgo_S001_P3
0.0,0.0,30406.21402353281,S001_P3,human,csgo_S001_P3
0.0,0.0,30421.839005037327,S001_P3,human,csgo_S001_P3
0.0,0.0,30437.463986556395,S001_P3,human,csgo_S001_P3
0.0,0.0,30453.08896806091,S001_P3,human,csgo_S001_P3
0.0,0.0,30468.71394957998,S001_P3,human,csgo_S001_P3
0.0,0.0,30484.338931084498,S001_P3,human,csgo_S001_P3
0.0,0.0,30499.96391260356,S001_P3,human,csgo_S001_P3
0.0,0.0,30515.58889412263,S001_P3,human,csgo_S001_P3
0.0,0.0,30531.213875627145,S001_P3,human,csgo_S001_P3
0.0,0.0,30546.838857146213,S001_P3,human,csgo_S001_P3
0.0,0.0,30562.46383865073,S001_P3,human,csgo_S001_P3
0.0,0.0,30578.088820169796,S001_P3,human,csgo_S001_P3
0.0,0.0,30593.713801674312,S001_P3,human,csgo_S001_P3
0.0,0.0,30609.33878319338,S001_P3,human,csgo_S001_P3
0.0,0.0,30624.963764697895,S001_P3,human,csgo_S001_P3
0.0,0.0,30640.588746216963,S001_P3,human,csgo_S001_P3
0.0,0.0,30656.21372773603,S001_P3,human,csgo_S001_P3
0.0,0.0,30671.838709240543,S001_P3,human,csgo_S001_P3
0.0,0.0,30687.463690759618,S001_P3,human,csgo_S001_P3
0.0,0.0,30703.08867226413,S001_P3,human,csgo_S001_P3
0.0,0.0,30718.7136537832,S001_P3,human,csgo_S001_P3
0.0,0.0,30734.338635287713,S001_P3,human,csgo_S001_P3
0.0,0.0,30749.96361680678,S001_P3,human,csgo_S001_P3
0.0,0.0,30765.588598311297,S001_P3,human,csgo_S001_P3
0.0,0.0,30781.213579830364,S001_P3,human,csgo_S001_P3
0.0,0.0,30796.838561349432,S001_P3,human,csgo_S001_P3
0.0,0.0,30812.463542853948,S001_P3,human,csgo_S001_P3
0.0,0.0,30828.088524373015,S001_P3,human,csgo_S001_P3
0.0,0.0,30843.71350587753,S001_P3,human,csgo_S001_P3
0.0,0.0,30859.3384873966,S001_P3,human,csgo_S001_P3
0.0,0.0,30874.963468901115,S001_P3,human,csgo_S001_P3
0.0,0.0,30890.588450420182,S001_P3,human,csgo_S001_P3
0.0,0.0,30906.213431924694,S001_P3,human,csgo_S001_P3
0.0,0.0,30921.83841344377,S001_P3,human,csgo_S001_P3
0.0,0.0,30937.463394962833,S001_P3,human,csgo_S001_P3
0.0,0.0,30953.08837646735,S001_P3,human,csgo_S001_P3
0.0,0.0,30968.713357986417,S001_P3,human,csgo_S001_P3
0.0,0.0,30984.338339490932,S001_P3,human,csgo_S001_P3
0.0,0.0,30999.96332101,S001_P3,human,csgo_S001_P3
0.0,0.0,31015.588302514516,S001_P3,human,csgo_S001_P3
0.0,0.0,31031.213284033583,S001_P3,human,csgo_S001_P3
0.0,0.0,31046.8382655381,S001_P3,human,csgo_S001_P3
0.0,0.0,31062.463247057167,S001_P3,human,csgo_S001_P3
0.0,0.0,31078.088228576235,S001_P3,human,csgo_S001_P3
0.0,0.0,31093.71321008075,S001_P3,human,csgo_S001_P3
0.0,0.0,31109.338191599814,S001_P3,human,csgo_S001_P3
0.0,0.0,31124.963173104337,S001_P3,human,csgo_S001_P3
0.0,0.0,31140.5881546234,S001_P3,human,csgo_S001_P3
0.0,0.0,31156.213136127917,S001_P3,human,csgo_S001_P3
0.0,0.0,31171.838117646985,S001_P3,human,csgo_S001_P3
0.0,0.0,31187.4630991515,S001_P3,human,csgo_S001_P3
0.0,0.0,31203.088080670568,S001_P3,human,csgo_S001_P3
0.0,0.0,31218.713062189636,S001_P3,human,csgo_S001_P3
0.0,0.0,31234.33804369415,S001_P3,human,csgo_S001_P3
0.0,0.0,31249.96302521322,S001_P3,human,csgo_S001_P3
0.0,0.0,31265.588006717735,S001_P3,human,csgo_S001_P3
0.0,0.0,31281.212988236803,S001_P3,human,csgo_S001_P3
0.0,0.0,31296.83796974132,S001_P3,human,csgo_S001_P3
0.0,0.0,31312.462951260382,S001_P3,human,csgo_S001_P3
0.0,0.0,31328.0879327649,S001_P3,human,csgo_S001_P3
0.0,0.0,31343.71291428397,S001_P3,human,csgo_S001_P3
0.0,0.0,31359.337895803037,S001_P3,human,csgo_S001_P3
0.0,0.0,31374.962877307553,S001_P3,human,csgo_S001_P3
0.0,0.0,31390.58785882662,S001_P3,human,csgo_S001_P3
0.0,0.0,31406.212840331136,S001_P3,human,csgo_S001_P3
0.0,0.0,31421.837821850204,S001_P3,human,csgo_S001_P3
0.0,0.0,31437.46280335472,S001_P3,human,csgo_S001_P3
0.0,0.0,31453.087784873787,S001_P3,human,csgo_S001_P3
0.0,0.0,31468.712766392855,S001_P3,human,csgo_S001_P3
0.0,0.0,31484.33774789737,S001_P3,human,csgo_S001_P3
0.0,0.0,31499.96272941644,S001_P3,human,csgo_S001_P3
0.0,0.0,31515.58771092095,S001_P3,human,csgo_S001_P3
0.0,0.0,31531.21269244002,S001_P3,human,csgo_S001_P3
0.0,0.0,31546.837673944538,S001_P3,human,csgo_S001_P3
0.0,0.0,31562.462655463605,S001_P3,human,csgo_S001_P3
0.0,0.0,31578.08763696812,S001_P3,human,csgo_S001_P3
0.0,0.0,31593.71261848719,S001_P3,human,csgo_S001_P3
0.0,0.0,31609.337600006256,S001_P3,human,csgo_S001_P3
0.0,0.0,31624.962581510772,S001_P3,human,csgo_S001_P3
0.0,0.0,31640.58756302984,S001_P3,human,csgo_S001_P3
0.0,0.0,31656.212544534355,S001_P3,human,csgo_S001_P3
0.0,0.0,31671.837526053423,S001_P3,human,csgo_S001_P3
0.0,0.0,31687.46250755794,S001_P3,human,csgo_S001_P3
0.0,0.0,31703.087489077006,S001_P3,human,csgo_S001_P3
0.0,0.0,31718.71247058152,S001_P3,human,csgo_S001_P3
0.0,0.0,31734.33745210059,S001_P3,human,csgo_S001_P3
0.0,0.0,31749.962433619658,S001_P3,human,csgo_S001_P3
0.0,0.0,31765.587415124173,S001_P3,human,csgo_S001_P3
0.0,0.0,31781.21239664324,S001_P3,human,csgo_S001_P3
0.0,0.0,31796.837378147757,S001_P3,human,csgo_S001_P3
0.1137022675041237,-0.10610322237914,31812.462359666824,S001_P3,human,csgo_S001_P3
0.1131750129804913,-0.1062283323920638,31828.08734117134,S001_P3,human,csgo_S001_P3
0.0727907212729235,-0.04161432813558,31843.712322690408,S001_P3,human,csgo_S001_P3
0.0744003234213437,-0.0636199862896518,31859.337304194923,S001_P3,human,csgo_S001_P3
0.037983341814936,-0.0428049016234339,31874.96228571399,S001_P3,human,csgo_S001_P3
0.001717261461323,-0.0219545951572328,31890.58726723306,S001_P3,human,csgo_S001_P3
0.0,0.0,31906.212248737575,S001_P3,human,csgo_S001_P3
-0.065492587813793,-0.0461099183538777,31921.83723025664,S001_P3,human,csgo_S001_P3
-0.0891072979656257,-0.1789885246782248,31937.46221176116,S001_P3,human,csgo_S001_P3
-0.0652217921510782,-0.4643653360562041,31953.087193280226,S001_P3,human,csgo_S001_P3
0.1093629444860653,-0.9646833826523532,31968.71217478474,S001_P3,human,csgo_S001_P3
0.2443844434489221,-1.576521718799917,31984.33715630381,S001_P3,human,csgo_S001_P3
0.3246316882209328,-2.1685169795249593,31999.962137808325,S001_P3,human,csgo_S001_P3
0.2064469170587415,-2.1722350090004667,32015.587119327392,S001_P3,human,csgo_S001_P3
0.2294726293814335,-1.7759515789683675,32031.21210084646,S001_P3,human,csgo_S001_P3
0.4167182110496412,-1.8603813502258648,32046.837082350976,S001_P3,human,csgo_S001_P3
0.4723766536586424,-1.729093997957456,32062.462063870043,S001_P3,human,csgo_S001_P3
0.4480547892860613,-1.6654676950110456,32078.08704537456,S001_P3,human,csgo_S001_P3
0.2902455115826967,-1.2947337371724998,32093.712026893627,S001_P3,human,csgo_S001_P3
0.2782709755967119,-1.0536042232595475,32109.337008398143,S001_P3,human,csgo_S001_P3
0.2432976116198801,-0.790467017732638,32124.96198991721,S001_P3,human,csgo_S001_P3
0.2130940544752775,-0.8130661636471963,32140.58697142173,S001_P3,human,csgo_S001_P3
0.1322989433522536,-0.8356051707353558,32156.211952940794,S001_P3,human,csgo_S001_P3
0.0536760802991693,-0.8798768811500928,32171.83693445986,S001_P3,human,csgo_S001_P3
0.1785015757019152,-0.505776384894741,32187.461915964377,S001_P3,human,csgo_S001_P3
0.0506377096071446,-0.0219806607474204,32203.086897483445,S001_P3,human,csgo_S001_P3
0.0,0.0,32218.71187898796,S001_P3,human,csgo_S001_P3
0.0,0.0,32234.336860507028,S001_P3,human,csgo_S001_P3
0.0,0.0,32249.961842011544,S001_P3,human,csgo_S001_P3
0.0,0.0,32265.58682353061,S001_P3,human,csgo_S001_P3
0.0,0.0,32281.211805035127,S001_P3,human,csgo_S001_P3
0.0,0.0,32296.836786554195,S001_P3,human,csgo_S001_P3
0.0,0.0,32312.461768073263,S001_P3,human,csgo_S001_P3
0.0,0.0,32328.08674957778,S001_P3,human,csgo_S001_P3
0.0,0.0,32343.71173109685,S001_P3,human,csgo_S001_P3
0.0,0.0,32359.33671260136,S001_P3,human,csgo_S001_P3
0.0,0.0,32374.96169412043,S001_P3,human,csgo_S001_P3
0.0,0.0,32390.586675624945,S001_P3,human,csgo_S001_P3
0.0,0.0,32406.211657144013,S001_P3,human,csgo_S001_P3
0.0,0.0,32421.83663864853,S001_P3,human,csgo_S001_P3
0.0,0.0,32437.461620167596,S001_P3,human,csgo_S001_P3
0.0,0.0,32453.086601686664,S001_P3,human,csgo_S001_P3
0.0,0.0,32468.71158319118,S001_P3,human,csgo_S001_P3
-0.0758874808961138,-0.0440352312385741,32484.336564710247,S001_P3,human,csgo_S001_P3
-0.1261019292875289,-0.1761532392967915,32499.961546214763,S001_P3,human,csgo_S001_P3
-0.1759179229079848,-0.2204133861034769,32515.58652773383,S001_P3,human,csgo_S001_P3
-0.0999422699704837,-0.1763298207787969,32531.211509238343,S001_P3,human,csgo_S001_P3
-0.0747359492331725,-0.1322955377437438,32546.836490757418,S001_P3,human,csgo_S001_P3
-0.0246156920357236,-0.0881023481538605,32562.46147226193,S001_P3,human,csgo_S001_P3
0.0001270955986001,-0.0219977675908609,32578.086453781,S001_P3,human,csgo_S001_P3
0.0001269320813719,-0.0219990122133211,32593.711435300065,S001_P3,human,csgo_S001_P3
0.0,0.0,32609.33641680458,S001_P3,human,csgo_S001_P3
0.0,0.0,32624.96139832365,S001_P3,human,csgo_S001_P3
0.0,0.0,32640.586379828164,S001_P3,human,csgo_S001_P3
0.0001267171338099,-0.0219976456999724,32656.211361347232,S001_P3,human,csgo_S001_P3
0.0001267258044777,-0.0219982430721579,32671.836342851748,S001_P3,human,csgo_S001_P3
0.0,0.0,32687.461324370815,S001_P3,human,csgo_S001_P3
0.0,0.0,32703.08630587533,S001_P3,human,csgo_S001_P3
0.0,0.0,32718.7112873944,S001_P3,human,csgo_S001_P3
0.0,0.0,32734.336268913463,S001_P3,human,csgo_S001_P3
0.0,0.0,32749.961250417982,S001_P3,human,csgo_S001_P3
0.0,0.0,32765.58623193705,S001_P3,human,csgo_S001_P3
0.0,0.0,32781.211213441566,S001_P3,human,csgo_S001_P3
0.0,0.0,32796.83619496063,S001_P3,human,csgo_S001_P3
0.0001264458351784,-0.021996883939984,32812.46117646515,S001_P3,human,csgo_S001_P3
0.0,0.0,32828.08615798422,S001_P3,human,csgo_S001_P3
0.0001264168507475,-0.0219987938354186,32843.71113948873,S001_P3,human,csgo_S001_P3
0.0250726498950939,0.0001083957228722,32859.3361210078,S001_P3,human,csgo_S001_P3
0.0,0.0,32874.96110252687,S001_P3,human,csgo_S001_P3
0.0,0.0,32890.58608403138,S001_P3,human,csgo_S001_P3
0.0,0.0,32906.21106555045,S001_P3,human,csgo_S001_P3
0.0,0.0,32921.83604705497,S001_P3,human,csgo_S001_P3
0.0,0.0,32937.461028574035,S001_P3,human,csgo_S001_P3
0.0,0.0,32953.08601007855,S001_P3,human,csgo_S001_P3
0.0,0.0,32968.71099159762,S001_P3,human,csgo_S001_P3
0.0,0.0,32984.335973102134,S001_P3,human,csgo_S001_P3
0.0,0.0,32999.9609546212,S001_P3,human,csgo_S001_P3
0.0,0.0,33015.58593614027,S001_P3,human,csgo_S001_P3
0.0,0.0,33031.210917644785,S001_P3,human,csgo_S001_P3
0.0,0.0,33046.83589916385,S001_P3,human,csgo_S001_P3
0.0,0.0,33062.46088066837,S001_P3,human,csgo_S001_P3
0.0,0.0,33078.085862187436,S001_P3,human,csgo_S001_P3
0.0,0.0,33093.71084369195,S001_P3,human,csgo_S001_P3
0.0,0.0,33109.33582521102,S001_P3,human,csgo_S001_P3
0.0,0.0,33124.960806715535,S001_P3,human,csgo_S001_P3
0.0,0.0,33140.5857882346,S001_P3,human,csgo_S001_P3
0.0,0.0,33156.21076975367,S001_P3,human,csgo_S001_P3
0.0,0.0,33171.835751258186,S001_P3,human,csgo_S001_P3
0.0,0.0,33187.460732777254,S001_P3,human,csgo_S001_P3
0.0,0.0,33203.08571428177,S001_P3,human,csgo_S001_P3
0.0,0.0,33218.71069580084,S001_P3,human,csgo_S001_P3
0.0,0.0,33234.33567730535,S001_P3,human,csgo_S001_P3
0.0,0.0,33249.96065882442,S001_P3,human,csgo_S001_P3
0.0,0.0,33265.585640328936,S001_P3,human,csgo_S001_P3
0.0,0.0,33281.210621848004,S001_P3,human,csgo_S001_P3
0.0,0.0,33296.83560336707,S001_P3,human,csgo_S001_P3
0.0,0.0,33312.46058487159,S001_P3,human,csgo_S001_P3
0.0,0.0,33328.085566390655,S001_P3,human,csgo_S001_P3
0.0,0.0,33343.71054789517,S001_P3,human,csgo_S001_P3
0.0,0.0,33359.33552941424,S001_P3,human,csgo_S001_P3
0.0,0.0,33374.960510918754,S001_P3,human,csgo_S001_P3
0.0,0.0,33390.58549243782,S001_P3,human,csgo_S001_P3
0.0,0.0,33406.21047394234,S001_P3,human,csgo_S001_P3
0.0,0.0,33421.835455461405,S001_P3,human,csgo_S001_P3
0.0,0.0,33437.46043698047,S001_P3,human,csgo_S001_P3
0.0,0.0,33453.08541848499,S001_P3,human,csgo_S001_P3
0.0,0.0,33468.710400004056,S001_P3,human,csgo_S001_P3
0.0,0.0,33484.33538150857,S001_P3,human,csgo_S001_P3
0.0,0.0,33499.96036302764,S001_P3,human,csgo_S001_P3
0.0,0.0,33515.585344532155,S001_P3,human,csgo_S001_P3
0.0,0.0,33531.21032605122,S001_P3,human,csgo_S001_P3
0.0,0.0,33546.83530755574,S001_P3,human,csgo_S001_P3
0.0,0.0,33562.46028907481,S001_P3,human,csgo_S001_P3
0.0,0.0,33578.085270593874,S001_P3,human,csgo_S001_P3
0.0,0.0,33593.71025209839,S001_P3,human,csgo_S001_P3
0.0,0.0,33609.33523361746,S001_P3,human,csgo_S001_P3
0.0,0.0,33624.96021512197,S001_P3,human,csgo_S001_P3
0.0,0.0,33640.58519664104,S001_P3,human,csgo_S001_P3
0.0,0.0,33656.21017814556,S001_P3,human,csgo_S001_P3
0.0,0.0,33671.835159664624,S001_P3,human,csgo_S001_P3
0.0,0.0,33687.46014116914,S001_P3,human,csgo_S001_P3
0.0,0.0,33703.08512268821,S001_P3,human,csgo_S001_P3
0.0,0.0,33718.710104207275,S001_P3,human,csgo_S001_P3
0.0,0.0,33734.33508571179,S001_P3,human,csgo_S001_P3
0.0,0.0,33749.96006723086,S001_P3,human,csgo_S001_P3
0.0,0.0,33765.585048735375,S001_P3,human,csgo_S001_P3
0.0,0.0,33781.21003025444,S001_P3,human,csgo_S001_P3
0.0,0.0,33796.83501175896,S001_P3,human,csgo_S001_P3
0.0,0.0,33812.459993278026,S001_P3,human,csgo_S001_P3
0.0,0.0,33828.08497478254,S001_P3,human,csgo_S001_P3
0.0,0.0,33843.70995630161,S001_P3,human,csgo_S001_P3
0.0,0.0,33859.33493782068,S001_P3,human,csgo_S001_P3
0.0,0.0,33874.95991932519,S001_P3,human,csgo_S001_P3
0.0,0.0,33890.58490084426,S001_P3,human,csgo_S001_P3
0.0,0.0,33906.209882348776,S001_P3,human,csgo_S001_P3
0.0,0.0,33921.83486386784,S001_P3,human,csgo_S001_P3
0.0,0.0,33937.45984537236,S001_P3,human,csgo_S001_P3
0.0,0.0,33953.08482689143,S001_P3,human,csgo_S001_P3
0.0,0.0,33968.70980839594,S001_P3,human,csgo_S001_P3
0.0,0.0,33984.33478991501,S001_P3,human,csgo_S001_P3
0.0,0.0,33999.95977143408,S001_P3,human,csgo_S001_P3
0.0,0.0,34015.584752938594,S001_P3,human,csgo_S001_P3
0.0,0.0,34031.20973445766,S001_P3,human,csgo_S001_P3
0.0,0.0,34046.83471596218,S001_P3,human,csgo_S001_P3
0.0,0.0,34062.459697481245,S001_P3,human,csgo_S001_P3
0.0,0.0,34078.08467898576,S001_P3,human,csgo_S001_P3
0.0,0.0,34093.70966050483,S001_P3,human,csgo_S001_P3
0.0,0.0,34109.334642009344,S001_P3,human,csgo_S001_P3
0.0,0.0,34124.95962352841,S001_P3,human,csgo_S001_P3
0.0,0.0,34140.58460504748,S001_P3,human,csgo_S001_P3
0.0,0.0,34156.209586551995,S001_P3,human,csgo_S001_P3
0.0,0.0,34171.83456807106,S001_P3,human,csgo_S001_P3
0.0,0.0,34187.45954957558,S001_P3,human,csgo_S001_P3
0.0,0.0,34203.084531094646,S001_P3,human,csgo_S001_P3
0.0,0.0,34218.70951259916,S001_P3,human,csgo_S001_P3
0.0,0.0,34234.33449411823,S001_P3,human,csgo_S001_P3
0.0,0.0,34249.959475622745,S001_P3,human,csgo_S001_P3
0.0,0.0,34265.58445714181,S001_P3,human,csgo_S001_P3
0.0,0.0,34281.20943866088,S001_P3,human,csgo_S001_P3
0.0,0.0,34296.834420165396,S001_P3,human,csgo_S001_P3
0.0,0.0,34312.459401684464,S001_P3,human,csgo_S001_P3
0.0,0.0,34328.08438318898,S001_P3,human,csgo_S001_P3
0.0,0.0,34343.70936470805,S001_P3,human,csgo_S001_P3
0.0,0.0,34359.33434621256,S001_P3,human,csgo_S001_P3
0.0,0.0,34374.95932773163,S001_P3,human,csgo_S001_P3
0.0,0.0,34390.58430923615,S001_P3,human,csgo_S001_P3
0.0,0.0,34406.209290755214,S001_P3,human,csgo_S001_P3
0.0,0.0,34421.83427227428,S001_P3,human,csgo_S001_P3
0.0,0.0,34437.4592537788,S001_P3,human,csgo_S001_P3
0.0,0.0,34453.084235297865,S001_P3,human,csgo_S001_P3
0.0,0.0,34468.70921680238,S001_P3,human,csgo_S001_P3
0.0,0.0,34484.33419832145,S001_P3,human,csgo_S001_P3
0.0,0.0,34499.959179825964,S001_P3,human,csgo_S001_P3
0.0,0.0,34515.58416134503,S001_P3,human,csgo_S001_P3
0.0,0.0,34531.20914284955,S001_P3,human,csgo_S001_P3
0.0,0.0,34546.834124368615,S001_P3,human,csgo_S001_P3
0.0,0.0,34562.45910588768,S001_P3,human,csgo_S001_P3
0.0,0.0,34578.0840873922,S001_P3,human,csgo_S001_P3
0.0,0.0,34593.70906891127,S001_P3,human,csgo_S001_P3
0.0,0.0,34609.33405041578,S001_P3,human,csgo_S001_P3
0.0,0.0,34624.95903193485,S001_P3,human,csgo_S001_P3
0.0,0.0,34640.584013439366,S001_P3,human,csgo_S001_P3
0.0,0.0,34656.20899495843,S001_P3,human,csgo_S001_P3
0.0,0.0,34671.83397646295,S001_P3,human,csgo_S001_P3
0.0,0.0,34687.45895798202,S001_P3,human,csgo_S001_P3
0.0,0.0,34703.083939501084,S001_P3,human,csgo_S001_P3
0.0,0.0,34718.7089210056,S001_P3,human,csgo_S001_P3
0.0,0.0,34734.33390252467,S001_P3,human,csgo_S001_P3
0.0,0.0,34749.95888402918,S001_P3,human,csgo_S001_P3
0.0,0.0,34765.58386554825,S001_P3,human,csgo_S001_P3
0.0,0.0,34781.20884705277,S001_P3,human,csgo_S001_P3
0.0,0.0,34796.833828571835,S001_P3,human,csgo_S001_P3
0.0,0.0,34812.45881007635,S001_P3,human,csgo_S001_P3
0.0,0.0,34828.08379159542,S001_P3,human,csgo_S001_P3
0.0,0.0,34843.708773114486,S001_P3,human,csgo_S001_P3
0.0,0.0,34859.333754619,S001_P3,human,csgo_S001_P3
0.0,0.0,34874.95873613807,S001_P3,human,csgo_S001_P3
0.0,0.0,34890.583717642585,S001_P3,human,csgo_S001_P3
0.0,0.0,34906.20869916165,S001_P3,human,csgo_S001_P3
0.0,0.0,34921.83368066617,S001_P3,human,csgo_S001_P3
0.0,0.0,34937.458662185236,S001_P3,human,csgo_S001_P3
0.0,0.0,34953.08364368975,S001_P3,human,csgo_S001_P3
0.0,0.0,34968.70862520882,S001_P3,human,csgo_S001_P3
0.0,0.0,34984.33360672789,S001_P3,human,csgo_S001_P3
0.0,0.0,34999.9585882324,S001_P3,human,csgo_S001_P3
0.0,0.0,35015.58356975147,S001_P3,human,csgo_S001_P3
0.0,0.0,35031.208551255986,S001_P3,human,csgo_S001_P3
0.0,0.0,35046.833532775054,S001_P3,human,csgo_S001_P3
0.0,0.0,35062.45851427957,S001_P3,human,csgo_S001_P3
0.0,0.0,35078.08349579864,S001_P3,human,csgo_S001_P3
0.0,0.0,35093.70847730315,S001_P3,human,csgo_S001_P3
0.0,0.0,35109.33345882222,S001_P3,human,csgo_S001_P3
0.0,0.0,35124.95844034129,S001_P3,human,csgo_S001_P3
0.0,0.0,35140.583421845804,S001_P3,human,csgo_S001_P3
0.0,0.0,35156.20840336487,S001_P3,human,csgo_S001_P3
0.0,0.0,35171.83338486939,S001_P3,human,csgo_S001_P3
0.0,0.0,35187.458366388455,S001_P3,human,csgo_S001_P3
0.0,0.0,35203.08334789297,S001_P3,human,csgo_S001_P3
0.0,0.0,35218.70832941204,S001_P3,human,csgo_S001_P3
0.0,0.0,35234.333310916554,S001_P3,human,csgo_S001_P3
0.0,0.0,35249.95829243562,S001_P3,human,csgo_S001_P3
0.0,0.0,35265.58327395469,S001_P3,human,csgo_S001_P3
0.0,0.0,35281.208255459205,S001_P3,human,csgo_S001_P3
0.0,0.0,35296.83323697827,S001_P3,human,csgo_S001_P3
0.0,0.0,35312.45821848279,S001_P3,human,csgo_S001_P3
0.0,0.0,35328.083200001856,S001_P3,human,csgo_S001_P3
0.0,0.0,35343.70818150637,S001_P3,human,csgo_S001_P3
0.0,0.0,35359.33316302544,S001_P3,human,csgo_S001_P3
0.0,0.0,35374.958144529955,S001_P3,human,csgo_S001_P3
0.0,0.0,35390.58312604902,S001_P3,human,csgo_S001_P3
0.0,0.0,35406.20810756809,S001_P3,human,csgo_S001_P3
0.0,0.0,35421.83308907261,S001_P3,human,csgo_S001_P3
0.0,0.0,35437.458070591674,S001_P3,human,csgo_S001_P3
0.0,0.0,35453.08305209619,S001_P3,human,csgo_S001_P3
0.0,0.0,35468.70803361526,S001_P3,human,csgo_S001_P3
0.0,0.0,35484.33301511977,S001_P3,human,csgo_S001_P3
0.0,0.0,35499.95799663884,S001_P3,human,csgo_S001_P3
0.0,0.0,35515.58297814336,S001_P3,human,csgo_S001_P3
0.0,0.0,35531.207959662424,S001_P3,human,csgo_S001_P3
0.0,0.0,35546.83294118149,S001_P3,human,csgo_S001_P3
0.0,0.0,35562.45792268601,S001_P3,human,csgo_S001_P3
0.0,0.0,35578.082904205075,S001_P3,human,csgo_S001_P3
0.0,0.0,35593.70788570959,S001_P3,human,csgo_S001_P3
0.0,0.0,35609.33286722866,S001_P3,human,csgo_S001_P3
0.0,0.0,35624.957848733175,S001_P3,human,csgo_S001_P3
0.0001210002070308,-0.0219987699625825,35640.58283025224,S001_P3,human,csgo_S001_P3
0.0,0.0,35656.20781177131,S001_P3,human,csgo_S001_P3
0.0,0.0,35671.832793275826,S001_P3,human,csgo_S001_P3
0.0,0.0,35687.45777479489,S001_P3,human,csgo_S001_P3
0.0,0.0,35703.08275629941,S001_P3,human,csgo_S001_P3
0.0,0.0,35718.70773781848,S001_P3,human,csgo_S001_P3
0.0,0.0,35734.33271932299,S001_P3,human,csgo_S001_P3
0.0,0.0,35749.95770084206,S001_P3,human,csgo_S001_P3
0.0,0.0,35765.582682346576,S001_P3,human,csgo_S001_P3
0.0,0.0,35781.20766386564,S001_P3,human,csgo_S001_P3
0.0,0.0,35796.83264538471,S001_P3,human,csgo_S001_P3
0.0,0.0,35812.45762688923,S001_P3,human,csgo_S001_P3
0.0,0.0,35828.082608408295,S001_P3,human,csgo_S001_P3
0.0,0.0,35843.70758991281,S001_P3,human,csgo_S001_P3
0.0,0.0,35859.33257143188,S001_P3,human,csgo_S001_P3
0.0,0.0,35874.957552936394,S001_P3,human,csgo_S001_P3
0.0,0.0,35890.58253445546,S001_P3,human,csgo_S001_P3
0.0,0.0,35906.20751595998,S001_P3,human,csgo_S001_P3
0.0,0.0,35921.832497479045,S001_P3,human,csgo_S001_P3
0.0,0.0,35937.45747899811,S001_P3,human,csgo_S001_P3
0.0,0.0,35953.08246050263,S001_P3,human,csgo_S001_P3
0.0,0.0,35968.707442021696,S001_P3,human,csgo_S001_P3
0.0,0.0,35984.33242352621,S001_P3,human,csgo_S001_P3
0.0,0.0,35999.95740504528,S001_P3,human,csgo_S001_P3
0.0,0.0,36015.582386549795,S001_P3,human,csgo_S001_P3
0.0,0.0,36031.20736806886,S001_P3,human,csgo_S001_P3
0.0,0.0,36046.83234957338,S001_P3,human,csgo_S001_P3
0.0,0.0,36062.457331092446,S001_P3,human,csgo_S001_P3
0.0,0.0,36078.082312611514,S001_P3,human,csgo_S001_P3
0.0,0.0,36093.70729411603,S001_P3,human,csgo_S001_P3
0.0,0.0,36109.3322756351,S001_P3,human,csgo_S001_P3
0.0,0.0,36124.95725713961,S001_P3,human,csgo_S001_P3
0.0,0.0,36140.58223865868,S001_P3,human,csgo_S001_P3
0.0,0.0,36156.2072201632,S001_P3,human,csgo_S001_P3
0.0,0.0,36171.832201682264,S001_P3,human,csgo_S001_P3
0.0,0.0,36187.45718318678,S001_P3,human,csgo_S001_P3
0.0,0.0,36203.08216470585,S001_P3,human,csgo_S001_P3
0.0,0.0,36218.707146224915,S001_P3,human,csgo_S001_P3
0.0,0.0,36234.33212772943,S001_P3,human,csgo_S001_P3
0.0,0.0,36249.9571092485,S001_P3,human,csgo_S001_P3
0.0,0.0,36265.582090753014,S001_P3,human,csgo_S001_P3
0.0,0.0,36281.20707227208,S001_P3,human,csgo_S001_P3
0.0,0.0,36296.8320537766,S001_P3,human,csgo_S001_P3
0.0,0.0,36312.457035295665,S001_P3,human,csgo_S001_P3
0.0,0.0,36328.08201680018,S001_P3,human,csgo_S001_P3
0.0,0.0,36343.70699831925,S001_P3,human,csgo_S001_P3
0.0,0.0,36359.33197983832,S001_P3,human,csgo_S001_P3
0.0,0.0,36374.95696134283,S001_P3,human,csgo_S001_P3
0.0,0.0,36390.5819428619,S001_P3,human,csgo_S001_P3
0.0,0.0,36406.206924366415,S001_P3,human,csgo_S001_P3
0.0,0.0,36421.83190588548,S001_P3,human,csgo_S001_P3
0.0,0.0,36437.45688739,S001_P3,human,csgo_S001_P3
0.0,0.0,36453.08186890907,S001_P3,human,csgo_S001_P3
0.0,0.0,36468.70685041358,S001_P3,human,csgo_S001_P3
0.0,0.0,36484.33183193265,S001_P3,human,csgo_S001_P3
0.0,0.0,36499.95681345172,S001_P3,human,csgo_S001_P3
0.0,0.0,36515.58179495623,S001_P3,human,csgo_S001_P3
0.0,0.0,36531.2067764753,S001_P3,human,csgo_S001_P3
0.0,0.0,36546.83175797982,S001_P3,human,csgo_S001_P3
0.0,0.0,36562.45673949888,S001_P3,human,csgo_S001_P3
0.0,0.0,36578.0817210034,S001_P3,human,csgo_S001_P3
0.0,0.0,36593.70670252247,S001_P3,human,csgo_S001_P3
0.0,0.0,36609.33168402698,S001_P3,human,csgo_S001_P3
0.0,0.0,36624.95666554605,S001_P3,human,csgo_S001_P3
0.0,0.0,36640.58164706512,S001_P3,human,csgo_S001_P3
0.0,0.0,36656.206628569635,S001_P3,human,csgo_S001_P3
0.0,0.0,36671.8316100887,S001_P3,human,csgo_S001_P3
0.0,0.0,36687.45659159322,S001_P3,human,csgo_S001_P3
0.0,0.0,36703.081573112286,S001_P3,human,csgo_S001_P3
0.0,0.0,36718.7065546168,S001_P3,human,csgo_S001_P3
0.0,0.0,36734.33153613587,S001_P3,human,csgo_S001_P3
0.0,0.0,36749.956517640385,S001_P3,human,csgo_S001_P3
0.0,0.0,36765.58149915945,S001_P3,human,csgo_S001_P3
0.0,0.0,36781.20648067852,S001_P3,human,csgo_S001_P3
0.0,0.0,36796.83146218304,S001_P3,human,csgo_S001_P3
0.0,0.0,36812.4564437021,S001_P3,human,csgo_S001_P3
0.0,0.0,36828.08142520662,S001_P3,human,csgo_S001_P3
0.0,0.0,36843.70640672569,S001_P3,human,csgo_S001_P3
0.0,0.0,36859.3313882302,S001_P3,human,csgo_S001_P3
0.0,0.0,36874.95636974927,S001_P3,human,csgo_S001_P3
0.0,0.0,36890.581351253786,S001_P3,human,csgo_S001_P3
0.0,0.0,36906.206332772854,S001_P3,human,csgo_S001_P3
0.0,0.0,36921.83131429192,S001_P3,human,csgo_S001_P3
0.0,0.0,36937.45629579644,S001_P3,human,csgo_S001_P3
0.0,0.0,36953.081277315505,S001_P3,human,csgo_S001_P3
0.0,0.0,36968.70625882002,S001_P3,human,csgo_S001_P3
0.0,0.0,36984.33124033909,S001_P3,human,csgo_S001_P3
0.0001207922550463,-0.0219967684576758,36999.9562218436,S001_P3,human,csgo_S001_P3
0.0,0.0,37015.58120336267,S001_P3,human,csgo_S001_P3
0.0,0.0,37031.20618486719,S001_P3,human,csgo_S001_P3
0.0,0.0,37046.831166386255,S001_P3,human,csgo_S001_P3
0.0,0.0,37062.45614790532,S001_P3,human,csgo_S001_P3
0.0,0.0,37078.08112940984,S001_P3,human,csgo_S001_P3
0.0,0.0,37093.706110928906,S001_P3,human,csgo_S001_P3
0.0,0.0,37109.33109243342,S001_P3,human,csgo_S001_P3
0.0,0.0,37124.95607395249,S001_P3,human,csgo_S001_P3
0.0,0.0,37140.581055457005,S001_P3,human,csgo_S001_P3
0.0,0.0,37156.20603697607,S001_P3,human,csgo_S001_P3
-0.0250621516150033,-0.0001076975594997,37171.83101848059,S001_P3,human,csgo_S001_P3
0.0,0.0,37187.455999999656,S001_P3,human,csgo_S001_P3
0.0,0.0,37203.08098151872,S001_P3,human,csgo_S001_P3
0.0,0.0,37218.70596302324,S001_P3,human,csgo_S001_P3
0.0,0.0,37234.33094454231,S001_P3,human,csgo_S001_P3
0.0,0.0,37249.95592604682,S001_P3,human,csgo_S001_P3
0.0,0.0,37265.58090756589,S001_P3,human,csgo_S001_P3
0.0,0.0,37281.20588907041,S001_P3,human,csgo_S001_P3
0.0,0.0,37296.830870589474,S001_P3,human,csgo_S001_P3
0.0,0.0,37312.45585209399,S001_P3,human,csgo_S001_P3
0.0,0.0,37328.08083361306,S001_P3,human,csgo_S001_P3
0.0,0.0,37343.705815132125,S001_P3,human,csgo_S001_P3
0.0,0.0,37359.33079663664,S001_P3,human,csgo_S001_P3
0.0,0.0,37374.95577815571,S001_P3,human,csgo_S001_P3
0.0,0.0,37390.580759660224,S001_P3,human,csgo_S001_P3
0.0,0.0,37406.20574117929,S001_P3,human,csgo_S001_P3
0.0,0.0,37421.83072268381,S001_P3,human,csgo_S001_P3
0.0,0.0,37437.455704202875,S001_P3,human,csgo_S001_P3
0.0,0.0,37453.08068570739,S001_P3,human,csgo_S001_P3
0.0,0.0,37468.70566722646,S001_P3,human,csgo_S001_P3
0.0,0.0,37484.33064874553,S001_P3,human,csgo_S001_P3
0.0,0.0,37499.95563025004,S001_P3,human,csgo_S001_P3
0.0,0.0,37515.58061176911,S001_P3,human,csgo_S001_P3
0.0,0.0,37531.205593273626,S001_P3,human,csgo_S001_P3
0.0,0.0,37546.83057479269,S001_P3,human,csgo_S001_P3
0.0,0.0,37562.45555629721,S001_P3,human,csgo_S001_P3
0.0,0.0,37578.08053781628,S001_P3,human,csgo_S001_P3
0.0,0.0,37593.70551932079,S001_P3,human,csgo_S001_P3
0.0,0.0,37609.33050083986,S001_P3,human,csgo_S001_P3
0.0,0.0,37624.95548235893,S001_P3,human,csgo_S001_P3
0.0,0.0,37640.58046386344,S001_P3,human,csgo_S001_P3
0.0,0.0,37656.20544538251,S001_P3,human,csgo_S001_P3
0.0,0.0,37671.83042688703,S001_P3,human,csgo_S001_P3
0.0,0.0,37687.455408406095,S001_P3,human,csgo_S001_P3
0.0,0.0,37703.08038991061,S001_P3,human,csgo_S001_P3
0.0,0.0,37718.70537142968,S001_P3,human,csgo_S001_P3
0.0,0.0,37734.330352934194,S001_P3,human,csgo_S001_P3
0.0,0.0,37749.95533445326,S001_P3,human,csgo_S001_P3
0.0,0.0,37765.58031597233,S001_P3,human,csgo_S001_P3
0.0,0.0,37781.205297476845,S001_P3,human,csgo_S001_P3
0.0,0.0,37796.83027899591,S001_P3,human,csgo_S001_P3
0.0,0.0,37812.45526050043,S001_P3,human,csgo_S001_P3
0.0,0.0,37828.080242019496,S001_P3,human,csgo_S001_P3
0.0,0.0,37843.70522352401,S001_P3,human,csgo_S001_P3
0.0,0.0,37859.33020504308,S001_P3,human,csgo_S001_P3
0.0,0.0,37874.955186547595,S001_P3,human,csgo_S001_P3
0.0,0.0,37890.58016806666,S001_P3,human,csgo_S001_P3
0.0,0.0,37906.20514958573,S001_P3,human,csgo_S001_P3
0.0,0.0,37921.830131090246,S001_P3,human,csgo_S001_P3
0.0,0.0,37937.455112609314,S001_P3,human,csgo_S001_P3
0.0,0.0,37953.08009411383,S001_P3,human,csgo_S001_P3
0.0,0.0,37968.7050756329,S001_P3,human,csgo_S001_P3
0.0,0.0,37984.33005713741,S001_P3,human,csgo_S001_P3
0.0,0.0,37999.95503865648,S001_P3,human,csgo_S001_P3
0.0,0.0,38015.58002016099,S001_P3,human,csgo_S001_P3
0.0,0.0,38031.205001680064,S001_P3,human,csgo_S001_P3
0.0,0.0,38046.82998319913,S001_P3,human,csgo_S001_P3
0.0,0.0,38062.45496470365,S001_P3,human,csgo_S001_P3
0.0,0.0,38078.079946222715,S001_P3,human,csgo_S001_P3
0.0,0.0,38093.70492772723,S001_P3,human,csgo_S001_P3
0.0,0.0,38109.3299092463,S001_P3,human,csgo_S001_P3
0.0,0.0,38124.954890750814,S001_P3,human,csgo_S001_P3
0.0,0.0,38140.57987226988,S001_P3,human,csgo_S001_P3
0.0,0.0,38156.2048537744,S001_P3,human,csgo_S001_P3
0.0,0.0,38171.829835293465,S001_P3,human,csgo_S001_P3
0.0,0.0,38187.45481681253,S001_P3,human,csgo_S001_P3
0.0,0.0,38203.07979831705,S001_P3,human,csgo_S001_P3
0.0,0.0,38218.70477983611,S001_P3,human,csgo_S001_P3
0.0,0.0,38234.32976134063,S001_P3,human,csgo_S001_P3
0.0,0.0,38249.9547428597,S001_P3,human,csgo_S001_P3
0.0,0.0,38265.579724364216,S001_P3,human,csgo_S001_P3
0.0,0.0,38281.20470588328,S001_P3,human,csgo_S001_P3
0.0,0.0,38296.8296873878,S001_P3,human,csgo_S001_P3
0.0,0.0,38312.45466890687,S001_P3,human,csgo_S001_P3
0.0,0.0,38328.079650425934,S001_P3,human,csgo_S001_P3
0.0,0.0,38343.70463193045,S001_P3,human,csgo_S001_P3
0.0,0.0,38359.32961344952,S001_P3,human,csgo_S001_P3
0.0,0.0,38374.95459495403,S001_P3,human,csgo_S001_P3
0.0,0.0,38390.5795764731,S001_P3,human,csgo_S001_P3
0.0,0.0,38406.20455797762,S001_P3,human,csgo_S001_P3
0.0,0.0,38421.829539496684,S001_P3,human,csgo_S001_P3
0.0,0.0,38437.4545210012,S001_P3,human,csgo_S001_P3
0.0,0.0,38453.07950252027,S001_P3,human,csgo_S001_P3
0.0,0.0,38468.704484039336,S001_P3,human,csgo_S001_P3
0.0,0.0,38484.32946554385,S001_P3,human,csgo_S001_P3
0.0,0.0,38499.95444706292,S001_P3,human,csgo_S001_P3
0.0,0.0,38515.579428567435,S001_P3,human,csgo_S001_P3
0.0,0.0,38531.2044100865,S001_P3,human,csgo_S001_P3
0.0,0.0,38546.82939159102,S001_P3,human,csgo_S001_P3
0.0,0.0,38562.454373110086,S001_P3,human,csgo_S001_P3
0.0,0.0,38578.0793546146,S001_P3,human,csgo_S001_P3
0.0,0.0,38593.70433613367,S001_P3,human,csgo_S001_P3
0.0,0.0,38609.32931765274,S001_P3,human,csgo_S001_P3
0.0,0.0,38624.95429915725,S001_P3,human,csgo_S001_P3
0.0,0.0,38640.57928067632,S001_P3,human,csgo_S001_P3
0.0,0.0,38656.20426218083,S001_P3,human,csgo_S001_P3
0.0,0.0,38671.8292436999,S001_P3,human,csgo_S001_P3
0.0,0.0,38687.45422520442,S001_P3,human,csgo_S001_P3
0.0,0.0,38703.07920672349,S001_P3,human,csgo_S001_P3
0.0,0.0,38718.704188228,S001_P3,human,csgo_S001_P3
0.0,0.0,38734.32916974707,S001_P3,human,csgo_S001_P3
0.0,0.0,38749.95415126614,S001_P3,human,csgo_S001_P3
0.0,0.0,38765.579132770654,S001_P3,human,csgo_S001_P3
0.0,0.0,38781.20411428972,S001_P3,human,csgo_S001_P3
0.0,0.0,38796.82909579424,S001_P3,human,csgo_S001_P3
0.0,0.0,38812.454077313305,S001_P3,human,csgo_S001_P3
0.0,0.0,38828.07905881782,S001_P3,human,csgo_S001_P3
0.0,0.0,38843.70404033689,S001_P3,human,csgo_S001_P3
0.0,0.0,38859.32902184141,S001_P3,human,csgo_S001_P3
0.0,0.0,38874.95400336047,S001_P3,human,csgo_S001_P3
0.0,0.0,38890.57898487954,S001_P3,human,csgo_S001_P3
0.0,0.0,38906.203966384055,S001_P3,human,csgo_S001_P3
0.0,0.0,38921.82894790312,S001_P3,human,csgo_S001_P3
0.0,0.0,38937.45392940764,S001_P3,human,csgo_S001_P3
0.0,0.0,38953.078910926706,S001_P3,human,csgo_S001_P3
0.0,0.0,38968.70389243122,S001_P3,human,csgo_S001_P3
0.0,0.0,38984.32887395029,S001_P3,human,csgo_S001_P3
0.0,0.0,38999.953855454805,S001_P3,human,csgo_S001_P3
0.0,0.0,39015.57883697387,S001_P3,human,csgo_S001_P3
0.0,0.0,39031.20381849294,S001_P3,human,csgo_S001_P3
0.0,0.0,39046.82879999746,S001_P3,human,csgo_S001_P3
0.0,0.0,39062.45378151653,S001_P3,human,csgo_S001_P3
0.0,0.0,39078.07876302104,S001_P3,human,csgo_S001_P3
0.0,0.0,39093.70374454011,S001_P3,human,csgo_S001_P3
0.0,0.0,39109.32872604462,S001_P3,human,csgo_S001_P3
0.0,0.0,39124.95370756369,S001_P3,human,csgo_S001_P3
0.0,0.0,39140.57868906821,S001_P3,human,csgo_S001_P3
0.0,0.0,39156.203670587274,S001_P3,human,csgo_S001_P3
0.0,0.0,39171.82865210634,S001_P3,human,csgo_S001_P3
0.0,0.0,39187.45363361086,S001_P3,human,csgo_S001_P3
0.0,0.0,39203.078615129925,S001_P3,human,csgo_S001_P3
0.0,0.0,39218.70359663444,S001_P3,human,csgo_S001_P3
0.0,0.0,39234.32857815351,S001_P3,human,csgo_S001_P3
0.0,0.0,39249.953559658024,S001_P3,human,csgo_S001_P3
0.0,0.0,39265.57854117709,S001_P3,human,csgo_S001_P3
0.0,0.0,39281.20352268161,S001_P3,human,csgo_S001_P3
0.0,0.0,39296.828504200676,S001_P3,human,csgo_S001_P3
0.0,0.0,39312.45348571974,S001_P3,human,csgo_S001_P3
0.0,0.0,39328.07846722426,S001_P3,human,csgo_S001_P3
0.0,0.0,39343.70344874333,S001_P3,human,csgo_S001_P3
0.0,0.0,39359.32843024784,S001_P3,human,csgo_S001_P3
0.0,0.0,39374.95341176691,S001_P3,human,csgo_S001_P3
0.0,0.0,39390.578393271426,S001_P3,human,csgo_S001_P3
0.0,0.0,39406.20337479049,S001_P3,human,csgo_S001_P3
0.0,0.0,39421.82835629501,S001_P3,human,csgo_S001_P3
0.0,0.0,39437.45333781408,S001_P3,human,csgo_S001_P3
0.0,0.0,39453.078319333144,S001_P3,human,csgo_S001_P3
0.0,0.0,39468.70330083766,S001_P3,human,csgo_S001_P3
0.0,0.0,39484.32828235673,S001_P3,human,csgo_S001_P3
0.0,0.0,39499.95326386124,S001_P3,human,csgo_S001_P3
0.0,0.0,39515.57824538031,S001_P3,human,csgo_S001_P3
0.0,0.0,39531.20322688483,S001_P3,human,csgo_S001_P3
0.0,0.0,39546.828208403895,S001_P3,human,csgo_S001_P3
0.0,0.0,39562.45318990841,S001_P3,human,csgo_S001_P3
0.0,0.0,39578.07817142748,S001_P3,human,csgo_S001_P3
0.0,0.0,39593.703152946546,S001_P3,human,csgo_S001_P3
0.0,0.0,39609.32813445106,S001_P3,human,csgo_S001_P3
0.0,0.0,39624.95311597013,S001_P3,human,csgo_S001_P3
0.0,0.0,39640.578097474645,S001_P3,human,csgo_S001_P3
0.0,0.0,39656.20307899371,S001_P3,human,csgo_S001_P3
0.0,0.0,39671.82806049823,S001_P3,human,csgo_S001_P3
0.0,0.0,39687.453042017296,S001_P3,human,csgo_S001_P3
0.0,0.0,39703.07802353636,S001_P3,human,csgo_S001_P3
0.0,0.0,39718.70300504088,S001_P3,human,csgo_S001_P3
0.0,0.0,39734.32798655995,S001_P3,human,csgo_S001_P3
0.0,0.0,39749.95296806446,S001_P3,human,csgo_S001_P3
0.0,0.0,39765.57794958353,S001_P3,human,csgo_S001_P3
0.0,0.0,39781.202931088046,S001_P3,human,csgo_S001_P3
0.0,0.0,39796.827912607114,S001_P3,human,csgo_S001_P3
0.0,0.0,39812.45289411163,S001_P3,human,csgo_S001_P3
0.0,0.0,39828.0778756307,S001_P3,human,csgo_S001_P3
0.0,0.0,39843.702857149765,S001_P3,human,csgo_S001_P3
0.0,0.0,39859.32783865428,S001_P3,human,csgo_S001_P3
0.0,0.0,39874.95282017335,S001_P3,human,csgo_S001_P3
0.0,0.0,39890.577801677864,S001_P3,human,csgo_S001_P3
0.0,0.0,39906.20278319693,S001_P3,human,csgo_S001_P3
0.0,0.0,39921.82776470145,S001_P3,human,csgo_S001_P3
0.0,0.0,39937.452746220515,S001_P3,human,csgo_S001_P3
0.0,0.0,39953.07772772503,S001_P3,human,csgo_S001_P3
0.0,0.0,39968.7027092441,S001_P3,human,csgo_S001_P3
0.0,0.0,39984.327690763166,S001_P3,human,csgo_S001_P3
0.0,0.0,39999.95267226768,S001_P3,human,csgo_S001_P3
0.0,0.0,40015.57765378675,S001_P3,human,csgo_S001_P3
0.0,0.0,40031.202635291265,S001_P3,human,csgo_S001_P3
0.0,0.0,40046.82761681033,S001_P3,human,csgo_S001_P3
0.0,0.0,40062.45259831485,S001_P3,human,csgo_S001_P3
0.0,0.0,40078.07757983392,S001_P3,human,csgo_S001_P3
0.0,0.0,40093.70256133843,S001_P3,human,csgo_S001_P3
0.0,0.0,40109.3275428575,S001_P3,human,csgo_S001_P3
0.0,0.0,40124.95252437657,S001_P3,human,csgo_S001_P3
0.0,0.0,40140.57750588108,S001_P3,human,csgo_S001_P3
0.0,0.0,40156.20248740015,S001_P3,human,csgo_S001_P3
0.0,0.0,40171.82746890467,S001_P3,human,csgo_S001_P3
0.0,0.0,40187.452450423734,S001_P3,human,csgo_S001_P3
0.0,0.0,40203.07743192825,S001_P3,human,csgo_S001_P3
0.0,0.0,40218.70241344732,S001_P3,human,csgo_S001_P3
0.0,0.0,40234.32739495183,S001_P3,human,csgo_S001_P3
0.0,0.0,40249.9523764709,S001_P3,human,csgo_S001_P3
0.0,0.0,40265.57735798997,S001_P3,human,csgo_S001_P3
0.0,0.0,40281.20233949448,S001_P3,human,csgo_S001_P3
0.0,0.0,40296.82732101355,S001_P3,human,csgo_S001_P3
0.0,0.0,40312.45230251807,S001_P3,human,csgo_S001_P3
0.0,0.0,40328.077284037136,S001_P3,human,csgo_S001_P3
0.0,0.0,40343.70226554165,S001_P3,human,csgo_S001_P3
0.0,0.0,40359.32724706072,S001_P3,human,csgo_S001_P3
0.0,0.0,40374.952228565235,S001_P3,human,csgo_S001_P3
0.0,0.0,40390.5772100843,S001_P3,human,csgo_S001_P3
0.0,0.0,40406.20219160337,S001_P3,human,csgo_S001_P3
0.0,0.0,40421.827173107886,S001_P3,human,csgo_S001_P3
0.0,0.0,40437.45215462695,S001_P3,human,csgo_S001_P3
0.0,0.0,40453.07713613147,S001_P3,human,csgo_S001_P3
0.0,0.0,40468.70211765054,S001_P3,human,csgo_S001_P3
0.0,0.0,40484.32709915505,S001_P3,human,csgo_S001_P3
0.0,0.0,40499.95208067412,S001_P3,human,csgo_S001_P3
0.0,0.0,40515.57706217864,S001_P3,human,csgo_S001_P3
0.0,0.0,40531.2020436977,S001_P3,human,csgo_S001_P3
0.0,0.0,40546.82702521677,S001_P3,human,csgo_S001_P3
0.0,0.0,40562.45200672129,S001_P3,human,csgo_S001_P3
0.0,0.0,40578.076988240355,S001_P3,human,csgo_S001_P3
0.0,0.0,40593.70196974487,S001_P3,human,csgo_S001_P3
0.0,0.0,40609.32695126394,S001_P3,human,csgo_S001_P3
0.0,0.0,40624.951932768454,S001_P3,human,csgo_S001_P3
0.0,0.0,40640.57691428752,S001_P3,human,csgo_S001_P3
0.0,0.0,40656.20189579204,S001_P3,human,csgo_S001_P3
0.0,0.0,40671.826877311105,S001_P3,human,csgo_S001_P3
0.0,0.0,40687.45185883017,S001_P3,human,csgo_S001_P3
0.0,0.0,40703.07684033469,S001_P3,human,csgo_S001_P3
0.0,0.0,40718.70182185376,S001_P3,human,csgo_S001_P3
0.0,0.0,40734.32680335827,S001_P3,human,csgo_S001_P3
0.0,0.0,40749.95178487734,S001_P3,human,csgo_S001_P3
0.0,0.0,40765.576766381855,S001_P3,human,csgo_S001_P3
0.0,0.0,40781.20174790092,S001_P3,human,csgo_S001_P3
0.0,0.0,40796.82672940544,S001_P3,human,csgo_S001_P3
0.0,0.0,40812.451710924506,S001_P3,human,csgo_S001_P3
0.0,0.0,40828.076692443574,S001_P3,human,csgo_S001_P3
0.0,0.0,40843.70167394809,S001_P3,human,csgo_S001_P3
0.0,0.0,40859.32665546716,S001_P3,human,csgo_S001_P3
0.0,0.0,40874.95163697167,S001_P3,human,csgo_S001_P3
0.0,0.0,40890.57661849074,S001_P3,human,csgo_S001_P3
0.0,0.0,40906.20159999526,S001_P3,human,csgo_S001_P3
0.0,0.0,40921.82658151432,S001_P3,human,csgo_S001_P3
0.0,0.0,40937.45156301884,S001_P3,human,csgo_S001_P3
0.0,0.0,40953.07654453791,S001_P3,human,csgo_S001_P3
0.0,0.0,40968.701526056975,S001_P3,human,csgo_S001_P3
0.0,0.0,40984.32650756149,S001_P3,human,csgo_S001_P3
0.0,0.0,40999.95148908056,S001_P3,human,csgo_S001_P3
0.0,0.0,41015.576470585074,S001_P3,human,csgo_S001_P3
0.0,0.0,41031.20145210414,S001_P3,human,csgo_S001_P3
0.0,0.0,41046.82643360866,S001_P3,human,csgo_S001_P3
0.0,0.0,41062.451415127725,S001_P3,human,csgo_S001_P3
0.0,0.0,41078.07639663224,S001_P3,human,csgo_S001_P3
0.0,0.0,41093.70137815131,S001_P3,human,csgo_S001_P3
0.0,0.0,41109.32635967038,S001_P3,human,csgo_S001_P3
0.0,0.0,41124.95134117489,S001_P3,human,csgo_S001_P3
0.0,0.0,41140.57632269396,S001_P3,human,csgo_S001_P3
0.0,0.0,41156.20130419848,S001_P3,human,csgo_S001_P3
0.0,0.0,41171.82628571754,S001_P3,human,csgo_S001_P3
0.0,0.0,41187.45126722206,S001_P3,human,csgo_S001_P3
0.0,0.0,41203.07624874113,S001_P3,human,csgo_S001_P3
0.0,0.0,41218.70123024564,S001_P3,human,csgo_S001_P3
0.0,0.0,41234.32621176471,S001_P3,human,csgo_S001_P3
0.0,0.0,41249.95119328378,S001_P3,human,csgo_S001_P3
0.0,0.0,41265.57617478829,S001_P3,human,csgo_S001_P3
0.0,0.0,41281.20115630736,S001_P3,human,csgo_S001_P3
0.0,0.0,41296.82613781188,S001_P3,human,csgo_S001_P3
0.0,0.0,41312.451119330944,S001_P3,human,csgo_S001_P3
0.0,0.0,41328.07610083546,S001_P3,human,csgo_S001_P3
0.0,0.0,41343.70108235453,S001_P3,human,csgo_S001_P3
0.0,0.0,41359.32606385904,S001_P3,human,csgo_S001_P3
0.0,0.0,41374.95104537811,S001_P3,human,csgo_S001_P3
0.0,0.0,41390.57602689718,S001_P3,human,csgo_S001_P3
0.0,0.0,41406.201008401695,S001_P3,human,csgo_S001_P3
0.0,0.0,41421.82598992076,S001_P3,human,csgo_S001_P3
0.0,0.0,41437.45097142528,S001_P3,human,csgo_S001_P3
0.0,0.0,41453.075952944346,S001_P3,human,csgo_S001_P3
0.0,0.0,41468.70093444886,S001_P3,human,csgo_S001_P3
0.0,0.0,41484.32591596793,S001_P3,human,csgo_S001_P3
0.0,0.0,41499.950897472445,S001_P3,human,csgo_S001_P3
0.0,0.0,41515.57587899151,S001_P3,human,csgo_S001_P3
0.0,0.0,41531.20086051058,S001_P3,human,csgo_S001_P3
0.0,0.0,41546.825842015096,S001_P3,human,csgo_S001_P3
0.0,0.0,41562.45082353416,S001_P3,human,csgo_S001_P3
0.0,0.0,41578.07580503868,S001_P3,human,csgo_S001_P3
0.0,0.0,41593.70078655775,S001_P3,human,csgo_S001_P3
0.0,0.0,41609.32576806226,S001_P3,human,csgo_S001_P3
0.0,0.0,41624.95074958133,S001_P3,human,csgo_S001_P3
0.0,0.0,41640.575731085846,S001_P3,human,csgo_S001_P3
0.0,0.0,41656.200712604914,S001_P3,human,csgo_S001_P3
0.0,0.0,41671.82569412398,S001_P3,human,csgo_S001_P3
0.0,0.0,41687.4506756285,S001_P3,human,csgo_S001_P3
0.0,0.0,41703.075657147565,S001_P3,human,csgo_S001_P3
0.0,0.0,41718.70063865208,S001_P3,human,csgo_S001_P3
0.0,0.0,41734.32562017115,S001_P3,human,csgo_S001_P3
0.0,0.0,41749.950601675664,S001_P3,human,csgo_S001_P3
0.0,0.0,41765.57558319473,S001_P3,human,csgo_S001_P3
0.0,0.0,41781.20056469925,S001_P3,human,csgo_S001_P3
0.0,0.0,41796.825546218315,S001_P3,human,csgo_S001_P3
0.0,0.0,41812.45052773738,S001_P3,human,csgo_S001_P3
0.0,0.0,41828.0755092419,S001_P3,human,csgo_S001_P3
0.0,0.0,41843.700490760966,S001_P3,human,csgo_S001_P3
0.0,0.0,41859.32547226548,S001_P3,human,csgo_S001_P3
0.0,0.0,41874.95045378455,S001_P3,human,csgo_S001_P3
0.0,0.0,41890.575435289065,S001_P3,human,csgo_S001_P3
0.0,0.0,41906.20041680813,S001_P3,human,csgo_S001_P3
0.0,0.0,41921.82539831265,S001_P3,human,csgo_S001_P3
0.0,0.0,41937.45037983172,S001_P3,human,csgo_S001_P3
0.0,0.0,41953.075361350784,S001_P3,human,csgo_S001_P3
0.0,0.0,41968.7003428553,S001_P3,human,csgo_S001_P3
0.0,0.0,41984.32532437437,S001_P3,human,csgo_S001_P3
0.0,0.0,41999.95030587888,S001_P3,human,csgo_S001_P3
0.0,0.0,42015.57528739795,S001_P3,human,csgo_S001_P3
0.0,0.0,42031.20026890247,S001_P3,human,csgo_S001_P3
0.0,0.0,42046.825250421534,S001_P3,human,csgo_S001_P3
0.0,0.0,42062.45023192605,S001_P3,human,csgo_S001_P3
0.0,0.0,42078.07521344512,S001_P3,human,csgo_S001_P3
0.0,0.0,42093.700194964185,S001_P3,human,csgo_S001_P3
0.0,0.0,42109.3251764687,S001_P3,human,csgo_S001_P3
0.0,0.0,42124.95015798777,S001_P3,human,csgo_S001_P3
0.0,0.0,42140.575139492285,S001_P3,human,csgo_S001_P3
0.0,0.0,42156.20012101135,S001_P3,human,csgo_S001_P3
0.0,0.0,42171.82510251587,S001_P3,human,csgo_S001_P3
0.0,0.0,42187.450084034936,S001_P3,human,csgo_S001_P3
0.0,0.0,42203.07506553945,S001_P3,human,csgo_S001_P3
0.0,0.0,42218.70004705852,S001_P3,human,csgo_S001_P3
0.0,0.0,42234.32502857759,S001_P3,human,csgo_S001_P3
0.0,0.0,42249.9500100821,S001_P3,human,csgo_S001_P3
0.0,0.0,42265.57499160117,S001_P3,human,csgo_S001_P3
0.0,0.0,42281.199973105686,S001_P3,human,csgo_S001_P3
0.0,0.0,42296.82495462475,S001_P3,human,csgo_S001_P3
0.0,0.0,42312.44993612927,S001_P3,human,csgo_S001_P3
0.0,0.0,42328.07491764834,S001_P3,human,csgo_S001_P3
0.0,0.0,42343.69989915285,S001_P3,human,csgo_S001_P3
0.0,0.0,42359.32488067192,S001_P3,human,csgo_S001_P3
0.0,0.0,42374.94986219099,S001_P3,human,csgo_S001_P3
0.0,0.0,42390.574843695504,S001_P3,human,csgo_S001_P3
0.0,0.0,42406.19982521457,S001_P3,human,csgo_S001_P3
0.0,0.0,42421.82480671909,S001_P3,human,csgo_S001_P3
0.0,0.0,42437.449788238155,S001_P3,human,csgo_S001_P3
0.0,0.0,42453.07476974267,S001_P3,human,csgo_S001_P3
0.0,0.0,42468.69975126174,S001_P3,human,csgo_S001_P3
0.0,0.0,42484.324732766254,S001_P3,human,csgo_S001_P3
0.0,0.0,42499.94971428532,S001_P3,human,csgo_S001_P3
0.0,0.0,42515.57469580439,S001_P3,human,csgo_S001_P3
0.0,0.0,42531.199677308905,S001_P3,human,csgo_S001_P3
0.0,0.0,42546.82465882797,S001_P3,human,csgo_S001_P3
0.0,0.0,42562.44964033249,S001_P3,human,csgo_S001_P3
0.0,0.0,42578.07462185155,S001_P3,human,csgo_S001_P3
0.0,0.0,42593.69960335607,S001_P3,human,csgo_S001_P3
0.0,0.0,42609.32458487514,S001_P3,human,csgo_S001_P3
0.0,0.0,42624.949566379655,S001_P3,human,csgo_S001_P3
0.0,0.0,42640.57454789872,S001_P3,human,csgo_S001_P3
0.0,0.0,42656.19952941779,S001_P3,human,csgo_S001_P3
0.0,0.0,42671.824510922306,S001_P3,human,csgo_S001_P3
0.0,0.0,42687.449492441374,S001_P3,human,csgo_S001_P3
0.0,0.0,42703.07447394589,S001_P3,human,csgo_S001_P3
0.0,0.0,42718.69945546496,S001_P3,human,csgo_S001_P3
0.0,0.0,42734.32443696947,S001_P3,human,csgo_S001_P3
0.0,0.0,42749.94941848854,S001_P3,human,csgo_S001_P3
0.0,0.0,42765.57439999306,S001_P3,human,csgo_S001_P3
0.0,0.0,42781.19938151213,S001_P3,human,csgo_S001_P3
0.0,0.0,42796.82436303119,S001_P3,human,csgo_S001_P3
0.0,0.0,42812.44934453571,S001_P3,human,csgo_S001_P3
0.0,0.0,42828.074326054775,S001_P3,human,csgo_S001_P3
0.0,0.0,42843.69930755929,S001_P3,human,csgo_S001_P3
0.0,0.0,42859.32428907836,S001_P3,human,csgo_S001_P3
0.0,0.0,42874.949270582874,S001_P3,human,csgo_S001_P3
0.0,0.0,42890.57425210194,S001_P3,human,csgo_S001_P3
0.0,0.0,42906.19923360646,S001_P3,human,csgo_S001_P3
0.0,0.0,42921.824215125525,S001_P3,human,csgo_S001_P3
0.0,0.0,42937.44919664459,S001_P3,human,csgo_S001_P3
0.0,0.0,42953.07417814911,S001_P3,human,csgo_S001_P3
0.0,0.0,42968.69915966818,S001_P3,human,csgo_S001_P3
0.0,0.0,42984.32414117269,S001_P3,human,csgo_S001_P3
0.0,0.0,42999.94912269176,S001_P3,human,csgo_S001_P3
0.0,0.0,43015.574104196276,S001_P3,human,csgo_S001_P3
0.0,0.0,43031.19908571534,S001_P3,human,csgo_S001_P3
0.0,0.0,43046.82406721986,S001_P3,human,csgo_S001_P3
0.0760647637011402,-0.1756809004922921,43062.44904873893,S001_P3,human,csgo_S001_P3
0.2013033306249951,-0.3733717705804444,43078.074030257994,S001_P3,human,csgo_S001_P3
0.2000693002846958,-0.527673783468078,43093.69901176251,S001_P3,human,csgo_S001_P3
0.1240615202862613,-0.4179430957560406,43109.32399328158,S001_P3,human,csgo_S001_P3
0.0246609614945043,-0.2640011952771104,43124.94897478609,S001_P3,human,csgo_S001_P3
0.0246513794729708,-0.0220080694099635,43140.57395630516,S001_P3,human,csgo_S001_P3
0.0,0.0,43156.19893780968,S001_P3,human,csgo_S001_P3
0.0,0.0,43171.823919328745,S001_P3,human,csgo_S001_P3
0.0,0.0,43187.44890083326,S001_P3,human,csgo_S001_P3
0.0,0.0,43203.07388235233,S001_P3,human,csgo_S001_P3
0.0,0.0,43218.698863871396,S001_P3,human,csgo_S001_P3
0.0,0.0,43234.32384537591,S001_P3,human,csgo_S001_P3
0.0,0.0,43249.94882689498,S001_P3,human,csgo_S001_P3
0.0,0.0,43265.573808399495,S001_P3,human,csgo_S001_P3
0.0,0.0,43281.19878991856,S001_P3,human,csgo_S001_P3
0.0,0.0,43296.82377142308,S001_P3,human,csgo_S001_P3
0.0,0.0,43312.448752942146,S001_P3,human,csgo_S001_P3
0.0,0.0,43328.07373444666,S001_P3,human,csgo_S001_P3
0.0,0.0,43343.69871596573,S001_P3,human,csgo_S001_P3
0.0,0.0,43359.3236974848,S001_P3,human,csgo_S001_P3
0.0,0.0,43374.94867898931,S001_P3,human,csgo_S001_P3
0.0,0.0,43390.57366050838,S001_P3,human,csgo_S001_P3
0.0,0.0,43406.198642012896,S001_P3,human,csgo_S001_P3
0.0,0.0,43421.82362353197,S001_P3,human,csgo_S001_P3
0.0,0.0,43437.44860503648,S001_P3,human,csgo_S001_P3
0.0,0.0,43453.07358655555,S001_P3,human,csgo_S001_P3
0.0,0.0,43468.69856806006,S001_P3,human,csgo_S001_P3
0.0,0.0,43484.32354957913,S001_P3,human,csgo_S001_P3
0.0,0.0,43499.9485310982,S001_P3,human,csgo_S001_P3
0.0,0.0,43515.573512602714,S001_P3,human,csgo_S001_P3
0.0,0.0,43531.19849412178,S001_P3,human,csgo_S001_P3
0.0,0.0,43546.8234756263,S001_P3,human,csgo_S001_P3
0.0,0.0,43562.448457145365,S001_P3,human,csgo_S001_P3
0.0,0.0,43578.07343864988,S001_P3,human,csgo_S001_P3
0.0,0.0,43593.69842016895,S001_P3,human,csgo_S001_P3
0.0,0.0,43609.323401673464,S001_P3,human,csgo_S001_P3
0.0,0.0,43624.94838319253,S001_P3,human,csgo_S001_P3
0.0,0.0,43640.5733647116,S001_P3,human,csgo_S001_P3
0.0,0.0,43656.198346216115,S001_P3,human,csgo_S001_P3
0.0,0.0,43671.82332773518,S001_P3,human,csgo_S001_P3
0.0,0.0,43687.4483092397,S001_P3,human,csgo_S001_P3
0.0,0.0,43703.073290758766,S001_P3,human,csgo_S001_P3
0.0,0.0,43718.69827226328,S001_P3,human,csgo_S001_P3
0.0,0.0,43734.32325378235,S001_P3,human,csgo_S001_P3
0.0,0.0,43749.948235286865,S001_P3,human,csgo_S001_P3
0.0,0.0,43765.57321680593,S001_P3,human,csgo_S001_P3
0.0,0.0,43781.198198325,S001_P3,human,csgo_S001_P3
0.0,0.0,43796.82317982952,S001_P3,human,csgo_S001_P3
0.0,0.0,43812.448161348584,S001_P3,human,csgo_S001_P3
0.0,0.0,43828.0731428531,S001_P3,human,csgo_S001_P3
0.0,0.0,43843.69812437217,S001_P3,human,csgo_S001_P3
0.0,0.0,43859.32310587668,S001_P3,human,csgo_S001_P3
0.0,0.0,43874.94808739575,S001_P3,human,csgo_S001_P3
0.0,0.0,43890.57306890027,S001_P3,human,csgo_S001_P3
0.0,0.0,43906.198050419334,S001_P3,human,csgo_S001_P3
0.0,0.0,43921.8230319384,S001_P3,human,csgo_S001_P3
0.0,0.0,43937.44801344292,S001_P3,human,csgo_S001_P3
0.0,0.0,43953.072994961985,S001_P3,human,csgo_S001_P3
0.0,0.0,43968.6979764665,S001_P3,human,csgo_S001_P3
0.0,0.0,43984.32295798557,S001_P3,human,csgo_S001_P3
0.0,0.0,43999.947939490085,S001_P3,human,csgo_S001_P3
0.0,0.0,44015.57292100915,S001_P3,human,csgo_S001_P3
0.0,0.0,44031.19790252822,S001_P3,human,csgo_S001_P3
0.0,0.0,44046.822884032736,S001_P3,human,csgo_S001_P3
0.0,0.0,44062.4478655518,S001_P3,human,csgo_S001_P3
0.0,0.0,44078.07284705632,S001_P3,human,csgo_S001_P3
0.0,0.0,44093.69782857539,S001_P3,human,csgo_S001_P3
0.0,0.0,44109.3228100799,S001_P3,human,csgo_S001_P3
0.0,0.0,44124.94779159897,S001_P3,human,csgo_S001_P3
0.0,0.0,44140.572773103486,S001_P3,human,csgo_S001_P3
0.0,0.0,44156.19775462255,S001_P3,human,csgo_S001_P3
0.0,0.0,44171.82273614162,S001_P3,human,csgo_S001_P3
0.0,0.0,44187.44771764614,S001_P3,human,csgo_S001_P3
0.0,0.0,44203.072699165205,S001_P3,human,csgo_S001_P3
0.0,0.0,44218.69768066972,S001_P3,human,csgo_S001_P3
0.0,0.0,44234.32266218879,S001_P3,human,csgo_S001_P3
0.0,0.0,44249.947643693304,S001_P3,human,csgo_S001_P3
0.0,0.0,44265.57262521237,S001_P3,human,csgo_S001_P3
0.0,0.0,44281.19760671689,S001_P3,human,csgo_S001_P3
0.0,0.0,44296.822588235955,S001_P3,human,csgo_S001_P3
0.0,0.0,44312.44756975502,S001_P3,human,csgo_S001_P3
0.0,0.0,44328.07255125954,S001_P3,human,csgo_S001_P3
0.0,0.0,44343.697532778606,S001_P3,human,csgo_S001_P3
0.0,0.0,44359.32251428312,S001_P3,human,csgo_S001_P3
0.0,0.0,44374.94749580219,S001_P3,human,csgo_S001_P3
0.0,0.0,44390.572477306705,S001_P3,human,csgo_S001_P3
0.0,0.0,44406.19745882577,S001_P3,human,csgo_S001_P3
0.0,0.0,44421.82244033029,S001_P3,human,csgo_S001_P3
0.0,0.0,44437.44742184936,S001_P3,human,csgo_S001_P3
0.0,0.0,44453.072403368424,S001_P3,human,csgo_S001_P3
0.0,0.0,44468.69738487294,S001_P3,human,csgo_S001_P3
0.0,0.0,44484.32236639201,S001_P3,human,csgo_S001_P3
0.0,0.0,44499.94734789652,S001_P3,human,csgo_S001_P3
0.0,0.0,44515.57232941559,S001_P3,human,csgo_S001_P3
0.0,0.0,44531.197310920106,S001_P3,human,csgo_S001_P3
0.0,0.0,44546.822292439174,S001_P3,human,csgo_S001_P3
0.0,0.0,44562.44727394369,S001_P3,human,csgo_S001_P3
0.0,0.0,44578.07225546276,S001_P3,human,csgo_S001_P3
0.0,0.0,44593.697236981825,S001_P3,human,csgo_S001_P3
0.0,0.0,44609.32221848634,S001_P3,human,csgo_S001_P3
0.0,0.0,44624.94720000541,S001_P3,human,csgo_S001_P3
0.0,0.0,44640.57218150992,S001_P3,human,csgo_S001_P3
0.0,0.0,44656.19716302899,S001_P3,human,csgo_S001_P3
0.0,0.0,44671.82214453351,S001_P3,human,csgo_S001_P3
0.0,0.0,44687.447126052575,S001_P3,human,csgo_S001_P3
0.0,0.0,44703.07210755709,S001_P3,human,csgo_S001_P3
0.0,0.0,44718.69708907616,S001_P3,human,csgo_S001_P3
0.0,0.0,44734.322070595226,S001_P3,human,csgo_S001_P3
0.0,0.0,44749.94705209974,S001_P3,human,csgo_S001_P3
0.0,0.0,44765.57203361881,S001_P3,human,csgo_S001_P3
0.0,0.0,44781.197015123325,S001_P3,human,csgo_S001_P3
0.0,0.0,44796.82199664239,S001_P3,human,csgo_S001_P3
0.0,0.0,44812.44697814691,S001_P3,human,csgo_S001_P3
0.0,0.0,44828.07195966598,S001_P3,human,csgo_S001_P3
0.0,0.0,44843.69694117049,S001_P3,human,csgo_S001_P3
0.0,0.0,44859.32192268956,S001_P3,human,csgo_S001_P3
0.0,0.0,44874.94690420863,S001_P3,human,csgo_S001_P3
0.0,0.0,44890.57188571314,S001_P3,human,csgo_S001_P3
0.0,0.0,44906.19686723221,S001_P3,human,csgo_S001_P3
0.0,0.0,44921.82184873673,S001_P3,human,csgo_S001_P3
0.0,0.0,44937.446830255794,S001_P3,human,csgo_S001_P3
0.0,0.0,44953.07181176031,S001_P3,human,csgo_S001_P3
0.0,0.0,44968.69679327938,S001_P3,human,csgo_S001_P3
0.0,0.0,44984.32177478389,S001_P3,human,csgo_S001_P3
0.0,0.0,44999.94675630296,S001_P3,human,csgo_S001_P3
0.0,0.0,45015.57173782203,S001_P3,human,csgo_S001_P3
0.0,0.0,45031.196719326545,S001_P3,human,csgo_S001_P3
0.0,0.0,45046.82170084561,S001_P3,human,csgo_S001_P3
0.0,0.0,45062.44668235013,S001_P3,human,csgo_S001_P3
0.0,0.0,45078.0716638692,S001_P3,human,csgo_S001_P3
0.0,0.0,45093.69664537371,S001_P3,human,csgo_S001_P3
0.0,0.0,45109.32162689278,S001_P3,human,csgo_S001_P3
0.0,0.0,45124.946608397295,S001_P3,human,csgo_S001_P3
0.0,0.0,45140.57158991636,S001_P3,human,csgo_S001_P3
0.0,0.0,45156.19657143543,S001_P3,human,csgo_S001_P3
0.0,0.0,45171.821552939946,S001_P3,human,csgo_S001_P3
0.0,0.0,45187.44653445901,S001_P3,human,csgo_S001_P3
0.0,0.0,45203.07151596353,S001_P3,human,csgo_S001_P3
0.0,0.0,45218.6964974826,S001_P3,human,csgo_S001_P3
0.0,0.0,45234.32147898711,S001_P3,human,csgo_S001_P3
0.0,0.0,45249.94646050618,S001_P3,human,csgo_S001_P3
0.0,0.0,45265.571442010696,S001_P3,human,csgo_S001_P3
0.0,0.0,45281.19642352976,S001_P3,human,csgo_S001_P3
0.0,0.0,45296.82140504883,S001_P3,human,csgo_S001_P3
0.0,0.0,45312.44638655335,S001_P3,human,csgo_S001_P3
0.0,0.0,45328.071368072415,S001_P3,human,csgo_S001_P3
0.0,0.0,45343.69634957693,S001_P3,human,csgo_S001_P3
0.0,0.0,45359.321331096,S001_P3,human,csgo_S001_P3
0.0,0.0,45374.946312600514,S001_P3,human,csgo_S001_P3
0.0,0.0,45390.57129411958,S001_P3,human,csgo_S001_P3
0.0,0.0,45406.1962756241,S001_P3,human,csgo_S001_P3
0.0,0.0,45421.821257143165,S001_P3,human,csgo_S001_P3
0.0,0.0,45437.44623866223,S001_P3,human,csgo_S001_P3
0.0,0.0,45453.07122016675,S001_P3,human,csgo_S001_P3
0.0,0.0,45468.696201685816,S001_P3,human,csgo_S001_P3
0.0,0.0,45484.32118319033,S001_P3,human,csgo_S001_P3
0.0,0.0,45499.9461647094,S001_P3,human,csgo_S001_P3
0.0,0.0,45515.571146213915,S001_P3,human,csgo_S001_P3
0.0,0.0,45531.19612773298,S001_P3,human,csgo_S001_P3
0.0,0.0,45546.8211092375,S001_P3,human,csgo_S001_P3
0.0,0.0,45562.446090756566,S001_P3,human,csgo_S001_P3
0.0,0.0,45578.071072275634,S001_P3,human,csgo_S001_P3
0.0,0.0,45593.69605378015,S001_P3,human,csgo_S001_P3
0.0,0.0,45609.32103529922,S001_P3,human,csgo_S001_P3
0.0,0.0,45624.94601680373,S001_P3,human,csgo_S001_P3
0.0,0.0,45640.5709983228,S001_P3,human,csgo_S001_P3
0.0,0.0,45656.19597982732,S001_P3,human,csgo_S001_P3
0.0,0.0,45671.820961346384,S001_P3,human,csgo_S001_P3
0.0,0.0,45687.4459428509,S001_P3,human,csgo_S001_P3
0.0,0.0,45703.07092436997,S001_P3,human,csgo_S001_P3
0.0,0.0,45718.695905889035,S001_P3,human,csgo_S001_P3
0.0,0.0,45734.32088739355,S001_P3,human,csgo_S001_P3
0.0,0.0,45749.94586891262,S001_P3,human,csgo_S001_P3
0.0,0.0,45765.570850417134,S001_P3,human,csgo_S001_P3
0.0,0.0,45781.1958319362,S001_P3,human,csgo_S001_P3
0.0,0.0,45796.82081344072,S001_P3,human,csgo_S001_P3
0.0,0.0,45812.445794959785,S001_P3,human,csgo_S001_P3
0.0,0.0,45828.0707764643,S001_P3,human,csgo_S001_P3
0.0,0.0,45843.69575798337,S001_P3,human,csgo_S001_P3
0.0,0.0,45859.32073950244,S001_P3,human,csgo_S001_P3
0.0,0.0,45874.94572100695,S001_P3,human,csgo_S001_P3
0.0,0.0,45890.57070252602,S001_P3,human,csgo_S001_P3
0.0,0.0,45906.195684030536,S001_P3,human,csgo_S001_P3
0.0,0.0,45921.8206655496,S001_P3,human,csgo_S001_P3
0.0,0.0,45937.44564705412,S001_P3,human,csgo_S001_P3
0.0,0.0,45953.07062857319,S001_P3,human,csgo_S001_P3
0.0,0.0,45968.6956100777,S001_P3,human,csgo_S001_P3
0.0,0.0,45984.32059159677,S001_P3,human,csgo_S001_P3
0.0,0.0,45999.94557311584,S001_P3,human,csgo_S001_P3
0.0,0.0,46015.57055462035,S001_P3,human,csgo_S001_P3
0.0,0.0,46031.19553613942,S001_P3,human,csgo_S001_P3
0.0,0.0,46046.82051764394,S001_P3,human,csgo_S001_P3
0.0,0.0,46062.445499163005,S001_P3,human,csgo_S001_P3
0.0,0.0,46078.07048066752,S001_P3,human,csgo_S001_P3
0.0,0.0,46093.69546218659,S001_P3,human,csgo_S001_P3
0.0,0.0,46109.320443691104,S001_P3,human,csgo_S001_P3
0.0,0.0,46124.94542521017,S001_P3,human,csgo_S001_P3
0.0,0.0,46140.57040672924,S001_P3,human,csgo_S001_P3
0.0,0.0,46156.195388233755,S001_P3,human,csgo_S001_P3
0.0,0.0,46171.82036975282,S001_P3,human,csgo_S001_P3
0.0,0.0,46187.44535125734,S001_P3,human,csgo_S001_P3
0.0,0.0,46203.070332776406,S001_P3,human,csgo_S001_P3
0.0,0.0,46218.69531428092,S001_P3,human,csgo_S001_P3
0.0,0.0,46234.32029579999,S001_P3,human,csgo_S001_P3
0.0,0.0,46249.945277304505,S001_P3,human,csgo_S001_P3
0.0,0.0,46265.57025882357,S001_P3,human,csgo_S001_P3
0.0,0.0,46281.19524034264,S001_P3,human,csgo_S001_P3
0.0,0.0,46296.82022184715,S001_P3,human,csgo_S001_P3
0.0,0.0,46312.445203366224,S001_P3,human,csgo_S001_P3
0.0,0.0,46328.07018487074,S001_P3,human,csgo_S001_P3
0.0,0.0,46343.69516638981,S001_P3,human,csgo_S001_P3
0.0,0.0,46359.32014789432,S001_P3,human,csgo_S001_P3
0.0,0.0,46374.94512941339,S001_P3,human,csgo_S001_P3
0.0,0.0,46390.570110917906,S001_P3,human,csgo_S001_P3
0.0,0.0,46406.195092436974,S001_P3,human,csgo_S001_P3
0.0,0.0,46421.82007395604,S001_P3,human,csgo_S001_P3
0.0,0.0,46437.44505546056,S001_P3,human,csgo_S001_P3
0.0,0.0,46453.070036979625,S001_P3,human,csgo_S001_P3
0.0,0.0,46468.69501848414,S001_P3,human,csgo_S001_P3
0.0,0.0,46484.32000000321,S001_P3,human,csgo_S001_P3
0.0,0.0,46499.94498150773,S001_P3,human,csgo_S001_P3
0.0,0.0,46515.56996302679,S001_P3,human,csgo_S001_P3
0.0,0.0,46531.19494453131,S001_P3,human,csgo_S001_P3
0.0,0.0,46546.819926050375,S001_P3,human,csgo_S001_P3
0.0,0.0,46562.44490756944,S001_P3,human,csgo_S001_P3
0.0,0.0,46578.06988907396,S001_P3,human,csgo_S001_P3
0.0,0.0,46593.694870593026,S001_P3,human,csgo_S001_P3
0.0,0.0,46609.31985209754,S001_P3,human,csgo_S001_P3
0.0,0.0,46624.94483361661,S001_P3,human,csgo_S001_P3
0.0,0.0,46640.569815121125,S001_P3,human,csgo_S001_P3
0.0,0.0,46656.19479664019,S001_P3,human,csgo_S001_P3
0.0,0.0,46671.81977814471,S001_P3,human,csgo_S001_P3
0.0,0.0,46687.44475966378,S001_P3,human,csgo_S001_P3
0.0,0.0,46703.06974118285,S001_P3,human,csgo_S001_P3
0.0,0.0,46718.69472268736,S001_P3,human,csgo_S001_P3
0.0,0.0,46734.31970420643,S001_P3,human,csgo_S001_P3
0.0,0.0,46749.94468571094,S001_P3,human,csgo_S001_P3
0.0,0.0,46765.56966723001,S001_P3,human,csgo_S001_P3
0.0,0.0,46781.19464873453,S001_P3,human,csgo_S001_P3
0.0,0.0,46796.819630253594,S001_P3,human,csgo_S001_P3
0.0,0.0,46812.44461175811,S001_P3,human,csgo_S001_P3
0.0,0.0,46828.06959327718,S001_P3,human,csgo_S001_P3
0.0,0.0,46843.694574796245,S001_P3,human,csgo_S001_P3
0.0,0.0,46859.31955630076,S001_P3,human,csgo_S001_P3
0.0,0.0,46874.94453781983,S001_P3,human,csgo_S001_P3
0.0,0.0,46890.569519324345,S001_P3,human,csgo_S001_P3
0.0,0.0,46906.19450084341,S001_P3,human,csgo_S001_P3
0.0,0.0,46921.81948234793,S001_P3,human,csgo_S001_P3
0.0,0.0,46937.44446386699,S001_P3,human,csgo_S001_P3
0.0,0.0,46953.06944537151,S001_P3,human,csgo_S001_P3
0.0,0.0,46968.69442689058,S001_P3,human,csgo_S001_P3
0.0,0.0,46984.31940840965,S001_P3,human,csgo_S001_P3
0.0,0.0,46999.94438991416,S001_P3,human,csgo_S001_P3
0.0,0.0,47015.56937143323,S001_P3,human,csgo_S001_P3
0.0,0.0,47031.194352937746,S001_P3,human,csgo_S001_P3
0.0,0.0,47046.81933445681,S001_P3,human,csgo_S001_P3
0.0,0.0,47062.44431596133,S001_P3,human,csgo_S001_P3
0.0,0.0,47078.0692974804,S001_P3,human,csgo_S001_P3
0.0,0.0,47093.69427898491,S001_P3,human,csgo_S001_P3
0.0,0.0,47109.31926050398,S001_P3,human,csgo_S001_P3
0.0,0.0,47124.94424202305,S001_P3,human,csgo_S001_P3
0.0,0.0,47140.56922352757,S001_P3,human,csgo_S001_P3
0.0,0.0,47156.19420504663,S001_P3,human,csgo_S001_P3
0.0,0.0,47171.81918655115,S001_P3,human,csgo_S001_P3
0.0,0.0,47187.444168070215,S001_P3,human,csgo_S001_P3
0.0,0.0,47203.06914957473,S001_P3,human,csgo_S001_P3
0.0,0.0,47218.6941310938,S001_P3,human,csgo_S001_P3
0.0,0.0,47234.319112598314,S001_P3,human,csgo_S001_P3
0.0,0.0,47249.94409411738,S001_P3,human,csgo_S001_P3
0.0,0.0,47265.56907563645,S001_P3,human,csgo_S001_P3
0.0,0.0,47281.194057140965,S001_P3,human,csgo_S001_P3
0.0,0.0,47296.81903866003,S001_P3,human,csgo_S001_P3
0.0,0.0,47312.44402016455,S001_P3,human,csgo_S001_P3
0.0,0.0,47328.069001683616,S001_P3,human,csgo_S001_P3
0.0,0.0,47343.69398318813,S001_P3,human,csgo_S001_P3
0.0,0.0,47359.3189647072,S001_P3,human,csgo_S001_P3
0.0,0.0,47374.943946211715,S001_P3,human,csgo_S001_P3
0.0,0.0,47390.56892773078,S001_P3,human,csgo_S001_P3
0.0,0.0,47406.19390924985,S001_P3,human,csgo_S001_P3
0.0,0.0,47421.818890754366,S001_P3,human,csgo_S001_P3
0.0,0.0,47437.443872273434,S001_P3,human,csgo_S001_P3
0.0,0.0,47453.06885377795,S001_P3,human,csgo_S001_P3
0.0,0.0,47468.69383529702,S001_P3,human,csgo_S001_P3
0.0,0.0,47484.31881680153,S001_P3,human,csgo_S001_P3
0.0,0.0,47499.9437983206,S001_P3,human,csgo_S001_P3
0.0,0.0,47515.56877982512,S001_P3,human,csgo_S001_P3
0.0,0.0,47531.193761344184,S001_P3,human,csgo_S001_P3
0.0,0.0,47546.81874286325,S001_P3,human,csgo_S001_P3
0.0,0.0,47562.44372436777,S001_P3,human,csgo_S001_P3
0.0,0.0,47578.068705886835,S001_P3,human,csgo_S001_P3
0.0,0.0,47593.69368739135,S001_P3,human,csgo_S001_P3
0.0,0.0,47609.31866891042,S001_P3,human,csgo_S001_P3
0.0,0.0,47624.943650414934,S001_P3,human,csgo_S001_P3
0.0,0.0,47640.568631934,S001_P3,human,csgo_S001_P3
0.0,0.0,47656.19361343852,S001_P3,human,csgo_S001_P3
0.0,0.0,47671.818594957585,S001_P3,human,csgo_S001_P3
0.0,0.0,47687.44357647665,S001_P3,human,csgo_S001_P3
0.0,0.0,47703.06855798117,S001_P3,human,csgo_S001_P3
0.0,0.0,47718.69353950024,S001_P3,human,csgo_S001_P3
0.0,0.0,47734.31852100475,S001_P3,human,csgo_S001_P3
0.0,0.0,47749.94350252382,S001_P3,human,csgo_S001_P3
0.0,0.0,47765.568484028336,S001_P3,human,csgo_S001_P3
0.0,0.0,47781.1934655474,S001_P3,human,csgo_S001_P3
0.0,0.0,47796.81844705192,S001_P3,human,csgo_S001_P3
0.0,0.0,47812.44342857099,S001_P3,human,csgo_S001_P3
0.0,0.0,47828.068410090054,S001_P3,human,csgo_S001_P3
0.0,0.0,47843.69339159457,S001_P3,human,csgo_S001_P3
0.0,0.0,47859.31837311364,S001_P3,human,csgo_S001_P3
0.0,0.0,47874.94335461815,S001_P3,human,csgo_S001_P3
0.0,0.0,47890.56833613722,S001_P3,human,csgo_S001_P3
0.0,0.0,47906.19331764174,S001_P3,human,csgo_S001_P3
0.0,0.0,47921.818299160805,S001_P3,human,csgo_S001_P3
0.0,0.0,47937.44328066532,S001_P3,human,csgo_S001_P3
0.0,0.0,47953.06826218439,S001_P3,human,csgo_S001_P3
0.0,0.0,47968.693243703456,S001_P3,human,csgo_S001_P3
0.0,0.0,47984.31822520797,S001_P3,human,csgo_S001_P3
0.0,0.0,47999.94320672704,S001_P3,human,csgo_S001_P3
0.0,0.0,48015.568188231555,S001_P3,human,csgo_S001_P3
0.0,0.0,48031.19316975062,S001_P3,human,csgo_S001_P3
0.0,0.0,48046.81815125514,S001_P3,human,csgo_S001_P3
0.0,0.0,48062.443132774206,S001_P3,human,csgo_S001_P3
0.0,0.0,48078.06811429327,S001_P3,human,csgo_S001_P3
0.0,0.0,48093.69309579779,S001_P3,human,csgo_S001_P3
0.0,0.0,48109.31807731686,S001_P3,human,csgo_S001_P3
0.0,0.0,48124.94305882137,S001_P3,human,csgo_S001_P3
0.0,0.0,48140.56804034044,S001_P3,human,csgo_S001_P3
0.0,0.0,48156.19302184496,S001_P3,human,csgo_S001_P3
0.0,0.0,48171.818003364024,S001_P3,human,csgo_S001_P3
0.0,0.0,48187.44298486854,S001_P3,human,csgo_S001_P3
0.0,0.0,48203.06796638761,S001_P3,human,csgo_S001_P3
0.0,0.0,48218.692947906675,S001_P3,human,csgo_S001_P3
0.0,0.0,48234.31792941119,S001_P3,human,csgo_S001_P3
0.0,0.0,48249.94291093026,S001_P3,human,csgo_S001_P3
0.0,0.0,48265.567892434774,S001_P3,human,csgo_S001_P3
0.0,0.0,48281.19287395384,S001_P3,human,csgo_S001_P3
0.0,0.0,48296.81785545836,S001_P3,human,csgo_S001_P3
0.0,0.0,48312.442836977425,S001_P3,human,csgo_S001_P3
0.0,0.0,48328.06781848194,S001_P3,human,csgo_S001_P3
0.0245702411673676,-0.1320081914125204,48343.69280000101,S001_P3,human,csgo_S001_P3
0.0981131294256272,-0.2640799639689497,48359.31778152008,S001_P3,human,csgo_S001_P3
0.0737123138051458,-0.0001087847829097,48374.94276302459,S001_P3,human,csgo_S001_P3
0.0742640191333805,0.1978526292815381,48390.56774454366,S001_P3,human,csgo_S001_P3
0.0752964323469882,0.4178077416474117,48406.192726048175,S001_P3,human,csgo_S001_P3
0.0273888265523964,0.703908038920833,48421.81770756724,S001_P3,human,csgo_S001_P3
0.0035850835388373,0.9019754162266764,48437.44268907176,S001_P3,human,csgo_S001_P3
0.0032868748157852,0.7919785469086982,48453.067670590826,S001_P3,human,csgo_S001_P3
0.157411392571305,0.989376312790597,48468.69265209534,S001_P3,human,csgo_S001_P3
0.2953729696581035,1.5822561961299575,48484.31763361441,S001_P3,human,csgo_S001_P3
0.4449829013541375,1.9979222155773824,48499.94261513348,S001_P3,human,csgo_S001_P3
0.5261112059465916,2.1488419393626685,48515.56759663799,S001_P3,human,csgo_S001_P3
0.3348442980005757,2.171952955864562,48531.19257815706,S001_P3,human,csgo_S001_P3
0.1787949544199705,1.1623261668828064,48546.81755966158,S001_P3,human,csgo_S001_P3
0.0579304436470238,0.8346859981559973,48562.44254118064,S001_P3,human,csgo_S001_P3
0.0103528015848439,0.2857432115306579,48578.06752268516,S001_P3,human,csgo_S001_P3
0.0008024447176353,0.0219804518609265,48593.69250420423,S001_P3,human,csgo_S001_P3
-0.0915933211570632,-0.1300905937132697,48609.31748570874,S001_P3,human,csgo_S001_P3
-0.2129874234457247,-0.3258427099094518,48624.94246722781,S001_P3,human,csgo_S001_P3
-0.2980321931831895,-0.3688917432017788,48640.56744874688,S001_P3,human,csgo_S001_P3
-0.5540154910744661,-0.5205737052567514,48656.192430251394,S001_P3,human,csgo_S001_P3
-0.6303733484207612,-0.5227984143437254,48671.81741177046,S001_P3,human,csgo_S001_P3
-0.8729290150717759,-0.6364175308360842,48687.44239327498,S001_P3,human,csgo_S001_P3
-0.8306739066553632,-0.5984825255777437,48703.067374794045,S001_P3,human,csgo_S001_P3
-0.9516308159090556,-0.7381615425698698,48718.69235629856,S001_P3,human,csgo_S001_P3
-0.7984627585489932,-0.719838597818736,48734.31733781763,S001_P3,human,csgo_S001_P3
-0.7765797254373865,-0.9000769753539402,48749.942319322145,S001_P3,human,csgo_S001_P3
-0.6761422649397559,-0.9888761594027784,48765.56730084121,S001_P3,human,csgo_S001_P3
-0.3329197408168625,-0.7370925324426523,48781.19228236028,S001_P3,human,csgo_S001_P3
-0.200980237281442,-0.6666638798282705,48796.8172638648,S001_P3,human,csgo_S001_P3
-0.0487548352423061,-0.5510502305042593,48812.44224538386,S001_P3,human,csgo_S001_P3
0.015116043589046,-0.2849756693274976,48828.06722688838,S001_P3,human,csgo_S001_P3
0.0304897035632336,-0.0867137002728526,48843.69220840745,S001_P3,human,csgo_S001_P3
0.001142503067399,-0.0219186240276911,48859.31718991196,S001_P3,human,csgo_S001_P3
0.0,0.0,48874.94217143103,S001_P3,human,csgo_S001_P3
0.0258753186096782,0.0009679794308929,48890.567152935546,S001_P3,human,csgo_S001_P3
-0.0011363056113964,0.0219188542383825,48906.19213445461,S001_P3,human,csgo_S001_P3
0.0,0.0,48921.81711597368,S001_P3,human,csgo_S001_P3
0.0,0.0,48937.4420974782,S001_P3,human,csgo_S001_P3
0.0270132298150826,-0.0209542374497964,48953.067078997265,S001_P3,human,csgo_S001_P3
0.08096031075425,-0.0629150641171598,48968.69206050178,S001_P3,human,csgo_S001_P3
0.0786713522885804,-0.0191222728549895,48984.31704202085,S001_P3,human,csgo_S001_P3
0.2005994403927786,0.1388643377045042,48999.94202352536,S001_P3,human,csgo_S001_P3
0.3470872863873353,0.3630890788097929,49015.56700504443,S001_P3,human,csgo_S001_P3
0.3938577714656617,0.5614672578198565,49031.19198654895,S001_P3,human,csgo_S001_P3
0.3680318842825727,0.6696991692130112,49046.816968068015,S001_P3,human,csgo_S001_P3
0.3406127394587201,0.844086868586551,49062.44194958708,S001_P3,human,csgo_S001_P3
0.3143039156844622,1.0187394187866516,49078.0669310916,S001_P3,human,csgo_S001_P3
0.2300516954987017,1.324395948547,49093.691912610666,S001_P3,human,csgo_S001_P3
0.1121170897535535,1.7398332853506062,49109.31689411518,S001_P3,human,csgo_S001_P3
0.0330412874603212,2.4862840340549752,49124.94187563425,S001_P3,human,csgo_S001_P3
-0.0656508839178968,3.430480112541737,49140.566857138765,S001_P3,human,csgo_S001_P3
-0.0741915845590313,3.958634860487088,49156.19183865783,S001_P3,human,csgo_S001_P3
-0.2278502527751129,5.5182644695839755,49171.81682016235,S001_P3,human,csgo_S001_P3
-0.1884455962051276,4.90400660780773,49187.441801681416,S001_P3,human,csgo_S001_P3
-0.3433728252415733,5.078198845195033,49203.06678320048,S001_P3,human,csgo_S001_P3
-0.180511896252085,4.819431152275975,49218.691764705,S001_P3,human,csgo_S001_P3
-0.0553601441089597,4.316769712914905,49234.31674622407,S001_P3,human,csgo_S001_P3
0.3831996862073765,3.882553814626945,49249.94172772858,S001_P3,human,csgo_S001_P3
1.582841285201539,2.390155474793062,49265.56670924765,S001_P3,human,csgo_S001_P3
1.4114491485541123,0.5311904645114396,49281.191690752166,S001_P3,human,csgo_S001_P3
0.0,0.0,49296.816672271234,S001_P3,human,csgo_S001_P3
0.0,0.0,49312.44165377575,S001_P3,human,csgo_S001_P3
0.0,0.0,49328.06663529482,S001_P3,human,csgo_S001_P3
0.0,0.0,49343.691616813885,S001_P3,human,csgo_S001_P3
0.0,0.0,49359.3165983184,S001_P3,human,csgo_S001_P3
0.0,0.0,49374.94157983747,S001_P3,human,csgo_S001_P3
0.0,0.0,49390.566561341984,S001_P3,human,csgo_S001_P3
0.0,0.0,49406.19154286105,S001_P3,human,csgo_S001_P3
0.0,0.0,49421.81652436557,S001_P3,human,csgo_S001_P3
0.0,0.0,49437.441505884635,S001_P3,human,csgo_S001_P3
0.0,0.0,49453.06648738915,S001_P3,human,csgo_S001_P3
0.0,0.0,49468.69146890822,S001_P3,human,csgo_S001_P3
0.0,0.0,49484.316450427286,S001_P3,human,csgo_S001_P3
0.0,0.0,49499.9414319318,S001_P3,human,csgo_S001_P3
0.0,0.0,49515.56641345087,S001_P3,human,csgo_S001_P3
0.0,0.0,49531.191394955385,S001_P3,human,csgo_S001_P3
0.0,0.0,49546.81637647445,S001_P3,human,csgo_S001_P3
0.0,0.0,49562.44135797897,S001_P3,human,csgo_S001_P3
0.0,0.0,49578.06633949804,S001_P3,human,csgo_S001_P3
0.0,0.0,49593.69132100255,S001_P3,human,csgo_S001_P3
0.0,0.0,49609.31630252162,S001_P3,human,csgo_S001_P3
0.0,0.0,49624.94128404069,S001_P3,human,csgo_S001_P3
-0.2488516825067108,0.0658946090660634,49640.5662655452,S001_P3,human,csgo_S001_P3
-0.3745903949447893,0.0215067645371647,49656.19124706427,S001_P3,human,csgo_S001_P3
-0.2493448153198869,-0.000565006331243,49671.81622856879,S001_P3,human,csgo_S001_P3
-0.2445266139307875,-0.0447478619117731,49687.441210087854,S001_P3,human,csgo_S001_P3
-0.2453038192685426,-0.0229448779016649,49703.06619159237,S001_P3,human,csgo_S001_P3
-0.1175255158079835,-0.0445300660047678,49718.69117311144,S001_P3,human,csgo_S001_P3
-0.1198965333401247,-0.0225749999129618,49734.31615461595,S001_P3,human,csgo_S001_P3
-0.2382384789199818,-0.0452845985751508,49749.94113613502,S001_P3,human,csgo_S001_P3
-0.1061039985880256,-0.0886760051317736,49765.56611765409,S001_P3,human,csgo_S001_P3
-0.3357067853776243,-0.1343055166145035,49781.191099158605,S001_P3,human,csgo_S001_P3
-0.214067721652043,-0.1117307072378395,49796.81608067767,S001_P3,human,csgo_S001_P3
-0.0975131281955157,-0.0888789392680138,49812.44106218219,S001_P3,human,csgo_S001_P3
0.0,0.0,49828.066043701256,S001_P3,human,csgo_S001_P3
0.0,0.0,49843.69102520577,S001_P3,human,csgo_S001_P3
0.0,0.0,49859.31600672484,S001_P3,human,csgo_S001_P3
0.0,0.0,49874.940988229355,S001_P3,human,csgo_S001_P3
0.0,0.0,49890.56596974842,S001_P3,human,csgo_S001_P3
0.0,0.0,49906.19095126749,S001_P3,human,csgo_S001_P3
0.0,0.0,49921.815932772006,S001_P3,human,csgo_S001_P3
0.0,0.0,49937.44091429107,S001_P3,human,csgo_S001_P3
0.0,0.0,49953.06589579559,S001_P3,human,csgo_S001_P3
0.0,0.0,49968.69087731466,S001_P3,human,csgo_S001_P3
0.0,0.0,49984.31585881917,S001_P3,human,csgo_S001_P3
0.0,0.0,49999.94084033824,S001_P3,human,csgo_S001_P3
0.0,0.0,50015.56582184275,S001_P3,human,csgo_S001_P3
0.0,0.0,50031.190803361824,S001_P3,human,csgo_S001_P3
0.0,0.0,50046.81578488089,S001_P3,human,csgo_S001_P3
0.0,0.0,50062.44076638541,S001_P3,human,csgo_S001_P3
0.0,0.0,50078.065747904475,S001_P3,human,csgo_S001_P3
0.0,0.0,50093.69072940899,S001_P3,human,csgo_S001_P3
0.0,0.0,50109.31571092806,S001_P3,human,csgo_S001_P3
0.0,0.0,50124.940692432574,S001_P3,human,csgo_S001_P3
0.0,0.0,50140.56567395164,S001_P3,human,csgo_S001_P3
0.0,0.0,50156.19065545616,S001_P3,human,csgo_S001_P3
0.0,0.0,50171.815636975225,S001_P3,human,csgo_S001_P3
0.0,0.0,50187.44061849429,S001_P3,human,csgo_S001_P3
0.0,0.0,50203.06559999881,S001_P3,human,csgo_S001_P3
0.0,0.0,50218.69058151787,S001_P3,human,csgo_S001_P3
0.0,0.0,50234.31556302239,S001_P3,human,csgo_S001_P3
0.0,0.0,50249.94054454146,S001_P3,human,csgo_S001_P3
0.0,0.0,50265.565526045975,S001_P3,human,csgo_S001_P3
0.0,0.0,50281.19050756504,S001_P3,human,csgo_S001_P3
0.0,0.0,50296.81548906956,S001_P3,human,csgo_S001_P3
0.0,0.0,50312.440470588626,S001_P3,human,csgo_S001_P3
0.0,0.0,50328.065452107694,S001_P3,human,csgo_S001_P3
0.0,0.0,50343.69043361221,S001_P3,human,csgo_S001_P3
0.0,0.0,50359.31541513128,S001_P3,human,csgo_S001_P3
0.0,0.0,50374.94039663579,S001_P3,human,csgo_S001_P3
0.0,0.0,50390.56537815486,S001_P3,human,csgo_S001_P3
0.0,0.0,50406.19035965938,S001_P3,human,csgo_S001_P3
0.0,0.0,50421.81534117845,S001_P3,human,csgo_S001_P3
0.0,0.0,50437.44032268296,S001_P3,human,csgo_S001_P3
0.0,0.0,50453.06530420203,S001_P3,human,csgo_S001_P3
0.0,0.0,50468.690285721095,S001_P3,human,csgo_S001_P3
0.0,0.0,50484.31526722561,S001_P3,human,csgo_S001_P3
0.0,0.0,50499.94024874468,S001_P3,human,csgo_S001_P3
0.0,0.0,50515.565230249194,S001_P3,human,csgo_S001_P3
0.0,0.0,50531.19021176826,S001_P3,human,csgo_S001_P3
0.0,0.0,50546.81519327278,S001_P3,human,csgo_S001_P3
0.0,0.0,50562.440174791845,S001_P3,human,csgo_S001_P3
0.0,0.0,50578.06515629636,S001_P3,human,csgo_S001_P3
-0.117636934514536,-0.0010059262206283,50593.69013781543,S001_P3,human,csgo_S001_P3
0.0,0.0,50609.3151193345,S001_P3,human,csgo_S001_P3
0.0,0.0,50624.94010083901,S001_P3,human,csgo_S001_P3
0.0,0.0,50640.56508235808,S001_P3,human,csgo_S001_P3
0.0,0.0,50656.19006386259,S001_P3,human,csgo_S001_P3
0.0,0.0,50671.81504538166,S001_P3,human,csgo_S001_P3
0.0,0.0,50687.44002688618,S001_P3,human,csgo_S001_P3
0.0,0.0,50703.06500840525,S001_P3,human,csgo_S001_P3
0.0,0.0,50718.68998990976,S001_P3,human,csgo_S001_P3
0.0,0.0,50734.31497142883,S001_P3,human,csgo_S001_P3
0.0,0.0,50749.9399529479,S001_P3,human,csgo_S001_P3
0.0,0.0,50765.56493445241,S001_P3,human,csgo_S001_P3
0.0,0.0,50781.18991597148,S001_P3,human,csgo_S001_P3
0.0,0.0,50796.814897476,S001_P3,human,csgo_S001_P3
0.0,0.0,50812.439878995065,S001_P3,human,csgo_S001_P3
0.0,0.0,50828.06486049958,S001_P3,human,csgo_S001_P3
0.0,0.0,50843.68984201865,S001_P3,human,csgo_S001_P3
0.0,0.0,50859.31482352317,S001_P3,human,csgo_S001_P3
0.0,0.0,50874.93980504223,S001_P3,human,csgo_S001_P3
0.0,0.0,50890.5647865613,S001_P3,human,csgo_S001_P3
0.0,0.0,50906.189768065815,S001_P3,human,csgo_S001_P3
0.0,0.0,50921.81474958488,S001_P3,human,csgo_S001_P3
0.0,0.0,50937.4397310894,S001_P3,human,csgo_S001_P3
0.0,0.0,50953.064712608466,S001_P3,human,csgo_S001_P3
0.0,0.0,50968.68969411298,S001_P3,human,csgo_S001_P3
0.0,0.0,50984.31467563205,S001_P3,human,csgo_S001_P3
0.0,0.0,50999.939657136565,S001_P3,human,csgo_S001_P3
0.0,0.0,51015.56463865563,S001_P3,human,csgo_S001_P3
0.0,0.0,51031.1896201747,S001_P3,human,csgo_S001_P3
0.0,0.0,51046.814601679216,S001_P3,human,csgo_S001_P3
0.0,0.0,51062.43958319829,S001_P3,human,csgo_S001_P3
0.0,0.0,51078.0645647028,S001_P3,human,csgo_S001_P3
0.0,0.0,51093.68954622187,S001_P3,human,csgo_S001_P3
0.0,0.0,51109.31452772638,S001_P3,human,csgo_S001_P3
0.0,0.0,51124.93950924545,S001_P3,human,csgo_S001_P3
0.0,0.0,51140.564490749966,S001_P3,human,csgo_S001_P3
0.0,0.0,51156.189472269034,S001_P3,human,csgo_S001_P3
0.0,0.0,51171.8144537881,S001_P3,human,csgo_S001_P3
0.0,0.0,51187.43943529262,S001_P3,human,csgo_S001_P3
0.0,0.0,51203.064416811685,S001_P3,human,csgo_S001_P3
0.0,0.0,51218.6893983162,S001_P3,human,csgo_S001_P3
0.0,0.0,51234.31437983527,S001_P3,human,csgo_S001_P3
0.0,0.0,51249.939361339784,S001_P3,human,csgo_S001_P3
-0.0054800920732134,0.0219767155332277,51265.56434285885,S001_P3,human,csgo_S001_P3
-0.0110280850250319,0.0439576392725342,51281.18932436337,S001_P3,human,csgo_S001_P3
0.0,0.0,51296.814305882435,S001_P3,human,csgo_S001_P3
0.0,0.0,51312.4392874015,S001_P3,human,csgo_S001_P3
0.0,0.0,51328.06426890602,S001_P3,human,csgo_S001_P3
0.0,0.0,51343.689250425086,S001_P3,human,csgo_S001_P3
0.0,0.0,51359.3142319296,S001_P3,human,csgo_S001_P3
0.0,0.0,51374.93921344867,S001_P3,human,csgo_S001_P3
0.0,0.0,51390.564194953186,S001_P3,human,csgo_S001_P3
0.0,0.0,51406.18917647225,S001_P3,human,csgo_S001_P3
0.0,0.0,51421.81415797677,S001_P3,human,csgo_S001_P3
0.0,0.0,51437.43913949584,S001_P3,human,csgo_S001_P3
0.0,0.0,51453.064121014904,S001_P3,human,csgo_S001_P3
0.0,0.0,51468.68910251942,S001_P3,human,csgo_S001_P3
0.0,0.0,51484.31408403849,S001_P3,human,csgo_S001_P3
0.0,0.0,51499.939065543,S001_P3,human,csgo_S001_P3
0.0,0.0,51515.56404706207,S001_P3,human,csgo_S001_P3
0.0,0.0,51531.18902856659,S001_P3,human,csgo_S001_P3
0.0,0.0,51546.814010085654,S001_P3,human,csgo_S001_P3
0.0,0.0,51562.43899159017,S001_P3,human,csgo_S001_P3
0.0,0.0,51578.06397310924,S001_P3,human,csgo_S001_P3
0.0,0.0,51593.688954628306,S001_P3,human,csgo_S001_P3
0.0,0.0,51609.31393613282,S001_P3,human,csgo_S001_P3
0.0,0.0,51624.93891765189,S001_P3,human,csgo_S001_P3
0.0,0.0,51640.563899156405,S001_P3,human,csgo_S001_P3
0.0,0.0,51656.18888067547,S001_P3,human,csgo_S001_P3
0.0,0.0,51671.81386217999,S001_P3,human,csgo_S001_P3
0.0,0.0,51687.438843699056,S001_P3,human,csgo_S001_P3
0.0,0.0,51703.06382520357,S001_P3,human,csgo_S001_P3
0.0,0.0,51718.68880672264,S001_P3,human,csgo_S001_P3
0.0,0.0,51734.31378824171,S001_P3,human,csgo_S001_P3
0.0,0.0,51749.93876974622,S001_P3,human,csgo_S001_P3
0.0,0.0,51765.56375126529,S001_P3,human,csgo_S001_P3
0.0,0.0,51781.188732769806,S001_P3,human,csgo_S001_P3
0.0,0.0,51796.81371428887,S001_P3,human,csgo_S001_P3
0.0,0.0,51812.43869579339,S001_P3,human,csgo_S001_P3
0.0,0.0,51828.06367731246,S001_P3,human,csgo_S001_P3
0.0,0.0,51843.68865881697,S001_P3,human,csgo_S001_P3
0.0,0.0,51859.31364033604,S001_P3,human,csgo_S001_P3
0.0,0.0,51874.93862185511,S001_P3,human,csgo_S001_P3
0.0,0.0,51890.563603359624,S001_P3,human,csgo_S001_P3
0.0,0.0,51906.18858487869,S001_P3,human,csgo_S001_P3
0.0,0.0,51921.81356638321,S001_P3,human,csgo_S001_P3
0.0,0.0,51937.438547902275,S001_P3,human,csgo_S001_P3
0.0,0.0,51953.06352940679,S001_P3,human,csgo_S001_P3
0.0,0.0,51968.68851092586,S001_P3,human,csgo_S001_P3
0.0,0.0,51984.313492430374,S001_P3,human,csgo_S001_P3
0.0,0.0,51999.93847394944,S001_P3,human,csgo_S001_P3
0.0,0.0,52015.56345546851,S001_P3,human,csgo_S001_P3
0.0,0.0,52031.188436973025,S001_P3,human,csgo_S001_P3
0.0,0.0,52046.81341849209,S001_P3,human,csgo_S001_P3
0.0,0.0,52062.43839999661,S001_P3,human,csgo_S001_P3
0.0,0.0,52078.06338151568,S001_P3,human,csgo_S001_P3
0.0,0.0,52093.68836302019,S001_P3,human,csgo_S001_P3
0.0,0.0,52109.31334453926,S001_P3,human,csgo_S001_P3
0.0,0.0,52124.938326043775,S001_P3,human,csgo_S001_P3
0.0,0.0,52140.56330756284,S001_P3,human,csgo_S001_P3
0.0,0.0,52156.18828908191,S001_P3,human,csgo_S001_P3
0.0,0.0,52171.81327058643,S001_P3,human,csgo_S001_P3
0.0,0.0,52187.438252105494,S001_P3,human,csgo_S001_P3
0.0,0.0,52203.06323361001,S001_P3,human,csgo_S001_P3
0.0,0.0,52218.68821512908,S001_P3,human,csgo_S001_P3
0.0,0.0,52234.31319663359,S001_P3,human,csgo_S001_P3
0.0,0.0,52249.93817815266,S001_P3,human,csgo_S001_P3
0.0,0.0,52265.56315967173,S001_P3,human,csgo_S001_P3
0.0,0.0,52281.18814117624,S001_P3,human,csgo_S001_P3
0.0,0.0,52296.81312269531,S001_P3,human,csgo_S001_P3
0.0,0.0,52312.43810419983,S001_P3,human,csgo_S001_P3
0.0,0.0,52328.063085718895,S001_P3,human,csgo_S001_P3
0.0,0.0,52343.68806722341,S001_P3,human,csgo_S001_P3
0.0,0.0,52359.31304874248,S001_P3,human,csgo_S001_P3
0.0,0.0,52374.938030246994,S001_P3,human,csgo_S001_P3
0.0,0.0,52390.56301176606,S001_P3,human,csgo_S001_P3
0.0,0.0,52406.18799328513,S001_P3,human,csgo_S001_P3
0.0,0.0,52421.812974789646,S001_P3,human,csgo_S001_P3
0.0,0.0,52437.43795630871,S001_P3,human,csgo_S001_P3
0.0,0.0,52453.06293781323,S001_P3,human,csgo_S001_P3
0.0,0.0,52468.6879193323,S001_P3,human,csgo_S001_P3
0.0,0.0,52484.31290083681,S001_P3,human,csgo_S001_P3
0.0,0.0,52499.93788235588,S001_P3,human,csgo_S001_P3
0.0,0.0,52515.5628638604,S001_P3,human,csgo_S001_P3
0.0,0.0,52531.18784537946,S001_P3,human,csgo_S001_P3
0.0,0.0,52546.81282689853,S001_P3,human,csgo_S001_P3
0.0,0.0,52562.43780840305,S001_P3,human,csgo_S001_P3
0.0,0.0,52578.062789922114,S001_P3,human,csgo_S001_P3
0.0,0.0,52593.68777142663,S001_P3,human,csgo_S001_P3
0.0,0.0,52609.3127529457,S001_P3,human,csgo_S001_P3
0.0,0.0,52624.93773445021,S001_P3,human,csgo_S001_P3
0.0,0.0,52640.56271596928,S001_P3,human,csgo_S001_P3
0.0,0.0,52656.1876974738,S001_P3,human,csgo_S001_P3
0.0,0.0,52671.812678992865,S001_P3,human,csgo_S001_P3
0.0,0.0,52687.43766051193,S001_P3,human,csgo_S001_P3
0.0,0.0,52703.06264201645,S001_P3,human,csgo_S001_P3
0.0,0.0,52718.68762353552,S001_P3,human,csgo_S001_P3
0.0,0.0,52734.31260504003,S001_P3,human,csgo_S001_P3
0.0,0.0,52749.9375865591,S001_P3,human,csgo_S001_P3
0.0,0.0,52765.562568063615,S001_P3,human,csgo_S001_P3
0.0,0.0,52781.18754958268,S001_P3,human,csgo_S001_P3
0.0,0.0,52796.8125310872,S001_P3,human,csgo_S001_P3
0.0,0.0,52812.437512606266,S001_P3,human,csgo_S001_P3
0.0,0.0,52828.06249412533,S001_P3,human,csgo_S001_P3
0.0,0.0,52843.68747562985,S001_P3,human,csgo_S001_P3
0.0,0.0,52859.31245714892,S001_P3,human,csgo_S001_P3
0.0,0.0,52874.93743865343,S001_P3,human,csgo_S001_P3
0.0,0.0,52890.5624201725,S001_P3,human,csgo_S001_P3
0.0,0.0,52906.187401677016,S001_P3,human,csgo_S001_P3
0.0,0.0,52921.81238319608,S001_P3,human,csgo_S001_P3
0.0,0.0,52937.4373647006,S001_P3,human,csgo_S001_P3
0.0,0.0,52953.06234621967,S001_P3,human,csgo_S001_P3
0.0,0.0,52968.687327738735,S001_P3,human,csgo_S001_P3
0.0,0.0,52984.31230924325,S001_P3,human,csgo_S001_P3
0.0,0.0,52999.93729076232,S001_P3,human,csgo_S001_P3
0.0,0.0,53015.562272266834,S001_P3,human,csgo_S001_P3
0.0,0.0,53031.1872537859,S001_P3,human,csgo_S001_P3
0.0,0.0,53046.81223529042,S001_P3,human,csgo_S001_P3
0.0,0.0,53062.437216809485,S001_P3,human,csgo_S001_P3
0.0,0.0,53078.062198314,S001_P3,human,csgo_S001_P3
0.0,0.0,53093.68717983307,S001_P3,human,csgo_S001_P3
0.0,0.0,53109.312161352136,S001_P3,human,csgo_S001_P3
0.0,0.0,53124.93714285665,S001_P3,human,csgo_S001_P3
0.0,0.0,53140.56212437572,S001_P3,human,csgo_S001_P3
0.0,0.0,53156.187105880235,S001_P3,human,csgo_S001_P3
0.0,0.0,53171.8120873993,S001_P3,human,csgo_S001_P3
0.0,0.0,53187.43706890382,S001_P3,human,csgo_S001_P3
0.0,0.0,53203.06205042289,S001_P3,human,csgo_S001_P3
0.0,0.0,53218.6870319274,S001_P3,human,csgo_S001_P3
0.0,0.0,53234.31201344647,S001_P3,human,csgo_S001_P3
0.0,0.0,53249.93699496554,S001_P3,human,csgo_S001_P3
0.0,0.0,53265.56197647005,S001_P3,human,csgo_S001_P3
0.0,0.0,53281.18695798912,S001_P3,human,csgo_S001_P3
0.0,0.0,53296.81193949364,S001_P3,human,csgo_S001_P3
0.0,0.0,53312.436921012704,S001_P3,human,csgo_S001_P3
0.0,0.0,53328.06190251722,S001_P3,human,csgo_S001_P3
0.0,0.0,53343.68688403629,S001_P3,human,csgo_S001_P3
0.0,0.0,53359.3118655408,S001_P3,human,csgo_S001_P3
0.0,0.0,53374.93684705987,S001_P3,human,csgo_S001_P3
0.0,0.0,53390.56182857894,S001_P3,human,csgo_S001_P3
0.0,0.0,53406.186810083454,S001_P3,human,csgo_S001_P3
0.0,0.0,53421.81179160252,S001_P3,human,csgo_S001_P3
0.0,0.0,53437.43677310704,S001_P3,human,csgo_S001_P3
0.0,0.0,53453.061754626106,S001_P3,human,csgo_S001_P3
0.0,0.0,53468.68673613062,S001_P3,human,csgo_S001_P3
0.0,0.0,53484.31171764969,S001_P3,human,csgo_S001_P3
0.0,0.0,53499.936699154205,S001_P3,human,csgo_S001_P3
0.0,0.0,53515.56168067327,S001_P3,human,csgo_S001_P3
0.0,0.0,53531.18666219234,S001_P3,human,csgo_S001_P3
0.0,0.0,53546.811643696856,S001_P3,human,csgo_S001_P3
0.0,0.0,53562.43662521592,S001_P3,human,csgo_S001_P3
0.0,0.0,53578.06160672044,S001_P3,human,csgo_S001_P3
0.0,0.0,53593.68658823951,S001_P3,human,csgo_S001_P3
0.0,0.0,53609.31156974402,S001_P3,human,csgo_S001_P3
0.0,0.0,53624.93655126309,S001_P3,human,csgo_S001_P3
0.0,0.0,53640.561532767606,S001_P3,human,csgo_S001_P3
0.0,0.0,53656.18651428667,S001_P3,human,csgo_S001_P3
0.0,0.0,53671.81149580574,S001_P3,human,csgo_S001_P3
0.0,0.0,53687.43647731026,S001_P3,human,csgo_S001_P3
0.0,0.0,53703.061458829325,S001_P3,human,csgo_S001_P3
0.0,0.0,53718.68644033384,S001_P3,human,csgo_S001_P3
0.0,0.0,53734.31142185291,S001_P3,human,csgo_S001_P3
0.0,0.0,53749.936403357424,S001_P3,human,csgo_S001_P3
0.0,0.0,53765.56138487649,S001_P3,human,csgo_S001_P3
0.0,0.0,53781.18636638101,S001_P3,human,csgo_S001_P3
0.0,0.0,53796.811347900075,S001_P3,human,csgo_S001_P3
0.0,0.0,53812.43632941914,S001_P3,human,csgo_S001_P3
0.0,0.0,53828.06131092366,S001_P3,human,csgo_S001_P3
0.0,0.0,53843.686292442726,S001_P3,human,csgo_S001_P3
0.0,0.0,53859.31127394724,S001_P3,human,csgo_S001_P3
0.0,0.0,53874.93625546631,S001_P3,human,csgo_S001_P3
0.0,0.0,53890.561236970825,S001_P3,human,csgo_S001_P3
0.0,0.0,53906.18621848989,S001_P3,human,csgo_S001_P3
0.0,0.0,53921.81119999441,S001_P3,human,csgo_S001_P3
0.0,0.0,53937.43618151347,S001_P3,human,csgo_S001_P3
0.0,0.0,53953.061163032544,S001_P3,human,csgo_S001_P3
0.0,0.0,53968.68614453706,S001_P3,human,csgo_S001_P3
0.0,0.0,53984.31112605613,S001_P3,human,csgo_S001_P3
0.0,0.0,53999.93610756064,S001_P3,human,csgo_S001_P3
0.0,0.0,54015.56108907971,S001_P3,human,csgo_S001_P3
0.0,0.0,54031.18607058423,S001_P3,human,csgo_S001_P3
0.0,0.0,54046.811052103294,S001_P3,human,csgo_S001_P3
0.0,0.0,54062.43603360781,S001_P3,human,csgo_S001_P3
0.0,0.0,54078.06101512688,S001_P3,human,csgo_S001_P3
0.0,0.0,54093.685996645945,S001_P3,human,csgo_S001_P3
0.0,0.0,54109.31097815046,S001_P3,human,csgo_S001_P3
0.0,0.0,54124.93595966953,S001_P3,human,csgo_S001_P3
0.0,0.0,54140.56094117405,S001_P3,human,csgo_S001_P3
0.0,0.0,54156.18592269311,S001_P3,human,csgo_S001_P3
0.0,0.0,54171.81090419763,S001_P3,human,csgo_S001_P3
0.0,0.0,54187.435885716695,S001_P3,human,csgo_S001_P3
0.0,0.0,54203.06086722121,S001_P3,human,csgo_S001_P3
0.0,0.0,54218.68584874028,S001_P3,human,csgo_S001_P3
0.0,0.0,54234.31083025935,S001_P3,human,csgo_S001_P3
0.0,0.0,54249.93581176386,S001_P3,human,csgo_S001_P3
0.0,0.0,54265.56079328293,S001_P3,human,csgo_S001_P3
0.0,0.0,54281.185774787446,S001_P3,human,csgo_S001_P3
0.0,0.0,54296.81075630651,S001_P3,human,csgo_S001_P3
0.0,0.0,54312.43573781103,S001_P3,human,csgo_S001_P3
0.0,0.0,54328.0607193301,S001_P3,human,csgo_S001_P3
0.0,0.0,54343.68570083461,S001_P3,human,csgo_S001_P3
0.0,0.0,54359.31068235368,S001_P3,human,csgo_S001_P3
0.0,0.0,54374.93566387275,S001_P3,human,csgo_S001_P3
0.0,0.0,54390.56064537726,S001_P3,human,csgo_S001_P3
0.0,0.0,54406.18562689633,S001_P3,human,csgo_S001_P3
0.0,0.0,54421.81060840085,S001_P3,human,csgo_S001_P3
0.0,0.0,54437.435589919914,S001_P3,human,csgo_S001_P3
0.0,0.0,54453.06057142443,S001_P3,human,csgo_S001_P3
0.0,0.0,54468.6855529435,S001_P3,human,csgo_S001_P3
0.0,0.0,54484.310534448014,S001_P3,human,csgo_S001_P3
0.0,0.0,54499.93551596708,S001_P3,human,csgo_S001_P3
0.0,0.0,54515.56049748615,S001_P3,human,csgo_S001_P3
0.0,0.0,54531.185478990665,S001_P3,human,csgo_S001_P3
0.0,0.0,54546.81046050973,S001_P3,human,csgo_S001_P3
0.0,0.0,54562.43544201425,S001_P3,human,csgo_S001_P3
0.0,0.0,54578.06042353331,S001_P3,human,csgo_S001_P3
0.0,0.0,54593.68540503783,S001_P3,human,csgo_S001_P3
0.0,0.0,54609.3103865569,S001_P3,human,csgo_S001_P3
0.0,0.0,54624.935368061415,S001_P3,human,csgo_S001_P3
0.0,0.0,54640.56034958048,S001_P3,human,csgo_S001_P3
0.0,0.0,54656.18533109955,S001_P3,human,csgo_S001_P3
0.0,0.0,54671.810312604066,S001_P3,human,csgo_S001_P3
0.0,0.0,54687.435294123134,S001_P3,human,csgo_S001_P3
0.0,0.0,54703.06027562765,S001_P3,human,csgo_S001_P3
0.0,0.0,54718.68525714672,S001_P3,human,csgo_S001_P3
0.0,0.0,54734.31023865123,S001_P3,human,csgo_S001_P3
0.0,0.0,54749.9352201703,S001_P3,human,csgo_S001_P3
0.0,0.0,54765.560201674816,S001_P3,human,csgo_S001_P3
0.0,0.0,54781.18518319389,S001_P3,human,csgo_S001_P3
0.0,0.0,54796.81016471295,S001_P3,human,csgo_S001_P3
0.0,0.0,54812.43514621747,S001_P3,human,csgo_S001_P3
0.0,0.0,54828.060127736535,S001_P3,human,csgo_S001_P3
0.0,0.0,54843.68510924105,S001_P3,human,csgo_S001_P3
0.0,0.0,54859.31009076012,S001_P3,human,csgo_S001_P3
0.0,0.0,54874.935072264634,S001_P3,human,csgo_S001_P3
0.0,0.0,54890.5600537837,S001_P3,human,csgo_S001_P3
0.0,0.0,54906.18503528822,S001_P3,human,csgo_S001_P3
0.0,0.0,54921.810016807285,S001_P3,human,csgo_S001_P3
0.0,0.0,54937.43499832635,S001_P3,human,csgo_S001_P3
0.0,0.0,54953.05997983087,S001_P3,human,csgo_S001_P3
0.0,0.0,54968.684961349936,S001_P3,human,csgo_S001_P3
0.0,0.0,54984.30994285445,S001_P3,human,csgo_S001_P3
0.0,0.0,54999.93492437352,S001_P3,human,csgo_S001_P3
0.0,0.0,55015.559905878035,S001_P3,human,csgo_S001_P3
0.0,0.0,55031.1848873971,S001_P3,human,csgo_S001_P3
0.0,0.0,55046.80986890162,S001_P3,human,csgo_S001_P3
0.0,0.0,55062.43485042069,S001_P3,human,csgo_S001_P3
0.0,0.0,55078.059831939754,S001_P3,human,csgo_S001_P3
0.0,0.0,55093.68481344427,S001_P3,human,csgo_S001_P3
0.0,0.0,55109.30979496334,S001_P3,human,csgo_S001_P3
0.0,0.0,55124.93477646785,S001_P3,human,csgo_S001_P3
0.0,0.0,55140.55975798692,S001_P3,human,csgo_S001_P3
-0.0055482736839849,0.0219778556969743,55156.18473949144,S001_P3,human,csgo_S001_P3
0.1025348922361786,0.0669531507857073,55171.809721010504,S001_P3,human,csgo_S001_P3
0.3202277734565086,0.1786384716343292,55187.43470251502,S001_P3,human,csgo_S001_P3
0.2210258395207347,0.1116004885809758,55203.05968403409,S001_P3,human,csgo_S001_P3
0.1185511152073957,0.022758404575697,55218.684665553155,S001_P3,human,csgo_S001_P3
0.0,0.0,55234.30964705767,S001_P3,human,csgo_S001_P3
0.0,0.0,55249.93462857674,S001_P3,human,csgo_S001_P3
0.0,0.0,55265.559610081255,S001_P3,human,csgo_S001_P3
0.0,0.0,55281.18459160032,S001_P3,human,csgo_S001_P3
0.0,0.0,55296.80957310484,S001_P3,human,csgo_S001_P3
0.0,0.0,55312.434554623906,S001_P3,human,csgo_S001_P3
0.0,0.0,55328.05953612842,S001_P3,human,csgo_S001_P3
0.2423253315685372,0.0233863304661525,55343.68451764749,S001_P3,human,csgo_S001_P3
0.1198677587228473,0.0226150976596528,55359.30949916656,S001_P3,human,csgo_S001_P3
0.0,0.0,55374.93448067107,S001_P3,human,csgo_S001_P3
0.0,0.0,55390.55946219014,S001_P3,human,csgo_S001_P3
0.0034032558272372,-0.0219727553422899,55406.184443694656,S001_P3,human,csgo_S001_P3
0.0,0.0,55421.80942521372,S001_P3,human,csgo_S001_P3
0.0,0.0,55437.43440671824,S001_P3,human,csgo_S001_P3
0.0,0.0,55453.05938823731,S001_P3,human,csgo_S001_P3
-0.3739520924623036,0.0199323514842575,55468.68436974182,S001_P3,human,csgo_S001_P3
-1.4876364813505347,0.0096584569058961,55484.30935126089,S001_P3,human,csgo_S001_P3
-2.1803331738340432,-0.0967670399350169,55499.93433277996,S001_P3,human,csgo_S001_P3
-0.7174714859103801,-0.0354799391494822,55515.559314284474,S001_P3,human,csgo_S001_P3
0.0,0.0,55531.18429580354,S001_P3,human,csgo_S001_P3
0.0,0.0,55546.80927730806,S001_P3,human,csgo_S001_P3
0.0,0.0,55562.434258827125,S001_P3,human,csgo_S001_P3
0.0,0.0,55578.05924033164,S001_P3,human,csgo_S001_P3
0.0,0.0,55593.68422185071,S001_P3,human,csgo_S001_P3
0.0,0.0,55609.309203355224,S001_P3,human,csgo_S001_P3
0.0,0.0,55624.93418487429,S001_P3,human,csgo_S001_P3
0.0,0.0,55640.55916639336,S001_P3,human,csgo_S001_P3
0.0,0.0,55656.184147897875,S001_P3,human,csgo_S001_P3
0.0,0.0,55671.80912941694,S001_P3,human,csgo_S001_P3
0.0,0.0,55687.43411092146,S001_P3,human,csgo_S001_P3
0.0,0.0,55703.059092440526,S001_P3,human,csgo_S001_P3
0.0,0.0,55718.68407394504,S001_P3,human,csgo_S001_P3
0.0,0.0,55734.30905546411,S001_P3,human,csgo_S001_P3
0.0,0.0,55749.934036968625,S001_P3,human,csgo_S001_P3
0.0,0.0,55765.55901848769,S001_P3,human,csgo_S001_P3
0.0,0.0,55781.18400000676,S001_P3,human,csgo_S001_P3
0.0,0.0,55796.80898151128,S001_P3,human,csgo_S001_P3
0.0,0.0,55812.433963030344,S001_P3,human,csgo_S001_P3
0.0,0.0,55828.05894453486,S001_P3,human,csgo_S001_P3
0.0,0.0,55843.68392605393,S001_P3,human,csgo_S001_P3
0.0,0.0,55859.30890755844,S001_P3,human,csgo_S001_P3
0.0,0.0,55874.93388907751,S001_P3,human,csgo_S001_P3
0.0,0.0,55890.55887058203,S001_P3,human,csgo_S001_P3
0.0,0.0,55906.183852101094,S001_P3,human,csgo_S001_P3
0.0,0.0,55921.80883362016,S001_P3,human,csgo_S001_P3
0.0,0.0,55937.43381512468,S001_P3,human,csgo_S001_P3
0.0,0.0,55953.058796643745,S001_P3,human,csgo_S001_P3
0.0,0.0,55968.68377814826,S001_P3,human,csgo_S001_P3
0.0,0.0,55984.30875966733,S001_P3,human,csgo_S001_P3
0.0,0.0,55999.93374117184,S001_P3,human,csgo_S001_P3
0.0,0.0,56015.55872269091,S001_P3,human,csgo_S001_P3
0.0,0.0,56031.18370419543,S001_P3,human,csgo_S001_P3
0.0,0.0,56046.808685714495,S001_P3,human,csgo_S001_P3
0.0,0.0,56062.43366723356,S001_P3,human,csgo_S001_P3
0.0,0.0,56078.05864873808,S001_P3,human,csgo_S001_P3
0.0,0.0,56093.68363025715,S001_P3,human,csgo_S001_P3
0.0,0.0,56109.30861176166,S001_P3,human,csgo_S001_P3
0.0,0.0,56124.93359328073,S001_P3,human,csgo_S001_P3
0.0,0.0,56140.558574785246,S001_P3,human,csgo_S001_P3
0.0,0.0,56156.18355630431,S001_P3,human,csgo_S001_P3
0.0,0.0,56171.80853780883,S001_P3,human,csgo_S001_P3
0.0,0.0,56187.4335193279,S001_P3,human,csgo_S001_P3
0.0,0.0,56203.05850084696,S001_P3,human,csgo_S001_P3
0.0,0.0,56218.68348235148,S001_P3,human,csgo_S001_P3
0.0,0.0,56234.30846387055,S001_P3,human,csgo_S001_P3
0.0,0.0,56249.93344537506,S001_P3,human,csgo_S001_P3
0.0,0.0,56265.55842689413,S001_P3,human,csgo_S001_P3
0.0,0.0,56281.18340839865,S001_P3,human,csgo_S001_P3
0.0,0.0,56296.808389917715,S001_P3,human,csgo_S001_P3
0.0,0.0,56312.43337142223,S001_P3,human,csgo_S001_P3
0.0,0.0,56328.0583529413,S001_P3,human,csgo_S001_P3
0.0,0.0,56343.683334460366,S001_P3,human,csgo_S001_P3
0.0,0.0,56359.30831596488,S001_P3,human,csgo_S001_P3
0.0,0.0,56374.93329748395,S001_P3,human,csgo_S001_P3
0.0,0.0,56390.558278988465,S001_P3,human,csgo_S001_P3
0.0,0.0,56406.18326050753,S001_P3,human,csgo_S001_P3
0.0,0.0,56421.80824201205,S001_P3,human,csgo_S001_P3
0.0,0.0,56437.43322353112,S001_P3,human,csgo_S001_P3
0.0,0.0,56453.05820505018,S001_P3,human,csgo_S001_P3
0.0,0.0,56468.6831865547,S001_P3,human,csgo_S001_P3
0.0,0.0,56484.30816807377,S001_P3,human,csgo_S001_P3
0.0,0.0,56499.93314957828,S001_P3,human,csgo_S001_P3
0.0,0.0,56515.55813109735,S001_P3,human,csgo_S001_P3
0.0,0.0,56531.183112601866,S001_P3,human,csgo_S001_P3
0.0,0.0,56546.808094120934,S001_P3,human,csgo_S001_P3
0.0,0.0,56562.43307562545,S001_P3,human,csgo_S001_P3
0.0,0.0,56578.05805714452,S001_P3,human,csgo_S001_P3
0.0,0.0,56593.683038663585,S001_P3,human,csgo_S001_P3
0.0,0.0,56609.3080201681,S001_P3,human,csgo_S001_P3
0.0,0.0,56624.93300168717,S001_P3,human,csgo_S001_P3
0.0,0.0,56640.55798319168,S001_P3,human,csgo_S001_P3
0.0,0.0,56656.18296471075,S001_P3,human,csgo_S001_P3
0.0,0.0,56671.80794621527,S001_P3,human,csgo_S001_P3
0.0,0.0,56687.432927734335,S001_P3,human,csgo_S001_P3
0.0,0.0,56703.05790923885,S001_P3,human,csgo_S001_P3
0.0,0.0,56718.68289075792,S001_P3,human,csgo_S001_P3
0.0,0.0,56734.307872276986,S001_P3,human,csgo_S001_P3
0.0,0.0,56749.9328537815,S001_P3,human,csgo_S001_P3
0.0,0.0,56765.55783530057,S001_P3,human,csgo_S001_P3
0.0,0.0,56781.182816805085,S001_P3,human,csgo_S001_P3
0.0,0.0,56796.80779832415,S001_P3,human,csgo_S001_P3
0.0,0.0,56812.43277982867,S001_P3,human,csgo_S001_P3
0.0,0.0,56828.057761347736,S001_P3,human,csgo_S001_P3
0.0,0.0,56843.68274285225,S001_P3,human,csgo_S001_P3
0.0,0.0,56859.30772437132,S001_P3,human,csgo_S001_P3
0.0,0.0,56874.93270589039,S001_P3,human,csgo_S001_P3
0.0,0.0,56890.5576873949,S001_P3,human,csgo_S001_P3
0.0,0.0,56906.18266891397,S001_P3,human,csgo_S001_P3
0.0,0.0,56921.80765041849,S001_P3,human,csgo_S001_P3
0.0,0.0,56937.432631937554,S001_P3,human,csgo_S001_P3
0.0,0.0,56953.05761344207,S001_P3,human,csgo_S001_P3
0.0,0.0,56968.68259496114,S001_P3,human,csgo_S001_P3
0.0,0.0,56984.30757646565,S001_P3,human,csgo_S001_P3
0.0,0.0,56999.93255798472,S001_P3,human,csgo_S001_P3
0.0,0.0,57015.55753950379,S001_P3,human,csgo_S001_P3
0.0,0.0,57031.182521008304,S001_P3,human,csgo_S001_P3
0.0,0.0,57046.80750252737,S001_P3,human,csgo_S001_P3
0.0,0.0,57062.43248403189,S001_P3,human,csgo_S001_P3
0.0,0.0,57078.057465550955,S001_P3,human,csgo_S001_P3
0.0,0.0,57093.68244705547,S001_P3,human,csgo_S001_P3
0.0,0.0,57109.30742857454,S001_P3,human,csgo_S001_P3
0.0,0.0,57124.932410079055,S001_P3,human,csgo_S001_P3
0.0,0.0,57140.55739159812,S001_P3,human,csgo_S001_P3
0.0,0.0,57156.18237311719,S001_P3,human,csgo_S001_P3
0.0,0.0,57171.807354621706,S001_P3,human,csgo_S001_P3
0.0,0.0,57187.43233614077,S001_P3,human,csgo_S001_P3
0.0,0.0,57203.05731764529,S001_P3,human,csgo_S001_P3
0.0,0.0,57218.68229916436,S001_P3,human,csgo_S001_P3
0.0,0.0,57234.30728066887,S001_P3,human,csgo_S001_P3
0.0,0.0,57249.93226218794,S001_P3,human,csgo_S001_P3
0.0,0.0,57265.557243692456,S001_P3,human,csgo_S001_P3
0.0,0.0,57281.18222521152,S001_P3,human,csgo_S001_P3
0.0,0.0,57296.80720673059,S001_P3,human,csgo_S001_P3
0.0,0.0,57312.43218823511,S001_P3,human,csgo_S001_P3
0.0,0.0,57328.057169754175,S001_P3,human,csgo_S001_P3
0.0,0.0,57343.68215125869,S001_P3,human,csgo_S001_P3
0.0,0.0,57359.30713277776,S001_P3,human,csgo_S001_P3
0.0,0.0,57374.932114282274,S001_P3,human,csgo_S001_P3
0.0,0.0,57390.55709580134,S001_P3,human,csgo_S001_P3
0.0,0.0,57406.18207730586,S001_P3,human,csgo_S001_P3
0.0,0.0,57421.807058824925,S001_P3,human,csgo_S001_P3
0.0,0.0,57437.43204034399,S001_P3,human,csgo_S001_P3
0.0,0.0,57453.05702184851,S001_P3,human,csgo_S001_P3
0.0,0.0,57468.682003367576,S001_P3,human,csgo_S001_P3
0.0,0.0,57484.30698487209,S001_P3,human,csgo_S001_P3
0.0,0.0,57499.93196639116,S001_P3,human,csgo_S001_P3
0.0,0.0,57515.556947895675,S001_P3,human,csgo_S001_P3
0.0,0.0,57531.18192941474,S001_P3,human,csgo_S001_P3
0.0,0.0,57546.80691091926,S001_P3,human,csgo_S001_P3
0.0,0.0,57562.431892438326,S001_P3,human,csgo_S001_P3
0.0,0.0,57578.056873957394,S001_P3,human,csgo_S001_P3
0.0,0.0,57593.68185546191,S001_P3,human,csgo_S001_P3
0.0,0.0,57609.30683698098,S001_P3,human,csgo_S001_P3
0.0,0.0,57624.93181848549,S001_P3,human,csgo_S001_P3
0.0,0.0,57640.55680000456,S001_P3,human,csgo_S001_P3
0.0,0.0,57656.18178150907,S001_P3,human,csgo_S001_P3
0.0,0.0,57671.806763028144,S001_P3,human,csgo_S001_P3
0.0,0.0,57687.43174453266,S001_P3,human,csgo_S001_P3
0.0,0.0,57703.05672605173,S001_P3,human,csgo_S001_P3
0.0,0.0,57718.681707570795,S001_P3,human,csgo_S001_P3
0.0,0.0,57734.30668907531,S001_P3,human,csgo_S001_P3
0.0,0.0,57749.93167059438,S001_P3,human,csgo_S001_P3
0.0,0.0,57765.556652098894,S001_P3,human,csgo_S001_P3
0.0,0.0,57781.18163361796,S001_P3,human,csgo_S001_P3
0.0,0.0,57796.80661512248,S001_P3,human,csgo_S001_P3
0.0,0.0,57812.431596641545,S001_P3,human,csgo_S001_P3
0.0,0.0,57828.05657814606,S001_P3,human,csgo_S001_P3
0.0,0.0,57843.68155966513,S001_P3,human,csgo_S001_P3
0.0,0.0,57859.30654118419,S001_P3,human,csgo_S001_P3
0.0,0.0,57874.93152268871,S001_P3,human,csgo_S001_P3
0.0,0.0,57890.55650420778,S001_P3,human,csgo_S001_P3
0.0,0.0,57906.181485712295,S001_P3,human,csgo_S001_P3
0.0,0.0,57921.80646723136,S001_P3,human,csgo_S001_P3
0.0,0.0,57937.43144873588,S001_P3,human,csgo_S001_P3
0.0,0.0,57953.05643025495,S001_P3,human,csgo_S001_P3
0.0,0.0,57968.68141175946,S001_P3,human,csgo_S001_P3
0.0,0.0,57984.30639327853,S001_P3,human,csgo_S001_P3
0.0,0.0,57999.9313747976,S001_P3,human,csgo_S001_P3
0.0,0.0,58015.55635630211,S001_P3,human,csgo_S001_P3
0.0,0.0,58031.18133782118,S001_P3,human,csgo_S001_P3
0.0,0.0,58046.8063193257,S001_P3,human,csgo_S001_P3
0.0,0.0,58062.43130084477,S001_P3,human,csgo_S001_P3
0.0,0.0,58078.05628234928,S001_P3,human,csgo_S001_P3
0.0,0.0,58093.68126386835,S001_P3,human,csgo_S001_P3
0.0,0.0,58109.30624537286,S001_P3,human,csgo_S001_P3
0.0,0.0,58124.93122689193,S001_P3,human,csgo_S001_P3
0.0,0.0,58140.556208411,S001_P3,human,csgo_S001_P3
0.0,0.0,58156.181189915515,S001_P3,human,csgo_S001_P3
0.0,0.0,58171.80617143458,S001_P3,human,csgo_S001_P3
0.0,0.0,58187.4311529391,S001_P3,human,csgo_S001_P3
0.0,0.0,58203.056134458166,S001_P3,human,csgo_S001_P3
0.0,0.0,58218.68111596268,S001_P3,human,csgo_S001_P3
0.0,0.0,58234.30609748175,S001_P3,human,csgo_S001_P3
0.0,0.0,58249.931078986265,S001_P3,human,csgo_S001_P3
0.0,0.0,58265.55606050533,S001_P3,human,csgo_S001_P3
0.0,0.0,58281.1810420244,S001_P3,human,csgo_S001_P3
0.0,0.0,58296.80602352891,S001_P3,human,csgo_S001_P3
0.0,0.0,58312.43100504798,S001_P3,human,csgo_S001_P3
0.0,0.0,58328.0559865525,S001_P3,human,csgo_S001_P3
0.0,0.0,58343.68096807157,S001_P3,human,csgo_S001_P3
0.0,0.0,58359.30594957608,S001_P3,human,csgo_S001_P3
0.0,0.0,58374.93093109515,S001_P3,human,csgo_S001_P3
0.0,0.0,58390.555912599666,S001_P3,human,csgo_S001_P3
0.0,0.0,58406.180894118734,S001_P3,human,csgo_S001_P3
0.0,0.0,58421.8058756378,S001_P3,human,csgo_S001_P3
0.0,0.0,58437.43085714232,S001_P3,human,csgo_S001_P3
0.0,0.0,58453.055838661385,S001_P3,human,csgo_S001_P3
0.0,0.0,58468.6808201659,S001_P3,human,csgo_S001_P3
0.0,0.0,58484.30580168497,S001_P3,human,csgo_S001_P3
0.0,0.0,58499.93078318949,S001_P3,human,csgo_S001_P3
0.0,0.0,58515.55576470855,S001_P3,human,csgo_S001_P3
0.0,0.0,58531.18074621307,S001_P3,human,csgo_S001_P3
0.0,0.0,58546.805727732135,S001_P3,human,csgo_S001_P3
0.0,0.0,58562.4307092512,S001_P3,human,csgo_S001_P3
0.0,0.0,58578.05569075572,S001_P3,human,csgo_S001_P3
0.0,0.0,58593.680672274786,S001_P3,human,csgo_S001_P3
0.0,0.0,58609.3056537793,S001_P3,human,csgo_S001_P3
0.0,0.0,58624.93063529837,S001_P3,human,csgo_S001_P3
0.0,0.0,58640.555616802885,S001_P3,human,csgo_S001_P3
0.0,0.0,58656.18059832195,S001_P3,human,csgo_S001_P3
0.0,0.0,58671.80557982647,S001_P3,human,csgo_S001_P3
0.0,0.0,58687.430561345536,S001_P3,human,csgo_S001_P3
0.0,0.0,58703.05554286461,S001_P3,human,csgo_S001_P3
0.0,0.0,58718.68052436912,S001_P3,human,csgo_S001_P3
0.0,0.0,58734.30550588819,S001_P3,human,csgo_S001_P3
0.0,0.0,58749.9304873927,S001_P3,human,csgo_S001_P3
0.0,0.0,58765.55546891177,S001_P3,human,csgo_S001_P3
0.0,0.0,58781.18045041629,S001_P3,human,csgo_S001_P3
0.0,0.0,58796.805431935354,S001_P3,human,csgo_S001_P3
0.0,0.0,58812.43041343987,S001_P3,human,csgo_S001_P3
0.0,0.0,58828.05539495894,S001_P3,human,csgo_S001_P3
0.0,0.0,58843.680376478005,S001_P3,human,csgo_S001_P3
0.0,0.0,58859.30535798252,S001_P3,human,csgo_S001_P3
0.0,0.0,58874.93033950159,S001_P3,human,csgo_S001_P3
0.0,0.0,58890.555321006104,S001_P3,human,csgo_S001_P3
0.0,0.0,58906.18030252517,S001_P3,human,csgo_S001_P3
0.0,0.0,58921.80528402969,S001_P3,human,csgo_S001_P3
0.0,0.0,58937.430265548755,S001_P3,human,csgo_S001_P3
0.0,0.0,58953.05524705327,S001_P3,human,csgo_S001_P3
0.0,0.0,58968.68022857234,S001_P3,human,csgo_S001_P3
0.0,0.0,58984.30521009141,S001_P3,human,csgo_S001_P3
0.0,0.0,58999.93019159592,S001_P3,human,csgo_S001_P3
0.0,0.0,59015.55517311499,S001_P3,human,csgo_S001_P3
0.0,0.0,59031.180154619506,S001_P3,human,csgo_S001_P3
0.0,0.0,59046.80513613857,S001_P3,human,csgo_S001_P3
0.0,0.0,59062.43011764309,S001_P3,human,csgo_S001_P3
0.0,0.0,59078.05509916216,S001_P3,human,csgo_S001_P3
0.0,0.0,59093.68008066667,S001_P3,human,csgo_S001_P3
0.0,0.0,59109.30506218574,S001_P3,human,csgo_S001_P3
0.0,0.0,59124.93004370481,S001_P3,human,csgo_S001_P3
0.0,0.0,59140.55502520932,S001_P3,human,csgo_S001_P3
0.0,0.0,59156.18000672839,S001_P3,human,csgo_S001_P3
0.0,0.0,59171.80498823291,S001_P3,human,csgo_S001_P3
0.0,0.0,59187.429969751975,S001_P3,human,csgo_S001_P3
0.0,0.0,59203.05495125649,S001_P3,human,csgo_S001_P3
0.0,0.0,59218.67993277556,S001_P3,human,csgo_S001_P3
0.0,0.0,59234.304914280074,S001_P3,human,csgo_S001_P3
0.0,0.0,59249.92989579914,S001_P3,human,csgo_S001_P3
0.0,0.0,59265.55487731821,S001_P3,human,csgo_S001_P3
0.0,0.0,59281.179858822725,S001_P3,human,csgo_S001_P3
0.0,0.0,59296.80484034179,S001_P3,human,csgo_S001_P3
0.0,0.0,59312.42982184631,S001_P3,human,csgo_S001_P3
-0.4851076465324979,-0.0099403584529369,59328.054803365376,S001_P3,human,csgo_S001_P3
-0.4791623876673725,-0.7199724685455351,59343.67978486989,S001_P3,human,csgo_S001_P3
1.3769944395649247,-1.2962861930056846,59359.30476638896,S001_P3,human,csgo_S001_P3
0.1309819578770259,-2.516713675812923,59374.929747893475,S001_P3,human,csgo_S001_P3
0.4744780696083808,-2.836906411680289,59390.55472941254,S001_P3,human,csgo_S001_P3
0.4843900926363176,-3.4952580942505165,59406.17971093161,S001_P3,human,csgo_S001_P3
0.2893354084873181,-3.828356985736434,59421.804692436126,S001_P3,human,csgo_S001_P3
0.2354893065600833,-5.435779710480631,59437.429673955194,S001_P3,human,csgo_S001_P3
0.2063388971517383,-5.763223428071704,59453.05465545971,S001_P3,human,csgo_S001_P3
0.2606155361126809,-5.8900202100032,59468.67963697878,S001_P3,human,csgo_S001_P3
0.2958897556107729,-5.490472660470168,59484.30461848329,S001_P3,human,csgo_S001_P3
0.24357267620627,-6.08466784178637,59499.92960000236,S001_P3,human,csgo_S001_P3
0.1684301761394522,-4.392958996108639,59515.55458150688,S001_P3,human,csgo_S001_P3
0.1867837269462882,-3.557128169916737,59531.179563025944,S001_P3,human,csgo_S001_P3
0.2168888967833595,-2.6996210631344617,59546.80454454501,S001_P3,human,csgo_S001_P3
0.2973775627188502,-1.4458546542896684,59562.42952604953,S001_P3,human,csgo_S001_P3
0.0760042655554968,-0.1966862997343526,59578.054507568595,S001_P3,human,csgo_S001_P3
0.0,0.0,59593.67948907311,S001_P3,human,csgo_S001_P3
0.0,0.0,59609.30447059218,S001_P3,human,csgo_S001_P3
0.0,0.0,59624.929452096694,S001_P3,human,csgo_S001_P3
0.0,0.0,59640.55443361576,S001_P3,human,csgo_S001_P3
0.0,0.0,59656.17941512028,S001_P3,human,csgo_S001_P3
0.0,0.0,59671.804396639345,S001_P3,human,csgo_S001_P3
0.0,0.0,59687.42937815841,S001_P3,human,csgo_S001_P3
0.0,0.0,59703.05435966293,S001_P3,human,csgo_S001_P3
0.0,0.0,59718.679341182,S001_P3,human,csgo_S001_P3
0.0,0.0,59734.30432268651,S001_P3,human,csgo_S001_P3
0.0,0.0,59749.92930420558,S001_P3,human,csgo_S001_P3
0.0,0.0,59765.554285710095,S001_P3,human,csgo_S001_P3
0.0,0.0,59781.17926722916,S001_P3,human,csgo_S001_P3
0.0,0.0,59796.80424873368,S001_P3,human,csgo_S001_P3
0.0,0.0,59812.42923025275,S001_P3,human,csgo_S001_P3
0.0,0.0,59828.054211771814,S001_P3,human,csgo_S001_P3
0.0,0.0,59843.67919327633,S001_P3,human,csgo_S001_P3
-0.0236610042644542,-0.0223522337280179,59859.3041747954,S001_P3,human,csgo_S001_P3
-0.0236529132934322,-0.0223558843873483,59874.92915629991,S001_P3,human,csgo_S001_P3
0.0,0.0,59890.55413781898,S001_P3,human,csgo_S001_P3
0.0473139175578865,0.0447081181153663,59906.1791193235,S001_P3,human,csgo_S001_P3
0.0465460071596339,0.0886634662132586,59921.80410084256,S001_P3,human,csgo_S001_P3
0.0221007260038277,0.1102684182813789,59937.42908234708,S001_P3,human,csgo_S001_P3
-0.0265335200091385,0.1315210970162503,59953.05406386615,S001_P3,human,csgo_S001_P3
-0.1232356989861784,0.1299786242706631,59968.679045385215,S001_P3,human,csgo_S001_P3
-0.1472263748165403,0.1074637110626035,59984.30402688973,S001_P3,human,csgo_S001_P3
-0.0744193166523814,0.0866353119661837,59999.9290084088,S001_P3,human,csgo_S001_P3
-0.049351774585034,0.0430800977275112,60015.553989913315,S001_P3,human,csgo_S001_P3
0.0,0.0,60031.17897143238,S001_P3,human,csgo_S001_P3
0.0,0.0,60046.8039529369,S001_P3,human,csgo_S001_P3
0.0,0.0,60062.428934455966,S001_P3,human,csgo_S001_P3
0.0,0.0,60078.05391596048,S001_P3,human,csgo_S001_P3
0.0,0.0,60093.67889747955,S001_P3,human,csgo_S001_P3
0.0,0.0,60109.30387899862,S001_P3,human,csgo_S001_P3
0.0,0.0,60124.92886050313,S001_P3,human,csgo_S001_P3
0.0,0.0,60140.5538420222,S001_P3,human,csgo_S001_P3
0.0,0.0,60156.17882352672,S001_P3,human,csgo_S001_P3
0.0,0.0,60171.80380504578,S001_P3,human,csgo_S001_P3
0.0,0.0,60187.4287865503,S001_P3,human,csgo_S001_P3
0.0,0.0,60203.05376806937,S001_P3,human,csgo_S001_P3
0.0,0.0,60218.67874957388,S001_P3,human,csgo_S001_P3
0.0,0.0,60234.30373109295,S001_P3,human,csgo_S001_P3
0.0,0.0,60249.92871261202,S001_P3,human,csgo_S001_P3
0.0,0.0,60265.553694116534,S001_P3,human,csgo_S001_P3
0.0,0.0,60281.1786756356,S001_P3,human,csgo_S001_P3
0.0,0.0,60296.80365714012,S001_P3,human,csgo_S001_P3
0.0,0.0,60312.428638659185,S001_P3,human,csgo_S001_P3
0.0,0.0,60328.0536201637,S001_P3,human,csgo_S001_P3
0.0,0.0,60343.67860168277,S001_P3,human,csgo_S001_P3
0.0,0.0,60359.30358318728,S001_P3,human,csgo_S001_P3
0.0,0.0,60374.92856470635,S001_P3,human,csgo_S001_P3
0.0,0.0,60390.55354622542,S001_P3,human,csgo_S001_P3
0.0,0.0,60406.178527729935,S001_P3,human,csgo_S001_P3
0.0,0.0,60421.803509249,S001_P3,human,csgo_S001_P3
0.0,0.0,60437.42849075352,S001_P3,human,csgo_S001_P3
0.0,0.0,60453.053472272586,S001_P3,human,csgo_S001_P3
0.0,0.0,60468.6784537771,S001_P3,human,csgo_S001_P3
0.0,0.0,60484.30343529617,S001_P3,human,csgo_S001_P3
-0.0721129678962029,-0.0233081117173838,60499.928416800685,S001_P3,human,csgo_S001_P3
-0.165729650969439,-0.1570315842269387,60515.55339831975,S001_P3,human,csgo_S001_P3
-0.3044941392738565,-0.3798624441117866,60531.17837983882,S001_P3,human,csgo_S001_P3
-0.2740392679639569,-0.5553815388956771,60546.803361343336,S001_P3,human,csgo_S001_P3
-0.5017775343975472,-0.8687277209401003,60562.4283428624,S001_P3,human,csgo_S001_P3
-0.5982951075263543,-0.6527013197001352,60578.05332436692,S001_P3,human,csgo_S001_P3
-0.6583387262524809,-0.1734650322850228,60593.67830588599,S001_P3,human,csgo_S001_P3
-0.8775995367806217,0.5391105406303254,60609.3032873905,S001_P3,human,csgo_S001_P3
-0.9092953138750204,0.991210738001744,60624.92826890957,S001_P3,human,csgo_S001_P3
-1.1109713408898472,1.2347873886652891,60640.55325042864,S001_P3,human,csgo_S001_P3
-1.3180663541589013,1.3397289716378964,60656.178231933154,S001_P3,human,csgo_S001_P3
-1.6712832573954586,1.5112889266152931,60671.80321345222,S001_P3,human,csgo_S001_P3
-1.4734282387994142,1.283511322259379,60687.42819495674,S001_P3,human,csgo_S001_P3
-1.8825294777136037,1.6477071597940984,60703.053176475805,S001_P3,human,csgo_S001_P3
-1.9542085616793656,1.5767823645502013,60718.67815798032,S001_P3,human,csgo_S001_P3
-1.9696875184589544,1.5960695334407011,60734.30313949939,S001_P3,human,csgo_S001_P3
-2.781458422375664,2.268566284229408,60749.928121003904,S001_P3,human,csgo_S001_P3
-2.398310019473314,1.8982012379076068,60765.55310252297,S001_P3,human,csgo_S001_P3
-3.149238941886807,2.240111580421462,60781.17808404204,S001_P3,human,csgo_S001_P3
-2.772048876646636,1.725461205298373,60796.803065546555,S001_P3,human,csgo_S001_P3
-3.194402546997196,1.630100065579569,60812.42804706562,S001_P3,human,csgo_S001_P3
-2.510346044073202,1.0646155468070404,60828.05302857014,S001_P3,human,csgo_S001_P3
-2.649624483941551,0.8839648520222738,60843.67801008921,S001_P3,human,csgo_S001_P3
-2.3493971494779657,0.5974815148288712,60859.30299159372,S001_P3,human,csgo_S001_P3
-1.793842574855887,0.325875414443999,60874.92797311279,S001_P3,human,csgo_S001_P3
-1.546706632524092,0.1718193229340556,60890.552954617306,S001_P3,human,csgo_S001_P3
-0.9738682556163384,-1.162631179596474e-05,60906.17793613637,S001_P3,human,csgo_S001_P3
-0.4175809712793636,-0.0888275459937588,60921.80291765544,S001_P3,human,csgo_S001_P3
-0.1315157233396462,-0.1369096396847595,60937.42789915996,S001_P3,human,csgo_S001_P3
0.1167697392926356,-0.2250243826336913,60953.052880679024,S001_P3,human,csgo_S001_P3
0.39191941119131,-0.3460779964989271,60968.67786218354,S001_P3,human,csgo_S001_P3
0.6011778725396084,-0.3369067543192372,60984.30284370261,S001_P3,human,csgo_S001_P3
0.7557708170781439,-0.3579569233574702,60999.92782520712,S001_P3,human,csgo_S001_P3
0.8077197536946983,-0.3152026556983642,61015.55280672619,S001_P3,human,csgo_S001_P3
1.0657522334147416,-0.3432661576049867,61031.17778823071,S001_P3,human,csgo_S001_P3
1.1425717920016891,-0.2544738429424029,61046.802769749775,S001_P3,human,csgo_S001_P3
0.9332029953918096,-0.1525874383041809,61062.42775126884,S001_P3,human,csgo_S001_P3
1.0889943002123914,-0.1015760134867065,61078.05273277336,S001_P3,human,csgo_S001_P3
1.062373400592776,-0.0371172453924302,61093.677714292426,S001_P3,human,csgo_S001_P3
1.0768134279700234,-0.0238303551400491,61109.30269579694,S001_P3,human,csgo_S001_P3
1.195002557922237,-0.0636720501072716,61124.92767731601,S001_P3,human,csgo_S001_P3
1.3152375078447562,-0.0631306107970459,61140.552658820525,S001_P3,human,csgo_S001_P3
1.3522810875623463,-0.0941047500747842,61156.17764033959,S001_P3,human,csgo_S001_P3
1.548529248217278,-0.1230529503219699,61171.80262184411,S001_P3,human,csgo_S001_P3
1.7037911158843428,-0.1510956861788628,61187.427603363176,S001_P3,human,csgo_S001_P3
1.5822278226275444,-0.2144427397512842,61203.05258488224,S001_P3,human,csgo_S001_P3
1.608316594587052,-0.2569396485626356,61218.67756638676,S001_P3,human,csgo_S001_P3
1.5210095232288268,-0.259867321115145,61234.30254790583,S001_P3,human,csgo_S001_P3
1.8906298047476469,-0.4044061296183017,61249.92752941034,S001_P3,human,csgo_S001_P3
1.4956739825419731,-0.3397074531048716,61265.55251092941,S001_P3,human,csgo_S001_P3
1.7200595612316365,-0.3669293459537428,61281.177492433926,S001_P3,human,csgo_S001_P3
1.5623746660915856,-0.3332833043729479,61296.802473952994,S001_P3,human,csgo_S001_P3
1.4962077341025974,-0.2789345689189915,61312.42745545751,S001_P3,human,csgo_S001_P3
1.1644578628844613,-0.1903469097503531,61328.05243697658,S001_P3,human,csgo_S001_P3
1.2627043406234009,-0.1475328323987739,61343.677418495645,S001_P3,human,csgo_S001_P3
1.0369591696298812,-0.0775304212434591,61359.30240000016,S001_P3,human,csgo_S001_P3
0.9946248280830332,-0.0259193190480147,61374.92738151923,S001_P3,human,csgo_S001_P3
0.8689084925231043,0.0191999044622974,61390.552363023744,S001_P3,human,csgo_S001_P3
0.9808213840282178,0.0439842595083419,61406.17734454281,S001_P3,human,csgo_S001_P3
1.0653456716490837,0.063852705763125,61421.80232604733,S001_P3,human,csgo_S001_P3
1.153622493056929,0.0597042388549979,61437.427307566395,S001_P3,human,csgo_S001_P3
1.2915263699712227,0.1435509434865807,61453.05228907091,S001_P3,human,csgo_S001_P3
0.871423617964922,0.3519730366849529,61468.67727058998,S001_P3,human,csgo_S001_P3
0.8357626627808372,0.5640084480352314,61484.302252109046,S001_P3,human,csgo_S001_P3
0.920557724082073,0.3628773316502744,61499.92723361356,S001_P3,human,csgo_S001_P3
0.3961528636640707,-0.2300238126922096,61515.55221513263,S001_P3,human,csgo_S001_P3
0.0,0.0,61531.177196637145,S001_P3,human,csgo_S001_P3
0.0,0.0,61546.80217815621,S001_P3,human,csgo_S001_P3
0.0,0.0,61562.42715966073,S001_P3,human,csgo_S001_P3
0.0,0.0,61578.05214117979,S001_P3,human,csgo_S001_P3
0.0,0.0,61593.67712268431,S001_P3,human,csgo_S001_P3
0.0,0.0,61609.30210420338,S001_P3,human,csgo_S001_P3
0.0,0.0,61624.92708572245,S001_P3,human,csgo_S001_P3
0.0,0.0,61640.55206722696,S001_P3,human,csgo_S001_P3
0.0,0.0,61656.17704874603,S001_P3,human,csgo_S001_P3
0.0,0.0,61671.80203025055,S001_P3,human,csgo_S001_P3
0.0,0.0,61687.427011769614,S001_P3,human,csgo_S001_P3
-0.0916930680824918,0.0633414144221404,61703.05199327413,S001_P3,human,csgo_S001_P3
-0.2233070200848033,0.3012045578614319,61718.6769747932,S001_P3,human,csgo_S001_P3
0.2097215442797733,0.5122624423111048,61734.30195629771,S001_P3,human,csgo_S001_P3
0.3020457157339535,0.5364159310883849,61749.92693781678,S001_P3,human,csgo_S001_P3
0.5247244662737955,1.13479413647552,61765.55191933585,S001_P3,human,csgo_S001_P3
0.5066672629505433,1.3081344450807748,61781.176900840364,S001_P3,human,csgo_S001_P3
0.6808707804794949,1.682129159351021,61796.80188235943,S001_P3,human,csgo_S001_P3
0.8536985510304191,2.096935328174709,61812.42686386395,S001_P3,human,csgo_S001_P3
0.7165748841710808,1.9369155990516944,61828.051845383015,S001_P3,human,csgo_S001_P3
0.676041740985255,2.240896939711454,61843.67682688753,S001_P3,human,csgo_S001_P3
0.3957527031425343,2.0645789952909226,61859.3018084066,S001_P3,human,csgo_S001_P3
0.4550203698623818,2.348827058654493,61874.926789911115,S001_P3,human,csgo_S001_P3
0.2144232521065703,2.395542145267605,61890.55177143018,S001_P3,human,csgo_S001_P3
0.0619734809333465,2.4198920788068037,61906.17675294925,S001_P3,human,csgo_S001_P3
-0.2983161382885839,3.08481477143279,61921.801734453766,S001_P3,human,csgo_S001_P3
-0.8006757851085524,3.0871533652063476,61937.42671597283,S001_P3,human,csgo_S001_P3
-1.1964725920575177,2.928263970300734,61953.05169747735,S001_P3,human,csgo_S001_P3
-2.005477279447746,3.1567390576794168,61968.67667899642,S001_P3,human,csgo_S001_P3
-2.690525036377437,2.2748221758616864,61984.30166050093,S001_P3,human,csgo_S001_P3
-1.5748792283504542,0.9394400149672322,61999.92664202,S001_P3,human,csgo_S001_P3
0.8510102441933896,-0.2026692012466924,62015.55162352451,S001_P3,human,csgo_S001_P3
1.1107899275340571,-0.4208848670588452,62031.17660504358,S001_P3,human,csgo_S001_P3
0.0,0.0,62046.80158656265,S001_P3,human,csgo_S001_P3
0.0,0.0,62062.42656806717,S001_P3,human,csgo_S001_P3
0.0,0.0,62078.051549586235,S001_P3,human,csgo_S001_P3
0.0,0.0,62093.67653109075,S001_P3,human,csgo_S001_P3
0.0,0.0,62109.30151260982,S001_P3,human,csgo_S001_P3
0.0,0.0,62124.926494114334,S001_P3,human,csgo_S001_P3
0.0,0.0,62140.5514756334,S001_P3,human,csgo_S001_P3
0.0,0.0,62156.17645713792,S001_P3,human,csgo_S001_P3
0.0,0.0,62171.801438656985,S001_P3,human,csgo_S001_P3
0.0,0.0,62187.42642017605,S001_P3,human,csgo_S001_P3
-0.1261341646206517,0.064043145154045,62203.05140168057,S001_P3,human,csgo_S001_P3
0.0117942848016241,0.2429556916345774,62218.67638319963,S001_P3,human,csgo_S001_P3
-0.1558370245680862,0.3946126224381885,62234.30136470415,S001_P3,human,csgo_S001_P3
-0.6280711454864445,0.1874731819318498,62249.92634622322,S001_P3,human,csgo_S001_P3
-0.9445336781761852,-0.085787002544464,62265.551327727735,S001_P3,human,csgo_S001_P3
-0.8113444860311176,-0.4625076527127447,62281.1763092468,S001_P3,human,csgo_S001_P3
-0.2597658645143497,-0.782961070848927,62296.80129075132,S001_P3,human,csgo_S001_P3
0.3197351591455515,-0.9437127958914856,62312.426272270386,S001_P3,human,csgo_S001_P3
0.5452991807354977,-1.1575396811541054,62328.051253789454,S001_P3,human,csgo_S001_P3
1.051204991586161,-1.0100879252684931,62343.67623529397,S001_P3,human,csgo_S001_P3
1.0774306156445732,-1.011459951856068,62359.30121681304,S001_P3,human,csgo_S001_P3
0.9961499231883976,-0.8397724876828647,62374.92619831755,S001_P3,human,csgo_S001_P3
1.005734036034056,-0.5349701556393001,62390.55117983662,S001_P3,human,csgo_S001_P3
1.2155499614826797,-0.4500149757480329,62406.176161341136,S001_P3,human,csgo_S001_P3
1.2934037650740606,-0.4135330352199133,62421.80114286021,S001_P3,human,csgo_S001_P3
1.303020248665888,-0.4667193800031413,62437.42612436472,S001_P3,human,csgo_S001_P3
1.4991465953769705,-0.4795089680300464,62453.05110588379,S001_P3,human,csgo_S001_P3
0.91451978137232,-0.237243663562964,62468.676087402855,S001_P3,human,csgo_S001_P3
0.6990690391499754,-0.2808768940001016,62484.30106890737,S001_P3,human,csgo_S001_P3
0.0,0.0,63703.04962688533,S001_P3,human,csgo_S001_P3
