dx,dy,time,session_id,bot_type,user_id
0.0,1.0,0.0,lol_stitch_0,stitch,-1
-1.0,1.0,13.0,lol_stitch_0,stitch,-1
0.0,1.0,99.0,lol_stitch_0,stitch,-1
0.0,0.0,107.0,lol_stitch_0,stitch,-1
0.0,-1.0,115.0,lol_stitch_0,stitch,-1
0.0,0.0,148.0,lol_stitch_0,stitch,-1
0.0,0.0,163.0,lol_stitch_0,stitch,-1
-1.0,0.0,169.0,lol_stitch_0,stitch,-1
0.0,0.0,171.0,lol_stitch_0,stitch,-1
0.0,0.0,173.0,lol_stitch_0,stitch,-1
0.0,1.0,177.0,lol_stitch_0,stitch,-1
-1.0,1.0,181.0,lol_stitch_0,stitch,-1
0.0,1.0,185.0,lol_stitch_0,stitch,-1
-1.0,0.0,190.0,lol_stitch_0,stitch,-1
0.0,1.0,292.0,lol_stitch_0,stitch,-1
0.0,1.0,319.0,lol_stitch_0,stitch,-1
0.0,1.0,325.0,lol_stitch_0,stitch,-1
0.0,1.0,328.0,lol_stitch_0,stitch,-1
0.0,1.0,330.0,lol_stitch_0,stitch,-1
-1.0,0.0,331.0,lol_stitch_0,stitch,-1
0.0,1.0,334.0,lol_stitch_0,stitch,-1
0.0,1.0,336.0,lol_stitch_0,stitch,-1
-1.0,0.0,339.0,lol_stitch_0,stitch,-1
0.0,1.0,341.0,lol_stitch_0,stitch,-1
-1.0,1.0,344.0,lol_stitch_0,stitch,-1
0.0,1.0,347.0,lol_stitch_0,stitch,-1
0.0,1.0,348.0,lol_stitch_0,stitch,-1
-1.0,0.0,351.0,lol_stitch_0,stitch,-1
0.0,1.0,354.0,lol_stitch_0,stitch,-1
0.0,1.0,357.0,lol_stitch_0,stitch,-1
0.0,1.0,358.0,lol_stitch_0,stitch,-1
-1.0,0.0,364.0,lol_stitch_0,stitch,-1
0.0,0.0,433.0,lol_stitch_0,stitch,-1
0.0,0.0,437.0,lol_stitch_0,stitch,-1
0.0,0.0,440.0,lol_stitch_0,stitch,-1
0.0,0.0,442.0,lol_stitch_0,stitch,-1
1.0,0.0,444.0,lol_stitch_0,stitch,-1
0.0,-1.0,450.0,lol_stitch_0,stitch,-1
0.0,-1.0,451.0,lol_stitch_0,stitch,-1
1.0,0.0,516.0,lol_stitch_0,stitch,-1
0.0,0.0,518.0,lol_stitch_0,stitch,-1
0.0,0.0,521.0,lol_stitch_0,stitch,-1
0.0,1.0,525.0,lol_stitch_0,stitch,-1
-1.0,1.0,531.0,lol_stitch_0,stitch,-1
0.0,0.0,539.0,lol_stitch_0,stitch,-1
-1.0,0.0,608.0,lol_stitch_0,stitch,-1
0.0,0.0,612.0,lol_stitch_0,stitch,-1
0.0,0.0,614.0,lol_stitch_0,stitch,-1
0.0,0.0,616.0,lol_stitch_0,stitch,-1
0.0,-1.0,619.0,lol_stitch_0,stitch,-1
1.0,0.0,620.0,lol_stitch_0,stitch,-1
0.0,-1.0,626.0,lol_stitch_0,stitch,-1
0.0,-1.0,628.0,lol_stitch_0,stitch,-1
1.0,0.0,639.0,lol_stitch_0,stitch,-1
1.0,0.0,641.0,lol_stitch_0,stitch,-1
0.0,-1.0,687.0,lol_stitch_0,stitch,-1
0.0,0.0,691.0,lol_stitch_0,stitch,-1
0.0,1.0,694.0,lol_stitch_0,stitch,-1
0.0,1.0,697.0,lol_stitch_0,stitch,-1
-1.0,1.0,699.0,lol_stitch_0,stitch,-1
0.0,1.0,702.0,lol_stitch_0,stitch,-1
0.0,0.0,706.0,lol_stitch_0,stitch,-1
0.0,1.0,790.0,lol_stitch_0,stitch,-1
0.0,0.0,795.0,lol_stitch_0,stitch,-1
1.0,-1.0,800.0,lol_stitch_0,stitch,-1
1.0,0.0,805.0,lol_stitch_0,stitch,-1
1.0,-1.0,850.0,lol_stitch_0,stitch,-1
0.0,0.0,858.0,lol_stitch_0,stitch,-1
0.0,0.0,866.0,lol_stitch_0,stitch,-1
-1.0,1.0,936.0,lol_stitch_0,stitch,-1
0.0,0.0,940.0,lol_stitch_0,stitch,-1
0.0,-1.0,943.0,lol_stitch_0,stitch,-1
0.0,-1.0,947.0,lol_stitch_0,stitch,-1
0.0,-1.0,949.0,lol_stitch_0,stitch,-1
1.0,-1.0,953.0,lol_stitch_0,stitch,-1
0.0,-1.0,957.0,lol_stitch_0,stitch,-1
1.0,0.0,958.0,lol_stitch_0,stitch,-1
0.0,-1.0,973.0,lol_stitch_0,stitch,-1
0.0,-1.0,997.0,lol_stitch_0,stitch,-1
0.0,0.0,1034.0,lol_stitch_0,stitch,-1
-1.0,0.0,1036.0,lol_stitch_0,stitch,-1
0.0,0.0,1044.0,lol_stitch_0,stitch,-1
0.0,1.0,1126.0,lol_stitch_0,stitch,-1
0.0,0.0,1137.0,lol_stitch_0,stitch,-1
0.0,-1.0,1163.0,lol_stitch_0,stitch,-1
0.0,0.0,1177.0,lol_stitch_0,stitch,-1
-1.0,0.0,1178.0,lol_stitch_0,stitch,-1
0.0,0.0,1184.0,lol_stitch_0,stitch,-1
0.0,1.0,1185.0,lol_stitch_0,stitch,-1
-1.0,0.0,1188.0,lol_stitch_0,stitch,-1
0.0,1.0,1193.0,lol_stitch_0,stitch,-1
0.0,1.0,1195.0,lol_stitch_0,stitch,-1
-1.0,0.0,1196.0,lol_stitch_0,stitch,-1
0.0,1.0,1202.0,lol_stitch_0,stitch,-1
0.0,1.0,1267.0,lol_stitch_0,stitch,-1
0.0,0.0,1270.0,lol_stitch_0,stitch,-1
0.0,-1.0,1272.0,lol_stitch_0,stitch,-1
0.0,-1.0,1274.0,lol_stitch_0,stitch,-1
0.0,-1.0,1276.0,lol_stitch_0,stitch,-1
0.0,-1.0,1279.0,lol_stitch_0,stitch,-1
0.0,-1.0,1280.0,lol_stitch_0,stitch,-1
1.0,0.0,1282.0,lol_stitch_0,stitch,-1
0.0,-1.0,1284.0,lol_stitch_0,stitch,-1
0.0,-1.0,1285.0,lol_stitch_0,stitch,-1
1.0,0.0,1287.0,lol_stitch_0,stitch,-1
0.0,-1.0,1290.0,lol_stitch_0,stitch,-1
1.0,-1.0,1293.0,lol_stitch_0,stitch,-1
0.0,-1.0,1295.0,lol_stitch_0,stitch,-1
1.0,-1.0,1301.0,lol_stitch_0,stitch,-1
1.0,-1.0,1305.0,lol_stitch_0,stitch,-1
0.0,0.0,1309.0,lol_stitch_0,stitch,-1
0.0,0.0,1360.0,lol_stitch_0,stitch,-1
0.0,0.0,1363.0,lol_stitch_0,stitch,-1
0.0,0.0,1365.0,lol_stitch_0,stitch,-1
0.0,0.0,1579.0,lol_stitch_0,stitch,-1
0.0,-1.0,1587.0,lol_stitch_0,stitch,-1
0.0,0.0,1595.0,lol_stitch_0,stitch,-1
1.0,0.0,1599.0,lol_stitch_0,stitch,-1
1.0,0.0,1604.0,lol_stitch_0,stitch,-1
1.0,0.0,1606.0,lol_stitch_0,stitch,-1
1.0,0.0,1609.0,lol_stitch_0,stitch,-1
1.0,0.0,1610.0,lol_stitch_0,stitch,-1
1.0,0.0,1613.0,lol_stitch_0,stitch,-1
1.0,1.0,1615.0,lol_stitch_0,stitch,-1
0.0,1.0,1616.0,lol_stitch_0,stitch,-1
1.0,0.0,1618.0,lol_stitch_0,stitch,-1
1.0,1.0,1620.0,lol_stitch_0,stitch,-1
1.0,1.0,1621.0,lol_stitch_0,stitch,-1
1.0,1.0,1623.0,lol_stitch_0,stitch,-1
1.0,0.0,1624.0,lol_stitch_0,stitch,-1
1.0,0.0,1625.0,lol_stitch_0,stitch,-1
1.0,1.0,1626.0,lol_stitch_0,stitch,-1
0.0,1.0,1628.0,lol_stitch_0,stitch,-1
1.0,1.0,1629.0,lol_stitch_0,stitch,-1
1.0,1.0,1631.0,lol_stitch_0,stitch,-1
1.0,1.0,1632.0,lol_stitch_0,stitch,-1
1.0,1.0,1633.0,lol_stitch_0,stitch,-1
1.0,1.0,1634.0,lol_stitch_0,stitch,-1
1.0,0.0,1636.0,lol_stitch_0,stitch,-1
1.0,2.0,1638.0,lol_stitch_0,stitch,-1
1.0,1.0,1639.0,lol_stitch_0,stitch,-1
1.0,1.0,1640.0,lol_stitch_0,stitch,-1
1.0,1.0,1642.0,lol_stitch_0,stitch,-1
2.0,1.0,1643.0,lol_stitch_0,stitch,-1
0.0,1.0,1644.0,lol_stitch_0,stitch,-1
1.0,0.0,1645.0,lol_stitch_0,stitch,-1
1.0,1.0,1646.0,lol_stitch_0,stitch,-1
0.0,0.0,1647.0,lol_stitch_0,stitch,-1
1.0,1.0,1648.0,lol_stitch_0,stitch,-1
1.0,1.0,1650.0,lol_stitch_0,stitch,-1
1.0,1.0,1651.0,lol_stitch_0,stitch,-1
1.0,1.0,1652.0,lol_stitch_0,stitch,-1
1.0,1.0,1654.0,lol_stitch_0,stitch,-1
1.0,1.0,1655.0,lol_stitch_0,stitch,-1
1.0,0.0,1657.0,lol_stitch_0,stitch,-1
1.0,1.0,1658.0,lol_stitch_0,stitch,-1
0.0,1.0,1660.0,lol_stitch_0,stitch,-1
2.0,1.0,1662.0,lol_stitch_0,stitch,-1
1.0,1.0,1664.0,lol_stitch_0,stitch,-1
1.0,1.0,1665.0,lol_stitch_0,stitch,-1
0.0,1.0,1666.0,lol_stitch_0,stitch,-1
1.0,0.0,1668.0,lol_stitch_0,stitch,-1
1.0,1.0,1670.0,lol_stitch_0,stitch,-1
0.0,0.0,1673.0,lol_stitch_0,stitch,-1
1.0,0.0,1674.0,lol_stitch_0,stitch,-1
0.0,1.0,1675.0,lol_stitch_0,stitch,-1
1.0,0.0,1677.0,lol_stitch_0,stitch,-1
1.0,1.0,1681.0,lol_stitch_0,stitch,-1
1.0,0.0,1683.0,lol_stitch_0,stitch,-1
0.0,1.0,1686.0,lol_stitch_0,stitch,-1
1.0,0.0,1696.0,lol_stitch_0,stitch,-1
1.0,0.0,1770.0,lol_stitch_0,stitch,-1
0.0,0.0,1773.0,lol_stitch_0,stitch,-1
0.0,-1.0,1776.0,lol_stitch_0,stitch,-1
0.0,-1.0,1778.0,lol_stitch_0,stitch,-1
0.0,-1.0,1782.0,lol_stitch_0,stitch,-1
0.0,0.0,1784.0,lol_stitch_0,stitch,-1
0.0,-1.0,1788.0,lol_stitch_0,stitch,-1
0.0,-1.0,1792.0,lol_stitch_0,stitch,-1
1.0,-1.0,1798.0,lol_stitch_0,stitch,-1
0.0,-1.0,1808.0,lol_stitch_0,stitch,-1
0.0,-1.0,1921.0,lol_stitch_0,stitch,-1
0.0,0.0,1925.0,lol_stitch_0,stitch,-1
0.0,-1.0,1927.0,lol_stitch_0,stitch,-1
-1.0,0.0,1929.0,lol_stitch_0,stitch,-1
0.0,-1.0,1931.0,lol_stitch_0,stitch,-1
-1.0,0.0,1934.0,lol_stitch_0,stitch,-1
-1.0,0.0,1937.0,lol_stitch_0,stitch,-1
-1.0,-1.0,1940.0,lol_stitch_0,stitch,-1
0.0,-1.0,1941.0,lol_stitch_0,stitch,-1
-1.0,-1.0,1943.0,lol_stitch_0,stitch,-1
-1.0,0.0,1945.0,lol_stitch_0,stitch,-1
-1.0,-1.0,1946.0,lol_stitch_0,stitch,-1
0.0,-1.0,1948.0,lol_stitch_0,stitch,-1
0.0,0.0,1949.0,lol_stitch_0,stitch,-1
0.0,-1.0,1951.0,lol_stitch_0,stitch,-1
-1.0,-1.0,1953.0,lol_stitch_0,stitch,-1
-1.0,0.0,1955.0,lol_stitch_0,stitch,-1
-1.0,-1.0,1957.0,lol_stitch_0,stitch,-1
-1.0,-1.0,1959.0,lol_stitch_0,stitch,-1
-1.0,-1.0,1961.0,lol_stitch_0,stitch,-1
-1.0,-1.0,1963.0,lol_stitch_0,stitch,-1
-1.0,-1.0,1965.0,lol_stitch_0,stitch,-1
0.0,-1.0,1966.0,lol_stitch_0,stitch,-1
0.0,-1.0,1967.0,lol_stitch_0,stitch,-1
-1.0,0.0,1969.0,lol_stitch_0,stitch,-1
-1.0,0.0,1971.0,lol_stitch_0,stitch,-1
-1.0,-1.0,1973.0,lol_stitch_0,stitch,-1
-2.0,-1.0,1974.0,lol_stitch_0,stitch,-1
0.0,-1.0,1976.0,lol_stitch_0,stitch,-1
-2.0,-1.0,1978.0,lol_stitch_0,stitch,-1
0.0,-1.0,1980.0,lol_stitch_0,stitch,-1
-2.0,-2.0,1982.0,lol_stitch_0,stitch,-1
-1.0,0.0,1983.0,lol_stitch_0,stitch,-1
-1.0,-1.0,1984.0,lol_stitch_0,stitch,-1
-1.0,-1.0,1985.0,lol_stitch_0,stitch,-1
-1.0,-1.0,1986.0,lol_stitch_0,stitch,-1
-1.0,0.0,1987.0,lol_stitch_0,stitch,-1
0.0,-2.0,1988.0,lol_stitch_0,stitch,-1
-1.0,0.0,1989.0,lol_stitch_0,stitch,-1
-2.0,-1.0,1990.0,lol_stitch_0,stitch,-1
-1.0,-1.0,1991.0,lol_stitch_0,stitch,-1
-1.0,-1.0,1992.0,lol_stitch_0,stitch,-1
-1.0,0.0,1993.0,lol_stitch_0,stitch,-1
-1.0,-2.0,1995.0,lol_stitch_0,stitch,-1
-2.0,-2.0,1996.0,lol_stitch_0,stitch,-1
-1.0,-1.0,1997.0,lol_stitch_0,stitch,-1
-2.0,-1.0,1998.0,lol_stitch_0,stitch,-1
-1.0,-1.0,1999.0,lol_stitch_0,stitch,-1
-1.0,-1.0,2000.0,lol_stitch_0,stitch,-1
-1.0,-1.0,2001.0,lol_stitch_0,stitch,-1
-1.0,-1.0,2002.0,lol_stitch_0,stitch,-1
-2.0,-1.0,2003.0,lol_stitch_0,stitch,-1
-1.0,-2.0,2004.0,lol_stitch_0,stitch,-1
-2.0,-1.0,2005.0,lol_stitch_0,stitch,-1
0.0,-1.0,2006.0,lol_stitch_0,stitch,-1
-2.0,-1.0,2007.0,lol_stitch_0,stitch,-1
-1.0,-2.0,2008.0,lol_stitch_0,stitch,-1
-2.0,-1.0,2009.0,lol_stitch_0,stitch,-1
-1.0,-1.0,2010.0,lol_stitch_0,stitch,-1
-1.0,-1.0,2011.0,lol_stitch_0,stitch,-1
-1.0,-2.0,2012.0,lol_stitch_0,stitch,-1
-2.0,-1.0,2013.0,lol_stitch_0,stitch,-1
-1.0,-1.0,2014.0,lol_stitch_0,stitch,-1
-2.0,-2.0,2015.0,lol_stitch_0,stitch,-1
-1.0,0.0,2016.0,lol_stitch_0,stitch,-1
-1.0,-2.0,2017.0,lol_stitch_0,stitch,-1
-1.0,-1.0,2018.0,lol_stitch_0,stitch,-1
-2.0,-2.0,2019.0,lol_stitch_0,stitch,-1
-1.0,-1.0,2020.0,lol_stitch_0,stitch,-1
-2.0,-1.0,2021.0,lol_stitch_0,stitch,-1
0.0,-2.0,2022.0,lol_stitch_0,stitch,-1
-2.0,-1.0,2023.0,lol_stitch_0,stitch,-1
-1.0,-2.0,2024.0,lol_stitch_0,stitch,-1
-2.0,-2.0,2025.0,lol_stitch_0,stitch,-1
-1.0,-1.0,2026.0,lol_stitch_0,stitch,-1
-1.0,-1.0,2027.0,lol_stitch_0,stitch,-1
-1.0,-2.0,2028.0,lol_stitch_0,stitch,-1
-2.0,-2.0,2029.0,lol_stitch_0,stitch,-1
-1.0,-1.0,2030.0,lol_stitch_0,stitch,-1
-2.0,-1.0,2031.0,lol_stitch_0,stitch,-1
-1.0,-2.0,2032.0,lol_stitch_0,stitch,-1
-1.0,-1.0,2033.0,lol_stitch_0,stitch,-1
-1.0,-2.0,2034.0,lol_stitch_0,stitch,-1
-2.0,-1.0,2035.0,lol_stitch_0,stitch,-1
-2.0,-1.0,2036.0,lol_stitch_0,stitch,-1
-1.0,-2.0,2037.0,lol_stitch_0,stitch,-1
-1.0,-2.0,2038.0,lol_stitch_0,stitch,-1
-1.0,-1.0,2039.0,lol_stitch_0,stitch,-1
-2.0,-1.0,2040.0,lol_stitch_0,stitch,-1
-1.0,-2.0,2041.0,lol_stitch_0,stitch,-1
-1.0,-1.0,2042.0,lol_stitch_0,stitch,-1
-1.0,-2.0,2043.0,lol_stitch_0,stitch,-1
-2.0,-2.0,2044.0,lol_stitch_0,stitch,-1
-1.0,0.0,2045.0,lol_stitch_0,stitch,-1
-2.0,-2.0,2046.0,lol_stitch_0,stitch,-1
-2.0,-2.0,2047.0,lol_stitch_0,stitch,-1
0.0,-2.0,2048.0,lol_stitch_0,stitch,-1
-2.0,-1.0,2049.0,lol_stitch_0,stitch,-1
-1.0,0.0,2050.0,lol_stitch_0,stitch,-1
-2.0,-2.0,2051.0,lol_stitch_0,stitch,-1
-1.0,-2.0,2052.0,lol_stitch_0,stitch,-1
-1.0,-1.0,2053.0,lol_stitch_0,stitch,-1
-1.0,-2.0,2054.0,lol_stitch_0,stitch,-1
-2.0,0.0,2055.0,lol_stitch_0,stitch,-1
-1.0,-1.0,2056.0,lol_stitch_0,stitch,-1
-1.0,-2.0,2057.0,lol_stitch_0,stitch,-1
-2.0,-1.0,2058.0,lol_stitch_0,stitch,-1
0.0,-1.0,2059.0,lol_stitch_0,stitch,-1
-1.0,-1.0,2060.0,lol_stitch_0,stitch,-1
-2.0,-1.0,2062.0,lol_stitch_0,stitch,-1
-2.0,-2.0,2063.0,lol_stitch_0,stitch,-1
-2.0,-1.0,2064.0,lol_stitch_0,stitch,-1
0.0,-1.0,2065.0,lol_stitch_0,stitch,-1
-1.0,-1.0,2066.0,lol_stitch_0,stitch,-1
-2.0,-1.0,2068.0,lol_stitch_0,stitch,-1
-2.0,-1.0,2070.0,lol_stitch_0,stitch,-1
-2.0,-2.0,2072.0,lol_stitch_0,stitch,-1
-1.0,-2.0,2074.0,lol_stitch_0,stitch,-1
-2.0,-1.0,2075.0,lol_stitch_0,stitch,-1
-1.0,-1.0,2077.0,lol_stitch_0,stitch,-1
-1.0,-1.0,2078.0,lol_stitch_0,stitch,-1
-1.0,0.0,2079.0,lol_stitch_0,stitch,-1
-1.0,-1.0,2080.0,lol_stitch_0,stitch,-1
0.0,-1.0,2081.0,lol_stitch_0,stitch,-1
-1.0,-1.0,2083.0,lol_stitch_0,stitch,-1
-2.0,-1.0,2084.0,lol_stitch_0,stitch,-1
0.0,-1.0,2086.0,lol_stitch_0,stitch,-1
-2.0,-1.0,2088.0,lol_stitch_0,stitch,-1
-1.0,-1.0,2090.0,lol_stitch_0,stitch,-1
-1.0,0.0,2092.0,lol_stitch_0,stitch,-1
0.0,-1.0,2094.0,lol_stitch_0,stitch,-1
-1.0,-1.0,2097.0,lol_stitch_0,stitch,-1
-1.0,-1.0,2100.0,lol_stitch_0,stitch,-1
-1.0,-1.0,2103.0,lol_stitch_0,stitch,-1
-1.0,-1.0,2109.0,lol_stitch_0,stitch,-1
0.0,-1.0,2110.0,lol_stitch_0,stitch,-1
-1.0,0.0,2274.0,lol_stitch_0,stitch,-1
0.0,0.0,2288.0,lol_stitch_0,stitch,-1
1.0,0.0,2291.0,lol_stitch_0,stitch,-1
1.0,1.0,2293.0,lol_stitch_0,stitch,-1
1.0,1.0,2294.0,lol_stitch_0,stitch,-1
1.0,0.0,2296.0,lol_stitch_0,stitch,-1
1.0,1.0,2298.0,lol_stitch_0,stitch,-1
1.0,2.0,2299.0,lol_stitch_0,stitch,-1
1.0,0.0,2300.0,lol_stitch_0,stitch,-1
1.0,1.0,2301.0,lol_stitch_0,stitch,-1
1.0,0.0,2302.0,lol_stitch_0,stitch,-1
1.0,1.0,2303.0,lol_stitch_0,stitch,-1
1.0,1.0,2304.0,lol_stitch_0,stitch,-1
1.0,0.0,2305.0,lol_stitch_0,stitch,-1
1.0,2.0,2306.0,lol_stitch_0,stitch,-1
1.0,0.0,2307.0,lol_stitch_0,stitch,-1
2.0,2.0,2308.0,lol_stitch_0,stitch,-1
1.0,1.0,2309.0,lol_stitch_0,stitch,-1
2.0,0.0,2310.0,lol_stitch_0,stitch,-1
0.0,1.0,2311.0,lol_stitch_0,stitch,-1
2.0,1.0,2312.0,lol_stitch_0,stitch,-1
2.0,2.0,2313.0,lol_stitch_0,stitch,-1
2.0,1.0,2314.0,lol_stitch_0,stitch,-1
1.0,2.0,2315.0,lol_stitch_0,stitch,-1
1.0,1.0,2316.0,lol_stitch_0,stitch,-1
2.0,1.0,2317.0,lol_stitch_0,stitch,-1
2.0,2.0,2318.0,lol_stitch_0,stitch,-1
1.0,1.0,2319.0,lol_stitch_0,stitch,-1
1.0,2.0,2320.0,lol_stitch_0,stitch,-1
2.0,1.0,2321.0,lol_stitch_0,stitch,-1
2.0,2.0,2322.0,lol_stitch_0,stitch,-1
2.0,1.0,2323.0,lol_stitch_0,stitch,-1
1.0,2.0,2324.0,lol_stitch_0,stitch,-1
1.0,1.0,2325.0,lol_stitch_0,stitch,-1
2.0,2.0,2326.0,lol_stitch_0,stitch,-1
2.0,2.0,2327.0,lol_stitch_0,stitch,-1
1.0,2.0,2328.0,lol_stitch_0,stitch,-1
1.0,1.0,2329.0,lol_stitch_0,stitch,-1
2.0,1.0,2330.0,lol_stitch_0,stitch,-1
2.0,2.0,2331.0,lol_stitch_0,stitch,-1
2.0,2.0,2332.0,lol_stitch_0,stitch,-1
1.0,2.0,2333.0,lol_stitch_0,stitch,-1
2.0,1.0,2334.0,lol_stitch_0,stitch,-1
2.0,3.0,2335.0,lol_stitch_0,stitch,-1
2.0,2.0,2336.0,lol_stitch_0,stitch,-1
1.0,1.0,2337.0,lol_stitch_0,stitch,-1
1.0,2.0,2338.0,lol_stitch_0,stitch,-1
2.0,2.0,2339.0,lol_stitch_0,stitch,-1
2.0,2.0,2340.0,lol_stitch_0,stitch,-1
2.0,1.0,2341.0,lol_stitch_0,stitch,-1
1.0,2.0,2342.0,lol_stitch_0,stitch,-1
2.0,3.0,2343.0,lol_stitch_0,stitch,-1
2.0,2.0,2344.0,lol_stitch_0,stitch,-1
2.0,1.0,2345.0,lol_stitch_0,stitch,-1
1.0,3.0,2346.0,lol_stitch_0,stitch,-1
2.0,2.0,2347.0,lol_stitch_0,stitch,-1
3.0,1.0,2348.0,lol_stitch_0,stitch,-1
1.0,3.0,2349.0,lol_stitch_0,stitch,-1
2.0,2.0,2350.0,lol_stitch_0,stitch,-1
2.0,2.0,2351.0,lol_stitch_0,stitch,-1
2.0,2.0,2352.0,lol_stitch_0,stitch,-1
1.0,2.0,2353.0,lol_stitch_0,stitch,-1
3.0,3.0,2354.0,lol_stitch_0,stitch,-1
3.0,2.0,2355.0,lol_stitch_0,stitch,-1
1.0,3.0,2356.0,lol_stitch_0,stitch,-1
3.0,2.0,2357.0,lol_stitch_0,stitch,-1
2.0,2.0,2358.0,lol_stitch_0,stitch,-1
2.0,3.0,2359.0,lol_stitch_0,stitch,-1
2.0,2.0,2360.0,lol_stitch_0,stitch,-1
2.0,3.0,2361.0,lol_stitch_0,stitch,-1
3.0,2.0,2362.0,lol_stitch_0,stitch,-1
2.0,2.0,2363.0,lol_stitch_0,stitch,-1
3.0,3.0,2364.0,lol_stitch_0,stitch,-1
2.0,3.0,2365.0,lol_stitch_0,stitch,-1
2.0,2.0,2366.0,lol_stitch_0,stitch,-1
3.0,3.0,2367.0,lol_stitch_0,stitch,-1
2.0,3.0,2368.0,lol_stitch_0,stitch,-1
4.0,2.0,2369.0,lol_stitch_0,stitch,-1
3.0,4.0,2370.0,lol_stitch_0,stitch,-1
2.0,2.0,2371.0,lol_stitch_0,stitch,-1
3.0,3.0,2372.0,lol_stitch_0,stitch,-1
2.0,3.0,2373.0,lol_stitch_0,stitch,-1
3.0,2.0,2374.0,lol_stitch_0,stitch,-1
3.0,4.0,2375.0,lol_stitch_0,stitch,-1
4.0,3.0,2376.0,lol_stitch_0,stitch,-1
3.0,3.0,2377.0,lol_stitch_0,stitch,-1
2.0,3.0,2378.0,lol_stitch_0,stitch,-1
4.0,3.0,2379.0,lol_stitch_0,stitch,-1
2.0,3.0,2380.0,lol_stitch_0,stitch,-1
4.0,3.0,2381.0,lol_stitch_0,stitch,-1
3.0,4.0,2382.0,lol_stitch_0,stitch,-1
3.0,2.0,2383.0,lol_stitch_0,stitch,-1
4.0,4.0,2384.0,lol_stitch_0,stitch,-1
3.0,2.0,2385.0,lol_stitch_0,stitch,-1
4.0,4.0,2386.0,lol_stitch_0,stitch,-1
2.0,3.0,2387.0,lol_stitch_0,stitch,-1
4.0,3.0,2388.0,lol_stitch_0,stitch,-1
3.0,3.0,2389.0,lol_stitch_0,stitch,-1
4.0,3.0,2390.0,lol_stitch_0,stitch,-1
3.0,4.0,2391.0,lol_stitch_0,stitch,-1
4.0,3.0,2392.0,lol_stitch_0,stitch,-1
3.0,4.0,2393.0,lol_stitch_0,stitch,-1
4.0,2.0,2394.0,lol_stitch_0,stitch,-1
3.0,4.0,2395.0,lol_stitch_0,stitch,-1
4.0,3.0,2396.0,lol_stitch_0,stitch,-1
4.0,5.0,2397.0,lol_stitch_0,stitch,-1
4.0,3.0,2398.0,lol_stitch_0,stitch,-1
3.0,4.0,2399.0,lol_stitch_0,stitch,-1
4.0,3.0,2400.0,lol_stitch_0,stitch,-1
3.0,4.0,2401.0,lol_stitch_0,stitch,-1
4.0,3.0,2402.0,lol_stitch_0,stitch,-1
3.0,4.0,2403.0,lol_stitch_0,stitch,-1
4.0,3.0,2404.0,lol_stitch_0,stitch,-1
3.0,4.0,2405.0,lol_stitch_0,stitch,-1
4.0,3.0,2406.0,lol_stitch_0,stitch,-1
3.0,4.0,2407.0,lol_stitch_0,stitch,-1
4.0,3.0,2408.0,lol_stitch_0,stitch,-1
2.0,4.0,2409.0,lol_stitch_0,stitch,-1
4.0,4.0,2410.0,lol_stitch_0,stitch,-1
3.0,3.0,2411.0,lol_stitch_0,stitch,-1
4.0,4.0,2412.0,lol_stitch_0,stitch,-1
3.0,4.0,2413.0,lol_stitch_0,stitch,-1
4.0,4.0,2414.0,lol_stitch_0,stitch,-1
3.0,3.0,2415.0,lol_stitch_0,stitch,-1
4.0,5.0,2416.0,lol_stitch_0,stitch,-1
4.0,4.0,2417.0,lol_stitch_0,stitch,-1
4.0,4.0,2418.0,lol_stitch_0,stitch,-1
3.0,4.0,2419.0,lol_stitch_0,stitch,-1
4.0,4.0,2420.0,lol_stitch_0,stitch,-1
3.0,5.0,2421.0,lol_stitch_0,stitch,-1
4.0,3.0,2422.0,lol_stitch_0,stitch,-1
3.0,5.0,2423.0,lol_stitch_0,stitch,-1
4.0,4.0,2424.0,lol_stitch_0,stitch,-1
3.0,4.0,2425.0,lol_stitch_0,stitch,-1
4.0,5.0,2426.0,lol_stitch_0,stitch,-1
3.0,4.0,2427.0,lol_stitch_0,stitch,-1
3.0,4.0,2428.0,lol_stitch_0,stitch,-1
3.0,4.0,2429.0,lol_stitch_0,stitch,-1
4.0,4.0,2430.0,lol_stitch_0,stitch,-1
3.0,5.0,2431.0,lol_stitch_0,stitch,-1
3.0,4.0,2432.0,lol_stitch_0,stitch,-1
3.0,4.0,2433.0,lol_stitch_0,stitch,-1
3.0,4.0,2434.0,lol_stitch_0,stitch,-1
3.0,4.0,2435.0,lol_stitch_0,stitch,-1
4.0,5.0,2436.0,lol_stitch_0,stitch,-1
3.0,4.0,2437.0,lol_stitch_0,stitch,-1
4.0,4.0,2438.0,lol_stitch_0,stitch,-1
3.0,5.0,2439.0,lol_stitch_0,stitch,-1
2.0,4.0,2440.0,lol_stitch_0,stitch,-1
4.0,4.0,2441.0,lol_stitch_0,stitch,-1
2.0,4.0,2442.0,lol_stitch_0,stitch,-1
3.0,4.0,2443.0,lol_stitch_0,stitch,-1
3.0,4.0,2444.0,lol_stitch_0,stitch,-1
2.0,3.0,2445.0,lol_stitch_0,stitch,-1
3.0,5.0,2446.0,lol_stitch_0,stitch,-1
2.0,3.0,2447.0,lol_stitch_0,stitch,-1
3.0,4.0,2448.0,lol_stitch_0,stitch,-1
3.0,3.0,2449.0,lol_stitch_0,stitch,-1
2.0,4.0,2450.0,lol_stitch_0,stitch,-1
3.0,3.0,2451.0,lol_stitch_0,stitch,-1
3.0,4.0,2452.0,lol_stitch_0,stitch,-1
1.0,3.0,2453.0,lol_stitch_0,stitch,-1
3.0,4.0,2454.0,lol_stitch_0,stitch,-1
3.0,3.0,2455.0,lol_stitch_0,stitch,-1
2.0,4.0,2456.0,lol_stitch_0,stitch,-1
2.0,3.0,2457.0,lol_stitch_0,stitch,-1
3.0,3.0,2458.0,lol_stitch_0,stitch,-1
2.0,4.0,2459.0,lol_stitch_0,stitch,-1
2.0,3.0,2460.0,lol_stitch_0,stitch,-1
3.0,3.0,2461.0,lol_stitch_0,stitch,-1
1.0,3.0,2462.0,lol_stitch_0,stitch,-1
3.0,3.0,2463.0,lol_stitch_0,stitch,-1
2.0,2.0,2464.0,lol_stitch_0,stitch,-1
1.0,3.0,2465.0,lol_stitch_0,stitch,-1
3.0,3.0,2466.0,lol_stitch_0,stitch,-1
2.0,2.0,2467.0,lol_stitch_0,stitch,-1
2.0,3.0,2468.0,lol_stitch_0,stitch,-1
2.0,2.0,2469.0,lol_stitch_0,stitch,-1
2.0,2.0,2470.0,lol_stitch_0,stitch,-1
2.0,3.0,2471.0,lol_stitch_0,stitch,-1
1.0,2.0,2472.0,lol_stitch_0,stitch,-1
3.0,2.0,2473.0,lol_stitch_0,stitch,-1
2.0,2.0,2474.0,lol_stitch_0,stitch,-1
2.0,3.0,2475.0,lol_stitch_0,stitch,-1
1.0,1.0,2476.0,lol_stitch_0,stitch,-1
2.0,2.0,2477.0,lol_stitch_0,stitch,-1
3.0,2.0,2478.0,lol_stitch_0,stitch,-1
1.0,2.0,2479.0,lol_stitch_0,stitch,-1
3.0,2.0,2480.0,lol_stitch_0,stitch,-1
2.0,2.0,2481.0,lol_stitch_0,stitch,-1
2.0,2.0,2482.0,lol_stitch_0,stitch,-1
1.0,1.0,2483.0,lol_stitch_0,stitch,-1
2.0,2.0,2484.0,lol_stitch_0,stitch,-1
2.0,2.0,2485.0,lol_stitch_0,stitch,-1
2.0,2.0,2486.0,lol_stitch_0,stitch,-1
1.0,1.0,2487.0,lol_stitch_0,stitch,-1
2.0,2.0,2488.0,lol_stitch_0,stitch,-1
2.0,2.0,2489.0,lol_stitch_0,stitch,-1
2.0,1.0,2490.0,lol_stitch_0,stitch,-1
1.0,2.0,2491.0,lol_stitch_0,stitch,-1
2.0,1.0,2492.0,lol_stitch_0,stitch,-1
2.0,1.0,2493.0,lol_stitch_0,stitch,-1
2.0,2.0,2494.0,lol_stitch_0,stitch,-1
1.0,2.0,2496.0,lol_stitch_0,stitch,-1
3.0,2.0,2497.0,lol_stitch_0,stitch,-1
2.0,1.0,2498.0,lol_stitch_0,stitch,-1
1.0,2.0,2499.0,lol_stitch_0,stitch,-1
2.0,2.0,2500.0,lol_stitch_0,stitch,-1
2.0,1.0,2501.0,lol_stitch_0,stitch,-1
2.0,1.0,2502.0,lol_stitch_0,stitch,-1
1.0,1.0,2503.0,lol_stitch_0,stitch,-1
1.0,2.0,2504.0,lol_stitch_0,stitch,-1
2.0,1.0,2505.0,lol_stitch_0,stitch,-1
2.0,1.0,2506.0,lol_stitch_0,stitch,-1
2.0,1.0,2508.0,lol_stitch_0,stitch,-1
2.0,2.0,2509.0,lol_stitch_0,stitch,-1
2.0,2.0,2510.0,lol_stitch_0,stitch,-1
1.0,1.0,2511.0,lol_stitch_0,stitch,-1
2.0,1.0,2512.0,lol_stitch_0,stitch,-1
1.0,1.0,2513.0,lol_stitch_0,stitch,-1
1.0,1.0,2514.0,lol_stitch_0,stitch,-1
2.0,1.0,2515.0,lol_stitch_0,stitch,-1
2.0,1.0,2516.0,lol_stitch_0,stitch,-1
1.0,1.0,2517.0,lol_stitch_0,stitch,-1
1.0,2.0,2518.0,lol_stitch_0,stitch,-1
2.0,1.0,2519.0,lol_stitch_0,stitch,-1
2.0,0.0,2520.0,lol_stitch_0,stitch,-1
1.0,1.0,2521.0,lol_stitch_0,stitch,-1
1.0,2.0,2522.0,lol_stitch_0,stitch,-1
2.0,1.0,2523.0,lol_stitch_0,stitch,-1
1.0,1.0,2524.0,lol_stitch_0,stitch,-1
2.0,1.0,2525.0,lol_stitch_0,stitch,-1
1.0,1.0,2526.0,lol_stitch_0,stitch,-1
1.0,0.0,2527.0,lol_stitch_0,stitch,-1
1.0,1.0,2528.0,lol_stitch_0,stitch,-1
2.0,1.0,2529.0,lol_stitch_0,stitch,-1
2.0,1.0,2531.0,lol_stitch_0,stitch,-1
2.0,2.0,2532.0,lol_stitch_0,stitch,-1
1.0,1.0,2533.0,lol_stitch_0,stitch,-1
2.0,1.0,2535.0,lol_stitch_0,stitch,-1
2.0,0.0,2536.0,lol_stitch_0,stitch,-1
2.0,1.0,2537.0,lol_stitch_0,stitch,-1
0.0,1.0,2538.0,lol_stitch_0,stitch,-1
2.0,1.0,2539.0,lol_stitch_0,stitch,-1
1.0,1.0,2540.0,lol_stitch_0,stitch,-1
2.0,1.0,2542.0,lol_stitch_0,stitch,-1
2.0,1.0,2543.0,lol_stitch_0,stitch,-1
0.0,1.0,2544.0,lol_stitch_0,stitch,-1
1.0,0.0,2545.0,lol_stitch_0,stitch,-1
1.0,1.0,2546.0,lol_stitch_0,stitch,-1
1.0,0.0,2547.0,lol_stitch_0,stitch,-1
1.0,1.0,2548.0,lol_stitch_0,stitch,-1
1.0,1.0,2549.0,lol_stitch_0,stitch,-1
2.0,1.0,2551.0,lol_stitch_0,stitch,-1
1.0,1.0,2553.0,lol_stitch_0,stitch,-1
2.0,1.0,2554.0,lol_stitch_0,stitch,-1
0.0,1.0,2555.0,lol_stitch_0,stitch,-1
2.0,0.0,2557.0,lol_stitch_0,stitch,-1
1.0,1.0,2558.0,lol_stitch_0,stitch,-1
1.0,1.0,2559.0,lol_stitch_0,stitch,-1
0.0,1.0,2560.0,lol_stitch_0,stitch,-1
1.0,1.0,2562.0,lol_stitch_0,stitch,-1
2.0,1.0,2564.0,lol_stitch_0,stitch,-1
1.0,1.0,2565.0,lol_stitch_0,stitch,-1
1.0,1.0,2566.0,lol_stitch_0,stitch,-1
1.0,0.0,2568.0,lol_stitch_0,stitch,-1
1.0,1.0,2569.0,lol_stitch_0,stitch,-1
0.0,1.0,2570.0,lol_stitch_0,stitch,-1
1.0,1.0,2572.0,lol_stitch_0,stitch,-1
1.0,2.0,2574.0,lol_stitch_0,stitch,-1
1.0,1.0,2575.0,lol_stitch_0,stitch,-1
1.0,1.0,2576.0,lol_stitch_0,stitch,-1
0.0,0.0,2577.0,lol_stitch_0,stitch,-1
1.0,1.0,2578.0,lol_stitch_0,stitch,-1
1.0,1.0,2580.0,lol_stitch_0,stitch,-1
1.0,1.0,2581.0,lol_stitch_0,stitch,-1
0.0,1.0,2582.0,lol_stitch_0,stitch,-1
0.0,1.0,2583.0,lol_stitch_0,stitch,-1
1.0,1.0,2585.0,lol_stitch_0,stitch,-1
1.0,1.0,2587.0,lol_stitch_0,stitch,-1
1.0,1.0,2588.0,lol_stitch_0,stitch,-1
1.0,1.0,2590.0,lol_stitch_0,stitch,-1
1.0,2.0,2592.0,lol_stitch_0,stitch,-1
1.0,1.0,2593.0,lol_stitch_0,stitch,-1
0.0,1.0,2594.0,lol_stitch_0,stitch,-1
1.0,1.0,2596.0,lol_stitch_0,stitch,-1
0.0,0.0,2597.0,lol_stitch_0,stitch,-1
1.0,1.0,2599.0,lol_stitch_0,stitch,-1
1.0,2.0,2601.0,lol_stitch_0,stitch,-1
1.0,1.0,2602.0,lol_stitch_0,stitch,-1
1.0,1.0,2604.0,lol_stitch_0,stitch,-1
1.0,2.0,2606.0,lol_stitch_0,stitch,-1
1.0,0.0,2607.0,lol_stitch_0,stitch,-1
1.0,1.0,2609.0,lol_stitch_0,stitch,-1
0.0,1.0,2610.0,lol_stitch_0,stitch,-1
0.0,1.0,2611.0,lol_stitch_0,stitch,-1
1.0,1.0,2613.0,lol_stitch_0,stitch,-1
1.0,2.0,2614.0,lol_stitch_0,stitch,-1
1.0,1.0,2615.0,lol_stitch_0,stitch,-1
1.0,0.0,2616.0,lol_stitch_0,stitch,-1
1.0,0.0,2617.0,lol_stitch_0,stitch,-1
0.0,1.0,2618.0,lol_stitch_0,stitch,-1
1.0,1.0,2619.0,lol_stitch_0,stitch,-1
1.0,1.0,2620.0,lol_stitch_0,stitch,-1
0.0,1.0,2621.0,lol_stitch_0,stitch,-1
1.0,1.0,2622.0,lol_stitch_0,stitch,-1
1.0,1.0,2623.0,lol_stitch_0,stitch,-1
1.0,1.0,2624.0,lol_stitch_0,stitch,-1
0.0,1.0,2625.0,lol_stitch_0,stitch,-1
1.0,1.0,2626.0,lol_stitch_0,stitch,-1
2.0,1.0,2628.0,lol_stitch_0,stitch,-1
1.0,2.0,2629.0,lol_stitch_0,stitch,-1
0.0,1.0,2630.0,lol_stitch_0,stitch,-1
1.0,1.0,2631.0,lol_stitch_0,stitch,-1
1.0,1.0,2632.0,lol_stitch_0,stitch,-1
1.0,1.0,2633.0,lol_stitch_0,stitch,-1
1.0,1.0,2634.0,lol_stitch_0,stitch,-1
1.0,2.0,2635.0,lol_stitch_0,stitch,-1
1.0,2.0,2636.0,lol_stitch_0,stitch,-1
1.0,0.0,2637.0,lol_stitch_0,stitch,-1
0.0,2.0,2638.0,lol_stitch_0,stitch,-1
1.0,1.0,2639.0,lol_stitch_0,stitch,-1
1.0,2.0,2640.0,lol_stitch_0,stitch,-1
1.0,2.0,2641.0,lol_stitch_0,stitch,-1
1.0,1.0,2642.0,lol_stitch_0,stitch,-1
1.0,2.0,2643.0,lol_stitch_0,stitch,-1
2.0,3.0,2644.0,lol_stitch_0,stitch,-1
0.0,1.0,2645.0,lol_stitch_0,stitch,-1
0.0,2.0,2646.0,lol_stitch_0,stitch,-1
1.0,3.0,2647.0,lol_stitch_0,stitch,-1
1.0,2.0,2648.0,lol_stitch_0,stitch,-1
1.0,2.0,2649.0,lol_stitch_0,stitch,-1
1.0,3.0,2650.0,lol_stitch_0,stitch,-1
0.0,2.0,2651.0,lol_stitch_0,stitch,-1
1.0,3.0,2652.0,lol_stitch_0,stitch,-1
1.0,4.0,2653.0,lol_stitch_0,stitch,-1
1.0,3.0,2654.0,lol_stitch_0,stitch,-1
0.0,3.0,2655.0,lol_stitch_0,stitch,-1
0.0,3.0,2656.0,lol_stitch_0,stitch,-1
1.0,4.0,2657.0,lol_stitch_0,stitch,-1
0.0,4.0,2658.0,lol_stitch_0,stitch,-1
1.0,4.0,2659.0,lol_stitch_0,stitch,-1
0.0,4.0,2660.0,lol_stitch_0,stitch,-1
1.0,4.0,2661.0,lol_stitch_0,stitch,-1
0.0,5.0,2662.0,lol_stitch_0,stitch,-1
1.0,5.0,2663.0,lol_stitch_0,stitch,-1
0.0,4.0,2664.0,lol_stitch_0,stitch,-1
0.0,7.0,2665.0,lol_stitch_0,stitch,-1
1.0,6.0,2666.0,lol_stitch_0,stitch,-1
0.0,6.0,2667.0,lol_stitch_0,stitch,-1
0.0,6.0,2668.0,lol_stitch_0,stitch,-1
1.0,6.0,2669.0,lol_stitch_0,stitch,-1
0.0,7.0,2670.0,lol_stitch_0,stitch,-1
0.0,6.0,2671.0,lol_stitch_0,stitch,-1
0.0,7.0,2672.0,lol_stitch_0,stitch,-1
0.0,8.0,2673.0,lol_stitch_0,stitch,-1
0.0,7.0,2674.0,lol_stitch_0,stitch,-1
0.0,8.0,2675.0,lol_stitch_0,stitch,-1
0.0,8.0,2676.0,lol_stitch_0,stitch,-1
0.0,8.0,2677.0,lol_stitch_0,stitch,-1
-1.0,8.0,2678.0,lol_stitch_0,stitch,-1
0.0,9.0,2679.0,lol_stitch_0,stitch,-1
0.0,9.0,2680.0,lol_stitch_0,stitch,-1
-1.0,9.0,2681.0,lol_stitch_0,stitch,-1
-1.0,9.0,2682.0,lol_stitch_0,stitch,-1
0.0,10.0,2683.0,lol_stitch_0,stitch,-1
-1.0,9.0,2684.0,lol_stitch_0,stitch,-1
-1.0,10.0,2685.0,lol_stitch_0,stitch,-1
0.0,13.0,2686.0,lol_stitch_0,stitch,-1
-1.0,11.0,2687.0,lol_stitch_0,stitch,-1
0.0,10.0,2688.0,lol_stitch_0,stitch,-1
-1.0,11.0,2689.0,lol_stitch_0,stitch,-1
0.0,11.0,2690.0,lol_stitch_0,stitch,-1
-1.0,11.0,2691.0,lol_stitch_0,stitch,-1
-1.0,13.0,2692.0,lol_stitch_0,stitch,-1
0.0,12.0,2693.0,lol_stitch_0,stitch,-1
-1.0,12.0,2694.0,lol_stitch_0,stitch,-1
-1.0,12.0,2695.0,lol_stitch_0,stitch,-1
0.0,14.0,2696.0,lol_stitch_0,stitch,-1
-1.0,12.0,2697.0,lol_stitch_0,stitch,-1
0.0,13.0,2698.0,lol_stitch_0,stitch,-1
-1.0,13.0,2699.0,lol_stitch_0,stitch,-1
0.0,13.0,2700.0,lol_stitch_0,stitch,-1
0.0,13.0,2701.0,lol_stitch_0,stitch,-1
0.0,13.0,2702.0,lol_stitch_0,stitch,-1
0.0,14.0,2703.0,lol_stitch_0,stitch,-1
-1.0,3.0,2704.0,lol_stitch_0,stitch,-1
0.0,0.0,2705.0,lol_stitch_0,stitch,-1
0.0,0.0,2706.0,lol_stitch_0,stitch,-1
0.0,0.0,2707.0,lol_stitch_0,stitch,-1
0.0,0.0,2708.0,lol_stitch_0,stitch,-1
0.0,0.0,2709.0,lol_stitch_0,stitch,-1
0.0,0.0,2710.0,lol_stitch_0,stitch,-1
0.0,0.0,2711.0,lol_stitch_0,stitch,-1
0.0,0.0,2712.0,lol_stitch_0,stitch,-1
0.0,0.0,2713.0,lol_stitch_0,stitch,-1
0.0,0.0,2714.0,lol_stitch_0,stitch,-1
1.0,0.0,2715.0,lol_stitch_0,stitch,-1
0.0,0.0,2716.0,lol_stitch_0,stitch,-1
0.0,0.0,2717.0,lol_stitch_0,stitch,-1
0.0,0.0,2718.0,lol_stitch_0,stitch,-1
1.0,0.0,2719.0,lol_stitch_0,stitch,-1
1.0,0.0,2720.0,lol_stitch_0,stitch,-1
1.0,0.0,2721.0,lol_stitch_0,stitch,-1
1.0,0.0,2722.0,lol_stitch_0,stitch,-1
0.0,0.0,2723.0,lol_stitch_0,stitch,-1
1.0,0.0,2724.0,lol_stitch_0,stitch,-1
1.0,0.0,2725.0,lol_stitch_0,stitch,-1
1.0,0.0,2726.0,lol_stitch_0,stitch,-1
0.0,0.0,2727.0,lol_stitch_0,stitch,-1
1.0,0.0,2728.0,lol_stitch_0,stitch,-1
1.0,0.0,2729.0,lol_stitch_0,stitch,-1
1.0,0.0,2730.0,lol_stitch_0,stitch,-1
1.0,0.0,2731.0,lol_stitch_0,stitch,-1
0.0,0.0,2732.0,lol_stitch_0,stitch,-1
1.0,0.0,2733.0,lol_stitch_0,stitch,-1
1.0,0.0,2734.0,lol_stitch_0,stitch,-1
1.0,0.0,2735.0,lol_stitch_0,stitch,-1
0.0,0.0,2736.0,lol_stitch_0,stitch,-1
1.0,0.0,2737.0,lol_stitch_0,stitch,-1
1.0,0.0,2738.0,lol_stitch_0,stitch,-1
1.0,0.0,2739.0,lol_stitch_0,stitch,-1
1.0,0.0,2740.0,lol_stitch_0,stitch,-1
1.0,0.0,2741.0,lol_stitch_0,stitch,-1
1.0,0.0,2742.0,lol_stitch_0,stitch,-1
1.0,0.0,2743.0,lol_stitch_0,stitch,-1
0.0,0.0,2744.0,lol_stitch_0,stitch,-1
1.0,0.0,2745.0,lol_stitch_0,stitch,-1
1.0,0.0,2746.0,lol_stitch_0,stitch,-1
1.0,0.0,2747.0,lol_stitch_0,stitch,-1
0.0,0.0,2748.0,lol_stitch_0,stitch,-1
1.0,0.0,2749.0,lol_stitch_0,stitch,-1
1.0,0.0,2750.0,lol_stitch_0,stitch,-1
1.0,0.0,2751.0,lol_stitch_0,stitch,-1
0.0,0.0,2752.0,lol_stitch_0,stitch,-1
1.0,0.0,2753.0,lol_stitch_0,stitch,-1
0.0,0.0,2754.0,lol_stitch_0,stitch,-1
0.0,0.0,2755.0,lol_stitch_0,stitch,-1
1.0,0.0,2756.0,lol_stitch_0,stitch,-1
1.0,0.0,2757.0,lol_stitch_0,stitch,-1
0.0,0.0,2758.0,lol_stitch_0,stitch,-1
0.0,0.0,2759.0,lol_stitch_0,stitch,-1
1.0,0.0,2760.0,lol_stitch_0,stitch,-1
1.0,0.0,2761.0,lol_stitch_0,stitch,-1
0.0,0.0,2762.0,lol_stitch_0,stitch,-1
0.0,0.0,2763.0,lol_stitch_0,stitch,-1
1.0,0.0,2764.0,lol_stitch_0,stitch,-1
0.0,0.0,2765.0,lol_stitch_0,stitch,-1
1.0,0.0,2766.0,lol_stitch_0,stitch,-1
0.0,0.0,2767.0,lol_stitch_0,stitch,-1
1.0,0.0,2768.0,lol_stitch_0,stitch,-1
0.0,0.0,2769.0,lol_stitch_0,stitch,-1
0.0,0.0,2770.0,lol_stitch_0,stitch,-1
0.0,0.0,2771.0,lol_stitch_0,stitch,-1
0.0,0.0,2772.0,lol_stitch_0,stitch,-1
1.0,0.0,2773.0,lol_stitch_0,stitch,-1
0.0,0.0,2774.0,lol_stitch_0,stitch,-1
0.0,0.0,2775.0,lol_stitch_0,stitch,-1
1.0,0.0,2776.0,lol_stitch_0,stitch,-1
0.0,0.0,2777.0,lol_stitch_0,stitch,-1
1.0,0.0,2778.0,lol_stitch_0,stitch,-1
0.0,0.0,2779.0,lol_stitch_0,stitch,-1
0.0,0.0,2780.0,lol_stitch_0,stitch,-1
1.0,0.0,2781.0,lol_stitch_0,stitch,-1
0.0,0.0,2782.0,lol_stitch_0,stitch,-1
1.0,0.0,2783.0,lol_stitch_0,stitch,-1
0.0,0.0,2784.0,lol_stitch_0,stitch,-1
1.0,0.0,2785.0,lol_stitch_0,stitch,-1
0.0,0.0,2786.0,lol_stitch_0,stitch,-1
1.0,0.0,2787.0,lol_stitch_0,stitch,-1
0.0,0.0,2788.0,lol_stitch_0,stitch,-1
0.0,0.0,2789.0,lol_stitch_0,stitch,-1
0.0,0.0,2790.0,lol_stitch_0,stitch,-1
1.0,0.0,2792.0,lol_stitch_0,stitch,-1
1.0,0.0,2795.0,lol_stitch_0,stitch,-1
1.0,0.0,2799.0,lol_stitch_0,stitch,-1
1.0,0.0,2804.0,lol_stitch_0,stitch,-1
1.0,0.0,2807.0,lol_stitch_0,stitch,-1
1.0,-1.0,2810.0,lol_stitch_0,stitch,-1
0.0,-1.0,2812.0,lol_stitch_0,stitch,-1
0.0,-1.0,2813.0,lol_stitch_0,stitch,-1
1.0,-1.0,2815.0,lol_stitch_0,stitch,-1
0.0,-1.0,2816.0,lol_stitch_0,stitch,-1
0.0,0.0,2817.0,lol_stitch_0,stitch,-1
0.0,-1.0,2818.0,lol_stitch_0,stitch,-1
0.0,-1.0,2819.0,lol_stitch_0,stitch,-1
0.0,-1.0,2820.0,lol_stitch_0,stitch,-1
0.0,-1.0,2821.0,lol_stitch_0,stitch,-1
0.0,-2.0,2823.0,lol_stitch_0,stitch,-1
0.0,-1.0,2824.0,lol_stitch_0,stitch,-1
0.0,-2.0,2826.0,lol_stitch_0,stitch,-1
0.0,-3.0,2827.0,lol_stitch_0,stitch,-1
0.0,-2.0,2828.0,lol_stitch_0,stitch,-1
0.0,-1.0,2829.0,lol_stitch_0,stitch,-1
0.0,-2.0,2830.0,lol_stitch_0,stitch,-1
0.0,-2.0,2831.0,lol_stitch_0,stitch,-1
0.0,-2.0,2832.0,lol_stitch_0,stitch,-1
0.0,-2.0,2833.0,lol_stitch_0,stitch,-1
0.0,-2.0,2834.0,lol_stitch_0,stitch,-1
0.0,-3.0,2835.0,lol_stitch_0,stitch,-1
0.0,-1.0,2836.0,lol_stitch_0,stitch,-1
0.0,-3.0,2837.0,lol_stitch_0,stitch,-1
0.0,-3.0,2838.0,lol_stitch_0,stitch,-1
0.0,-2.0,2839.0,lol_stitch_0,stitch,-1
-1.0,-3.0,2840.0,lol_stitch_0,stitch,-1
-1.0,-2.0,2841.0,lol_stitch_0,stitch,-1
0.0,-3.0,2842.0,lol_stitch_0,stitch,-1
-1.0,-3.0,2843.0,lol_stitch_0,stitch,-1
0.0,-3.0,2844.0,lol_stitch_0,stitch,-1
-1.0,-3.0,2845.0,lol_stitch_0,stitch,-1
-1.0,-3.0,2846.0,lol_stitch_0,stitch,-1
-1.0,-3.0,2847.0,lol_stitch_0,stitch,-1
0.0,-3.0,2848.0,lol_stitch_0,stitch,-1
-1.0,-4.0,2849.0,lol_stitch_0,stitch,-1
0.0,-3.0,2850.0,lol_stitch_0,stitch,-1
-1.0,-3.0,2851.0,lol_stitch_0,stitch,-1
-1.0,-4.0,2852.0,lol_stitch_0,stitch,-1
-1.0,-3.0,2853.0,lol_stitch_0,stitch,-1
-1.0,-4.0,2854.0,lol_stitch_0,stitch,-1
-1.0,-3.0,2855.0,lol_stitch_0,stitch,-1
-1.0,-4.0,2856.0,lol_stitch_0,stitch,-1
-1.0,-3.0,2857.0,lol_stitch_0,stitch,-1
0.0,-4.0,2858.0,lol_stitch_0,stitch,-1
-1.0,-3.0,2859.0,lol_stitch_0,stitch,-1
-1.0,-4.0,2860.0,lol_stitch_0,stitch,-1
-2.0,-3.0,2861.0,lol_stitch_0,stitch,-1
-1.0,-4.0,2862.0,lol_stitch_0,stitch,-1
-1.0,-4.0,2863.0,lol_stitch_0,stitch,-1
-1.0,-3.0,2864.0,lol_stitch_0,stitch,-1
-1.0,-5.0,2865.0,lol_stitch_0,stitch,-1
-1.0,-3.0,2866.0,lol_stitch_0,stitch,-1
-2.0,-4.0,2867.0,lol_stitch_0,stitch,-1
-1.0,-4.0,2868.0,lol_stitch_0,stitch,-1
-2.0,-5.0,2869.0,lol_stitch_0,stitch,-1
0.0,-3.0,2870.0,lol_stitch_0,stitch,-1
-2.0,-4.0,2871.0,lol_stitch_0,stitch,-1
-2.0,-4.0,2872.0,lol_stitch_0,stitch,-1
-2.0,-5.0,2873.0,lol_stitch_0,stitch,-1
-1.0,-5.0,2874.0,lol_stitch_0,stitch,-1
-1.0,-4.0,2875.0,lol_stitch_0,stitch,-1
-1.0,-4.0,2876.0,lol_stitch_0,stitch,-1
-2.0,-5.0,2877.0,lol_stitch_0,stitch,-1
-2.0,-4.0,2878.0,lol_stitch_0,stitch,-1
-1.0,-4.0,2879.0,lol_stitch_0,stitch,-1
-2.0,-5.0,2880.0,lol_stitch_0,stitch,-1
-1.0,-4.0,2881.0,lol_stitch_0,stitch,-1
-2.0,-5.0,2882.0,lol_stitch_0,stitch,-1
-2.0,-4.0,2883.0,lol_stitch_0,stitch,-1
-1.0,-4.0,2884.0,lol_stitch_0,stitch,-1
-1.0,-5.0,2885.0,lol_stitch_0,stitch,-1
-2.0,-5.0,2886.0,lol_stitch_0,stitch,-1
-2.0,-4.0,2887.0,lol_stitch_0,stitch,-1
-1.0,-5.0,2888.0,lol_stitch_0,stitch,-1
-1.0,-5.0,2889.0,lol_stitch_0,stitch,-1
-2.0,-4.0,2890.0,lol_stitch_0,stitch,-1
-2.0,-5.0,2891.0,lol_stitch_0,stitch,-1
-1.0,-4.0,2892.0,lol_stitch_0,stitch,-1
-2.0,-6.0,2893.0,lol_stitch_0,stitch,-1
-1.0,-5.0,2894.0,lol_stitch_0,stitch,-1
-1.0,-5.0,2895.0,lol_stitch_0,stitch,-1
-2.0,-5.0,2896.0,lol_stitch_0,stitch,-1
-2.0,-4.0,2897.0,lol_stitch_0,stitch,-1
0.0,-6.0,2898.0,lol_stitch_0,stitch,-1
-1.0,-4.0,2899.0,lol_stitch_0,stitch,-1
-2.0,-5.0,2900.0,lol_stitch_0,stitch,-1
-1.0,-5.0,2901.0,lol_stitch_0,stitch,-1
-1.0,-5.0,2902.0,lol_stitch_0,stitch,-1
-2.0,-5.0,2903.0,lol_stitch_0,stitch,-1
0.0,-5.0,2904.0,lol_stitch_0,stitch,-1
-1.0,-4.0,2905.0,lol_stitch_0,stitch,-1
-2.0,-5.0,2906.0,lol_stitch_0,stitch,-1
-1.0,-5.0,2907.0,lol_stitch_0,stitch,-1
-1.0,-4.0,2908.0,lol_stitch_0,stitch,-1
-2.0,-5.0,2909.0,lol_stitch_0,stitch,-1
0.0,-5.0,2910.0,lol_stitch_0,stitch,-1
-1.0,-4.0,2911.0,lol_stitch_0,stitch,-1
-1.0,-5.0,2912.0,lol_stitch_0,stitch,-1
-1.0,-5.0,2913.0,lol_stitch_0,stitch,-1
-2.0,-5.0,2914.0,lol_stitch_0,stitch,-1
-1.0,-5.0,2915.0,lol_stitch_0,stitch,-1
-1.0,-4.0,2916.0,lol_stitch_0,stitch,-1
0.0,-5.0,2917.0,lol_stitch_0,stitch,-1
-1.0,-4.0,2918.0,lol_stitch_0,stitch,-1
0.0,-5.0,2919.0,lol_stitch_0,stitch,-1
-1.0,-4.0,2920.0,lol_stitch_0,stitch,-1
-1.0,-4.0,2921.0,lol_stitch_0,stitch,-1
-1.0,-5.0,2922.0,lol_stitch_0,stitch,-1
-1.0,-3.0,2923.0,lol_stitch_0,stitch,-1
-1.0,-5.0,2924.0,lol_stitch_0,stitch,-1
-1.0,-4.0,2925.0,lol_stitch_0,stitch,-1
0.0,-3.0,2926.0,lol_stitch_0,stitch,-1
0.0,-5.0,2927.0,lol_stitch_0,stitch,-1
-1.0,-3.0,2928.0,lol_stitch_0,stitch,-1
-1.0,-4.0,2929.0,lol_stitch_0,stitch,-1
-1.0,-4.0,2930.0,lol_stitch_0,stitch,-1
0.0,-4.0,2931.0,lol_stitch_0,stitch,-1
-1.0,-3.0,2932.0,lol_stitch_0,stitch,-1
-1.0,-4.0,2933.0,lol_stitch_0,stitch,-1
0.0,-3.0,2934.0,lol_stitch_0,stitch,-1
-1.0,-5.0,2935.0,lol_stitch_0,stitch,-1
-1.0,-3.0,2936.0,lol_stitch_0,stitch,-1
0.0,-4.0,2937.0,lol_stitch_0,stitch,-1
0.0,-3.0,2938.0,lol_stitch_0,stitch,-1
0.0,-4.0,2939.0,lol_stitch_0,stitch,-1
-1.0,-3.0,2940.0,lol_stitch_0,stitch,-1
-1.0,-3.0,2941.0,lol_stitch_0,stitch,-1
0.0,-3.0,2942.0,lol_stitch_0,stitch,-1
-1.0,-3.0,2943.0,lol_stitch_0,stitch,-1
0.0,-3.0,2944.0,lol_stitch_0,stitch,-1
-1.0,-3.0,2945.0,lol_stitch_0,stitch,-1
0.0,-3.0,2946.0,lol_stitch_0,stitch,-1
-1.0,-3.0,2947.0,lol_stitch_0,stitch,-1
0.0,-3.0,2948.0,lol_stitch_0,stitch,-1
-1.0,-2.0,2949.0,lol_stitch_0,stitch,-1
0.0,-3.0,2950.0,lol_stitch_0,stitch,-1
-1.0,-3.0,2951.0,lol_stitch_0,stitch,-1
0.0,-2.0,2952.0,lol_stitch_0,stitch,-1
0.0,-3.0,2953.0,lol_stitch_0,stitch,-1
0.0,-2.0,2954.0,lol_stitch_0,stitch,-1
0.0,-3.0,2955.0,lol_stitch_0,stitch,-1
-1.0,-3.0,2956.0,lol_stitch_0,stitch,-1
0.0,-2.0,2957.0,lol_stitch_0,stitch,-1
0.0,-3.0,2958.0,lol_stitch_0,stitch,-1
0.0,-3.0,2959.0,lol_stitch_0,stitch,-1
-1.0,-1.0,2960.0,lol_stitch_0,stitch,-1
0.0,-3.0,2961.0,lol_stitch_0,stitch,-1
0.0,-3.0,2962.0,lol_stitch_0,stitch,-1
0.0,-1.0,2963.0,lol_stitch_0,stitch,-1
0.0,-3.0,2964.0,lol_stitch_0,stitch,-1
-1.0,-3.0,2965.0,lol_stitch_0,stitch,-1
0.0,-1.0,2966.0,lol_stitch_0,stitch,-1
0.0,-3.0,2967.0,lol_stitch_0,stitch,-1
0.0,-2.0,2968.0,lol_stitch_0,stitch,-1
0.0,-2.0,2969.0,lol_stitch_0,stitch,-1
0.0,-3.0,2970.0,lol_stitch_0,stitch,-1
0.0,-2.0,2971.0,lol_stitch_0,stitch,-1
0.0,-2.0,2972.0,lol_stitch_0,stitch,-1
0.0,-2.0,2973.0,lol_stitch_0,stitch,-1
0.0,-3.0,2974.0,lol_stitch_0,stitch,-1
0.0,-1.0,2975.0,lol_stitch_0,stitch,-1
0.0,-2.0,2976.0,lol_stitch_0,stitch,-1
0.0,-4.0,2977.0,lol_stitch_0,stitch,-1
0.0,-1.0,2978.0,lol_stitch_0,stitch,-1
0.0,-2.0,2979.0,lol_stitch_0,stitch,-1
0.0,-3.0,2980.0,lol_stitch_0,stitch,-1
0.0,-2.0,2981.0,lol_stitch_0,stitch,-1
0.0,-1.0,2982.0,lol_stitch_0,stitch,-1
0.0,-3.0,2983.0,lol_stitch_0,stitch,-1
1.0,-2.0,2984.0,lol_stitch_0,stitch,-1
0.0,-1.0,2985.0,lol_stitch_0,stitch,-1
0.0,-3.0,2986.0,lol_stitch_0,stitch,-1
0.0,-2.0,2987.0,lol_stitch_0,stitch,-1
1.0,-2.0,2988.0,lol_stitch_0,stitch,-1
0.0,-1.0,2989.0,lol_stitch_0,stitch,-1
0.0,-2.0,2990.0,lol_stitch_0,stitch,-1
1.0,-3.0,2991.0,lol_stitch_0,stitch,-1
0.0,-1.0,2992.0,lol_stitch_0,stitch,-1
0.0,-2.0,2993.0,lol_stitch_0,stitch,-1
0.0,-2.0,2994.0,lol_stitch_0,stitch,-1
1.0,-2.0,2995.0,lol_stitch_0,stitch,-1
0.0,-1.0,2996.0,lol_stitch_0,stitch,-1
0.0,-2.0,2997.0,lol_stitch_0,stitch,-1
1.0,-3.0,2998.0,lol_stitch_0,stitch,-1
0.0,-2.0,2999.0,lol_stitch_0,stitch,-1
1.0,-1.0,3001.0,lol_stitch_0,stitch,-1
0.0,-3.0,3002.0,lol_stitch_0,stitch,-1
1.0,-2.0,3003.0,lol_stitch_0,stitch,-1
0.0,-1.0,3004.0,lol_stitch_0,stitch,-1
1.0,-2.0,3005.0,lol_stitch_0,stitch,-1
0.0,-1.0,3006.0,lol_stitch_0,stitch,-1
1.0,-2.0,3007.0,lol_stitch_0,stitch,-1
0.0,-2.0,3008.0,lol_stitch_0,stitch,-1
0.0,-1.0,3009.0,lol_stitch_0,stitch,-1
1.0,-2.0,3011.0,lol_stitch_0,stitch,-1
0.0,-3.0,3012.0,lol_stitch_0,stitch,-1
0.0,-1.0,3013.0,lol_stitch_0,stitch,-1
1.0,-1.0,3014.0,lol_stitch_0,stitch,-1
0.0,-2.0,3015.0,lol_stitch_0,stitch,-1
0.0,-2.0,3016.0,lol_stitch_0,stitch,-1
1.0,-1.0,3017.0,lol_stitch_0,stitch,-1
0.0,-1.0,3018.0,lol_stitch_0,stitch,-1
1.0,-2.0,3019.0,lol_stitch_0,stitch,-1
0.0,-2.0,3020.0,lol_stitch_0,stitch,-1
0.0,-1.0,3021.0,lol_stitch_0,stitch,-1
1.0,-2.0,3022.0,lol_stitch_0,stitch,-1
0.0,-1.0,3023.0,lol_stitch_0,stitch,-1
1.0,-1.0,3024.0,lol_stitch_0,stitch,-1
0.0,-2.0,3025.0,lol_stitch_0,stitch,-1
0.0,-1.0,3026.0,lol_stitch_0,stitch,-1
1.0,-2.0,3027.0,lol_stitch_0,stitch,-1
0.0,-1.0,3028.0,lol_stitch_0,stitch,-1
1.0,-2.0,3030.0,lol_stitch_0,stitch,-1
0.0,-3.0,3031.0,lol_stitch_0,stitch,-1
0.0,-1.0,3032.0,lol_stitch_0,stitch,-1
1.0,-2.0,3034.0,lol_stitch_0,stitch,-1
0.0,-3.0,3035.0,lol_stitch_0,stitch,-1
1.0,-2.0,3036.0,lol_stitch_0,stitch,-1
1.0,-1.0,3037.0,lol_stitch_0,stitch,-1
0.0,-1.0,3038.0,lol_stitch_0,stitch,-1
1.0,-2.0,3039.0,lol_stitch_0,stitch,-1
0.0,-2.0,3040.0,lol_stitch_0,stitch,-1
1.0,-1.0,3041.0,lol_stitch_0,stitch,-1
1.0,-2.0,3042.0,lol_stitch_0,stitch,-1
0.0,-2.0,3043.0,lol_stitch_0,stitch,-1
1.0,-2.0,3045.0,lol_stitch_0,stitch,-1
1.0,-2.0,3046.0,lol_stitch_0,stitch,-1
0.0,-2.0,3047.0,lol_stitch_0,stitch,-1
1.0,-2.0,3048.0,lol_stitch_0,stitch,-1
1.0,-2.0,3049.0,lol_stitch_0,stitch,-1
0.0,-1.0,3050.0,lol_stitch_0,stitch,-1
1.0,-2.0,3051.0,lol_stitch_0,stitch,-1
1.0,-2.0,3052.0,lol_stitch_0,stitch,-1
1.0,-1.0,3053.0,lol_stitch_0,stitch,-1
1.0,-1.0,3054.0,lol_stitch_0,stitch,-1
0.0,-2.0,3055.0,lol_stitch_0,stitch,-1
0.0,-2.0,3056.0,lol_stitch_0,stitch,-1
1.0,-2.0,3057.0,lol_stitch_0,stitch,-1
1.0,-1.0,3058.0,lol_stitch_0,stitch,-1
1.0,-2.0,3059.0,lol_stitch_0,stitch,-1
0.0,-2.0,3060.0,lol_stitch_0,stitch,-1
2.0,-2.0,3061.0,lol_stitch_0,stitch,-1
0.0,-1.0,3062.0,lol_stitch_0,stitch,-1
1.0,-2.0,3064.0,lol_stitch_0,stitch,-1
1.0,-3.0,3065.0,lol_stitch_0,stitch,-1
0.0,-2.0,3066.0,lol_stitch_0,stitch,-1
1.0,-1.0,3067.0,lol_stitch_0,stitch,-1
0.0,-1.0,3068.0,lol_stitch_0,stitch,-1
1.0,-2.0,3069.0,lol_stitch_0,stitch,-1
1.0,-2.0,3070.0,lol_stitch_0,stitch,-1
0.0,-1.0,3071.0,lol_stitch_0,stitch,-1
1.0,-1.0,3072.0,lol_stitch_0,stitch,-1
1.0,-2.0,3073.0,lol_stitch_0,stitch,-1
0.0,-1.0,3074.0,lol_stitch_0,stitch,-1
1.0,-2.0,3075.0,lol_stitch_0,stitch,-1
0.0,-1.0,3076.0,lol_stitch_0,stitch,-1
1.0,-1.0,3077.0,lol_stitch_0,stitch,-1
0.0,-2.0,3078.0,lol_stitch_0,stitch,-1
0.0,-1.0,3079.0,lol_stitch_0,stitch,-1
0.0,-2.0,3080.0,lol_stitch_0,stitch,-1
0.0,-1.0,3082.0,lol_stitch_0,stitch,-1
1.0,-3.0,3084.0,lol_stitch_0,stitch,-1
0.0,-2.0,3085.0,lol_stitch_0,stitch,-1
0.0,-2.0,3086.0,lol_stitch_0,stitch,-1
1.0,-1.0,3088.0,lol_stitch_0,stitch,-1
0.0,-2.0,3089.0,lol_stitch_0,stitch,-1
0.0,-2.0,3090.0,lol_stitch_0,stitch,-1
0.0,-1.0,3091.0,lol_stitch_0,stitch,-1
1.0,-1.0,3093.0,lol_stitch_0,stitch,-1
0.0,-2.0,3094.0,lol_stitch_0,stitch,-1
0.0,-2.0,3096.0,lol_stitch_0,stitch,-1
0.0,-3.0,3097.0,lol_stitch_0,stitch,-1
0.0,0.0,3098.0,lol_stitch_0,stitch,-1
0.0,-1.0,3099.0,lol_stitch_0,stitch,-1
0.0,-2.0,3100.0,lol_stitch_0,stitch,-1
0.0,-2.0,3102.0,lol_stitch_0,stitch,-1
1.0,-2.0,3104.0,lol_stitch_0,stitch,-1
0.0,-3.0,3106.0,lol_stitch_0,stitch,-1
0.0,-2.0,3107.0,lol_stitch_0,stitch,-1
0.0,-2.0,3109.0,lol_stitch_0,stitch,-1
0.0,-2.0,3111.0,lol_stitch_0,stitch,-1
0.0,-3.0,3113.0,lol_stitch_0,stitch,-1
0.0,-2.0,3115.0,lol_stitch_0,stitch,-1
0.0,-3.0,3117.0,lol_stitch_0,stitch,-1
0.0,-3.0,3118.0,lol_stitch_0,stitch,-1
0.0,-1.0,3119.0,lol_stitch_0,stitch,-1
0.0,-1.0,3120.0,lol_stitch_0,stitch,-1
0.0,-1.0,3121.0,lol_stitch_0,stitch,-1
0.0,-2.0,3122.0,lol_stitch_0,stitch,-1
0.0,-1.0,3123.0,lol_stitch_0,stitch,-1
0.0,-2.0,3124.0,lol_stitch_0,stitch,-1
0.0,-1.0,3126.0,lol_stitch_0,stitch,-1
0.0,-3.0,3128.0,lol_stitch_0,stitch,-1
-1.0,-3.0,3129.0,lol_stitch_0,stitch,-1
0.0,0.0,3130.0,lol_stitch_0,stitch,-1
0.0,-2.0,3132.0,lol_stitch_0,stitch,-1
0.0,-3.0,3133.0,lol_stitch_0,stitch,-1
0.0,-2.0,3135.0,lol_stitch_0,stitch,-1
-1.0,-2.0,3136.0,lol_stitch_0,stitch,-1
0.0,-1.0,3137.0,lol_stitch_0,stitch,-1
0.0,-2.0,3138.0,lol_stitch_0,stitch,-1
0.0,-2.0,3139.0,lol_stitch_0,stitch,-1
0.0,0.0,3140.0,lol_stitch_0,stitch,-1
0.0,-2.0,3141.0,lol_stitch_0,stitch,-1
-1.0,-2.0,3142.0,lol_stitch_0,stitch,-1
0.0,-2.0,3143.0,lol_stitch_0,stitch,-1
0.0,-1.0,3145.0,lol_stitch_0,stitch,-1
0.0,-3.0,3146.0,lol_stitch_0,stitch,-1
0.0,-2.0,3147.0,lol_stitch_0,stitch,-1
-1.0,-2.0,3149.0,lol_stitch_0,stitch,-1
0.0,-2.0,3150.0,lol_stitch_0,stitch,-1
0.0,-2.0,3151.0,lol_stitch_0,stitch,-1
0.0,-2.0,3152.0,lol_stitch_0,stitch,-1
0.0,-1.0,3153.0,lol_stitch_0,stitch,-1
0.0,-2.0,3154.0,lol_stitch_0,stitch,-1
0.0,-2.0,3155.0,lol_stitch_0,stitch,-1
0.0,-2.0,3156.0,lol_stitch_0,stitch,-1
0.0,-1.0,3157.0,lol_stitch_0,stitch,-1
0.0,-2.0,3158.0,lol_stitch_0,stitch,-1
0.0,-2.0,3159.0,lol_stitch_0,stitch,-1
0.0,-2.0,3160.0,lol_stitch_0,stitch,-1
0.0,-1.0,3161.0,lol_stitch_0,stitch,-1
0.0,-2.0,3162.0,lol_stitch_0,stitch,-1
0.0,-2.0,3163.0,lol_stitch_0,stitch,-1
-1.0,-3.0,3164.0,lol_stitch_0,stitch,-1
0.0,-1.0,3165.0,lol_stitch_0,stitch,-1
0.0,-2.0,3166.0,lol_stitch_0,stitch,-1
0.0,-3.0,3167.0,lol_stitch_0,stitch,-1
0.0,-1.0,3168.0,lol_stitch_0,stitch,-1
0.0,-2.0,3169.0,lol_stitch_0,stitch,-1
0.0,-2.0,3170.0,lol_stitch_0,stitch,-1
0.0,-3.0,3171.0,lol_stitch_0,stitch,-1
0.0,-1.0,3172.0,lol_stitch_0,stitch,-1
0.0,-2.0,3173.0,lol_stitch_0,stitch,-1
0.0,-2.0,3174.0,lol_stitch_0,stitch,-1
0.0,-2.0,3175.0,lol_stitch_0,stitch,-1
0.0,-2.0,3176.0,lol_stitch_0,stitch,-1
0.0,-2.0,3177.0,lol_stitch_0,stitch,-1
0.0,-2.0,3178.0,lol_stitch_0,stitch,-1
0.0,-1.0,3179.0,lol_stitch_0,stitch,-1
0.0,-3.0,3180.0,lol_stitch_0,stitch,-1
0.0,-2.0,3181.0,lol_stitch_0,stitch,-1
0.0,-2.0,3182.0,lol_stitch_0,stitch,-1
-1.0,-1.0,3183.0,lol_stitch_0,stitch,-1
0.0,-3.0,3184.0,lol_stitch_0,stitch,-1
0.0,-1.0,3185.0,lol_stitch_0,stitch,-1
0.0,-2.0,3186.0,lol_stitch_0,stitch,-1
0.0,-1.0,3187.0,lol_stitch_0,stitch,-1
-1.0,-2.0,3188.0,lol_stitch_0,stitch,-1
0.0,-2.0,3190.0,lol_stitch_0,stitch,-1
-1.0,-2.0,3192.0,lol_stitch_0,stitch,-1
0.0,-3.0,3193.0,lol_stitch_0,stitch,-1
-1.0,-1.0,3195.0,lol_stitch_0,stitch,-1
-1.0,-2.0,3197.0,lol_stitch_0,stitch,-1
-1.0,-1.0,3199.0,lol_stitch_0,stitch,-1
0.0,-1.0,3200.0,lol_stitch_0,stitch,-1
0.0,-1.0,3202.0,lol_stitch_0,stitch,-1
-1.0,-1.0,3206.0,lol_stitch_0,stitch,-1
0.0,-1.0,3208.0,lol_stitch_0,stitch,-1
-1.0,0.0,3219.0,lol_stitch_0,stitch,-1
0.0,-1.0,3336.0,lol_stitch_0,stitch,-1
1.0,0.0,3344.0,lol_stitch_0,stitch,-1
1.0,-1.0,3345.0,lol_stitch_0,stitch,-1
2.0,0.0,3346.0,lol_stitch_0,stitch,-1
2.0,0.0,3347.0,lol_stitch_0,stitch,-1
1.0,-1.0,3348.0,lol_stitch_0,stitch,-1
1.0,0.0,3349.0,lol_stitch_0,stitch,-1
1.0,0.0,3350.0,lol_stitch_0,stitch,-1
2.0,-1.0,3351.0,lol_stitch_0,stitch,-1
1.0,0.0,3352.0,lol_stitch_0,stitch,-1
1.0,-1.0,3353.0,lol_stitch_0,stitch,-1
1.0,0.0,3354.0,lol_stitch_0,stitch,-1
2.0,0.0,3355.0,lol_stitch_0,stitch,-1
1.0,0.0,3356.0,lol_stitch_0,stitch,-1
1.0,-1.0,3357.0,lol_stitch_0,stitch,-1
1.0,0.0,3358.0,lol_stitch_0,stitch,-1
1.0,0.0,3360.0,lol_stitch_0,stitch,-1
1.0,0.0,3361.0,lol_stitch_0,stitch,-1
1.0,0.0,3362.0,lol_stitch_0,stitch,-1
1.0,0.0,3364.0,lol_stitch_0,stitch,-1
1.0,0.0,3365.0,lol_stitch_0,stitch,-1
1.0,0.0,3367.0,lol_stitch_0,stitch,-1
1.0,0.0,3369.0,lol_stitch_0,stitch,-1
1.0,0.0,3373.0,lol_stitch_0,stitch,-1
1.0,0.0,3377.0,lol_stitch_0,stitch,-1
1.0,0.0,3379.0,lol_stitch_0,stitch,-1
1.0,0.0,3385.0,lol_stitch_0,stitch,-1
1.0,1.0,3388.0,lol_stitch_0,stitch,-1
1.0,0.0,3394.0,lol_stitch_0,stitch,-1
1.0,0.0,3396.0,lol_stitch_0,stitch,-1
1.0,0.0,3399.0,lol_stitch_0,stitch,-1
0.0,1.0,3401.0,lol_stitch_0,stitch,-1
1.0,0.0,3404.0,lol_stitch_0,stitch,-1
1.0,0.0,3409.0,lol_stitch_0,stitch,-1
1.0,0.0,3412.0,lol_stitch_0,stitch,-1
1.0,0.0,3424.0,lol_stitch_0,stitch,-1
1.0,0.0,3547.0,lol_stitch_0,stitch,-1
0.0,1.0,3706.0,lol_stitch_0,stitch,-1
-1.0,0.0,3712.0,lol_stitch_0,stitch,-1
-1.0,0.0,3715.0,lol_stitch_0,stitch,-1
-1.0,0.0,3717.0,lol_stitch_0,stitch,-1
-1.0,0.0,3720.0,lol_stitch_0,stitch,-1
-1.0,0.0,3721.0,lol_stitch_0,stitch,-1
-1.0,0.0,3725.0,lol_stitch_0,stitch,-1
0.0,1.0,3728.0,lol_stitch_0,stitch,-1
-1.0,0.0,3738.0,lol_stitch_0,stitch,-1
-1.0,0.0,3745.0,lol_stitch_0,stitch,-1
-1.0,0.0,3886.0,lol_stitch_0,stitch,-1
-1.0,0.0,3889.0,lol_stitch_0,stitch,-1
-1.0,0.0,3891.0,lol_stitch_0,stitch,-1
-1.0,0.0,3892.0,lol_stitch_0,stitch,-1
-1.0,0.0,3893.0,lol_stitch_0,stitch,-1
-2.0,0.0,3894.0,lol_stitch_0,stitch,-1
-1.0,0.0,3895.0,lol_stitch_0,stitch,-1
-1.0,0.0,3896.0,lol_stitch_0,stitch,-1
-1.0,0.0,3897.0,lol_stitch_0,stitch,-1
-2.0,-1.0,3898.0,lol_stitch_0,stitch,-1
-2.0,0.0,3899.0,lol_stitch_0,stitch,-1
-2.0,0.0,3900.0,lol_stitch_0,stitch,-1
-2.0,0.0,3901.0,lol_stitch_0,stitch,-1
-2.0,0.0,3902.0,lol_stitch_0,stitch,-1
-2.0,0.0,3903.0,lol_stitch_0,stitch,-1
-1.0,0.0,3904.0,lol_stitch_0,stitch,-1
-3.0,0.0,3905.0,lol_stitch_0,stitch,-1
-2.0,0.0,3906.0,lol_stitch_0,stitch,-1
-1.0,0.0,3907.0,lol_stitch_0,stitch,-1
-3.0,0.0,3908.0,lol_stitch_0,stitch,-1
-2.0,0.0,3909.0,lol_stitch_0,stitch,-1
-1.0,0.0,3910.0,lol_stitch_0,stitch,-1
-4.0,0.0,3911.0,lol_stitch_0,stitch,-1
-2.0,0.0,3912.0,lol_stitch_0,stitch,-1
-2.0,0.0,3913.0,lol_stitch_0,stitch,-1
-2.0,0.0,3914.0,lol_stitch_0,stitch,-1
-3.0,0.0,3915.0,lol_stitch_0,stitch,-1
-2.0,0.0,3916.0,lol_stitch_0,stitch,-1
-3.0,0.0,3917.0,lol_stitch_0,stitch,-1
-2.0,0.0,3918.0,lol_stitch_0,stitch,-1
-4.0,0.0,3919.0,lol_stitch_0,stitch,-1
-1.0,0.0,3920.0,lol_stitch_0,stitch,-1
-4.0,0.0,3921.0,lol_stitch_0,stitch,-1
-2.0,0.0,3922.0,lol_stitch_0,stitch,-1
-4.0,0.0,3923.0,lol_stitch_0,stitch,-1
-2.0,0.0,3924.0,lol_stitch_0,stitch,-1
-4.0,0.0,3925.0,lol_stitch_0,stitch,-1
-2.0,0.0,3926.0,lol_stitch_0,stitch,-1
-4.0,0.0,3927.0,lol_stitch_0,stitch,-1
-2.0,0.0,3928.0,lol_stitch_0,stitch,-1
-4.0,1.0,3929.0,lol_stitch_0,stitch,-1
-3.0,0.0,3930.0,lol_stitch_0,stitch,-1
-2.0,0.0,3931.0,lol_stitch_0,stitch,-1
-4.0,0.0,3932.0,lol_stitch_0,stitch,-1
-3.0,0.0,3933.0,lol_stitch_0,stitch,-1
-3.0,1.0,3934.0,lol_stitch_0,stitch,-1
-3.0,0.0,3935.0,lol_stitch_0,stitch,-1
-3.0,0.0,3936.0,lol_stitch_0,stitch,-1
-3.0,1.0,3937.0,lol_stitch_0,stitch,-1
-3.0,0.0,3938.0,lol_stitch_0,stitch,-1
-4.0,1.0,3939.0,lol_stitch_0,stitch,-1
-3.0,1.0,3940.0,lol_stitch_0,stitch,-1
-3.0,0.0,3941.0,lol_stitch_0,stitch,-1
-3.0,1.0,3942.0,lol_stitch_0,stitch,-1
-3.0,0.0,3943.0,lol_stitch_0,stitch,-1
-3.0,1.0,3944.0,lol_stitch_0,stitch,-1
-3.0,0.0,3945.0,lol_stitch_0,stitch,-1
-3.0,1.0,3946.0,lol_stitch_0,stitch,-1
-3.0,0.0,3947.0,lol_stitch_0,stitch,-1
-3.0,0.0,3948.0,lol_stitch_0,stitch,-1
-3.0,1.0,3949.0,lol_stitch_0,stitch,-1
-3.0,1.0,3950.0,lol_stitch_0,stitch,-1
-2.0,0.0,3951.0,lol_stitch_0,stitch,-1
-4.0,0.0,3952.0,lol_stitch_0,stitch,-1
-2.0,1.0,3953.0,lol_stitch_0,stitch,-1
-4.0,1.0,3954.0,lol_stitch_0,stitch,-1
-2.0,0.0,3955.0,lol_stitch_0,stitch,-1
-3.0,0.0,3956.0,lol_stitch_0,stitch,-1
-3.0,1.0,3957.0,lol_stitch_0,stitch,-1
-3.0,1.0,3958.0,lol_stitch_0,stitch,-1
-3.0,0.0,3959.0,lol_stitch_0,stitch,-1
-2.0,1.0,3960.0,lol_stitch_0,stitch,-1
-4.0,0.0,3961.0,lol_stitch_0,stitch,-1
-2.0,0.0,3962.0,lol_stitch_0,stitch,-1
-3.0,1.0,3963.0,lol_stitch_0,stitch,-1
-2.0,1.0,3964.0,lol_stitch_0,stitch,-1
-3.0,0.0,3965.0,lol_stitch_0,stitch,-1
-3.0,0.0,3966.0,lol_stitch_0,stitch,-1
-3.0,1.0,3967.0,lol_stitch_0,stitch,-1
-2.0,1.0,3968.0,lol_stitch_0,stitch,-1
-2.0,0.0,3969.0,lol_stitch_0,stitch,-1
-4.0,0.0,3970.0,lol_stitch_0,stitch,-1
-2.0,0.0,3971.0,lol_stitch_0,stitch,-1
-2.0,1.0,3972.0,lol_stitch_0,stitch,-1
-4.0,0.0,3973.0,lol_stitch_0,stitch,-1
-2.0,1.0,3974.0,lol_stitch_0,stitch,-1
-2.0,0.0,3975.0,lol_stitch_0,stitch,-1
-3.0,0.0,3976.0,lol_stitch_0,stitch,-1
-2.0,0.0,3977.0,lol_stitch_0,stitch,-1
-2.0,1.0,3978.0,lol_stitch_0,stitch,-1
-3.0,0.0,3979.0,lol_stitch_0,stitch,-1
-2.0,0.0,3980.0,lol_stitch_0,stitch,-1
-2.0,0.0,3981.0,lol_stitch_0,stitch,-1
-2.0,0.0,3982.0,lol_stitch_0,stitch,-1
-2.0,1.0,3983.0,lol_stitch_0,stitch,-1
-2.0,0.0,3984.0,lol_stitch_0,stitch,-1
-3.0,0.0,3985.0,lol_stitch_0,stitch,-1
-1.0,1.0,3986.0,lol_stitch_0,stitch,-1
-2.0,0.0,3987.0,lol_stitch_0,stitch,-1
-1.0,0.0,3988.0,lol_stitch_0,stitch,-1
-3.0,0.0,3989.0,lol_stitch_0,stitch,-1
-1.0,0.0,3990.0,lol_stitch_0,stitch,-1
-1.0,0.0,3991.0,lol_stitch_0,stitch,-1
-1.0,1.0,3992.0,lol_stitch_0,stitch,-1
-2.0,0.0,3993.0,lol_stitch_0,stitch,-1
-1.0,0.0,3994.0,lol_stitch_0,stitch,-1
-1.0,0.0,3995.0,lol_stitch_0,stitch,-1
-1.0,0.0,3996.0,lol_stitch_0,stitch,-1
-1.0,0.0,3997.0,lol_stitch_0,stitch,-1
-1.0,0.0,3999.0,lol_stitch_0,stitch,-1
-1.0,0.0,4000.0,lol_stitch_0,stitch,-1
-1.0,0.0,4001.0,lol_stitch_0,stitch,-1
-1.0,0.0,4003.0,lol_stitch_0,stitch,-1
-1.0,0.0,4006.0,lol_stitch_0,stitch,-1
-1.0,0.0,4007.0,lol_stitch_0,stitch,-1
-1.0,0.0,4009.0,lol_stitch_0,stitch,-1
-1.0,0.0,4011.0,lol_stitch_0,stitch,-1
-1.0,0.0,4013.0,lol_stitch_0,stitch,-1
-1.0,0.0,4016.0,lol_stitch_0,stitch,-1
-1.0,0.0,4017.0,lol_stitch_0,stitch,-1
-1.0,-1.0,4019.0,lol_stitch_0,stitch,-1
-1.0,0.0,4021.0,lol_stitch_0,stitch,-1
-1.0,0.0,4023.0,lol_stitch_0,stitch,-1
-1.0,0.0,4024.0,lol_stitch_0,stitch,-1
-1.0,0.0,4027.0,lol_stitch_0,stitch,-1
-1.0,0.0,4030.0,lol_stitch_0,stitch,-1
-1.0,0.0,4032.0,lol_stitch_0,stitch,-1
-1.0,0.0,4036.0,lol_stitch_0,stitch,-1
-1.0,0.0,4039.0,lol_stitch_0,stitch,-1
-1.0,0.0,4043.0,lol_stitch_0,stitch,-1
-1.0,0.0,4046.0,lol_stitch_0,stitch,-1
-1.0,0.0,4051.0,lol_stitch_0,stitch,-1
-1.0,0.0,4054.0,lol_stitch_0,stitch,-1
-1.0,0.0,4058.0,lol_stitch_0,stitch,-1
-1.0,0.0,4062.0,lol_stitch_0,stitch,-1
-1.0,0.0,4063.0,lol_stitch_0,stitch,-1
-1.0,0.0,4065.0,lol_stitch_0,stitch,-1
-1.0,0.0,4066.0,lol_stitch_0,stitch,-1
-1.0,0.0,4067.0,lol_stitch_0,stitch,-1
-1.0,0.0,4068.0,lol_stitch_0,stitch,-1
-1.0,0.0,4070.0,lol_stitch_0,stitch,-1
-1.0,0.0,4071.0,lol_stitch_0,stitch,-1
-1.0,0.0,4072.0,lol_stitch_0,stitch,-1
-1.0,0.0,4073.0,lol_stitch_0,stitch,-1
-1.0,0.0,4074.0,lol_stitch_0,stitch,-1
-1.0,0.0,4075.0,lol_stitch_0,stitch,-1
-1.0,0.0,4076.0,lol_stitch_0,stitch,-1
-1.0,0.0,4077.0,lol_stitch_0,stitch,-1
-2.0,0.0,4078.0,lol_stitch_0,stitch,-1
-1.0,0.0,4079.0,lol_stitch_0,stitch,-1
-1.0,0.0,4080.0,lol_stitch_0,stitch,-1
-1.0,1.0,4081.0,lol_stitch_0,stitch,-1
-2.0,0.0,4082.0,lol_stitch_0,stitch,-1
-1.0,0.0,4083.0,lol_stitch_0,stitch,-1
-2.0,0.0,4084.0,lol_stitch_0,stitch,-1
-1.0,0.0,4085.0,lol_stitch_0,stitch,-1
-1.0,0.0,4086.0,lol_stitch_0,stitch,-1
-2.0,1.0,4087.0,lol_stitch_0,stitch,-1
-2.0,0.0,4088.0,lol_stitch_0,stitch,-1
-2.0,0.0,4089.0,lol_stitch_0,stitch,-1
-2.0,0.0,4090.0,lol_stitch_0,stitch,-1
-1.0,0.0,4091.0,lol_stitch_0,stitch,-1
-2.0,1.0,4092.0,lol_stitch_0,stitch,-1
-2.0,0.0,4093.0,lol_stitch_0,stitch,-1
-2.0,1.0,4094.0,lol_stitch_0,stitch,-1
-2.0,0.0,4095.0,lol_stitch_0,stitch,-1
-1.0,0.0,4096.0,lol_stitch_0,stitch,-1
-2.0,1.0,4097.0,lol_stitch_0,stitch,-1
-2.0,1.0,4098.0,lol_stitch_0,stitch,-1
-2.0,0.0,4099.0,lol_stitch_0,stitch,-1
-1.0,0.0,4100.0,lol_stitch_0,stitch,-1
-2.0,0.0,4101.0,lol_stitch_0,stitch,-1
-2.0,1.0,4102.0,lol_stitch_0,stitch,-1
-2.0,0.0,4103.0,lol_stitch_0,stitch,-1
-2.0,0.0,4104.0,lol_stitch_0,stitch,-1
-2.0,1.0,4105.0,lol_stitch_0,stitch,-1
-1.0,0.0,4106.0,lol_stitch_0,stitch,-1
-2.0,1.0,4107.0,lol_stitch_0,stitch,-1
-2.0,0.0,4108.0,lol_stitch_0,stitch,-1
-1.0,1.0,4109.0,lol_stitch_0,stitch,-1
-2.0,0.0,4110.0,lol_stitch_0,stitch,-1
-2.0,0.0,4111.0,lol_stitch_0,stitch,-1
-2.0,1.0,4112.0,lol_stitch_0,stitch,-1
-1.0,0.0,4113.0,lol_stitch_0,stitch,-1
-2.0,0.0,4114.0,lol_stitch_0,stitch,-1
-1.0,1.0,4115.0,lol_stitch_0,stitch,-1
-2.0,1.0,4116.0,lol_stitch_0,stitch,-1
-1.0,0.0,4117.0,lol_stitch_0,stitch,-1
-2.0,0.0,4118.0,lol_stitch_0,stitch,-1
-2.0,1.0,4119.0,lol_stitch_0,stitch,-1
-2.0,1.0,4120.0,lol_stitch_0,stitch,-1
-1.0,0.0,4121.0,lol_stitch_0,stitch,-1
-2.0,0.0,4122.0,lol_stitch_0,stitch,-1
-1.0,1.0,4123.0,lol_stitch_0,stitch,-1
-2.0,0.0,4124.0,lol_stitch_0,stitch,-1
-2.0,0.0,4125.0,lol_stitch_0,stitch,-1
-1.0,0.0,4126.0,lol_stitch_0,stitch,-1
-1.0,1.0,4127.0,lol_stitch_0,stitch,-1
-2.0,1.0,4128.0,lol_stitch_0,stitch,-1
-1.0,0.0,4129.0,lol_stitch_0,stitch,-1
-1.0,0.0,4130.0,lol_stitch_0,stitch,-1
-2.0,1.0,4131.0,lol_stitch_0,stitch,-1
-2.0,1.0,4132.0,lol_stitch_0,stitch,-1
-1.0,0.0,4133.0,lol_stitch_0,stitch,-1
-1.0,0.0,4134.0,lol_stitch_0,stitch,-1
-2.0,0.0,4135.0,lol_stitch_0,stitch,-1
-1.0,2.0,4136.0,lol_stitch_0,stitch,-1
-2.0,0.0,4137.0,lol_stitch_0,stitch,-1
-1.0,0.0,4138.0,lol_stitch_0,stitch,-1
-2.0,0.0,4139.0,lol_stitch_0,stitch,-1
-1.0,1.0,4140.0,lol_stitch_0,stitch,-1
-2.0,0.0,4141.0,lol_stitch_0,stitch,-1
-2.0,0.0,4142.0,lol_stitch_0,stitch,-1
-1.0,0.0,4143.0,lol_stitch_0,stitch,-1
-2.0,0.0,4144.0,lol_stitch_0,stitch,-1
-2.0,1.0,4145.0,lol_stitch_0,stitch,-1
-1.0,0.0,4146.0,lol_stitch_0,stitch,-1
-1.0,0.0,4147.0,lol_stitch_0,stitch,-1
-2.0,1.0,4148.0,lol_stitch_0,stitch,-1
-2.0,0.0,4149.0,lol_stitch_0,stitch,-1
-2.0,0.0,4150.0,lol_stitch_0,stitch,-1
-2.0,1.0,4151.0,lol_stitch_0,stitch,-1
-1.0,0.0,4152.0,lol_stitch_0,stitch,-1
-2.0,1.0,4153.0,lol_stitch_0,stitch,-1
-2.0,0.0,4154.0,lol_stitch_0,stitch,-1
-2.0,0.0,4155.0,lol_stitch_0,stitch,-1
-2.0,1.0,4156.0,lol_stitch_0,stitch,-1
-1.0,0.0,4157.0,lol_stitch_0,stitch,-1
-2.0,1.0,4158.0,lol_stitch_0,stitch,-1
-2.0,0.0,4159.0,lol_stitch_0,stitch,-1
-2.0,1.0,4160.0,lol_stitch_0,stitch,-1
-1.0,0.0,4161.0,lol_stitch_0,stitch,-1
-2.0,1.0,4162.0,lol_stitch_0,stitch,-1
-2.0,0.0,4163.0,lol_stitch_0,stitch,-1
-2.0,1.0,4164.0,lol_stitch_0,stitch,-1
-3.0,0.0,4165.0,lol_stitch_0,stitch,-1
-2.0,1.0,4166.0,lol_stitch_0,stitch,-1
-2.0,1.0,4167.0,lol_stitch_0,stitch,-1
-3.0,1.0,4168.0,lol_stitch_0,stitch,-1
-2.0,0.0,4169.0,lol_stitch_0,stitch,-1
-2.0,1.0,4170.0,lol_stitch_0,stitch,-1
-3.0,1.0,4171.0,lol_stitch_0,stitch,-1
-2.0,1.0,4172.0,lol_stitch_0,stitch,-1
-3.0,1.0,4173.0,lol_stitch_0,stitch,-1
-3.0,1.0,4174.0,lol_stitch_0,stitch,-1
-3.0,1.0,4175.0,lol_stitch_0,stitch,-1
-2.0,0.0,4176.0,lol_stitch_0,stitch,-1
-2.0,1.0,4177.0,lol_stitch_0,stitch,-1
-3.0,1.0,4178.0,lol_stitch_0,stitch,-1
-2.0,1.0,4179.0,lol_stitch_0,stitch,-1
-3.0,1.0,4180.0,lol_stitch_0,stitch,-1
-3.0,1.0,4181.0,lol_stitch_0,stitch,-1
-2.0,1.0,4182.0,lol_stitch_0,stitch,-1
-3.0,1.0,4183.0,lol_stitch_0,stitch,-1
-1.0,0.0,4184.0,lol_stitch_0,stitch,-1
-3.0,1.0,4185.0,lol_stitch_0,stitch,-1
-2.0,1.0,4186.0,lol_stitch_0,stitch,-1
-2.0,0.0,4187.0,lol_stitch_0,stitch,-1
-3.0,1.0,4188.0,lol_stitch_0,stitch,-1
-2.0,1.0,4189.0,lol_stitch_0,stitch,-1
-1.0,0.0,4190.0,lol_stitch_0,stitch,-1
-2.0,1.0,4191.0,lol_stitch_0,stitch,-1
-3.0,1.0,4192.0,lol_stitch_0,stitch,-1
-1.0,0.0,4193.0,lol_stitch_0,stitch,-1
-2.0,1.0,4194.0,lol_stitch_0,stitch,-1
-2.0,1.0,4195.0,lol_stitch_0,stitch,-1
-2.0,0.0,4196.0,lol_stitch_0,stitch,-1
-1.0,0.0,4197.0,lol_stitch_0,stitch,-1
-2.0,1.0,4198.0,lol_stitch_0,stitch,-1
-2.0,0.0,4199.0,lol_stitch_0,stitch,-1
-1.0,1.0,4200.0,lol_stitch_0,stitch,-1
-2.0,0.0,4201.0,lol_stitch_0,stitch,-1
-2.0,1.0,4202.0,lol_stitch_0,stitch,-1
-1.0,0.0,4203.0,lol_stitch_0,stitch,-1
-2.0,0.0,4204.0,lol_stitch_0,stitch,-1
-2.0,1.0,4205.0,lol_stitch_0,stitch,-1
-2.0,0.0,4206.0,lol_stitch_0,stitch,-1
-1.0,1.0,4207.0,lol_stitch_0,stitch,-1
-3.0,0.0,4208.0,lol_stitch_0,stitch,-1
-1.0,1.0,4209.0,lol_stitch_0,stitch,-1
-2.0,0.0,4210.0,lol_stitch_0,stitch,-1
-2.0,1.0,4211.0,lol_stitch_0,stitch,-1
-2.0,0.0,4212.0,lol_stitch_0,stitch,-1
-1.0,0.0,4213.0,lol_stitch_0,stitch,-1
-2.0,1.0,4214.0,lol_stitch_0,stitch,-1
-2.0,1.0,4215.0,lol_stitch_0,stitch,-1
-2.0,0.0,4216.0,lol_stitch_0,stitch,-1
-1.0,0.0,4217.0,lol_stitch_0,stitch,-1
-2.0,1.0,4218.0,lol_stitch_0,stitch,-1
-2.0,0.0,4219.0,lol_stitch_0,stitch,-1
-2.0,0.0,4220.0,lol_stitch_0,stitch,-1
-2.0,1.0,4221.0,lol_stitch_0,stitch,-1
-2.0,1.0,4222.0,lol_stitch_0,stitch,-1
-1.0,0.0,4223.0,lol_stitch_0,stitch,-1
-2.0,0.0,4224.0,lol_stitch_0,stitch,-1
-2.0,1.0,4225.0,lol_stitch_0,stitch,-1
-2.0,0.0,4226.0,lol_stitch_0,stitch,-1
-1.0,1.0,4227.0,lol_stitch_0,stitch,-1
-2.0,0.0,4228.0,lol_stitch_0,stitch,-1
-2.0,1.0,4229.0,lol_stitch_0,stitch,-1
-2.0,0.0,4230.0,lol_stitch_0,stitch,-1
-1.0,1.0,4231.0,lol_stitch_0,stitch,-1
-3.0,0.0,4232.0,lol_stitch_0,stitch,-1
-2.0,0.0,4233.0,lol_stitch_0,stitch,-1
-1.0,1.0,4234.0,lol_stitch_0,stitch,-1
-3.0,0.0,4235.0,lol_stitch_0,stitch,-1
-1.0,1.0,4236.0,lol_stitch_0,stitch,-1
-1.0,0.0,4237.0,lol_stitch_0,stitch,-1
-2.0,0.0,4238.0,lol_stitch_0,stitch,-1
-2.0,1.0,4239.0,lol_stitch_0,stitch,-1
-2.0,0.0,4240.0,lol_stitch_0,stitch,-1
-1.0,0.0,4241.0,lol_stitch_0,stitch,-1
-2.0,1.0,4242.0,lol_stitch_0,stitch,-1
-2.0,1.0,4243.0,lol_stitch_0,stitch,-1
-1.0,0.0,4244.0,lol_stitch_0,stitch,-1
-1.0,1.0,4245.0,lol_stitch_0,stitch,-1
-2.0,0.0,4246.0,lol_stitch_0,stitch,-1
-2.0,0.0,4247.0,lol_stitch_0,stitch,-1
-1.0,1.0,4248.0,lol_stitch_0,stitch,-1
-1.0,0.0,4249.0,lol_stitch_0,stitch,-1
-2.0,1.0,4250.0,lol_stitch_0,stitch,-1
-1.0,0.0,4251.0,lol_stitch_0,stitch,-1
-1.0,1.0,4252.0,lol_stitch_0,stitch,-1
-2.0,0.0,4253.0,lol_stitch_0,stitch,-1
-1.0,0.0,4254.0,lol_stitch_0,stitch,-1
-1.0,0.0,4255.0,lol_stitch_0,stitch,-1
-2.0,1.0,4256.0,lol_stitch_0,stitch,-1
-2.0,0.0,4258.0,lol_stitch_0,stitch,-1
-1.0,1.0,4259.0,lol_stitch_0,stitch,-1
-2.0,0.0,4260.0,lol_stitch_0,stitch,-1
-1.0,1.0,4261.0,lol_stitch_0,stitch,-1
-1.0,0.0,4262.0,lol_stitch_0,stitch,-1
-1.0,0.0,4263.0,lol_stitch_0,stitch,-1
-1.0,0.0,4264.0,lol_stitch_0,stitch,-1
-1.0,0.0,4266.0,lol_stitch_0,stitch,-1
-1.0,0.0,4267.0,lol_stitch_0,stitch,-1
-1.0,1.0,4268.0,lol_stitch_0,stitch,-1
-1.0,0.0,4270.0,lol_stitch_0,stitch,-1
-1.0,1.0,4272.0,lol_stitch_0,stitch,-1
-1.0,0.0,4274.0,lol_stitch_0,stitch,-1
-1.0,0.0,4328.0,lol_stitch_0,stitch,-1
-1.0,0.0,4367.0,lol_stitch_0,stitch,-1
-1.0,0.0,4377.0,lol_stitch_0,stitch,-1
-1.0,0.0,4382.0,lol_stitch_0,stitch,-1
-1.0,0.0,4383.0,lol_stitch_0,stitch,-1
-1.0,0.0,4386.0,lol_stitch_0,stitch,-1
-1.0,0.0,4389.0,lol_stitch_0,stitch,-1
-1.0,0.0,4392.0,lol_stitch_0,stitch,-1
-1.0,0.0,4394.0,lol_stitch_0,stitch,-1
-1.0,1.0,4396.0,lol_stitch_0,stitch,-1
-1.0,0.0,4397.0,lol_stitch_0,stitch,-1
-1.0,0.0,4399.0,lol_stitch_0,stitch,-1
-1.0,0.0,4402.0,lol_stitch_0,stitch,-1
-1.0,0.0,4404.0,lol_stitch_0,stitch,-1
-1.0,0.0,4407.0,lol_stitch_0,stitch,-1
-1.0,1.0,4408.0,lol_stitch_0,stitch,-1
-1.0,0.0,4410.0,lol_stitch_0,stitch,-1
-1.0,0.0,4412.0,lol_stitch_0,stitch,-1
-1.0,0.0,4417.0,lol_stitch_0,stitch,-1
-1.0,0.0,4477.0,lol_stitch_0,stitch,-1
0.0,-1.0,4479.0,lol_stitch_0,stitch,-1
-1.0,-1.0,4481.0,lol_stitch_0,stitch,-1
0.0,-1.0,4482.0,lol_stitch_0,stitch,-1
-1.0,0.0,4485.0,lol_stitch_0,stitch,-1
0.0,-1.0,4486.0,lol_stitch_0,stitch,-1
-1.0,0.0,4488.0,lol_stitch_0,stitch,-1
0.0,-1.0,4492.0,lol_stitch_0,stitch,-1
-1.0,0.0,4505.0,lol_stitch_0,stitch,-1
0.0,-1.0,4636.0,lol_stitch_0,stitch,-1
0.0,-1.0,4640.0,lol_stitch_0,stitch,-1
1.0,-1.0,4641.0,lol_stitch_0,stitch,-1
0.0,-1.0,4644.0,lol_stitch_0,stitch,-1
1.0,-1.0,4645.0,lol_stitch_0,stitch,-1
0.0,-1.0,4647.0,lol_stitch_0,stitch,-1
1.0,-1.0,4650.0,lol_stitch_0,stitch,-1
0.0,-1.0,4651.0,lol_stitch_0,stitch,-1
0.0,-1.0,4652.0,lol_stitch_0,stitch,-1
1.0,-1.0,4654.0,lol_stitch_0,stitch,-1
0.0,-1.0,4655.0,lol_stitch_0,stitch,-1
0.0,-1.0,4657.0,lol_stitch_0,stitch,-1
0.0,-1.0,4659.0,lol_stitch_0,stitch,-1
1.0,-1.0,4661.0,lol_stitch_0,stitch,-1
0.0,-1.0,4662.0,lol_stitch_0,stitch,-1
1.0,-1.0,4664.0,lol_stitch_0,stitch,-1
1.0,-1.0,4667.0,lol_stitch_0,stitch,-1
1.0,-1.0,4671.0,lol_stitch_0,stitch,-1
1.0,0.0,4672.0,lol_stitch_0,stitch,-1
0.0,-1.0,4679.0,lol_stitch_0,stitch,-1
1.0,0.0,4692.0,lol_stitch_0,stitch,-1
1.0,0.0,4693.0,lol_stitch_0,stitch,-1
0.0,-1.0,4696.0,lol_stitch_0,stitch,-1
1.0,0.0,4697.0,lol_stitch_0,stitch,-1
1.0,0.0,4700.0,lol_stitch_0,stitch,-1
2.0,-1.0,4702.0,lol_stitch_0,stitch,-1
1.0,0.0,4704.0,lol_stitch_0,stitch,-1
1.0,0.0,4705.0,lol_stitch_0,stitch,-1
2.0,-1.0,4706.0,lol_stitch_0,stitch,-1
1.0,0.0,4707.0,lol_stitch_0,stitch,-1
2.0,0.0,4708.0,lol_stitch_0,stitch,-1
2.0,-1.0,4709.0,lol_stitch_0,stitch,-1
2.0,0.0,4710.0,lol_stitch_0,stitch,-1
2.0,-1.0,4711.0,lol_stitch_0,stitch,-1
2.0,-1.0,4712.0,lol_stitch_0,stitch,-1
3.0,0.0,4713.0,lol_stitch_0,stitch,-1
2.0,0.0,4714.0,lol_stitch_0,stitch,-1
4.0,-1.0,4715.0,lol_stitch_0,stitch,-1
2.0,0.0,4716.0,lol_stitch_0,stitch,-1
4.0,-1.0,4717.0,lol_stitch_0,stitch,-1
4.0,0.0,4718.0,lol_stitch_0,stitch,-1
4.0,-1.0,4719.0,lol_stitch_0,stitch,-1
3.0,0.0,4720.0,lol_stitch_0,stitch,-1
4.0,-1.0,4721.0,lol_stitch_0,stitch,-1
5.0,0.0,4722.0,lol_stitch_0,stitch,-1
5.0,-1.0,4723.0,lol_stitch_0,stitch,-1
4.0,0.0,4724.0,lol_stitch_0,stitch,-1
5.0,-1.0,4725.0,lol_stitch_0,stitch,-1
4.0,0.0,4726.0,lol_stitch_0,stitch,-1
5.0,0.0,4727.0,lol_stitch_0,stitch,-1
6.0,-1.0,4728.0,lol_stitch_0,stitch,-1
6.0,0.0,4729.0,lol_stitch_0,stitch,-1
5.0,0.0,4730.0,lol_stitch_0,stitch,-1
6.0,-1.0,4731.0,lol_stitch_0,stitch,-1
6.0,0.0,4732.0,lol_stitch_0,stitch,-1
6.0,0.0,4733.0,lol_stitch_0,stitch,-1
7.0,0.0,4734.0,lol_stitch_0,stitch,-1
6.0,-1.0,4735.0,lol_stitch_0,stitch,-1
6.0,0.0,4736.0,lol_stitch_0,stitch,-1
7.0,0.0,4737.0,lol_stitch_0,stitch,-1
7.0,0.0,4738.0,lol_stitch_0,stitch,-1
6.0,0.0,4739.0,lol_stitch_0,stitch,-1
7.0,0.0,4740.0,lol_stitch_0,stitch,-1
8.0,0.0,4741.0,lol_stitch_0,stitch,-1
6.0,-1.0,4742.0,lol_stitch_0,stitch,-1
8.0,0.0,4743.0,lol_stitch_0,stitch,-1
7.0,0.0,4744.0,lol_stitch_0,stitch,-1
7.0,0.0,4745.0,lol_stitch_0,stitch,-1
8.0,0.0,4746.0,lol_stitch_0,stitch,-1
8.0,0.0,4747.0,lol_stitch_0,stitch,-1
8.0,0.0,4748.0,lol_stitch_0,stitch,-1
8.0,0.0,4749.0,lol_stitch_0,stitch,-1
7.0,0.0,4750.0,lol_stitch_0,stitch,-1
10.0,0.0,4751.0,lol_stitch_0,stitch,-1
7.0,0.0,4752.0,lol_stitch_0,stitch,-1
9.0,0.0,4753.0,lol_stitch_0,stitch,-1
8.0,0.0,4754.0,lol_stitch_0,stitch,-1
9.0,0.0,4755.0,lol_stitch_0,stitch,-1
8.0,0.0,4756.0,lol_stitch_0,stitch,-1
9.0,0.0,4757.0,lol_stitch_0,stitch,-1
9.0,0.0,4758.0,lol_stitch_0,stitch,-1
9.0,0.0,4759.0,lol_stitch_0,stitch,-1
9.0,1.0,4760.0,lol_stitch_0,stitch,-1
9.0,1.0,4761.0,lol_stitch_0,stitch,-1
9.0,0.0,4762.0,lol_stitch_0,stitch,-1
9.0,1.0,4763.0,lol_stitch_0,stitch,-1
9.0,1.0,4764.0,lol_stitch_0,stitch,-1
9.0,0.0,4765.0,lol_stitch_0,stitch,-1
9.0,1.0,4766.0,lol_stitch_0,stitch,-1
9.0,0.0,4767.0,lol_stitch_0,stitch,-1
8.0,1.0,4768.0,lol_stitch_0,stitch,-1
9.0,1.0,4769.0,lol_stitch_0,stitch,-1
9.0,1.0,4770.0,lol_stitch_0,stitch,-1
7.0,0.0,4771.0,lol_stitch_0,stitch,-1
10.0,1.0,4772.0,lol_stitch_0,stitch,-1
7.0,1.0,4773.0,lol_stitch_0,stitch,-1
9.0,1.0,4774.0,lol_stitch_0,stitch,-1
7.0,1.0,4775.0,lol_stitch_0,stitch,-1
7.0,1.0,4776.0,lol_stitch_0,stitch,-1
7.0,0.0,4777.0,lol_stitch_0,stitch,-1
7.0,2.0,4778.0,lol_stitch_0,stitch,-1
7.0,0.0,4779.0,lol_stitch_0,stitch,-1
7.0,1.0,4780.0,lol_stitch_0,stitch,-1
6.0,0.0,4781.0,lol_stitch_0,stitch,-1
6.0,1.0,4782.0,lol_stitch_0,stitch,-1
5.0,1.0,4783.0,lol_stitch_0,stitch,-1
6.0,1.0,4784.0,lol_stitch_0,stitch,-1
5.0,1.0,4785.0,lol_stitch_0,stitch,-1
5.0,0.0,4786.0,lol_stitch_0,stitch,-1
5.0,1.0,4787.0,lol_stitch_0,stitch,-1
4.0,0.0,4788.0,lol_stitch_0,stitch,-1
5.0,1.0,4789.0,lol_stitch_0,stitch,-1
3.0,1.0,4790.0,lol_stitch_0,stitch,-1
4.0,1.0,4791.0,lol_stitch_0,stitch,-1
3.0,0.0,4805.0,lol_stitch_0,stitch,-1
0.0,0.0,4805.0,lol_stitch_0,stitch,-1
0.0,0.0,4805.0,lol_stitch_0,stitch,-1
16.0,5.0,4805.0,lol_stitch_0,stitch,-1
12.0,4.0,4805.0,lol_stitch_0,stitch,-1
1.0,0.0,4806.0,lol_stitch_0,stitch,-1
1.0,1.0,4807.0,lol_stitch_0,stitch,-1
1.0,0.0,4808.0,lol_stitch_0,stitch,-1
1.0,0.0,4810.0,lol_stitch_0,stitch,-1
1.0,0.0,4813.0,lol_stitch_0,stitch,-1
1.0,0.0,4815.0,lol_stitch_0,stitch,-1
0.0,1.0,4817.0,lol_stitch_0,stitch,-1
1.0,0.0,4882.0,lol_stitch_0,stitch,-1
1.0,0.0,4885.0,lol_stitch_0,stitch,-1
1.0,0.0,4886.0,lol_stitch_0,stitch,-1
1.0,0.0,4888.0,lol_stitch_0,stitch,-1
1.0,0.0,4889.0,lol_stitch_0,stitch,-1
1.0,0.0,4891.0,lol_stitch_0,stitch,-1
1.0,0.0,4892.0,lol_stitch_0,stitch,-1
1.0,0.0,4894.0,lol_stitch_0,stitch,-1
2.0,0.0,4896.0,lol_stitch_0,stitch,-1
1.0,0.0,4897.0,lol_stitch_0,stitch,-1
1.0,0.0,4898.0,lol_stitch_0,stitch,-1
1.0,0.0,4899.0,lol_stitch_0,stitch,-1
1.0,0.0,4901.0,lol_stitch_0,stitch,-1
3.0,0.0,4903.0,lol_stitch_0,stitch,-1
1.0,0.0,4904.0,lol_stitch_0,stitch,-1
1.0,0.0,4905.0,lol_stitch_0,stitch,-1
1.0,0.0,4907.0,lol_stitch_0,stitch,-1
2.0,0.0,4908.0,lol_stitch_0,stitch,-1
1.0,0.0,4909.0,lol_stitch_0,stitch,-1
1.0,0.0,4911.0,lol_stitch_0,stitch,-1
1.0,0.0,4912.0,lol_stitch_0,stitch,-1
1.0,0.0,4914.0,lol_stitch_0,stitch,-1
1.0,0.0,4916.0,lol_stitch_0,stitch,-1
1.0,0.0,4917.0,lol_stitch_0,stitch,-1
1.0,0.0,4919.0,lol_stitch_0,stitch,-1
1.0,0.0,4922.0,lol_stitch_0,stitch,-1
1.0,0.0,4929.0,lol_stitch_0,stitch,-1
1.0,0.0,4932.0,lol_stitch_0,stitch,-1
1.0,0.0,4935.0,lol_stitch_0,stitch,-1
1.0,0.0,4939.0,lol_stitch_0,stitch,-1
1.0,0.0,5126.0,lol_stitch_0,stitch,-1
-1.0,0.0,5133.0,lol_stitch_0,stitch,-1
-1.0,0.0,5137.0,lol_stitch_0,stitch,-1
-1.0,0.0,5141.0,lol_stitch_0,stitch,-1
-1.0,0.0,5143.0,lol_stitch_0,stitch,-1
-1.0,0.0,5146.0,lol_stitch_0,stitch,-1
-1.0,0.0,5148.0,lol_stitch_0,stitch,-1
-1.0,0.0,5150.0,lol_stitch_0,stitch,-1
-1.0,0.0,5153.0,lol_stitch_0,stitch,-1
-1.0,0.0,5157.0,lol_stitch_0,stitch,-1
-1.0,1.0,5161.0,lol_stitch_0,stitch,-1
-1.0,0.0,5162.0,lol_stitch_0,stitch,-1
-1.0,0.0,5163.0,lol_stitch_0,stitch,-1
-1.0,0.0,5164.0,lol_stitch_0,stitch,-1
-1.0,0.0,5165.0,lol_stitch_0,stitch,-1
-1.0,0.0,5167.0,lol_stitch_0,stitch,-1
-1.0,0.0,5168.0,lol_stitch_0,stitch,-1
-1.0,0.0,5169.0,lol_stitch_0,stitch,-1
-2.0,0.0,5170.0,lol_stitch_0,stitch,-1
-1.0,0.0,5171.0,lol_stitch_0,stitch,-1
-1.0,0.0,5172.0,lol_stitch_0,stitch,-1
-1.0,0.0,5173.0,lol_stitch_0,stitch,-1
-1.0,0.0,5174.0,lol_stitch_0,stitch,-1
-2.0,-1.0,5175.0,lol_stitch_0,stitch,-1
-2.0,0.0,5176.0,lol_stitch_0,stitch,-1
-1.0,0.0,5177.0,lol_stitch_0,stitch,-1
-2.0,0.0,5178.0,lol_stitch_0,stitch,-1
-2.0,0.0,5179.0,lol_stitch_0,stitch,-1
-2.0,-1.0,5180.0,lol_stitch_0,stitch,-1
-1.0,0.0,5181.0,lol_stitch_0,stitch,-1
-3.0,0.0,5182.0,lol_stitch_0,stitch,-1
-1.0,0.0,5183.0,lol_stitch_0,stitch,-1
-2.0,-1.0,5184.0,lol_stitch_0,stitch,-1
-3.0,-1.0,5185.0,lol_stitch_0,stitch,-1
-2.0,0.0,5186.0,lol_stitch_0,stitch,-1
-3.0,-1.0,5187.0,lol_stitch_0,stitch,-1
-3.0,0.0,5188.0,lol_stitch_0,stitch,-1
-2.0,-1.0,5189.0,lol_stitch_0,stitch,-1
-3.0,0.0,5190.0,lol_stitch_0,stitch,-1
-2.0,-2.0,5191.0,lol_stitch_0,stitch,-1
-5.0,0.0,5192.0,lol_stitch_0,stitch,-1
-2.0,-1.0,5193.0,lol_stitch_0,stitch,-1
-4.0,0.0,5194.0,lol_stitch_0,stitch,-1
-3.0,-2.0,5195.0,lol_stitch_0,stitch,-1
-3.0,0.0,5196.0,lol_stitch_0,stitch,-1
-4.0,-2.0,5197.0,lol_stitch_0,stitch,-1
-4.0,-1.0,5198.0,lol_stitch_0,stitch,-1
-4.0,-1.0,5199.0,lol_stitch_0,stitch,-1
-4.0,-2.0,5200.0,lol_stitch_0,stitch,-1
-4.0,-1.0,5201.0,lol_stitch_0,stitch,-1
-5.0,-1.0,5202.0,lol_stitch_0,stitch,-1
-4.0,-1.0,5203.0,lol_stitch_0,stitch,-1
-4.0,-2.0,5204.0,lol_stitch_0,stitch,-1
-5.0,-2.0,5205.0,lol_stitch_0,stitch,-1
-5.0,-1.0,5206.0,lol_stitch_0,stitch,-1
-4.0,-2.0,5207.0,lol_stitch_0,stitch,-1
-5.0,-2.0,5208.0,lol_stitch_0,stitch,-1
-5.0,-2.0,5209.0,lol_stitch_0,stitch,-1
-5.0,-1.0,5210.0,lol_stitch_0,stitch,-1
-5.0,-2.0,5211.0,lol_stitch_0,stitch,-1
-5.0,-2.0,5212.0,lol_stitch_0,stitch,-1
-4.0,-2.0,5213.0,lol_stitch_0,stitch,-1
-6.0,-1.0,5214.0,lol_stitch_0,stitch,-1
-6.0,-2.0,5215.0,lol_stitch_0,stitch,-1
-5.0,-2.0,5216.0,lol_stitch_0,stitch,-1
-5.0,-2.0,5217.0,lol_stitch_0,stitch,-1
-5.0,-2.0,5218.0,lol_stitch_0,stitch,-1
-5.0,-1.0,5219.0,lol_stitch_0,stitch,-1
-6.0,-3.0,5220.0,lol_stitch_0,stitch,-1
-5.0,-1.0,5221.0,lol_stitch_0,stitch,-1
-5.0,-2.0,5222.0,lol_stitch_0,stitch,-1
-5.0,-2.0,5223.0,lol_stitch_0,stitch,-1
-5.0,-2.0,5224.0,lol_stitch_0,stitch,-1
-5.0,-2.0,5225.0,lol_stitch_0,stitch,-1
-6.0,-1.0,5226.0,lol_stitch_0,stitch,-1
-5.0,-2.0,5227.0,lol_stitch_0,stitch,-1
-4.0,-2.0,5228.0,lol_stitch_0,stitch,-1
-5.0,-2.0,5229.0,lol_stitch_0,stitch,-1
-6.0,-2.0,5230.0,lol_stitch_0,stitch,-1
-5.0,-1.0,5231.0,lol_stitch_0,stitch,-1
-5.0,-1.0,5232.0,lol_stitch_0,stitch,-1
-5.0,-1.0,5233.0,lol_stitch_0,stitch,-1
-4.0,-2.0,5234.0,lol_stitch_0,stitch,-1
-4.0,-2.0,5235.0,lol_stitch_0,stitch,-1
-6.0,-1.0,5236.0,lol_stitch_0,stitch,-1
-4.0,-2.0,5237.0,lol_stitch_0,stitch,-1
-4.0,-1.0,5238.0,lol_stitch_0,stitch,-1
-5.0,-2.0,5239.0,lol_stitch_0,stitch,-1
-5.0,-1.0,5240.0,lol_stitch_0,stitch,-1
-3.0,-2.0,5241.0,lol_stitch_0,stitch,-1
-5.0,-1.0,5242.0,lol_stitch_0,stitch,-1
-5.0,-1.0,5243.0,lol_stitch_0,stitch,-1
-4.0,-2.0,5244.0,lol_stitch_0,stitch,-1
-4.0,-1.0,5245.0,lol_stitch_0,stitch,-1
-5.0,-2.0,5246.0,lol_stitch_0,stitch,-1
-4.0,-1.0,5247.0,lol_stitch_0,stitch,-1
-3.0,-1.0,5248.0,lol_stitch_0,stitch,-1
-4.0,-1.0,5249.0,lol_stitch_0,stitch,-1
-5.0,-2.0,5250.0,lol_stitch_0,stitch,-1
-3.0,-1.0,5251.0,lol_stitch_0,stitch,-1
-5.0,-1.0,5252.0,lol_stitch_0,stitch,-1
-3.0,-1.0,5253.0,lol_stitch_0,stitch,-1
-4.0,-1.0,5254.0,lol_stitch_0,stitch,-1
-5.0,-1.0,5255.0,lol_stitch_0,stitch,-1
-3.0,-1.0,5256.0,lol_stitch_0,stitch,-1
-4.0,-1.0,5257.0,lol_stitch_0,stitch,-1
-3.0,0.0,5258.0,lol_stitch_0,stitch,-1
-3.0,-1.0,5259.0,lol_stitch_0,stitch,-1
-4.0,-1.0,5260.0,lol_stitch_0,stitch,-1
-3.0,-1.0,5261.0,lol_stitch_0,stitch,-1
-4.0,-1.0,5262.0,lol_stitch_0,stitch,-1
-2.0,0.0,5263.0,lol_stitch_0,stitch,-1
-3.0,-1.0,5264.0,lol_stitch_0,stitch,-1
-3.0,0.0,5265.0,lol_stitch_0,stitch,-1
-2.0,-1.0,5266.0,lol_stitch_0,stitch,-1
-3.0,0.0,5267.0,lol_stitch_0,stitch,-1
-2.0,0.0,5268.0,lol_stitch_0,stitch,-1
-3.0,0.0,5269.0,lol_stitch_0,stitch,-1
-2.0,-1.0,5270.0,lol_stitch_0,stitch,-1
-2.0,0.0,5271.0,lol_stitch_0,stitch,-1
-2.0,0.0,5272.0,lol_stitch_0,stitch,-1
-2.0,0.0,5273.0,lol_stitch_0,stitch,-1
-1.0,0.0,5274.0,lol_stitch_0,stitch,-1
-2.0,0.0,5275.0,lol_stitch_0,stitch,-1
-2.0,0.0,5276.0,lol_stitch_0,stitch,-1
-1.0,0.0,5277.0,lol_stitch_0,stitch,-1
-1.0,0.0,5278.0,lol_stitch_0,stitch,-1
-1.0,0.0,5279.0,lol_stitch_0,stitch,-1
-1.0,0.0,5280.0,lol_stitch_0,stitch,-1
-1.0,0.0,5281.0,lol_stitch_0,stitch,-1
-1.0,0.0,5282.0,lol_stitch_0,stitch,-1
-1.0,0.0,5285.0,lol_stitch_0,stitch,-1
0.0,0.0,6926.0,lol_stitch_0,stitch,-1
1.0,0.0,6931.0,lol_stitch_0,stitch,-1
1.0,0.0,6949.0,lol_stitch_0,stitch,-1
1.0,0.0,6954.0,lol_stitch_0,stitch,-1
1.0,0.0,6957.0,lol_stitch_0,stitch,-1
1.0,0.0,6958.0,lol_stitch_0,stitch,-1
1.0,0.0,6960.0,lol_stitch_0,stitch,-1
1.0,0.0,6962.0,lol_stitch_0,stitch,-1
0.0,0.0,6964.0,lol_stitch_0,stitch,-1
2.0,0.0,6966.0,lol_stitch_0,stitch,-1
1.0,0.0,6967.0,lol_stitch_0,stitch,-1
1.0,0.0,6968.0,lol_stitch_0,stitch,-1
1.0,0.0,6969.0,lol_stitch_0,stitch,-1
1.0,0.0,6970.0,lol_stitch_0,stitch,-1
1.0,0.0,6971.0,lol_stitch_0,stitch,-1
0.0,0.0,6972.0,lol_stitch_0,stitch,-1
1.0,0.0,6973.0,lol_stitch_0,stitch,-1
2.0,0.0,6975.0,lol_stitch_0,stitch,-1
2.0,0.0,6976.0,lol_stitch_0,stitch,-1
1.0,1.0,6978.0,lol_stitch_0,stitch,-1
1.0,0.0,6979.0,lol_stitch_0,stitch,-1
2.0,0.0,6981.0,lol_stitch_0,stitch,-1
2.0,1.0,6982.0,lol_stitch_0,stitch,-1
2.0,0.0,6983.0,lol_stitch_0,stitch,-1
1.0,1.0,6984.0,lol_stitch_0,stitch,-1
0.0,0.0,6985.0,lol_stitch_0,stitch,-1
1.0,0.0,6986.0,lol_stitch_0,stitch,-1
2.0,1.0,6988.0,lol_stitch_0,stitch,-1
2.0,0.0,6990.0,lol_stitch_0,stitch,-1
2.0,1.0,6992.0,lol_stitch_0,stitch,-1
0.0,1.0,6993.0,lol_stitch_0,stitch,-1
1.0,0.0,6994.0,lol_stitch_0,stitch,-1
1.0,1.0,6995.0,lol_stitch_0,stitch,-1
1.0,0.0,6996.0,lol_stitch_0,stitch,-1
1.0,0.0,6997.0,lol_stitch_0,stitch,-1
1.0,0.0,6999.0,lol_stitch_0,stitch,-1
1.0,1.0,7001.0,lol_stitch_0,stitch,-1
1.0,0.0,7002.0,lol_stitch_0,stitch,-1
0.0,1.0,7004.0,lol_stitch_0,stitch,-1
1.0,1.0,7006.0,lol_stitch_0,stitch,-1
1.0,0.0,7007.0,lol_stitch_0,stitch,-1
0.0,1.0,7008.0,lol_stitch_0,stitch,-1
1.0,0.0,7010.0,lol_stitch_0,stitch,-1
1.0,1.0,7013.0,lol_stitch_0,stitch,-1
1.0,1.0,7016.0,lol_stitch_0,stitch,-1
1.0,1.0,7019.0,lol_stitch_0,stitch,-1
1.0,0.0,7022.0,lol_stitch_0,stitch,-1
0.0,1.0,7025.0,lol_stitch_0,stitch,-1
1.0,0.0,7026.0,lol_stitch_0,stitch,-1
0.0,1.0,7028.0,lol_stitch_0,stitch,-1
1.0,1.0,7031.0,lol_stitch_0,stitch,-1
1.0,0.0,7032.0,lol_stitch_0,stitch,-1
0.0,1.0,7034.0,lol_stitch_0,stitch,-1
1.0,1.0,7036.0,lol_stitch_0,stitch,-1
1.0,0.0,7038.0,lol_stitch_0,stitch,-1
1.0,1.0,7039.0,lol_stitch_0,stitch,-1
1.0,1.0,7042.0,lol_stitch_0,stitch,-1
0.0,0.0,7044.0,lol_stitch_0,stitch,-1
1.0,1.0,7045.0,lol_stitch_0,stitch,-1
2.0,1.0,7048.0,lol_stitch_0,stitch,-1
2.0,1.0,7050.0,lol_stitch_0,stitch,-1
1.0,1.0,7050.0,lol_stitch_0,stitch,-1
1.0,0.0,7051.0,lol_stitch_0,stitch,-1
0.0,1.0,7053.0,lol_stitch_0,stitch,-1
1.0,1.0,7054.0,lol_stitch_0,stitch,-1
2.0,0.0,7055.0,lol_stitch_0,stitch,-1
1.0,1.0,7057.0,lol_stitch_0,stitch,-1
2.0,0.0,7057.0,lol_stitch_0,stitch,-1
1.0,0.0,7059.0,lol_stitch_0,stitch,-1
0.0,1.0,7060.0,lol_stitch_0,stitch,-1
2.0,1.0,7062.0,lol_stitch_0,stitch,-1
2.0,1.0,7063.0,lol_stitch_0,stitch,-1
2.0,0.0,7064.0,lol_stitch_0,stitch,-1
1.0,1.0,7065.0,lol_stitch_0,stitch,-1
1.0,0.0,7066.0,lol_stitch_0,stitch,-1
2.0,1.0,7068.0,lol_stitch_0,stitch,-1
2.0,0.0,7068.0,lol_stitch_0,stitch,-1
1.0,1.0,7069.0,lol_stitch_0,stitch,-1
1.0,1.0,7072.0,lol_stitch_0,stitch,-1
2.0,0.0,7072.0,lol_stitch_0,stitch,-1
2.0,0.0,7073.0,lol_stitch_0,stitch,-1
2.0,0.0,7075.0,lol_stitch_0,stitch,-1
1.0,1.0,7075.0,lol_stitch_0,stitch,-1
1.0,1.0,7077.0,lol_stitch_0,stitch,-1
1.0,0.0,7078.0,lol_stitch_0,stitch,-1
2.0,1.0,7079.0,lol_stitch_0,stitch,-1
3.0,0.0,7080.0,lol_stitch_0,stitch,-1
0.0,1.0,7081.0,lol_stitch_0,stitch,-1
2.0,1.0,7084.0,lol_stitch_0,stitch,-1
2.0,1.0,7084.0,lol_stitch_0,stitch,-1
2.0,0.0,7085.0,lol_stitch_0,stitch,-1
1.0,1.0,7086.0,lol_stitch_0,stitch,-1
0.0,0.0,7087.0,lol_stitch_0,stitch,-1
2.0,0.0,7088.0,lol_stitch_0,stitch,-1
1.0,0.0,7089.0,lol_stitch_0,stitch,-1
2.0,1.0,7090.0,lol_stitch_0,stitch,-1
1.0,0.0,7091.0,lol_stitch_0,stitch,-1
1.0,1.0,7093.0,lol_stitch_0,stitch,-1
2.0,1.0,7094.0,lol_stitch_0,stitch,-1
1.0,0.0,7095.0,lol_stitch_0,stitch,-1
2.0,1.0,7096.0,lol_stitch_0,stitch,-1
1.0,0.0,7097.0,lol_stitch_0,stitch,-1
1.0,1.0,7099.0,lol_stitch_0,stitch,-1
2.0,0.0,7101.0,lol_stitch_0,stitch,-1
2.0,1.0,7101.0,lol_stitch_0,stitch,-1
1.0,1.0,7102.0,lol_stitch_0,stitch,-1
1.0,0.0,7104.0,lol_stitch_0,stitch,-1
1.0,0.0,7105.0,lol_stitch_0,stitch,-1
1.0,0.0,7105.0,lol_stitch_0,stitch,-1
2.0,1.0,7108.0,lol_stitch_0,stitch,-1
2.0,1.0,7109.0,lol_stitch_0,stitch,-1
2.0,1.0,7110.0,lol_stitch_0,stitch,-1
0.0,0.0,7111.0,lol_stitch_0,stitch,-1
1.0,0.0,7112.0,lol_stitch_0,stitch,-1
2.0,1.0,7113.0,lol_stitch_0,stitch,-1
2.0,0.0,7115.0,lol_stitch_0,stitch,-1
2.0,1.0,7117.0,lol_stitch_0,stitch,-1
2.0,1.0,7118.0,lol_stitch_0,stitch,-1
2.0,1.0,7119.0,lol_stitch_0,stitch,-1
1.0,0.0,7120.0,lol_stitch_0,stitch,-1
2.0,0.0,7121.0,lol_stitch_0,stitch,-1
0.0,0.0,7122.0,lol_stitch_0,stitch,-1
1.0,0.0,7123.0,lol_stitch_0,stitch,-1
2.0,1.0,7124.0,lol_stitch_0,stitch,-1
1.0,0.0,7125.0,lol_stitch_0,stitch,-1
2.0,1.0,7126.0,lol_stitch_0,stitch,-1
1.0,0.0,7127.0,lol_stitch_0,stitch,-1
1.0,1.0,7128.0,lol_stitch_0,stitch,-1
2.0,0.0,7130.0,lol_stitch_0,stitch,-1
3.0,1.0,7132.0,lol_stitch_0,stitch,-1
1.0,1.0,7133.0,lol_stitch_0,stitch,-1
2.0,0.0,7134.0,lol_stitch_0,stitch,-1
2.0,0.0,7135.0,lol_stitch_0,stitch,-1
1.0,1.0,7136.0,lol_stitch_0,stitch,-1
2.0,0.0,7137.0,lol_stitch_0,stitch,-1
0.0,0.0,7138.0,lol_stitch_0,stitch,-1
2.0,1.0,7139.0,lol_stitch_0,stitch,-1
2.0,0.0,7140.0,lol_stitch_0,stitch,-1
1.0,0.0,7141.0,lol_stitch_0,stitch,-1
2.0,0.0,7142.0,lol_stitch_0,stitch,-1
1.0,1.0,7144.0,lol_stitch_0,stitch,-1
3.0,0.0,7145.0,lol_stitch_0,stitch,-1
2.0,1.0,7146.0,lol_stitch_0,stitch,-1
1.0,0.0,7147.0,lol_stitch_0,stitch,-1
1.0,1.0,7149.0,lol_stitch_0,stitch,-1
3.0,1.0,7150.0,lol_stitch_0,stitch,-1
1.0,0.0,7151.0,lol_stitch_0,stitch,-1
2.0,1.0,7152.0,lol_stitch_0,stitch,-1
1.0,0.0,7153.0,lol_stitch_0,stitch,-1
1.0,1.0,7154.0,lol_stitch_0,stitch,-1
1.0,0.0,7155.0,lol_stitch_0,stitch,-1
2.0,1.0,7156.0,lol_stitch_0,stitch,-1
2.0,0.0,7157.0,lol_stitch_0,stitch,-1
0.0,0.0,7159.0,lol_stitch_0,stitch,-1
2.0,1.0,7160.0,lol_stitch_0,stitch,-1
1.0,0.0,7161.0,lol_stitch_0,stitch,-1
2.0,1.0,7163.0,lol_stitch_0,stitch,-1
2.0,1.0,7165.0,lol_stitch_0,stitch,-1
0.0,0.0,7166.0,lol_stitch_0,stitch,-1
1.0,1.0,7167.0,lol_stitch_0,stitch,-1
1.0,0.0,7168.0,lol_stitch_0,stitch,-1
1.0,1.0,7169.0,lol_stitch_0,stitch,-1
1.0,0.0,7171.0,lol_stitch_0,stitch,-1
2.0,0.0,7172.0,lol_stitch_0,stitch,-1
0.0,1.0,7173.0,lol_stitch_0,stitch,-1
1.0,0.0,7174.0,lol_stitch_0,stitch,-1
0.0,0.0,7175.0,lol_stitch_0,stitch,-1
0.0,1.0,7176.0,lol_stitch_0,stitch,-1
1.0,0.0,7178.0,lol_stitch_0,stitch,-1
1.0,0.0,7179.0,lol_stitch_0,stitch,-1
1.0,0.0,7181.0,lol_stitch_0,stitch,-1
1.0,0.0,7183.0,lol_stitch_0,stitch,-1
1.0,0.0,7185.0,lol_stitch_0,stitch,-1
1.0,0.0,7187.0,lol_stitch_0,stitch,-1
1.0,0.0,7188.0,lol_stitch_0,stitch,-1
0.0,1.0,7190.0,lol_stitch_0,stitch,-1
1.0,0.0,7192.0,lol_stitch_0,stitch,-1
1.0,0.0,7194.0,lol_stitch_0,stitch,-1
1.0,0.0,7195.0,lol_stitch_0,stitch,-1
1.0,0.0,7197.0,lol_stitch_0,stitch,-1
1.0,0.0,7198.0,lol_stitch_0,stitch,-1
1.0,0.0,7199.0,lol_stitch_0,stitch,-1
1.0,0.0,7201.0,lol_stitch_0,stitch,-1
1.0,0.0,7203.0,lol_stitch_0,stitch,-1
1.0,0.0,7204.0,lol_stitch_0,stitch,-1
1.0,0.0,7206.0,lol_stitch_0,stitch,-1
2.0,0.0,7208.0,lol_stitch_0,stitch,-1
2.0,0.0,7210.0,lol_stitch_0,stitch,-1
1.0,0.0,7212.0,lol_stitch_0,stitch,-1
2.0,0.0,7214.0,lol_stitch_0,stitch,-1
2.0,0.0,7216.0,lol_stitch_0,stitch,-1
2.0,0.0,7218.0,lol_stitch_0,stitch,-1
1.0,0.0,7219.0,lol_stitch_0,stitch,-1
1.0,0.0,7220.0,lol_stitch_0,stitch,-1
1.0,0.0,7222.0,lol_stitch_0,stitch,-1
2.0,0.0,7224.0,lol_stitch_0,stitch,-1
2.0,0.0,7226.0,lol_stitch_0,stitch,-1
0.0,0.0,7226.0,lol_stitch_0,stitch,-1
1.0,0.0,7229.0,lol_stitch_0,stitch,-1
2.0,0.0,7231.0,lol_stitch_0,stitch,-1
1.0,1.0,7232.0,lol_stitch_0,stitch,-1
1.0,0.0,7234.0,lol_stitch_0,stitch,-1
1.0,0.0,7236.0,lol_stitch_0,stitch,-1
1.0,0.0,7238.0,lol_stitch_0,stitch,-1
0.0,1.0,7240.0,lol_stitch_0,stitch,-1
1.0,0.0,7242.0,lol_stitch_0,stitch,-1
1.0,1.0,7245.0,lol_stitch_0,stitch,-1
1.0,0.0,7248.0,lol_stitch_0,stitch,-1
1.0,1.0,7251.0,lol_stitch_0,stitch,-1
1.0,1.0,7255.0,lol_stitch_0,stitch,-1
1.0,1.0,7258.0,lol_stitch_0,stitch,-1
0.0,0.0,7261.0,lol_stitch_0,stitch,-1
1.0,0.0,7263.0,lol_stitch_0,stitch,-1
0.0,1.0,7266.0,lol_stitch_0,stitch,-1
0.0,1.0,7271.0,lol_stitch_0,stitch,-1
1.0,1.0,7277.0,lol_stitch_0,stitch,-1
0.0,1.0,7278.0,lol_stitch_0,stitch,-1
1.0,0.0,7282.0,lol_stitch_0,stitch,-1
0.0,1.0,7284.0,lol_stitch_0,stitch,-1
1.0,0.0,7285.0,lol_stitch_0,stitch,-1
0.0,1.0,7289.0,lol_stitch_0,stitch,-1
1.0,0.0,7291.0,lol_stitch_0,stitch,-1
0.0,1.0,7297.0,lol_stitch_0,stitch,-1
1.0,0.0,7388.0,lol_stitch_0,stitch,-1
0.0,1.0,7400.0,lol_stitch_0,stitch,-1
0.0,1.0,7426.0,lol_stitch_0,stitch,-1
0.0,0.0,7429.0,lol_stitch_0,stitch,-1
0.0,1.0,7435.0,lol_stitch_0,stitch,-1
-1.0,0.0,7438.0,lol_stitch_0,stitch,-1
-1.0,0.0,7443.0,lol_stitch_0,stitch,-1
0.0,1.0,7445.0,lol_stitch_0,stitch,-1
-1.0,0.0,7450.0,lol_stitch_0,stitch,-1
-1.0,0.0,7459.0,lol_stitch_0,stitch,-1
-1.0,0.0,7621.0,lol_stitch_0,stitch,-1
0.0,0.0,7625.0,lol_stitch_0,stitch,-1
0.0,0.0,7631.0,lol_stitch_0,stitch,-1
-1.0,0.0,7636.0,lol_stitch_0,stitch,-1
0.0,-1.0,7640.0,lol_stitch_0,stitch,-1
-1.0,0.0,7643.0,lol_stitch_0,stitch,-1
0.0,-1.0,7649.0,lol_stitch_0,stitch,-1
-1.0,0.0,7653.0,lol_stitch_0,stitch,-1
0.0,-1.0,7657.0,lol_stitch_0,stitch,-1
-1.0,0.0,7658.0,lol_stitch_0,stitch,-1
0.0,-1.0,7665.0,lol_stitch_0,stitch,-1
-1.0,0.0,7669.0,lol_stitch_0,stitch,-1
0.0,0.0,7680.0,lol_stitch_0,stitch,-1
0.0,-1.0,7683.0,lol_stitch_0,stitch,-1
-1.0,0.0,7690.0,lol_stitch_0,stitch,-1
0.0,-1.0,7698.0,lol_stitch_0,stitch,-1
-1.0,-1.0,7706.0,lol_stitch_0,stitch,-1
0.0,-1.0,7710.0,lol_stitch_0,stitch,-1
0.0,0.0,7712.0,lol_stitch_0,stitch,-1
0.0,-1.0,7719.0,lol_stitch_0,stitch,-1
0.0,-1.0,7720.0,lol_stitch_0,stitch,-1
-1.0,0.0,7725.0,lol_stitch_0,stitch,-1
0.0,-1.0,7727.0,lol_stitch_0,stitch,-1
-1.0,0.0,7730.0,lol_stitch_0,stitch,-1
0.0,0.0,7735.0,lol_stitch_0,stitch,-1
-1.0,0.0,7736.0,lol_stitch_0,stitch,-1
0.0,-1.0,7739.0,lol_stitch_0,stitch,-1
-1.0,0.0,7740.0,lol_stitch_0,stitch,-1
0.0,-1.0,7744.0,lol_stitch_0,stitch,-1
-1.0,0.0,7746.0,lol_stitch_0,stitch,-1
0.0,-1.0,7748.0,lol_stitch_0,stitch,-1
-1.0,0.0,7751.0,lol_stitch_0,stitch,-1
-1.0,-1.0,7756.0,lol_stitch_0,stitch,-1
0.0,-1.0,7761.0,lol_stitch_0,stitch,-1
-1.0,-1.0,7763.0,lol_stitch_0,stitch,-1
-1.0,0.0,7767.0,lol_stitch_0,stitch,-1
-1.0,-1.0,7771.0,lol_stitch_0,stitch,-1
-1.0,0.0,7772.0,lol_stitch_0,stitch,-1
0.0,0.0,7773.0,lol_stitch_0,stitch,-1
-1.0,0.0,7777.0,lol_stitch_0,stitch,-1
-1.0,-1.0,7780.0,lol_stitch_0,stitch,-1
-1.0,0.0,7782.0,lol_stitch_0,stitch,-1
0.0,-1.0,7784.0,lol_stitch_0,stitch,-1
0.0,0.0,7787.0,lol_stitch_0,stitch,-1
-1.0,-1.0,7791.0,lol_stitch_0,stitch,-1
-1.0,-1.0,7794.0,lol_stitch_0,stitch,-1
-1.0,0.0,7797.0,lol_stitch_0,stitch,-1
-1.0,-1.0,7799.0,lol_stitch_0,stitch,-1
-1.0,0.0,7800.0,lol_stitch_0,stitch,-1
0.0,-1.0,7803.0,lol_stitch_0,stitch,-1
-1.0,-1.0,7805.0,lol_stitch_0,stitch,-1
-1.0,0.0,7807.0,lol_stitch_0,stitch,-1
0.0,0.0,7808.0,lol_stitch_0,stitch,-1
0.0,0.0,7810.0,lol_stitch_0,stitch,-1
-1.0,-1.0,7812.0,lol_stitch_0,stitch,-1
-1.0,-1.0,7815.0,lol_stitch_0,stitch,-1
-1.0,-1.0,7818.0,lol_stitch_0,stitch,-1
-1.0,-1.0,7820.0,lol_stitch_0,stitch,-1
-1.0,-1.0,7822.0,lol_stitch_0,stitch,-1
-1.0,0.0,7823.0,lol_stitch_0,stitch,-1
-1.0,-1.0,7827.0,lol_stitch_0,stitch,-1
0.0,-1.0,7828.0,lol_stitch_0,stitch,-1
-1.0,0.0,7829.0,lol_stitch_0,stitch,-1
-1.0,0.0,7832.0,lol_stitch_0,stitch,-1
-1.0,-1.0,7833.0,lol_stitch_0,stitch,-1
-1.0,-1.0,7834.0,lol_stitch_0,stitch,-1
-1.0,0.0,7835.0,lol_stitch_0,stitch,-1
-1.0,-1.0,7837.0,lol_stitch_0,stitch,-1
-1.0,-1.0,7839.0,lol_stitch_0,stitch,-1
0.0,-1.0,7840.0,lol_stitch_0,stitch,-1
-1.0,0.0,7842.0,lol_stitch_0,stitch,-1
-1.0,-1.0,7843.0,lol_stitch_0,stitch,-1
-1.0,-1.0,7845.0,lol_stitch_0,stitch,-1
-2.0,0.0,7847.0,lol_stitch_0,stitch,-1
-1.0,-1.0,7848.0,lol_stitch_0,stitch,-1
-1.0,0.0,7849.0,lol_stitch_0,stitch,-1
0.0,-1.0,7850.0,lol_stitch_0,stitch,-1
0.0,-1.0,7851.0,lol_stitch_0,stitch,-1
-1.0,0.0,7852.0,lol_stitch_0,stitch,-1
-1.0,-1.0,7854.0,lol_stitch_0,stitch,-1
-1.0,0.0,7854.0,lol_stitch_0,stitch,-1
-1.0,-1.0,7855.0,lol_stitch_0,stitch,-1
-1.0,-1.0,7856.0,lol_stitch_0,stitch,-1
-1.0,0.0,7857.0,lol_stitch_0,stitch,-1
-1.0,-1.0,7859.0,lol_stitch_0,stitch,-1
0.0,0.0,7859.0,lol_stitch_0,stitch,-1
-1.0,0.0,7860.0,lol_stitch_0,stitch,-1
-1.0,0.0,7861.0,lol_stitch_0,stitch,-1
-1.0,-1.0,7862.0,lol_stitch_0,stitch,-1
-1.0,-1.0,7863.0,lol_stitch_0,stitch,-1
-1.0,0.0,7865.0,lol_stitch_0,stitch,-1
-1.0,-1.0,7866.0,lol_stitch_0,stitch,-1
-1.0,-1.0,7868.0,lol_stitch_0,stitch,-1
-2.0,-1.0,7869.0,lol_stitch_0,stitch,-1
-1.0,-1.0,7871.0,lol_stitch_0,stitch,-1
-2.0,-1.0,7872.0,lol_stitch_0,stitch,-1
-1.0,0.0,7873.0,lol_stitch_0,stitch,-1
-1.0,-1.0,7874.0,lol_stitch_0,stitch,-1
-1.0,0.0,7875.0,lol_stitch_0,stitch,-1
-1.0,-1.0,7876.0,lol_stitch_0,stitch,-1
-2.0,-1.0,7878.0,lol_stitch_0,stitch,-1
-2.0,-1.0,7879.0,lol_stitch_0,stitch,-1
-1.0,-1.0,7880.0,lol_stitch_0,stitch,-1
-1.0,-1.0,7881.0,lol_stitch_0,stitch,-1
-1.0,0.0,7882.0,lol_stitch_0,stitch,-1
-1.0,-1.0,7883.0,lol_stitch_0,stitch,-1
-2.0,0.0,7884.0,lol_stitch_0,stitch,-1
-2.0,-1.0,7886.0,lol_stitch_0,stitch,-1
-1.0,-1.0,7887.0,lol_stitch_0,stitch,-1
-2.0,-1.0,7888.0,lol_stitch_0,stitch,-1
-1.0,-1.0,7889.0,lol_stitch_0,stitch,-1
-1.0,-1.0,7890.0,lol_stitch_0,stitch,-1
-2.0,-1.0,7891.0,lol_stitch_0,stitch,-1
0.0,0.0,7892.0,lol_stitch_0,stitch,-1
-2.0,-1.0,7893.0,lol_stitch_0,stitch,-1
-1.0,0.0,7894.0,lol_stitch_0,stitch,-1
-2.0,-1.0,7895.0,lol_stitch_0,stitch,-1
-1.0,-1.0,7896.0,lol_stitch_0,stitch,-1
-1.0,-1.0,7897.0,lol_stitch_0,stitch,-1
-1.0,-1.0,7898.0,lol_stitch_0,stitch,-1
-2.0,0.0,7899.0,lol_stitch_0,stitch,-1
-1.0,-1.0,7900.0,lol_stitch_0,stitch,-1
-2.0,-1.0,7901.0,lol_stitch_0,stitch,-1
-1.0,-1.0,7902.0,lol_stitch_0,stitch,-1
0.0,0.0,7903.0,lol_stitch_0,stitch,-1
-2.0,-1.0,7904.0,lol_stitch_0,stitch,-1
-1.0,-1.0,7905.0,lol_stitch_0,stitch,-1
-2.0,0.0,7906.0,lol_stitch_0,stitch,-1
-1.0,-1.0,7907.0,lol_stitch_0,stitch,-1
-1.0,-1.0,7908.0,lol_stitch_0,stitch,-1
-1.0,-1.0,7909.0,lol_stitch_0,stitch,-1
-1.0,-1.0,7910.0,lol_stitch_0,stitch,-1
-2.0,-1.0,7912.0,lol_stitch_0,stitch,-1
-2.0,0.0,7913.0,lol_stitch_0,stitch,-1
-1.0,-1.0,7914.0,lol_stitch_0,stitch,-1
-1.0,-1.0,7915.0,lol_stitch_0,stitch,-1
-1.0,0.0,7916.0,lol_stitch_0,stitch,-1
-1.0,-1.0,7917.0,lol_stitch_0,stitch,-1
-1.0,-1.0,7918.0,lol_stitch_0,stitch,-1
-2.0,-1.0,7920.0,lol_stitch_0,stitch,-1
-1.0,-1.0,7922.0,lol_stitch_0,stitch,-1
-2.0,-1.0,7924.0,lol_stitch_0,stitch,-1
-2.0,0.0,7926.0,lol_stitch_0,stitch,-1
-1.0,-1.0,7927.0,lol_stitch_0,stitch,-1
-1.0,-1.0,7928.0,lol_stitch_0,stitch,-1
-1.0,0.0,7929.0,lol_stitch_0,stitch,-1
0.0,-1.0,7931.0,lol_stitch_0,stitch,-1
-1.0,-1.0,7932.0,lol_stitch_0,stitch,-1
-1.0,-1.0,7933.0,lol_stitch_0,stitch,-1
-1.0,0.0,7934.0,lol_stitch_0,stitch,-1
-1.0,-1.0,7936.0,lol_stitch_0,stitch,-1
-1.0,-1.0,7937.0,lol_stitch_0,stitch,-1
-1.0,0.0,7939.0,lol_stitch_0,stitch,-1
-1.0,-1.0,7940.0,lol_stitch_0,stitch,-1
0.0,-1.0,7942.0,lol_stitch_0,stitch,-1
-1.0,-1.0,7945.0,lol_stitch_0,stitch,-1
-1.0,-1.0,7948.0,lol_stitch_0,stitch,-1
-1.0,-1.0,7953.0,lol_stitch_0,stitch,-1
-1.0,-1.0,7956.0,lol_stitch_0,stitch,-1
-1.0,0.0,7960.0,lol_stitch_0,stitch,-1
-1.0,0.0,7962.0,lol_stitch_0,stitch,-1
-1.0,0.0,7964.0,lol_stitch_0,stitch,-1
0.0,0.0,7966.0,lol_stitch_0,stitch,-1
-1.0,0.0,7967.0,lol_stitch_0,stitch,-1
-1.0,0.0,7969.0,lol_stitch_0,stitch,-1
-2.0,0.0,7971.0,lol_stitch_0,stitch,-1
-1.0,0.0,7972.0,lol_stitch_0,stitch,-1
-1.0,0.0,7973.0,lol_stitch_0,stitch,-1
-1.0,0.0,7974.0,lol_stitch_0,stitch,-1
0.0,0.0,7976.0,lol_stitch_0,stitch,-1
-2.0,0.0,7977.0,lol_stitch_0,stitch,-1
-1.0,0.0,7978.0,lol_stitch_0,stitch,-1
-1.0,0.0,7979.0,lol_stitch_0,stitch,-1
-1.0,0.0,7980.0,lol_stitch_0,stitch,-1
-1.0,0.0,7980.0,lol_stitch_0,stitch,-1
-1.0,0.0,7982.0,lol_stitch_0,stitch,-1
0.0,-1.0,7983.0,lol_stitch_0,stitch,-1
-1.0,0.0,7984.0,lol_stitch_0,stitch,-1
-1.0,0.0,7985.0,lol_stitch_0,stitch,-1
-1.0,0.0,7986.0,lol_stitch_0,stitch,-1
-1.0,0.0,7988.0,lol_stitch_0,stitch,-1
-1.0,0.0,8187.0,lol_stitch_0,stitch,-1
0.0,0.0,9534.0,lol_stitch_0,stitch,-1
9.0,-21.0,9542.0,lol_stitch_0,stitch,-1
9.0,-20.0,9550.0,lol_stitch_0,stitch,-1
7.0,-21.0,9558.0,lol_stitch_0,stitch,-1
8.0,-19.0,9567.0,lol_stitch_0,stitch,-1
7.0,-17.0,9574.0,lol_stitch_0,stitch,-1
6.0,-14.0,9582.0,lol_stitch_0,stitch,-1
7.0,-16.0,9590.0,lol_stitch_0,stitch,-1
7.0,-14.0,9598.0,lol_stitch_0,stitch,-1
3.0,-12.0,9606.0,lol_stitch_0,stitch,-1
4.0,-13.0,9614.0,lol_stitch_0,stitch,-1
3.0,-12.0,9622.0,lol_stitch_0,stitch,-1
2.0,-10.0,9630.0,lol_stitch_0,stitch,-1
3.0,-13.0,9638.0,lol_stitch_0,stitch,-1
0.0,-8.0,9646.0,lol_stitch_0,stitch,-1
0.0,-9.0,9654.0,lol_stitch_0,stitch,-1
0.0,-5.0,9662.0,lol_stitch_0,stitch,-1
0.0,-9.0,9670.0,lol_stitch_0,stitch,-1
0.0,-7.0,9678.0,lol_stitch_0,stitch,-1
-2.0,-7.0,9694.0,lol_stitch_0,stitch,-1
0.0,-4.0,9702.0,lol_stitch_0,stitch,-1
0.0,-3.0,9718.0,lol_stitch_0,stitch,-1
0.0,-2.0,9726.0,lol_stitch_0,stitch,-1
0.0,-2.0,9742.0,lol_stitch_0,stitch,-1
2.0,-3.0,9759.0,lol_stitch_0,stitch,-1
2.0,-2.0,9766.0,lol_stitch_0,stitch,-1
2.0,-2.0,9774.0,lol_stitch_0,stitch,-1
2.0,-1.0,9790.0,lol_stitch_0,stitch,-1
1.0,-2.0,9798.0,lol_stitch_0,stitch,-1
2.0,-2.0,10038.0,lol_stitch_0,stitch,-1
2.0,-5.0,10046.0,lol_stitch_0,stitch,-1
0.0,-16.0,10054.0,lol_stitch_0,stitch,-1
3.0,-19.0,10062.0,lol_stitch_0,stitch,-1
4.0,-19.0,10070.0,lol_stitch_0,stitch,-1
2.0,-21.0,10078.0,lol_stitch_0,stitch,-1
3.0,-23.0,10086.0,lol_stitch_0,stitch,-1
5.0,-25.0,10094.0,lol_stitch_0,stitch,-1
4.0,-24.0,10102.0,lol_stitch_0,stitch,-1
7.0,-19.0,10110.0,lol_stitch_0,stitch,-1
9.0,-21.0,10118.0,lol_stitch_0,stitch,-1
7.0,-14.0,10126.0,lol_stitch_0,stitch,-1
3.0,-2.0,10134.0,lol_stitch_0,stitch,-1
4.0,0.0,10142.0,lol_stitch_0,stitch,-1
1.0,0.0,10166.0,lol_stitch_0,stitch,-1
-1.0,0.0,10174.0,lol_stitch_0,stitch,-1
-3.0,0.0,10182.0,lol_stitch_0,stitch,-1
-9.0,10.0,10190.0,lol_stitch_0,stitch,-1
-7.0,16.0,10198.0,lol_stitch_0,stitch,-1
-3.0,19.0,10206.0,lol_stitch_0,stitch,-1
-6.0,19.0,10214.0,lol_stitch_0,stitch,-1
-1.0,23.0,10222.0,lol_stitch_0,stitch,-1
-6.0,26.0,10230.0,lol_stitch_0,stitch,-1
-3.0,27.0,10238.0,lol_stitch_0,stitch,-1
-9.0,29.0,10246.0,lol_stitch_0,stitch,-1
-14.0,30.0,10254.0,lol_stitch_0,stitch,-1
-14.0,32.0,10262.0,lol_stitch_0,stitch,-1
-17.0,29.0,10270.0,lol_stitch_0,stitch,-1
-18.0,27.0,10278.0,lol_stitch_0,stitch,-1
-17.0,28.0,10286.0,lol_stitch_0,stitch,-1
-14.0,28.0,10294.0,lol_stitch_0,stitch,-1
-14.0,24.0,10302.0,lol_stitch_0,stitch,-1
-13.0,23.0,10310.0,lol_stitch_0,stitch,-1
-10.0,23.0,10318.0,lol_stitch_0,stitch,-1
-7.0,21.0,10326.0,lol_stitch_0,stitch,-1
-9.0,19.0,10334.0,lol_stitch_0,stitch,-1
-3.0,23.0,10342.0,lol_stitch_0,stitch,-1
-6.0,21.0,10350.0,lol_stitch_0,stitch,-1
-3.0,22.0,10358.0,lol_stitch_0,stitch,-1
-5.0,20.0,10366.0,lol_stitch_0,stitch,-1
-7.0,22.0,10374.0,lol_stitch_0,stitch,-1
-6.0,20.0,10382.0,lol_stitch_0,stitch,-1
-10.0,21.0,10390.0,lol_stitch_0,stitch,-1
-12.0,17.0,10398.0,lol_stitch_0,stitch,-1
-11.0,18.0,10406.0,lol_stitch_0,stitch,-1
-10.0,19.0,10414.0,lol_stitch_0,stitch,-1
-11.0,17.0,10422.0,lol_stitch_0,stitch,-1
-10.0,14.0,10430.0,lol_stitch_0,stitch,-1
-11.0,13.0,10438.0,lol_stitch_0,stitch,-1
-7.0,8.0,10446.0,lol_stitch_0,stitch,-1
-5.0,6.0,10454.0,lol_stitch_0,stitch,-1
-4.0,3.0,10462.0,lol_stitch_0,stitch,-1
-3.0,5.0,10470.0,lol_stitch_0,stitch,-1
-2.0,7.0,10478.0,lol_stitch_0,stitch,-1
-3.0,4.0,10486.0,lol_stitch_0,stitch,-1
-2.0,3.0,10494.0,lol_stitch_0,stitch,-1
-2.0,4.0,10510.0,lol_stitch_0,stitch,-1
0.0,2.0,10678.0,lol_stitch_0,stitch,-1
6.0,1.0,10686.0,lol_stitch_0,stitch,-1
7.0,0.0,10694.0,lol_stitch_0,stitch,-1
9.0,-1.0,10702.0,lol_stitch_0,stitch,-1
9.0,-3.0,10710.0,lol_stitch_0,stitch,-1
5.0,0.0,10718.0,lol_stitch_0,stitch,-1
5.0,-2.0,10726.0,lol_stitch_0,stitch,-1
7.0,-2.0,10734.0,lol_stitch_0,stitch,-1
7.0,0.0,10742.0,lol_stitch_0,stitch,-1
2.0,0.0,10750.0,lol_stitch_0,stitch,-1
2.0,0.0,10758.0,lol_stitch_0,stitch,-1
3.0,0.0,10766.0,lol_stitch_0,stitch,-1
2.0,-1.0,10774.0,lol_stitch_0,stitch,-1
2.0,0.0,10782.0,lol_stitch_0,stitch,-1
2.0,0.0,10790.0,lol_stitch_0,stitch,-1
3.0,0.0,10798.0,lol_stitch_0,stitch,-1
5.0,-4.0,10814.0,lol_stitch_0,stitch,-1
6.0,-2.0,10822.0,lol_stitch_0,stitch,-1
8.0,-1.0,10830.0,lol_stitch_0,stitch,-1
11.0,-2.0,10838.0,lol_stitch_0,stitch,-1
9.0,-4.0,10846.0,lol_stitch_0,stitch,-1
10.0,-3.0,10854.0,lol_stitch_0,stitch,-1
12.0,0.0,10862.0,lol_stitch_0,stitch,-1
11.0,-2.0,10870.0,lol_stitch_0,stitch,-1
12.0,-3.0,10878.0,lol_stitch_0,stitch,-1
12.0,0.0,10886.0,lol_stitch_0,stitch,-1
13.0,-2.0,10894.0,lol_stitch_0,stitch,-1
10.0,-2.0,10902.0,lol_stitch_0,stitch,-1
12.0,-2.0,10910.0,lol_stitch_0,stitch,-1
13.0,0.0,10918.0,lol_stitch_0,stitch,-1
14.0,0.0,10926.0,lol_stitch_0,stitch,-1
12.0,-3.0,10934.0,lol_stitch_0,stitch,-1
14.0,0.0,10942.0,lol_stitch_0,stitch,-1
10.0,-2.0,10950.0,lol_stitch_0,stitch,-1
13.0,-2.0,10958.0,lol_stitch_0,stitch,-1
14.0,0.0,10966.0,lol_stitch_0,stitch,-1
10.0,-1.0,10974.0,lol_stitch_0,stitch,-1
16.0,0.0,10982.0,lol_stitch_0,stitch,-1
12.0,0.0,10990.0,lol_stitch_0,stitch,-1
16.0,-4.0,10998.0,lol_stitch_0,stitch,-1
14.0,-2.0,11006.0,lol_stitch_0,stitch,-1
10.0,-1.0,11014.0,lol_stitch_0,stitch,-1
11.0,0.0,11022.0,lol_stitch_0,stitch,-1
12.0,0.0,11030.0,lol_stitch_0,stitch,-1
11.0,-2.0,11038.0,lol_stitch_0,stitch,-1
10.0,0.0,11046.0,lol_stitch_0,stitch,-1
7.0,0.0,11054.0,lol_stitch_0,stitch,-1
5.0,0.0,11062.0,lol_stitch_0,stitch,-1
7.0,0.0,11070.0,lol_stitch_0,stitch,-1
7.0,0.0,11078.0,lol_stitch_0,stitch,-1
4.0,0.0,11086.0,lol_stitch_0,stitch,-1
7.0,0.0,11094.0,lol_stitch_0,stitch,-1
5.0,0.0,11102.0,lol_stitch_0,stitch,-1
5.0,0.0,11110.0,lol_stitch_0,stitch,-1
4.0,0.0,11118.0,lol_stitch_0,stitch,-1
3.0,0.0,11126.0,lol_stitch_0,stitch,-1
7.0,0.0,11134.0,lol_stitch_0,stitch,-1
4.0,1.0,11142.0,lol_stitch_0,stitch,-1
7.0,3.0,11150.0,lol_stitch_0,stitch,-1
5.0,2.0,11158.0,lol_stitch_0,stitch,-1
7.0,2.0,11166.0,lol_stitch_0,stitch,-1
5.0,0.0,11174.0,lol_stitch_0,stitch,-1
7.0,0.0,11182.0,lol_stitch_0,stitch,-1
4.0,0.0,11190.0,lol_stitch_0,stitch,-1
5.0,2.0,11198.0,lol_stitch_0,stitch,-1
5.0,0.0,11206.0,lol_stitch_0,stitch,-1
4.0,0.0,11214.0,lol_stitch_0,stitch,-1
2.0,0.0,11222.0,lol_stitch_0,stitch,-1
5.0,0.0,11230.0,lol_stitch_0,stitch,-1
2.0,0.0,11238.0,lol_stitch_0,stitch,-1
3.0,0.0,11246.0,lol_stitch_0,stitch,-1
4.0,0.0,11270.0,lol_stitch_0,stitch,-1
1.0,1.0,11294.0,lol_stitch_0,stitch,-1
0.0,2.0,11302.0,lol_stitch_0,stitch,-1
0.0,2.0,11310.0,lol_stitch_0,stitch,-1
0.0,2.0,11382.0,lol_stitch_0,stitch,-1
-1.0,0.0,11390.0,lol_stitch_0,stitch,-1
0.0,1.0,11392.0,lol_stitch_0,stitch,-1
1.0,2.0,11393.0,lol_stitch_0,stitch,-1
0.0,2.0,11394.0,lol_stitch_0,stitch,-1
1.0,2.0,11395.0,lol_stitch_0,stitch,-1
1.0,3.0,11396.0,lol_stitch_0,stitch,-1
0.0,3.0,11397.0,lol_stitch_0,stitch,-1
3.0,4.0,11398.0,lol_stitch_0,stitch,-1
1.0,5.0,11399.0,lol_stitch_0,stitch,-1
3.0,4.0,11400.0,lol_stitch_0,stitch,-1
2.0,4.0,11401.0,lol_stitch_0,stitch,-1
3.0,5.0,11402.0,lol_stitch_0,stitch,-1
3.0,5.0,11403.0,lol_stitch_0,stitch,-1
3.0,5.0,11404.0,lol_stitch_0,stitch,-1
4.0,6.0,11405.0,lol_stitch_0,stitch,-1
5.0,6.0,11406.0,lol_stitch_0,stitch,-1
3.0,6.0,11407.0,lol_stitch_0,stitch,-1
4.0,6.0,11408.0,lol_stitch_0,stitch,-1
5.0,6.0,11409.0,lol_stitch_0,stitch,-1
6.0,8.0,11410.0,lol_stitch_0,stitch,-1
4.0,6.0,11411.0,lol_stitch_0,stitch,-1
5.0,6.0,11412.0,lol_stitch_0,stitch,-1
7.0,7.0,11413.0,lol_stitch_0,stitch,-1
6.0,7.0,11414.0,lol_stitch_0,stitch,-1
5.0,6.0,11415.0,lol_stitch_0,stitch,-1
7.0,7.0,11416.0,lol_stitch_0,stitch,-1
6.0,7.0,11417.0,lol_stitch_0,stitch,-1
7.0,7.0,11418.0,lol_stitch_0,stitch,-1
6.0,7.0,11419.0,lol_stitch_0,stitch,-1
7.0,7.0,11420.0,lol_stitch_0,stitch,-1
7.0,7.0,11421.0,lol_stitch_0,stitch,-1
8.0,7.0,11422.0,lol_stitch_0,stitch,-1
8.0,7.0,11423.0,lol_stitch_0,stitch,-1
7.0,8.0,11424.0,lol_stitch_0,stitch,-1
8.0,8.0,11425.0,lol_stitch_0,stitch,-1
7.0,7.0,11426.0,lol_stitch_0,stitch,-1
8.0,7.0,11427.0,lol_stitch_0,stitch,-1
8.0,8.0,11428.0,lol_stitch_0,stitch,-1
9.0,8.0,11429.0,lol_stitch_0,stitch,-1
8.0,8.0,11430.0,lol_stitch_0,stitch,-1
8.0,8.0,11431.0,lol_stitch_0,stitch,-1
8.0,8.0,11432.0,lol_stitch_0,stitch,-1
8.0,8.0,11433.0,lol_stitch_0,stitch,-1
7.0,9.0,11434.0,lol_stitch_0,stitch,-1
8.0,8.0,11435.0,lol_stitch_0,stitch,-1
9.0,9.0,11436.0,lol_stitch_0,stitch,-1
9.0,9.0,11437.0,lol_stitch_0,stitch,-1
10.0,9.0,11438.0,lol_stitch_0,stitch,-1
1.0,3.0,11439.0,lol_stitch_0,stitch,-1
0.0,0.0,11440.0,lol_stitch_0,stitch,-1
0.0,0.0,11441.0,lol_stitch_0,stitch,-1
0.0,0.0,11442.0,lol_stitch_0,stitch,-1
0.0,0.0,11443.0,lol_stitch_0,stitch,-1
0.0,0.0,11444.0,lol_stitch_0,stitch,-1
0.0,0.0,11603.0,lol_stitch_0,stitch,-1
0.0,-6.0,11604.0,lol_stitch_0,stitch,-1
0.0,-4.0,11605.0,lol_stitch_0,stitch,-1
0.0,-4.0,11606.0,lol_stitch_0,stitch,-1
0.0,-3.0,11607.0,lol_stitch_0,stitch,-1
0.0,-1.0,11608.0,lol_stitch_0,stitch,-1
0.0,-1.0,11613.0,lol_stitch_0,stitch,-1
0.0,1.0,11615.0,lol_stitch_0,stitch,-1
-1.0,0.0,11616.0,lol_stitch_0,stitch,-1
0.0,-1.0,11617.0,lol_stitch_0,stitch,-1
-1.0,-3.0,11618.0,lol_stitch_0,stitch,-1
0.0,-6.0,11619.0,lol_stitch_0,stitch,-1
-1.0,-6.0,11620.0,lol_stitch_0,stitch,-1
-1.0,-6.0,11621.0,lol_stitch_0,stitch,-1
0.0,-6.0,11622.0,lol_stitch_0,stitch,-1
-1.0,-6.0,11623.0,lol_stitch_0,stitch,-1
-1.0,-6.0,11624.0,lol_stitch_0,stitch,-1
-1.0,-5.0,11625.0,lol_stitch_0,stitch,-1
-1.0,-6.0,11626.0,lol_stitch_0,stitch,-1
-1.0,-5.0,11627.0,lol_stitch_0,stitch,-1
-2.0,-7.0,11628.0,lol_stitch_0,stitch,-1
-1.0,-5.0,11629.0,lol_stitch_0,stitch,-1
-2.0,-5.0,11630.0,lol_stitch_0,stitch,-1
-4.0,-5.0,11631.0,lol_stitch_0,stitch,-1
-2.0,-4.0,11632.0,lol_stitch_0,stitch,-1
-4.0,-5.0,11633.0,lol_stitch_0,stitch,-1
-3.0,-4.0,11634.0,lol_stitch_0,stitch,-1
-4.0,-5.0,11635.0,lol_stitch_0,stitch,-1
-4.0,-3.0,11636.0,lol_stitch_0,stitch,-1
-4.0,-4.0,11637.0,lol_stitch_0,stitch,-1
-3.0,-3.0,11638.0,lol_stitch_0,stitch,-1
-4.0,-3.0,11639.0,lol_stitch_0,stitch,-1
-4.0,-3.0,11640.0,lol_stitch_0,stitch,-1
-3.0,-2.0,11641.0,lol_stitch_0,stitch,-1
-4.0,-3.0,11642.0,lol_stitch_0,stitch,-1
-3.0,-2.0,11643.0,lol_stitch_0,stitch,-1
-4.0,-3.0,11644.0,lol_stitch_0,stitch,-1
-3.0,-2.0,11645.0,lol_stitch_0,stitch,-1
-4.0,-2.0,11646.0,lol_stitch_0,stitch,-1
-3.0,-2.0,11647.0,lol_stitch_0,stitch,-1
-4.0,-2.0,11648.0,lol_stitch_0,stitch,-1
-4.0,-1.0,11649.0,lol_stitch_0,stitch,-1
-4.0,-2.0,11650.0,lol_stitch_0,stitch,-1
-3.0,-1.0,11651.0,lol_stitch_0,stitch,-1
-4.0,-2.0,11652.0,lol_stitch_0,stitch,-1
-3.0,-1.0,11653.0,lol_stitch_0,stitch,-1
-4.0,-1.0,11654.0,lol_stitch_0,stitch,-1
-4.0,-1.0,11655.0,lol_stitch_0,stitch,-1
-3.0,-2.0,11656.0,lol_stitch_0,stitch,-1
-4.0,-1.0,11657.0,lol_stitch_0,stitch,-1
-5.0,-1.0,11658.0,lol_stitch_0,stitch,-1
-4.0,-1.0,11659.0,lol_stitch_0,stitch,-1
-3.0,-2.0,11660.0,lol_stitch_0,stitch,-1
-4.0,-1.0,11661.0,lol_stitch_0,stitch,-1
-4.0,-2.0,11662.0,lol_stitch_0,stitch,-1
-3.0,-1.0,11663.0,lol_stitch_0,stitch,-1
-4.0,-1.0,11664.0,lol_stitch_0,stitch,-1
-4.0,-2.0,11665.0,lol_stitch_0,stitch,-1
-4.0,-1.0,11666.0,lol_stitch_0,stitch,-1
-4.0,-1.0,11667.0,lol_stitch_0,stitch,-1
-4.0,-2.0,11668.0,lol_stitch_0,stitch,-1
-3.0,-1.0,11669.0,lol_stitch_0,stitch,-1
-4.0,-2.0,11670.0,lol_stitch_0,stitch,-1
-3.0,-1.0,11671.0,lol_stitch_0,stitch,-1
-3.0,-1.0,11672.0,lol_stitch_0,stitch,-1
-4.0,-2.0,11673.0,lol_stitch_0,stitch,-1
-3.0,-1.0,11674.0,lol_stitch_0,stitch,-1
-3.0,-1.0,11675.0,lol_stitch_0,stitch,-1
-4.0,-1.0,11676.0,lol_stitch_0,stitch,-1
-3.0,-1.0,11677.0,lol_stitch_0,stitch,-1
-3.0,-1.0,11678.0,lol_stitch_0,stitch,-1
-3.0,-1.0,11679.0,lol_stitch_0,stitch,-1
-2.0,-1.0,11680.0,lol_stitch_0,stitch,-1
-3.0,-2.0,11681.0,lol_stitch_0,stitch,-1
-2.0,-1.0,11682.0,lol_stitch_0,stitch,-1
-3.0,-1.0,11683.0,lol_stitch_0,stitch,-1
-2.0,-1.0,11684.0,lol_stitch_0,stitch,-1
-2.0,-1.0,11685.0,lol_stitch_0,stitch,-1
-1.0,-2.0,11686.0,lol_stitch_0,stitch,-1
-2.0,-1.0,11687.0,lol_stitch_0,stitch,-1
-2.0,-1.0,11688.0,lol_stitch_0,stitch,-1
-1.0,-2.0,11689.0,lol_stitch_0,stitch,-1
-1.0,-1.0,11690.0,lol_stitch_0,stitch,-1
-1.0,-1.0,11691.0,lol_stitch_0,stitch,-1
-1.0,-1.0,11693.0,lol_stitch_0,stitch,-1
-1.0,-1.0,11695.0,lol_stitch_0,stitch,-1
0.0,-1.0,11698.0,lol_stitch_0,stitch,-1
1.0,-1.0,11700.0,lol_stitch_0,stitch,-1
2.0,0.0,11702.0,lol_stitch_0,stitch,-1
1.0,0.0,11703.0,lol_stitch_0,stitch,-1
1.0,0.0,11704.0,lol_stitch_0,stitch,-1
1.0,0.0,11706.0,lol_stitch_0,stitch,-1
1.0,0.0,11707.0,lol_stitch_0,stitch,-1
1.0,0.0,11708.0,lol_stitch_0,stitch,-1
1.0,-1.0,11709.0,lol_stitch_0,stitch,-1
1.0,0.0,11710.0,lol_stitch_0,stitch,-1
1.0,0.0,11711.0,lol_stitch_0,stitch,-1
0.0,-1.0,11712.0,lol_stitch_0,stitch,-1
1.0,0.0,11713.0,lol_stitch_0,stitch,-1
1.0,-1.0,11714.0,lol_stitch_0,stitch,-1
1.0,0.0,11715.0,lol_stitch_0,stitch,-1
1.0,0.0,11716.0,lol_stitch_0,stitch,-1
0.0,-1.0,11717.0,lol_stitch_0,stitch,-1
1.0,0.0,11718.0,lol_stitch_0,stitch,-1
1.0,-1.0,11719.0,lol_stitch_0,stitch,-1
0.0,-1.0,11720.0,lol_stitch_0,stitch,-1
1.0,0.0,11721.0,lol_stitch_0,stitch,-1
0.0,-1.0,11722.0,lol_stitch_0,stitch,-1
1.0,-1.0,11724.0,lol_stitch_0,stitch,-1
1.0,-1.0,11725.0,lol_stitch_0,stitch,-1
0.0,-1.0,11727.0,lol_stitch_0,stitch,-1
0.0,-1.0,11728.0,lol_stitch_0,stitch,-1
1.0,-1.0,11730.0,lol_stitch_0,stitch,-1
0.0,-1.0,11731.0,lol_stitch_0,stitch,-1
0.0,-1.0,11732.0,lol_stitch_0,stitch,-1
0.0,-1.0,11733.0,lol_stitch_0,stitch,-1
0.0,-1.0,11735.0,lol_stitch_0,stitch,-1
0.0,-1.0,11736.0,lol_stitch_0,stitch,-1
0.0,-1.0,11738.0,lol_stitch_0,stitch,-1
0.0,-1.0,11739.0,lol_stitch_0,stitch,-1
0.0,-1.0,11740.0,lol_stitch_0,stitch,-1
0.0,-1.0,11741.0,lol_stitch_0,stitch,-1
-1.0,0.0,11742.0,lol_stitch_0,stitch,-1
0.0,-1.0,11743.0,lol_stitch_0,stitch,-1
-1.0,-1.0,11744.0,lol_stitch_0,stitch,-1
-1.0,-1.0,11746.0,lol_stitch_0,stitch,-1
-1.0,-1.0,11747.0,lol_stitch_0,stitch,-1
0.0,-1.0,11748.0,lol_stitch_0,stitch,-1
-1.0,-1.0,11750.0,lol_stitch_0,stitch,-1
-1.0,-1.0,11751.0,lol_stitch_0,stitch,-1
-1.0,-1.0,11752.0,lol_stitch_0,stitch,-1
-1.0,-1.0,11753.0,lol_stitch_0,stitch,-1
-1.0,-1.0,11754.0,lol_stitch_0,stitch,-1
-1.0,0.0,11755.0,lol_stitch_0,stitch,-1
-1.0,-2.0,11756.0,lol_stitch_0,stitch,-1
-1.0,-1.0,11757.0,lol_stitch_0,stitch,-1
-1.0,-1.0,11758.0,lol_stitch_0,stitch,-1
-1.0,-1.0,11759.0,lol_stitch_0,stitch,-1
-1.0,-1.0,11760.0,lol_stitch_0,stitch,-1
-1.0,-1.0,11761.0,lol_stitch_0,stitch,-1
-1.0,-1.0,11762.0,lol_stitch_0,stitch,-1
-2.0,-1.0,11763.0,lol_stitch_0,stitch,-1
-1.0,-1.0,11764.0,lol_stitch_0,stitch,-1
-2.0,0.0,11765.0,lol_stitch_0,stitch,-1
-1.0,-1.0,11766.0,lol_stitch_0,stitch,-1
-1.0,-1.0,11767.0,lol_stitch_0,stitch,-1
-1.0,-1.0,11768.0,lol_stitch_0,stitch,-1
-2.0,-1.0,11769.0,lol_stitch_0,stitch,-1
-1.0,-1.0,11770.0,lol_stitch_0,stitch,-1
-1.0,-1.0,11771.0,lol_stitch_0,stitch,-1
-2.0,-1.0,11772.0,lol_stitch_0,stitch,-1
-1.0,0.0,11773.0,lol_stitch_0,stitch,-1
-2.0,-1.0,11774.0,lol_stitch_0,stitch,-1
-1.0,-1.0,11775.0,lol_stitch_0,stitch,-1
-2.0,-1.0,11776.0,lol_stitch_0,stitch,-1
-1.0,-1.0,11777.0,lol_stitch_0,stitch,-1
-1.0,-1.0,11778.0,lol_stitch_0,stitch,-1
-1.0,0.0,11779.0,lol_stitch_0,stitch,-1
-2.0,-1.0,11780.0,lol_stitch_0,stitch,-1
-1.0,-1.0,11781.0,lol_stitch_0,stitch,-1
-1.0,-1.0,11782.0,lol_stitch_0,stitch,-1
-2.0,0.0,11783.0,lol_stitch_0,stitch,-1
-1.0,-1.0,11784.0,lol_stitch_0,stitch,-1
-1.0,-1.0,11785.0,lol_stitch_0,stitch,-1
-2.0,-1.0,11786.0,lol_stitch_0,stitch,-1
-1.0,-1.0,11787.0,lol_stitch_0,stitch,-1
-2.0,0.0,11788.0,lol_stitch_0,stitch,-1
-1.0,-1.0,11789.0,lol_stitch_0,stitch,-1
-1.0,-1.0,11790.0,lol_stitch_0,stitch,-1
-1.0,0.0,11791.0,lol_stitch_0,stitch,-1
-1.0,-1.0,11792.0,lol_stitch_0,stitch,-1
-1.0,0.0,11793.0,lol_stitch_0,stitch,-1
-1.0,-1.0,11794.0,lol_stitch_0,stitch,-1
-1.0,-1.0,11795.0,lol_stitch_0,stitch,-1
-1.0,-1.0,11796.0,lol_stitch_0,stitch,-1
-1.0,0.0,11797.0,lol_stitch_0,stitch,-1
-1.0,-1.0,11798.0,lol_stitch_0,stitch,-1
-1.0,-1.0,11799.0,lol_stitch_0,stitch,-1
-1.0,0.0,11800.0,lol_stitch_0,stitch,-1
-1.0,-1.0,11801.0,lol_stitch_0,stitch,-1
-1.0,-1.0,11802.0,lol_stitch_0,stitch,-1
-1.0,0.0,11803.0,lol_stitch_0,stitch,-1
-1.0,-1.0,11804.0,lol_stitch_0,stitch,-1
-1.0,-1.0,11806.0,lol_stitch_0,stitch,-1
-1.0,-1.0,11807.0,lol_stitch_0,stitch,-1
-1.0,-1.0,11808.0,lol_stitch_0,stitch,-1
-1.0,0.0,11809.0,lol_stitch_0,stitch,-1
-1.0,-1.0,11810.0,lol_stitch_0,stitch,-1
-1.0,0.0,11811.0,lol_stitch_0,stitch,-1
-1.0,-1.0,11812.0,lol_stitch_0,stitch,-1
-1.0,-1.0,11813.0,lol_stitch_0,stitch,-1
-1.0,-1.0,11814.0,lol_stitch_0,stitch,-1
-1.0,-1.0,11815.0,lol_stitch_0,stitch,-1
-2.0,-1.0,11816.0,lol_stitch_0,stitch,-1
-1.0,-1.0,11817.0,lol_stitch_0,stitch,-1
-1.0,-1.0,11818.0,lol_stitch_0,stitch,-1
-2.0,-1.0,11819.0,lol_stitch_0,stitch,-1
-1.0,0.0,11820.0,lol_stitch_0,stitch,-1
-1.0,-1.0,11821.0,lol_stitch_0,stitch,-1
-1.0,-1.0,11822.0,lol_stitch_0,stitch,-1
-1.0,-1.0,11823.0,lol_stitch_0,stitch,-1
-1.0,-1.0,11824.0,lol_stitch_0,stitch,-1
-2.0,-1.0,11825.0,lol_stitch_0,stitch,-1
-1.0,-1.0,11826.0,lol_stitch_0,stitch,-1
-1.0,-1.0,11827.0,lol_stitch_0,stitch,-1
-1.0,-1.0,11828.0,lol_stitch_0,stitch,-1
-1.0,-1.0,11829.0,lol_stitch_0,stitch,-1
0.0,-1.0,11830.0,lol_stitch_0,stitch,-1
-1.0,-1.0,11831.0,lol_stitch_0,stitch,-1
-1.0,-1.0,11832.0,lol_stitch_0,stitch,-1
-1.0,-1.0,11833.0,lol_stitch_0,stitch,-1
-1.0,-2.0,11834.0,lol_stitch_0,stitch,-1
0.0,-1.0,11835.0,lol_stitch_0,stitch,-1
-1.0,-1.0,11836.0,lol_stitch_0,stitch,-1
-1.0,-1.0,11837.0,lol_stitch_0,stitch,-1
0.0,-2.0,11838.0,lol_stitch_0,stitch,-1
-1.0,-1.0,11839.0,lol_stitch_0,stitch,-1
-1.0,0.0,11840.0,lol_stitch_0,stitch,-1
0.0,-1.0,11841.0,lol_stitch_0,stitch,-1
-1.0,-1.0,11842.0,lol_stitch_0,stitch,-1
0.0,-1.0,11843.0,lol_stitch_0,stitch,-1
-1.0,-1.0,11844.0,lol_stitch_0,stitch,-1
-1.0,-2.0,11846.0,lol_stitch_0,stitch,-1
-1.0,-1.0,11847.0,lol_stitch_0,stitch,-1
0.0,-1.0,11848.0,lol_stitch_0,stitch,-1
0.0,-1.0,11849.0,lol_stitch_0,stitch,-1
-1.0,-1.0,11850.0,lol_stitch_0,stitch,-1
0.0,-1.0,11851.0,lol_stitch_0,stitch,-1
-1.0,-1.0,11853.0,lol_stitch_0,stitch,-1
0.0,-1.0,11935.0,lol_stitch_0,stitch,-1
0.0,-1.0,11978.0,lol_stitch_0,stitch,-1
1.0,-1.0,11980.0,lol_stitch_0,stitch,-1
1.0,0.0,11981.0,lol_stitch_0,stitch,-1
0.0,-1.0,11982.0,lol_stitch_0,stitch,-1
1.0,0.0,11983.0,lol_stitch_0,stitch,-1
1.0,-1.0,11984.0,lol_stitch_0,stitch,-1
1.0,-1.0,11985.0,lol_stitch_0,stitch,-1
1.0,-1.0,11986.0,lol_stitch_0,stitch,-1
0.0,-1.0,11987.0,lol_stitch_0,stitch,-1
1.0,-1.0,11988.0,lol_stitch_0,stitch,-1
1.0,0.0,11989.0,lol_stitch_0,stitch,-1
0.0,-1.0,11990.0,lol_stitch_0,stitch,-1
1.0,-1.0,11991.0,lol_stitch_0,stitch,-1
1.0,-1.0,11992.0,lol_stitch_0,stitch,-1
1.0,-3.0,11993.0,lol_stitch_0,stitch,-1
0.0,-1.0,11994.0,lol_stitch_0,stitch,-1
1.0,-1.0,11995.0,lol_stitch_0,stitch,-1
0.0,-1.0,11996.0,lol_stitch_0,stitch,-1
1.0,-2.0,11997.0,lol_stitch_0,stitch,-1
0.0,-1.0,11998.0,lol_stitch_0,stitch,-1
0.0,-1.0,11999.0,lol_stitch_0,stitch,-1
1.0,-2.0,12000.0,lol_stitch_0,stitch,-1
0.0,-1.0,12001.0,lol_stitch_0,stitch,-1
0.0,-2.0,12002.0,lol_stitch_0,stitch,-1
0.0,-1.0,12003.0,lol_stitch_0,stitch,-1
0.0,-2.0,12004.0,lol_stitch_0,stitch,-1
0.0,-1.0,12005.0,lol_stitch_0,stitch,-1
0.0,-2.0,12006.0,lol_stitch_0,stitch,-1
1.0,-1.0,12007.0,lol_stitch_0,stitch,-1
0.0,-2.0,12008.0,lol_stitch_0,stitch,-1
0.0,-1.0,12009.0,lol_stitch_0,stitch,-1
0.0,-2.0,12010.0,lol_stitch_0,stitch,-1
0.0,-2.0,12011.0,lol_stitch_0,stitch,-1
0.0,-2.0,12012.0,lol_stitch_0,stitch,-1
0.0,-1.0,12013.0,lol_stitch_0,stitch,-1
0.0,-3.0,12014.0,lol_stitch_0,stitch,-1
0.0,-1.0,12015.0,lol_stitch_0,stitch,-1
-1.0,-1.0,12016.0,lol_stitch_0,stitch,-1
0.0,-2.0,12017.0,lol_stitch_0,stitch,-1
-1.0,-2.0,12018.0,lol_stitch_0,stitch,-1
0.0,-1.0,12019.0,lol_stitch_0,stitch,-1
-1.0,-2.0,12020.0,lol_stitch_0,stitch,-1
0.0,-1.0,12021.0,lol_stitch_0,stitch,-1
-2.0,-1.0,12022.0,lol_stitch_0,stitch,-1
-1.0,-2.0,12023.0,lol_stitch_0,stitch,-1
-1.0,-1.0,12024.0,lol_stitch_0,stitch,-1
0.0,-1.0,12025.0,lol_stitch_0,stitch,-1
-1.0,-1.0,12026.0,lol_stitch_0,stitch,-1
-1.0,-2.0,12028.0,lol_stitch_0,stitch,-1
-1.0,-1.0,12029.0,lol_stitch_0,stitch,-1
-1.0,-1.0,12030.0,lol_stitch_0,stitch,-1
-1.0,-1.0,12031.0,lol_stitch_0,stitch,-1
-2.0,-1.0,12032.0,lol_stitch_0,stitch,-1
-1.0,0.0,12033.0,lol_stitch_0,stitch,-1
0.0,-1.0,12034.0,lol_stitch_0,stitch,-1
-1.0,-1.0,12036.0,lol_stitch_0,stitch,-1
-1.0,0.0,12037.0,lol_stitch_0,stitch,-1
0.0,-1.0,12038.0,lol_stitch_0,stitch,-1
-1.0,0.0,12040.0,lol_stitch_0,stitch,-1
-1.0,0.0,12041.0,lol_stitch_0,stitch,-1
-1.0,0.0,12042.0,lol_stitch_0,stitch,-1
0.0,1.0,12044.0,lol_stitch_0,stitch,-1
-1.0,1.0,12045.0,lol_stitch_0,stitch,-1
0.0,1.0,12046.0,lol_stitch_0,stitch,-1
1.0,2.0,12047.0,lol_stitch_0,stitch,-1
0.0,1.0,12048.0,lol_stitch_0,stitch,-1
1.0,2.0,12049.0,lol_stitch_0,stitch,-1
1.0,1.0,12050.0,lol_stitch_0,stitch,-1
0.0,2.0,12051.0,lol_stitch_0,stitch,-1
1.0,3.0,12052.0,lol_stitch_0,stitch,-1
2.0,2.0,12053.0,lol_stitch_0,stitch,-1
3.0,2.0,12054.0,lol_stitch_0,stitch,-1
0.0,2.0,12055.0,lol_stitch_0,stitch,-1
2.0,3.0,12056.0,lol_stitch_0,stitch,-1
3.0,4.0,12057.0,lol_stitch_0,stitch,-1
2.0,1.0,12058.0,lol_stitch_0,stitch,-1
1.0,4.0,12059.0,lol_stitch_0,stitch,-1
3.0,3.0,12060.0,lol_stitch_0,stitch,-1
3.0,2.0,12061.0,lol_stitch_0,stitch,-1
2.0,3.0,12062.0,lol_stitch_0,stitch,-1
2.0,3.0,12063.0,lol_stitch_0,stitch,-1
3.0,3.0,12064.0,lol_stitch_0,stitch,-1
2.0,4.0,12065.0,lol_stitch_0,stitch,-1
2.0,3.0,12066.0,lol_stitch_0,stitch,-1
3.0,3.0,12067.0,lol_stitch_0,stitch,-1
2.0,4.0,12068.0,lol_stitch_0,stitch,-1
2.0,3.0,12069.0,lol_stitch_0,stitch,-1
3.0,3.0,12070.0,lol_stitch_0,stitch,-1
1.0,4.0,12071.0,lol_stitch_0,stitch,-1
2.0,3.0,12072.0,lol_stitch_0,stitch,-1
2.0,3.0,12073.0,lol_stitch_0,stitch,-1
1.0,3.0,12074.0,lol_stitch_0,stitch,-1
2.0,3.0,12075.0,lol_stitch_0,stitch,-1
2.0,3.0,12076.0,lol_stitch_0,stitch,-1
1.0,3.0,12077.0,lol_stitch_0,stitch,-1
1.0,3.0,12078.0,lol_stitch_0,stitch,-1
2.0,2.0,12079.0,lol_stitch_0,stitch,-1
1.0,2.0,12080.0,lol_stitch_0,stitch,-1
1.0,3.0,12081.0,lol_stitch_0,stitch,-1
1.0,3.0,12082.0,lol_stitch_0,stitch,-1
1.0,1.0,12083.0,lol_stitch_0,stitch,-1
1.0,2.0,12084.0,lol_stitch_0,stitch,-1
1.0,2.0,12085.0,lol_stitch_0,stitch,-1
1.0,2.0,12086.0,lol_stitch_0,stitch,-1
0.0,2.0,12087.0,lol_stitch_0,stitch,-1
0.0,2.0,12297.0,lol_stitch_0,stitch,-1
1.0,-3.0,12298.0,lol_stitch_0,stitch,-1
1.0,-1.0,12299.0,lol_stitch_0,stitch,-1
1.0,-2.0,12300.0,lol_stitch_0,stitch,-1
1.0,-1.0,12302.0,lol_stitch_0,stitch,-1
0.0,-1.0,12308.0,lol_stitch_0,stitch,-1
1.0,-1.0,12309.0,lol_stitch_0,stitch,-1
1.0,-2.0,12310.0,lol_stitch_0,stitch,-1
1.0,-2.0,12311.0,lol_stitch_0,stitch,-1
2.0,-3.0,12312.0,lol_stitch_0,stitch,-1
2.0,-4.0,12313.0,lol_stitch_0,stitch,-1
2.0,-3.0,12314.0,lol_stitch_0,stitch,-1
3.0,-5.0,12315.0,lol_stitch_0,stitch,-1
3.0,-4.0,12316.0,lol_stitch_0,stitch,-1
2.0,-4.0,12317.0,lol_stitch_0,stitch,-1
3.0,-4.0,12318.0,lol_stitch_0,stitch,-1
2.0,-4.0,12319.0,lol_stitch_0,stitch,-1
3.0,-4.0,12320.0,lol_stitch_0,stitch,-1
3.0,-4.0,12321.0,lol_stitch_0,stitch,-1
3.0,-5.0,12322.0,lol_stitch_0,stitch,-1
3.0,-5.0,12323.0,lol_stitch_0,stitch,-1
3.0,-4.0,12324.0,lol_stitch_0,stitch,-1
3.0,-4.0,12325.0,lol_stitch_0,stitch,-1
3.0,-3.0,12326.0,lol_stitch_0,stitch,-1
2.0,-3.0,12327.0,lol_stitch_0,stitch,-1
2.0,-2.0,12328.0,lol_stitch_0,stitch,-1
1.0,-3.0,12329.0,lol_stitch_0,stitch,-1
1.0,-3.0,12330.0,lol_stitch_0,stitch,-1
0.0,-3.0,12331.0,lol_stitch_0,stitch,-1
2.0,-3.0,12332.0,lol_stitch_0,stitch,-1
1.0,-3.0,12333.0,lol_stitch_0,stitch,-1
1.0,-3.0,12334.0,lol_stitch_0,stitch,-1
2.0,-4.0,12335.0,lol_stitch_0,stitch,-1
2.0,-3.0,12336.0,lol_stitch_0,stitch,-1
2.0,-3.0,12337.0,lol_stitch_0,stitch,-1
2.0,-3.0,12338.0,lol_stitch_0,stitch,-1
2.0,-4.0,12339.0,lol_stitch_0,stitch,-1
2.0,-3.0,12340.0,lol_stitch_0,stitch,-1
2.0,-3.0,12341.0,lol_stitch_0,stitch,-1
2.0,-4.0,12342.0,lol_stitch_0,stitch,-1
2.0,-3.0,12343.0,lol_stitch_0,stitch,-1
1.0,-3.0,12344.0,lol_stitch_0,stitch,-1
2.0,-4.0,12345.0,lol_stitch_0,stitch,-1
2.0,-3.0,12346.0,lol_stitch_0,stitch,-1
2.0,-4.0,12347.0,lol_stitch_0,stitch,-1
2.0,-3.0,12348.0,lol_stitch_0,stitch,-1
1.0,-4.0,12349.0,lol_stitch_0,stitch,-1
2.0,-3.0,12350.0,lol_stitch_0,stitch,-1
1.0,-4.0,12351.0,lol_stitch_0,stitch,-1
2.0,-4.0,12352.0,lol_stitch_0,stitch,-1
1.0,-4.0,12353.0,lol_stitch_0,stitch,-1
2.0,-3.0,12354.0,lol_stitch_0,stitch,-1
1.0,-4.0,12355.0,lol_stitch_0,stitch,-1
1.0,-4.0,12356.0,lol_stitch_0,stitch,-1
1.0,-4.0,12357.0,lol_stitch_0,stitch,-1
1.0,-4.0,12358.0,lol_stitch_0,stitch,-1
1.0,-4.0,12359.0,lol_stitch_0,stitch,-1
1.0,-5.0,12360.0,lol_stitch_0,stitch,-1
0.0,-4.0,12361.0,lol_stitch_0,stitch,-1
1.0,-4.0,12362.0,lol_stitch_0,stitch,-1
0.0,-5.0,12363.0,lol_stitch_0,stitch,-1
1.0,-4.0,12364.0,lol_stitch_0,stitch,-1
0.0,-4.0,12365.0,lol_stitch_0,stitch,-1
0.0,-4.0,12366.0,lol_stitch_0,stitch,-1
0.0,-5.0,12367.0,lol_stitch_0,stitch,-1
0.0,-5.0,12368.0,lol_stitch_0,stitch,-1
0.0,-4.0,12369.0,lol_stitch_0,stitch,-1
0.0,-5.0,12370.0,lol_stitch_0,stitch,-1
0.0,-5.0,12371.0,lol_stitch_0,stitch,-1
-1.0,-5.0,12372.0,lol_stitch_0,stitch,-1
-1.0,-4.0,12373.0,lol_stitch_0,stitch,-1
-2.0,-6.0,12374.0,lol_stitch_0,stitch,-1
-1.0,-5.0,12375.0,lol_stitch_0,stitch,-1
-2.0,-5.0,12376.0,lol_stitch_0,stitch,-1
-2.0,-5.0,12377.0,lol_stitch_0,stitch,-1
-2.0,-5.0,12378.0,lol_stitch_0,stitch,-1
-2.0,-6.0,12379.0,lol_stitch_0,stitch,-1
-3.0,-5.0,12380.0,lol_stitch_0,stitch,-1
-4.0,-6.0,12381.0,lol_stitch_0,stitch,-1
-3.0,-5.0,12382.0,lol_stitch_0,stitch,-1
-4.0,-6.0,12383.0,lol_stitch_0,stitch,-1
-4.0,-5.0,12384.0,lol_stitch_0,stitch,-1
-4.0,-6.0,12385.0,lol_stitch_0,stitch,-1
-5.0,-6.0,12386.0,lol_stitch_0,stitch,-1
-5.0,-5.0,12387.0,lol_stitch_0,stitch,-1
-5.0,-6.0,12388.0,lol_stitch_0,stitch,-1
-6.0,-6.0,12389.0,lol_stitch_0,stitch,-1
-6.0,-6.0,12390.0,lol_stitch_0,stitch,-1
-6.0,-5.0,12391.0,lol_stitch_0,stitch,-1
-7.0,-7.0,12392.0,lol_stitch_0,stitch,-1
-7.0,-5.0,12393.0,lol_stitch_0,stitch,-1
-7.0,-6.0,12394.0,lol_stitch_0,stitch,-1
-8.0,-6.0,12395.0,lol_stitch_0,stitch,-1
-8.0,-5.0,12396.0,lol_stitch_0,stitch,-1
-9.0,-7.0,12397.0,lol_stitch_0,stitch,-1
-9.0,-5.0,12398.0,lol_stitch_0,stitch,-1
-9.0,-6.0,12399.0,lol_stitch_0,stitch,-1
-9.0,-6.0,12400.0,lol_stitch_0,stitch,-1
-11.0,-5.0,12401.0,lol_stitch_0,stitch,-1
-11.0,-5.0,12402.0,lol_stitch_0,stitch,-1
-11.0,-6.0,12403.0,lol_stitch_0,stitch,-1
-12.0,-5.0,12404.0,lol_stitch_0,stitch,-1
-11.0,-5.0,12405.0,lol_stitch_0,stitch,-1
-13.0,-5.0,12406.0,lol_stitch_0,stitch,-1
-13.0,-4.0,12407.0,lol_stitch_0,stitch,-1
-14.0,-5.0,12408.0,lol_stitch_0,stitch,-1
-14.0,-5.0,12409.0,lol_stitch_0,stitch,-1
-15.0,-5.0,12410.0,lol_stitch_0,stitch,-1
-15.0,-5.0,12411.0,lol_stitch_0,stitch,-1
-16.0,-4.0,12412.0,lol_stitch_0,stitch,-1
-15.0,-4.0,12413.0,lol_stitch_0,stitch,-1
-15.0,-5.0,12414.0,lol_stitch_0,stitch,-1
-18.0,-4.0,12415.0,lol_stitch_0,stitch,-1
-16.0,-5.0,12416.0,lol_stitch_0,stitch,-1
-19.0,-5.0,12417.0,lol_stitch_0,stitch,-1
-17.0,-5.0,12418.0,lol_stitch_0,stitch,-1
-19.0,-4.0,12419.0,lol_stitch_0,stitch,-1
-18.0,-5.0,12420.0,lol_stitch_0,stitch,-1
-20.0,-4.0,12421.0,lol_stitch_0,stitch,-1
-19.0,-5.0,12422.0,lol_stitch_0,stitch,-1
-19.0,-4.0,12423.0,lol_stitch_0,stitch,-1
-22.0,-5.0,12424.0,lol_stitch_0,stitch,-1
-19.0,-4.0,12425.0,lol_stitch_0,stitch,-1
-22.0,-5.0,12426.0,lol_stitch_0,stitch,-1
-21.0,-4.0,12427.0,lol_stitch_0,stitch,-1
-22.0,-5.0,12428.0,lol_stitch_0,stitch,-1
-21.0,-4.0,12429.0,lol_stitch_0,stitch,-1
-23.0,-4.0,12430.0,lol_stitch_0,stitch,-1
-21.0,-5.0,12431.0,lol_stitch_0,stitch,-1
-22.0,-4.0,12432.0,lol_stitch_0,stitch,-1
-25.0,-4.0,12433.0,lol_stitch_0,stitch,-1
-22.0,-4.0,12434.0,lol_stitch_0,stitch,-1
-24.0,-4.0,12435.0,lol_stitch_0,stitch,-1
-23.0,-3.0,12436.0,lol_stitch_0,stitch,-1
-24.0,-4.0,12437.0,lol_stitch_0,stitch,-1
-22.0,-3.0,12438.0,lol_stitch_0,stitch,-1
-25.0,-3.0,12439.0,lol_stitch_0,stitch,-1
-22.0,-3.0,12440.0,lol_stitch_0,stitch,-1
-22.0,-3.0,12441.0,lol_stitch_0,stitch,-1
-25.0,-3.0,12442.0,lol_stitch_0,stitch,-1
-23.0,-2.0,12443.0,lol_stitch_0,stitch,-1
-24.0,-3.0,12444.0,lol_stitch_0,stitch,-1
-23.0,-2.0,12445.0,lol_stitch_0,stitch,-1
-24.0,-3.0,12446.0,lol_stitch_0,stitch,-1
-23.0,-2.0,12447.0,lol_stitch_0,stitch,-1
-24.0,-2.0,12448.0,lol_stitch_0,stitch,-1
-22.0,-2.0,12449.0,lol_stitch_0,stitch,-1
-22.0,-2.0,12450.0,lol_stitch_0,stitch,-1
-25.0,-2.0,12451.0,lol_stitch_0,stitch,-1
-21.0,-1.0,12452.0,lol_stitch_0,stitch,-1
-25.0,-2.0,12453.0,lol_stitch_0,stitch,-1
-22.0,-1.0,12454.0,lol_stitch_0,stitch,-1
-24.0,-2.0,12455.0,lol_stitch_0,stitch,-1
-21.0,-1.0,12456.0,lol_stitch_0,stitch,-1
-24.0,-2.0,12457.0,lol_stitch_0,stitch,-1
-21.0,-1.0,12458.0,lol_stitch_0,stitch,-1
-20.0,0.0,12459.0,lol_stitch_0,stitch,-1
-23.0,-1.0,12460.0,lol_stitch_0,stitch,-1
-19.0,0.0,12461.0,lol_stitch_0,stitch,-1
-22.0,0.0,12462.0,lol_stitch_0,stitch,-1
-20.0,0.0,12463.0,lol_stitch_0,stitch,-1
-20.0,0.0,12464.0,lol_stitch_0,stitch,-1
-19.0,0.0,12465.0,lol_stitch_0,stitch,-1
-19.0,0.0,12466.0,lol_stitch_0,stitch,-1
-17.0,0.0,12467.0,lol_stitch_0,stitch,-1
-17.0,1.0,12468.0,lol_stitch_0,stitch,-1
-17.0,1.0,12469.0,lol_stitch_0,stitch,-1
-16.0,1.0,12470.0,lol_stitch_0,stitch,-1
-16.0,1.0,12471.0,lol_stitch_0,stitch,-1
-15.0,2.0,12472.0,lol_stitch_0,stitch,-1
-15.0,1.0,12473.0,lol_stitch_0,stitch,-1
-13.0,1.0,12474.0,lol_stitch_0,stitch,-1
-14.0,2.0,12475.0,lol_stitch_0,stitch,-1
-11.0,1.0,12476.0,lol_stitch_0,stitch,-1
-11.0,1.0,12477.0,lol_stitch_0,stitch,-1
-11.0,2.0,12478.0,lol_stitch_0,stitch,-1
-9.0,2.0,12479.0,lol_stitch_0,stitch,-1
-9.0,1.0,12480.0,lol_stitch_0,stitch,-1
-9.0,2.0,12481.0,lol_stitch_0,stitch,-1
-7.0,2.0,12482.0,lol_stitch_0,stitch,-1
-7.0,1.0,12483.0,lol_stitch_0,stitch,-1
-6.0,2.0,12484.0,lol_stitch_0,stitch,-1
-5.0,2.0,12485.0,lol_stitch_0,stitch,-1
-4.0,2.0,12486.0,lol_stitch_0,stitch,-1
-4.0,2.0,12487.0,lol_stitch_0,stitch,-1
-3.0,1.0,12488.0,lol_stitch_0,stitch,-1
-2.0,2.0,12489.0,lol_stitch_0,stitch,-1
-1.0,2.0,12490.0,lol_stitch_0,stitch,-1
-1.0,2.0,12491.0,lol_stitch_0,stitch,-1
-1.0,1.0,12492.0,lol_stitch_0,stitch,-1
0.0,2.0,12493.0,lol_stitch_0,stitch,-1
0.0,1.0,12494.0,lol_stitch_0,stitch,-1
0.0,1.0,12495.0,lol_stitch_0,stitch,-1
1.0,1.0,12496.0,lol_stitch_0,stitch,-1
2.0,1.0,12497.0,lol_stitch_0,stitch,-1
2.0,1.0,12498.0,lol_stitch_0,stitch,-1
2.0,1.0,12499.0,lol_stitch_0,stitch,-1
3.0,2.0,12500.0,lol_stitch_0,stitch,-1
2.0,1.0,12501.0,lol_stitch_0,stitch,-1
4.0,1.0,12502.0,lol_stitch_0,stitch,-1
4.0,1.0,12503.0,lol_stitch_0,stitch,-1
4.0,2.0,12504.0,lol_stitch_0,stitch,-1
4.0,1.0,12505.0,lol_stitch_0,stitch,-1
4.0,2.0,12506.0,lol_stitch_0,stitch,-1
5.0,1.0,12507.0,lol_stitch_0,stitch,-1
6.0,1.0,12508.0,lol_stitch_0,stitch,-1
6.0,2.0,12509.0,lol_stitch_0,stitch,-1
6.0,1.0,12510.0,lol_stitch_0,stitch,-1
6.0,2.0,12511.0,lol_stitch_0,stitch,-1
7.0,1.0,12512.0,lol_stitch_0,stitch,-1
7.0,2.0,12513.0,lol_stitch_0,stitch,-1
8.0,2.0,12514.0,lol_stitch_0,stitch,-1
8.0,2.0,12515.0,lol_stitch_0,stitch,-1
8.0,1.0,12516.0,lol_stitch_0,stitch,-1
9.0,2.0,12517.0,lol_stitch_0,stitch,-1
10.0,1.0,12518.0,lol_stitch_0,stitch,-1
9.0,2.0,12519.0,lol_stitch_0,stitch,-1
10.0,1.0,12520.0,lol_stitch_0,stitch,-1
11.0,1.0,12521.0,lol_stitch_0,stitch,-1
10.0,1.0,12522.0,lol_stitch_0,stitch,-1
12.0,2.0,12523.0,lol_stitch_0,stitch,-1
11.0,1.0,12524.0,lol_stitch_0,stitch,-1
12.0,1.0,12525.0,lol_stitch_0,stitch,-1
12.0,1.0,12526.0,lol_stitch_0,stitch,-1
14.0,1.0,12527.0,lol_stitch_0,stitch,-1
12.0,1.0,12528.0,lol_stitch_0,stitch,-1
14.0,1.0,12529.0,lol_stitch_0,stitch,-1
13.0,1.0,12530.0,lol_stitch_0,stitch,-1
14.0,1.0,12531.0,lol_stitch_0,stitch,-1
15.0,1.0,12532.0,lol_stitch_0,stitch,-1
13.0,0.0,12533.0,lol_stitch_0,stitch,-1
16.0,1.0,12534.0,lol_stitch_0,stitch,-1
14.0,0.0,12535.0,lol_stitch_0,stitch,-1
16.0,0.0,12536.0,lol_stitch_0,stitch,-1
14.0,0.0,12537.0,lol_stitch_0,stitch,-1
16.0,0.0,12538.0,lol_stitch_0,stitch,-1
15.0,0.0,12539.0,lol_stitch_0,stitch,-1
15.0,0.0,12540.0,lol_stitch_0,stitch,-1
16.0,0.0,12541.0,lol_stitch_0,stitch,-1
15.0,0.0,12542.0,lol_stitch_0,stitch,-1
16.0,0.0,12543.0,lol_stitch_0,stitch,-1
15.0,-1.0,12544.0,lol_stitch_0,stitch,-1
16.0,0.0,12545.0,lol_stitch_0,stitch,-1
15.0,-1.0,12546.0,lol_stitch_0,stitch,-1
16.0,-1.0,12547.0,lol_stitch_0,stitch,-1
15.0,-1.0,12548.0,lol_stitch_0,stitch,-1
15.0,-1.0,12549.0,lol_stitch_0,stitch,-1
16.0,-2.0,12550.0,lol_stitch_0,stitch,-1
16.0,-1.0,12551.0,lol_stitch_0,stitch,-1
16.0,-2.0,12552.0,lol_stitch_0,stitch,-1
16.0,-1.0,12553.0,lol_stitch_0,stitch,-1
16.0,-2.0,12554.0,lol_stitch_0,stitch,-1
15.0,-2.0,12555.0,lol_stitch_0,stitch,-1
17.0,-2.0,12556.0,lol_stitch_0,stitch,-1
15.0,-1.0,12557.0,lol_stitch_0,stitch,-1
14.0,-2.0,12558.0,lol_stitch_0,stitch,-1
13.0,-2.0,12559.0,lol_stitch_0,stitch,-1
12.0,-2.0,12560.0,lol_stitch_0,stitch,-1
15.0,-1.0,12561.0,lol_stitch_0,stitch,-1
15.0,-2.0,12562.0,lol_stitch_0,stitch,-1
15.0,-1.0,12563.0,lol_stitch_0,stitch,-1
15.0,-2.0,12564.0,lol_stitch_0,stitch,-1
15.0,-2.0,12565.0,lol_stitch_0,stitch,-1
14.0,-2.0,12566.0,lol_stitch_0,stitch,-1
12.0,-2.0,12567.0,lol_stitch_0,stitch,-1
15.0,-2.0,12568.0,lol_stitch_0,stitch,-1
12.0,-2.0,12569.0,lol_stitch_0,stitch,-1
12.0,-2.0,12570.0,lol_stitch_0,stitch,-1
13.0,-1.0,12571.0,lol_stitch_0,stitch,-1
12.0,-3.0,12572.0,lol_stitch_0,stitch,-1
11.0,-2.0,12573.0,lol_stitch_0,stitch,-1
11.0,-2.0,12574.0,lol_stitch_0,stitch,-1
10.0,-3.0,12575.0,lol_stitch_0,stitch,-1
10.0,-3.0,12576.0,lol_stitch_0,stitch,-1
10.0,-3.0,12577.0,lol_stitch_0,stitch,-1
10.0,-3.0,12578.0,lol_stitch_0,stitch,-1
7.0,-2.0,12579.0,lol_stitch_0,stitch,-1
8.0,-3.0,12580.0,lol_stitch_0,stitch,-1
7.0,-2.0,12581.0,lol_stitch_0,stitch,-1
8.0,-4.0,12582.0,lol_stitch_0,stitch,-1
6.0,-2.0,12583.0,lol_stitch_0,stitch,-1
6.0,-2.0,12584.0,lol_stitch_0,stitch,-1
4.0,-3.0,12585.0,lol_stitch_0,stitch,-1
5.0,-2.0,12586.0,lol_stitch_0,stitch,-1
4.0,-2.0,12587.0,lol_stitch_0,stitch,-1
3.0,-3.0,12588.0,lol_stitch_0,stitch,-1
3.0,-3.0,12589.0,lol_stitch_0,stitch,-1
2.0,-1.0,12590.0,lol_stitch_0,stitch,-1
2.0,-3.0,12591.0,lol_stitch_0,stitch,-1
1.0,-1.0,12592.0,lol_stitch_0,stitch,-1
2.0,-2.0,12593.0,lol_stitch_0,stitch,-1
1.0,-2.0,12594.0,lol_stitch_0,stitch,-1
0.0,-2.0,12595.0,lol_stitch_0,stitch,-1
0.0,-1.0,12596.0,lol_stitch_0,stitch,-1
0.0,-1.0,12597.0,lol_stitch_0,stitch,-1
0.0,-2.0,12598.0,lol_stitch_0,stitch,-1
0.0,-1.0,12599.0,lol_stitch_0,stitch,-1
0.0,-1.0,12600.0,lol_stitch_0,stitch,-1
0.0,-1.0,12601.0,lol_stitch_0,stitch,-1
-1.0,-2.0,12602.0,lol_stitch_0,stitch,-1
-1.0,-1.0,12603.0,lol_stitch_0,stitch,-1
-1.0,-1.0,12604.0,lol_stitch_0,stitch,-1
-1.0,-2.0,12605.0,lol_stitch_0,stitch,-1
-2.0,-1.0,12606.0,lol_stitch_0,stitch,-1
-1.0,-1.0,12607.0,lol_stitch_0,stitch,-1
-3.0,-1.0,12608.0,lol_stitch_0,stitch,-1
-1.0,-3.0,12609.0,lol_stitch_0,stitch,-1
-2.0,-1.0,12610.0,lol_stitch_0,stitch,-1
-3.0,-2.0,12611.0,lol_stitch_0,stitch,-1
-3.0,-1.0,12612.0,lol_stitch_0,stitch,-1
-3.0,-2.0,12613.0,lol_stitch_0,stitch,-1
-3.0,-2.0,12614.0,lol_stitch_0,stitch,-1
-3.0,-1.0,12615.0,lol_stitch_0,stitch,-1
-4.0,-2.0,12616.0,lol_stitch_0,stitch,-1
-4.0,-1.0,12617.0,lol_stitch_0,stitch,-1
-5.0,-2.0,12618.0,lol_stitch_0,stitch,-1
-4.0,-2.0,12619.0,lol_stitch_0,stitch,-1
-5.0,-1.0,12620.0,lol_stitch_0,stitch,-1
-6.0,-1.0,12621.0,lol_stitch_0,stitch,-1
-7.0,-3.0,12622.0,lol_stitch_0,stitch,-1
-6.0,0.0,12623.0,lol_stitch_0,stitch,-1
-6.0,-2.0,12624.0,lol_stitch_0,stitch,-1
-6.0,-1.0,12625.0,lol_stitch_0,stitch,-1
-8.0,-1.0,12626.0,lol_stitch_0,stitch,-1
-7.0,-1.0,12627.0,lol_stitch_0,stitch,-1
-8.0,-1.0,12628.0,lol_stitch_0,stitch,-1
-8.0,-2.0,12629.0,lol_stitch_0,stitch,-1
-8.0,-1.0,12630.0,lol_stitch_0,stitch,-1
-9.0,0.0,12631.0,lol_stitch_0,stitch,-1
-9.0,-2.0,12632.0,lol_stitch_0,stitch,-1
-10.0,0.0,12633.0,lol_stitch_0,stitch,-1
-10.0,-1.0,12634.0,lol_stitch_0,stitch,-1
-10.0,-1.0,12635.0,lol_stitch_0,stitch,-1
-10.0,-1.0,12636.0,lol_stitch_0,stitch,-1
-11.0,-1.0,12637.0,lol_stitch_0,stitch,-1
-11.0,-1.0,12638.0,lol_stitch_0,stitch,-1
-10.0,-1.0,12639.0,lol_stitch_0,stitch,-1
-12.0,-1.0,12640.0,lol_stitch_0,stitch,-1
-11.0,-2.0,12641.0,lol_stitch_0,stitch,-1
-13.0,-1.0,12642.0,lol_stitch_0,stitch,-1
-12.0,-1.0,12643.0,lol_stitch_0,stitch,-1
-11.0,0.0,12644.0,lol_stitch_0,stitch,-1
-13.0,-1.0,12645.0,lol_stitch_0,stitch,-1
-11.0,0.0,12646.0,lol_stitch_0,stitch,-1
-13.0,-1.0,12647.0,lol_stitch_0,stitch,-1
-14.0,-1.0,12648.0,lol_stitch_0,stitch,-1
-12.0,-1.0,12649.0,lol_stitch_0,stitch,-1
-13.0,-1.0,12650.0,lol_stitch_0,stitch,-1
-13.0,-1.0,12651.0,lol_stitch_0,stitch,-1
-12.0,-1.0,12652.0,lol_stitch_0,stitch,-1
-14.0,0.0,12653.0,lol_stitch_0,stitch,-1
-12.0,-1.0,12654.0,lol_stitch_0,stitch,-1
-14.0,-1.0,12655.0,lol_stitch_0,stitch,-1
-13.0,0.0,12656.0,lol_stitch_0,stitch,-1
-14.0,-1.0,12657.0,lol_stitch_0,stitch,-1
-13.0,-1.0,12658.0,lol_stitch_0,stitch,-1
-13.0,-1.0,12659.0,lol_stitch_0,stitch,-1
-18.0,-1.0,12660.0,lol_stitch_0,stitch,-1
-13.0,-1.0,12661.0,lol_stitch_0,stitch,-1
-14.0,0.0,12662.0,lol_stitch_0,stitch,-1
-13.0,0.0,12663.0,lol_stitch_0,stitch,-1
-13.0,0.0,12664.0,lol_stitch_0,stitch,-1
-14.0,-1.0,12665.0,lol_stitch_0,stitch,-1
-13.0,0.0,12666.0,lol_stitch_0,stitch,-1
-13.0,-1.0,12667.0,lol_stitch_0,stitch,-1
-13.0,0.0,12668.0,lol_stitch_0,stitch,-1
-12.0,0.0,12669.0,lol_stitch_0,stitch,-1
-13.0,0.0,12670.0,lol_stitch_0,stitch,-1
-12.0,0.0,12671.0,lol_stitch_0,stitch,-1
-13.0,-1.0,12672.0,lol_stitch_0,stitch,-1
-11.0,0.0,12673.0,lol_stitch_0,stitch,-1
-12.0,0.0,12674.0,lol_stitch_0,stitch,-1
-11.0,0.0,12675.0,lol_stitch_0,stitch,-1
-10.0,0.0,12676.0,lol_stitch_0,stitch,-1
-11.0,0.0,12677.0,lol_stitch_0,stitch,-1
-10.0,0.0,12678.0,lol_stitch_0,stitch,-1
-9.0,0.0,12679.0,lol_stitch_0,stitch,-1
-10.0,0.0,12680.0,lol_stitch_0,stitch,-1
-8.0,0.0,12681.0,lol_stitch_0,stitch,-1
-8.0,0.0,12682.0,lol_stitch_0,stitch,-1
-8.0,0.0,12683.0,lol_stitch_0,stitch,-1
-7.0,1.0,12684.0,lol_stitch_0,stitch,-1
-7.0,0.0,12685.0,lol_stitch_0,stitch,-1
-7.0,0.0,12686.0,lol_stitch_0,stitch,-1
-6.0,1.0,12687.0,lol_stitch_0,stitch,-1
-4.0,0.0,12688.0,lol_stitch_0,stitch,-1
-5.0,0.0,12689.0,lol_stitch_0,stitch,-1
-3.0,1.0,12690.0,lol_stitch_0,stitch,-1
-4.0,1.0,12691.0,lol_stitch_0,stitch,-1
-3.0,0.0,12692.0,lol_stitch_0,stitch,-1
-2.0,0.0,12693.0,lol_stitch_0,stitch,-1
-2.0,0.0,12694.0,lol_stitch_0,stitch,-1
-1.0,1.0,12695.0,lol_stitch_0,stitch,-1
-1.0,0.0,12700.0,lol_stitch_0,stitch,-1
1.0,0.0,12701.0,lol_stitch_0,stitch,-1
1.0,0.0,12702.0,lol_stitch_0,stitch,-1
1.0,0.0,12703.0,lol_stitch_0,stitch,-1
2.0,0.0,12705.0,lol_stitch_0,stitch,-1
1.0,0.0,12706.0,lol_stitch_0,stitch,-1
2.0,0.0,12707.0,lol_stitch_0,stitch,-1
2.0,0.0,12708.0,lol_stitch_0,stitch,-1
2.0,0.0,12709.0,lol_stitch_0,stitch,-1
2.0,0.0,12710.0,lol_stitch_0,stitch,-1
2.0,0.0,12711.0,lol_stitch_0,stitch,-1
4.0,-1.0,12712.0,lol_stitch_0,stitch,-1
2.0,0.0,12713.0,lol_stitch_0,stitch,-1
4.0,0.0,12714.0,lol_stitch_0,stitch,-1
3.0,0.0,12715.0,lol_stitch_0,stitch,-1
5.0,-1.0,12716.0,lol_stitch_0,stitch,-1
3.0,0.0,12717.0,lol_stitch_0,stitch,-1
5.0,-1.0,12718.0,lol_stitch_0,stitch,-1
5.0,0.0,12719.0,lol_stitch_0,stitch,-1
5.0,-1.0,12720.0,lol_stitch_0,stitch,-1
7.0,0.0,12721.0,lol_stitch_0,stitch,-1
7.0,0.0,12722.0,lol_stitch_0,stitch,-1
7.0,-1.0,12723.0,lol_stitch_0,stitch,-1
6.0,0.0,12724.0,lol_stitch_0,stitch,-1
8.0,-1.0,12725.0,lol_stitch_0,stitch,-1
7.0,0.0,12726.0,lol_stitch_0,stitch,-1
9.0,-1.0,12727.0,lol_stitch_0,stitch,-1
9.0,0.0,12728.0,lol_stitch_0,stitch,-1
8.0,-1.0,12729.0,lol_stitch_0,stitch,-1
10.0,0.0,12730.0,lol_stitch_0,stitch,-1
9.0,-2.0,12731.0,lol_stitch_0,stitch,-1
9.0,0.0,12732.0,lol_stitch_0,stitch,-1
11.0,0.0,12733.0,lol_stitch_0,stitch,-1
9.0,0.0,12734.0,lol_stitch_0,stitch,-1
10.0,-1.0,12735.0,lol_stitch_0,stitch,-1
10.0,0.0,12736.0,lol_stitch_0,stitch,-1
14.0,-1.0,12737.0,lol_stitch_0,stitch,-1
9.0,0.0,12738.0,lol_stitch_0,stitch,-1
10.0,0.0,12739.0,lol_stitch_0,stitch,-1
11.0,0.0,12740.0,lol_stitch_0,stitch,-1
11.0,0.0,12741.0,lol_stitch_0,stitch,-1
10.0,0.0,12742.0,lol_stitch_0,stitch,-1
12.0,-1.0,12743.0,lol_stitch_0,stitch,-1
11.0,0.0,12744.0,lol_stitch_0,stitch,-1
11.0,0.0,12745.0,lol_stitch_0,stitch,-1
13.0,0.0,12746.0,lol_stitch_0,stitch,-1
11.0,0.0,12747.0,lol_stitch_0,stitch,-1
11.0,-1.0,12748.0,lol_stitch_0,stitch,-1
12.0,0.0,12749.0,lol_stitch_0,stitch,-1
11.0,0.0,12750.0,lol_stitch_0,stitch,-1
13.0,0.0,12751.0,lol_stitch_0,stitch,-1
11.0,0.0,12752.0,lol_stitch_0,stitch,-1
12.0,0.0,12753.0,lol_stitch_0,stitch,-1
12.0,0.0,12754.0,lol_stitch_0,stitch,-1
11.0,0.0,12755.0,lol_stitch_0,stitch,-1
13.0,0.0,12756.0,lol_stitch_0,stitch,-1
11.0,0.0,12757.0,lol_stitch_0,stitch,-1
11.0,0.0,12758.0,lol_stitch_0,stitch,-1
11.0,1.0,12759.0,lol_stitch_0,stitch,-1
11.0,0.0,12760.0,lol_stitch_0,stitch,-1
11.0,1.0,12761.0,lol_stitch_0,stitch,-1
10.0,1.0,12762.0,lol_stitch_0,stitch,-1
10.0,1.0,12763.0,lol_stitch_0,stitch,-1
9.0,1.0,12764.0,lol_stitch_0,stitch,-1
10.0,1.0,12765.0,lol_stitch_0,stitch,-1
10.0,1.0,12766.0,lol_stitch_0,stitch,-1
9.0,1.0,12767.0,lol_stitch_0,stitch,-1
8.0,1.0,12768.0,lol_stitch_0,stitch,-1
9.0,1.0,12769.0,lol_stitch_0,stitch,-1
9.0,1.0,12770.0,lol_stitch_0,stitch,-1
8.0,1.0,12771.0,lol_stitch_0,stitch,-1
9.0,1.0,12772.0,lol_stitch_0,stitch,-1
8.0,2.0,12773.0,lol_stitch_0,stitch,-1
8.0,2.0,12774.0,lol_stitch_0,stitch,-1
9.0,2.0,12775.0,lol_stitch_0,stitch,-1
7.0,2.0,12776.0,lol_stitch_0,stitch,-1
6.0,2.0,12777.0,lol_stitch_0,stitch,-1
6.0,2.0,12778.0,lol_stitch_0,stitch,-1
6.0,2.0,12779.0,lol_stitch_0,stitch,-1
7.0,3.0,12780.0,lol_stitch_0,stitch,-1
5.0,3.0,12781.0,lol_stitch_0,stitch,-1
5.0,3.0,12782.0,lol_stitch_0,stitch,-1
6.0,2.0,12783.0,lol_stitch_0,stitch,-1
7.0,3.0,12784.0,lol_stitch_0,stitch,-1
5.0,4.0,12785.0,lol_stitch_0,stitch,-1
7.0,3.0,12786.0,lol_stitch_0,stitch,-1
4.0,5.0,12787.0,lol_stitch_0,stitch,-1
6.0,2.0,12788.0,lol_stitch_0,stitch,-1
6.0,5.0,12789.0,lol_stitch_0,stitch,-1
5.0,4.0,12790.0,lol_stitch_0,stitch,-1
4.0,5.0,12791.0,lol_stitch_0,stitch,-1
6.0,6.0,12792.0,lol_stitch_0,stitch,-1
4.0,4.0,12793.0,lol_stitch_0,stitch,-1
5.0,6.0,12794.0,lol_stitch_0,stitch,-1
6.0,6.0,12795.0,lol_stitch_0,stitch,-1
5.0,6.0,12796.0,lol_stitch_0,stitch,-1
4.0,7.0,12797.0,lol_stitch_0,stitch,-1
5.0,7.0,12798.0,lol_stitch_0,stitch,-1
6.0,6.0,12799.0,lol_stitch_0,stitch,-1
5.0,7.0,12800.0,lol_stitch_0,stitch,-1
5.0,7.0,12801.0,lol_stitch_0,stitch,-1
6.0,7.0,12802.0,lol_stitch_0,stitch,-1
5.0,8.0,12803.0,lol_stitch_0,stitch,-1
6.0,7.0,12804.0,lol_stitch_0,stitch,-1
5.0,7.0,12805.0,lol_stitch_0,stitch,-1
6.0,9.0,12806.0,lol_stitch_0,stitch,-1
5.0,7.0,12807.0,lol_stitch_0,stitch,-1
7.0,8.0,12808.0,lol_stitch_0,stitch,-1
7.0,8.0,12809.0,lol_stitch_0,stitch,-1
6.0,8.0,12810.0,lol_stitch_0,stitch,-1
7.0,8.0,12811.0,lol_stitch_0,stitch,-1
7.0,8.0,12812.0,lol_stitch_0,stitch,-1
10.0,11.0,12813.0,lol_stitch_0,stitch,-1
8.0,9.0,12814.0,lol_stitch_0,stitch,-1
7.0,7.0,12815.0,lol_stitch_0,stitch,-1
8.0,8.0,12816.0,lol_stitch_0,stitch,-1
10.0,8.0,12817.0,lol_stitch_0,stitch,-1
7.0,8.0,12985.0,lol_stitch_0,stitch,-1
-7.0,-5.0,12986.0,lol_stitch_0,stitch,-1
-5.0,-4.0,12987.0,lol_stitch_0,stitch,-1
-3.0,-2.0,12988.0,lol_stitch_0,stitch,-1
-2.0,-2.0,12989.0,lol_stitch_0,stitch,-1
-1.0,-1.0,12996.0,lol_stitch_0,stitch,-1
-3.0,0.0,12997.0,lol_stitch_0,stitch,-1
-4.0,-1.0,12998.0,lol_stitch_0,stitch,-1
-6.0,-2.0,12999.0,lol_stitch_0,stitch,-1
-8.0,-3.0,13000.0,lol_stitch_0,stitch,-1
-9.0,-4.0,13001.0,lol_stitch_0,stitch,-1
-10.0,-4.0,13002.0,lol_stitch_0,stitch,-1
-9.0,-3.0,13003.0,lol_stitch_0,stitch,-1
-10.0,-3.0,13004.0,lol_stitch_0,stitch,-1
-9.0,-4.0,13005.0,lol_stitch_0,stitch,-1
-10.0,-2.0,13006.0,lol_stitch_0,stitch,-1
-10.0,-2.0,13007.0,lol_stitch_0,stitch,-1
-8.0,-2.0,13008.0,lol_stitch_0,stitch,-1
-10.0,-2.0,13009.0,lol_stitch_0,stitch,-1
-9.0,-2.0,13010.0,lol_stitch_0,stitch,-1
-10.0,-1.0,13011.0,lol_stitch_0,stitch,-1
-9.0,-2.0,13012.0,lol_stitch_0,stitch,-1
-10.0,-1.0,13013.0,lol_stitch_0,stitch,-1
-9.0,0.0,13014.0,lol_stitch_0,stitch,-1
-9.0,-1.0,13015.0,lol_stitch_0,stitch,-1
-8.0,-1.0,13016.0,lol_stitch_0,stitch,-1
-9.0,-1.0,13017.0,lol_stitch_0,stitch,-1
-10.0,0.0,13018.0,lol_stitch_0,stitch,-1
-8.0,-1.0,13019.0,lol_stitch_0,stitch,-1
-10.0,0.0,13020.0,lol_stitch_0,stitch,-1
-9.0,-1.0,13021.0,lol_stitch_0,stitch,-1
-9.0,0.0,13022.0,lol_stitch_0,stitch,-1
-9.0,0.0,13023.0,lol_stitch_0,stitch,-1
-9.0,0.0,13024.0,lol_stitch_0,stitch,-1
-8.0,0.0,13025.0,lol_stitch_0,stitch,-1
-7.0,0.0,13026.0,lol_stitch_0,stitch,-1
-8.0,0.0,13027.0,lol_stitch_0,stitch,-1
-7.0,0.0,13028.0,lol_stitch_0,stitch,-1
-8.0,0.0,13029.0,lol_stitch_0,stitch,-1
-7.0,0.0,13030.0,lol_stitch_0,stitch,-1
-7.0,0.0,13031.0,lol_stitch_0,stitch,-1
-6.0,1.0,13032.0,lol_stitch_0,stitch,-1
-6.0,0.0,13033.0,lol_stitch_0,stitch,-1
-5.0,1.0,13034.0,lol_stitch_0,stitch,-1
-5.0,1.0,13035.0,lol_stitch_0,stitch,-1
-5.0,2.0,13036.0,lol_stitch_0,stitch,-1
-4.0,1.0,13037.0,lol_stitch_0,stitch,-1
-4.0,2.0,13038.0,lol_stitch_0,stitch,-1
-3.0,1.0,13039.0,lol_stitch_0,stitch,-1
-3.0,2.0,13040.0,lol_stitch_0,stitch,-1
-2.0,1.0,13041.0,lol_stitch_0,stitch,-1
-2.0,2.0,13042.0,lol_stitch_0,stitch,-1
-1.0,2.0,13043.0,lol_stitch_0,stitch,-1
-1.0,2.0,13044.0,lol_stitch_0,stitch,-1
-1.0,3.0,13045.0,lol_stitch_0,stitch,-1
-1.0,2.0,13046.0,lol_stitch_0,stitch,-1
0.0,3.0,13047.0,lol_stitch_0,stitch,-1
0.0,2.0,13048.0,lol_stitch_0,stitch,-1
0.0,3.0,13049.0,lol_stitch_0,stitch,-1
0.0,2.0,13050.0,lol_stitch_0,stitch,-1
0.0,3.0,13051.0,lol_stitch_0,stitch,-1
1.0,3.0,13052.0,lol_stitch_0,stitch,-1
1.0,3.0,13053.0,lol_stitch_0,stitch,-1
1.0,3.0,13054.0,lol_stitch_0,stitch,-1
1.0,3.0,13055.0,lol_stitch_0,stitch,-1
2.0,3.0,13056.0,lol_stitch_0,stitch,-1
2.0,3.0,13057.0,lol_stitch_0,stitch,-1
2.0,4.0,13058.0,lol_stitch_0,stitch,-1
3.0,3.0,13059.0,lol_stitch_0,stitch,-1
3.0,4.0,13060.0,lol_stitch_0,stitch,-1
3.0,3.0,13061.0,lol_stitch_0,stitch,-1
4.0,4.0,13062.0,lol_stitch_0,stitch,-1
4.0,3.0,13063.0,lol_stitch_0,stitch,-1
4.0,4.0,13064.0,lol_stitch_0,stitch,-1
5.0,4.0,13065.0,lol_stitch_0,stitch,-1
5.0,4.0,13066.0,lol_stitch_0,stitch,-1
5.0,4.0,13067.0,lol_stitch_0,stitch,-1
5.0,4.0,13068.0,lol_stitch_0,stitch,-1
6.0,4.0,13069.0,lol_stitch_0,stitch,-1
5.0,4.0,13070.0,lol_stitch_0,stitch,-1
7.0,5.0,13071.0,lol_stitch_0,stitch,-1
6.0,4.0,13072.0,lol_stitch_0,stitch,-1
7.0,5.0,13073.0,lol_stitch_0,stitch,-1
7.0,5.0,13074.0,lol_stitch_0,stitch,-1
7.0,5.0,13075.0,lol_stitch_0,stitch,-1
8.0,5.0,13076.0,lol_stitch_0,stitch,-1
7.0,4.0,13077.0,lol_stitch_0,stitch,-1
8.0,5.0,13078.0,lol_stitch_0,stitch,-1
7.0,5.0,13079.0,lol_stitch_0,stitch,-1
9.0,5.0,13080.0,lol_stitch_0,stitch,-1
7.0,5.0,13081.0,lol_stitch_0,stitch,-1
8.0,4.0,13082.0,lol_stitch_0,stitch,-1
8.0,6.0,13083.0,lol_stitch_0,stitch,-1
9.0,4.0,13084.0,lol_stitch_0,stitch,-1
9.0,5.0,13085.0,lol_stitch_0,stitch,-1
8.0,5.0,13086.0,lol_stitch_0,stitch,-1
10.0,6.0,13087.0,lol_stitch_0,stitch,-1
8.0,5.0,13088.0,lol_stitch_0,stitch,-1
10.0,5.0,13089.0,lol_stitch_0,stitch,-1
8.0,5.0,13090.0,lol_stitch_0,stitch,-1
9.0,5.0,13091.0,lol_stitch_0,stitch,-1
9.0,5.0,13092.0,lol_stitch_0,stitch,-1
9.0,6.0,13093.0,lol_stitch_0,stitch,-1
9.0,5.0,13094.0,lol_stitch_0,stitch,-1
9.0,5.0,13095.0,lol_stitch_0,stitch,-1
9.0,5.0,13096.0,lol_stitch_0,stitch,-1
8.0,5.0,13097.0,lol_stitch_0,stitch,-1
10.0,5.0,13098.0,lol_stitch_0,stitch,-1
8.0,4.0,13099.0,lol_stitch_0,stitch,-1
8.0,5.0,13100.0,lol_stitch_0,stitch,-1
9.0,5.0,13101.0,lol_stitch_0,stitch,-1
9.0,5.0,13102.0,lol_stitch_0,stitch,-1
9.0,5.0,13103.0,lol_stitch_0,stitch,-1
7.0,4.0,13104.0,lol_stitch_0,stitch,-1
9.0,5.0,13105.0,lol_stitch_0,stitch,-1
8.0,4.0,13106.0,lol_stitch_0,stitch,-1
8.0,5.0,13107.0,lol_stitch_0,stitch,-1
8.0,5.0,13108.0,lol_stitch_0,stitch,-1
7.0,4.0,13109.0,lol_stitch_0,stitch,-1
9.0,4.0,13110.0,lol_stitch_0,stitch,-1
8.0,4.0,13111.0,lol_stitch_0,stitch,-1
8.0,5.0,13112.0,lol_stitch_0,stitch,-1
8.0,3.0,13113.0,lol_stitch_0,stitch,-1
9.0,5.0,13114.0,lol_stitch_0,stitch,-1
7.0,4.0,13115.0,lol_stitch_0,stitch,-1
8.0,4.0,13116.0,lol_stitch_0,stitch,-1
7.0,3.0,13117.0,lol_stitch_0,stitch,-1
8.0,4.0,13118.0,lol_stitch_0,stitch,-1
8.0,3.0,13119.0,lol_stitch_0,stitch,-1
7.0,4.0,13120.0,lol_stitch_0,stitch,-1
7.0,3.0,13121.0,lol_stitch_0,stitch,-1
7.0,4.0,13122.0,lol_stitch_0,stitch,-1
9.0,4.0,13123.0,lol_stitch_0,stitch,-1
7.0,3.0,13124.0,lol_stitch_0,stitch,-1
8.0,3.0,13125.0,lol_stitch_0,stitch,-1
7.0,3.0,13126.0,lol_stitch_0,stitch,-1
7.0,3.0,13127.0,lol_stitch_0,stitch,-1
8.0,3.0,13128.0,lol_stitch_0,stitch,-1
7.0,2.0,13129.0,lol_stitch_0,stitch,-1
8.0,3.0,13130.0,lol_stitch_0,stitch,-1
8.0,2.0,13131.0,lol_stitch_0,stitch,-1
8.0,3.0,13132.0,lol_stitch_0,stitch,-1
7.0,2.0,13133.0,lol_stitch_0,stitch,-1
8.0,2.0,13134.0,lol_stitch_0,stitch,-1
8.0,2.0,13135.0,lol_stitch_0,stitch,-1
8.0,2.0,13136.0,lol_stitch_0,stitch,-1
9.0,2.0,13137.0,lol_stitch_0,stitch,-1
8.0,2.0,13138.0,lol_stitch_0,stitch,-1
9.0,2.0,13139.0,lol_stitch_0,stitch,-1
8.0,1.0,13140.0,lol_stitch_0,stitch,-1
9.0,2.0,13141.0,lol_stitch_0,stitch,-1
8.0,2.0,13142.0,lol_stitch_0,stitch,-1
10.0,2.0,13143.0,lol_stitch_0,stitch,-1
8.0,1.0,13144.0,lol_stitch_0,stitch,-1
9.0,1.0,13145.0,lol_stitch_0,stitch,-1
10.0,2.0,13146.0,lol_stitch_0,stitch,-1
9.0,1.0,13147.0,lol_stitch_0,stitch,-1
10.0,1.0,13148.0,lol_stitch_0,stitch,-1
9.0,0.0,13149.0,lol_stitch_0,stitch,-1
10.0,1.0,13150.0,lol_stitch_0,stitch,-1
10.0,1.0,13151.0,lol_stitch_0,stitch,-1
10.0,1.0,13152.0,lol_stitch_0,stitch,-1
9.0,1.0,13153.0,lol_stitch_0,stitch,-1
10.0,1.0,13154.0,lol_stitch_0,stitch,-1
10.0,0.0,13155.0,lol_stitch_0,stitch,-1
9.0,1.0,13156.0,lol_stitch_0,stitch,-1
10.0,0.0,13157.0,lol_stitch_0,stitch,-1
9.0,1.0,13158.0,lol_stitch_0,stitch,-1
10.0,0.0,13159.0,lol_stitch_0,stitch,-1
10.0,0.0,13160.0,lol_stitch_0,stitch,-1
9.0,1.0,13161.0,lol_stitch_0,stitch,-1
9.0,0.0,13162.0,lol_stitch_0,stitch,-1
8.0,0.0,13163.0,lol_stitch_0,stitch,-1
10.0,0.0,13164.0,lol_stitch_0,stitch,-1
8.0,0.0,13165.0,lol_stitch_0,stitch,-1
9.0,0.0,13166.0,lol_stitch_0,stitch,-1
9.0,1.0,13167.0,lol_stitch_0,stitch,-1
8.0,0.0,13168.0,lol_stitch_0,stitch,-1
8.0,0.0,13169.0,lol_stitch_0,stitch,-1
9.0,0.0,13170.0,lol_stitch_0,stitch,-1
8.0,0.0,13171.0,lol_stitch_0,stitch,-1
8.0,0.0,13172.0,lol_stitch_0,stitch,-1
8.0,0.0,13173.0,lol_stitch_0,stitch,-1
7.0,0.0,13174.0,lol_stitch_0,stitch,-1
9.0,0.0,13175.0,lol_stitch_0,stitch,-1
6.0,1.0,13176.0,lol_stitch_0,stitch,-1
8.0,0.0,13177.0,lol_stitch_0,stitch,-1
6.0,0.0,13178.0,lol_stitch_0,stitch,-1
7.0,0.0,13179.0,lol_stitch_0,stitch,-1
7.0,0.0,13180.0,lol_stitch_0,stitch,-1
6.0,1.0,13181.0,lol_stitch_0,stitch,-1
6.0,0.0,13182.0,lol_stitch_0,stitch,-1
6.0,1.0,13183.0,lol_stitch_0,stitch,-1
6.0,1.0,13184.0,lol_stitch_0,stitch,-1
5.0,1.0,13185.0,lol_stitch_0,stitch,-1
6.0,0.0,13186.0,lol_stitch_0,stitch,-1
4.0,1.0,13187.0,lol_stitch_0,stitch,-1
5.0,1.0,13188.0,lol_stitch_0,stitch,-1
4.0,0.0,13189.0,lol_stitch_0,stitch,-1
4.0,1.0,13190.0,lol_stitch_0,stitch,-1
4.0,0.0,13191.0,lol_stitch_0,stitch,-1
3.0,1.0,13192.0,lol_stitch_0,stitch,-1
4.0,1.0,13193.0,lol_stitch_0,stitch,-1
3.0,0.0,13194.0,lol_stitch_0,stitch,-1
3.0,1.0,13195.0,lol_stitch_0,stitch,-1
3.0,1.0,13196.0,lol_stitch_0,stitch,-1
2.0,0.0,13197.0,lol_stitch_0,stitch,-1
2.0,1.0,13198.0,lol_stitch_0,stitch,-1
2.0,0.0,13199.0,lol_stitch_0,stitch,-1
2.0,1.0,13200.0,lol_stitch_0,stitch,-1
2.0,0.0,13201.0,lol_stitch_0,stitch,-1
1.0,1.0,13202.0,lol_stitch_0,stitch,-1
2.0,0.0,13203.0,lol_stitch_0,stitch,-1
1.0,1.0,13205.0,lol_stitch_0,stitch,-1
1.0,0.0,13206.0,lol_stitch_0,stitch,-1
1.0,0.0,13207.0,lol_stitch_0,stitch,-1
0.0,1.0,13210.0,lol_stitch_0,stitch,-1
1.0,0.0,13246.0,lol_stitch_0,stitch,-1
-1.0,0.0,13250.0,lol_stitch_0,stitch,-1
-1.0,0.0,13251.0,lol_stitch_0,stitch,-1
-1.0,0.0,13252.0,lol_stitch_0,stitch,-1
0.0,1.0,13253.0,lol_stitch_0,stitch,-1
-1.0,0.0,13254.0,lol_stitch_0,stitch,-1
-1.0,0.0,13255.0,lol_stitch_0,stitch,-1
-1.0,0.0,13256.0,lol_stitch_0,stitch,-1
-1.0,0.0,13257.0,lol_stitch_0,stitch,-1
-1.0,1.0,13258.0,lol_stitch_0,stitch,-1
-1.0,0.0,13259.0,lol_stitch_0,stitch,-1
-1.0,1.0,13260.0,lol_stitch_0,stitch,-1
-1.0,1.0,13261.0,lol_stitch_0,stitch,-1
-2.0,1.0,13262.0,lol_stitch_0,stitch,-1
-2.0,1.0,13263.0,lol_stitch_0,stitch,-1
-1.0,1.0,13264.0,lol_stitch_0,stitch,-1
-2.0,0.0,13265.0,lol_stitch_0,stitch,-1
-2.0,1.0,13266.0,lol_stitch_0,stitch,-1
-2.0,0.0,13267.0,lol_stitch_0,stitch,-1
-2.0,1.0,13268.0,lol_stitch_0,stitch,-1
-2.0,1.0,13269.0,lol_stitch_0,stitch,-1
-2.0,1.0,13270.0,lol_stitch_0,stitch,-1
-3.0,1.0,13271.0,lol_stitch_0,stitch,-1
-2.0,1.0,13272.0,lol_stitch_0,stitch,-1
-3.0,1.0,13273.0,lol_stitch_0,stitch,-1
-3.0,1.0,13274.0,lol_stitch_0,stitch,-1
-1.0,1.0,13275.0,lol_stitch_0,stitch,-1
-3.0,1.0,13276.0,lol_stitch_0,stitch,-1
-4.0,1.0,13277.0,lol_stitch_0,stitch,-1
-2.0,1.0,13278.0,lol_stitch_0,stitch,-1
-3.0,1.0,13279.0,lol_stitch_0,stitch,-1
-4.0,1.0,13280.0,lol_stitch_0,stitch,-1
-2.0,1.0,13281.0,lol_stitch_0,stitch,-1
-4.0,1.0,13282.0,lol_stitch_0,stitch,-1
-3.0,1.0,13283.0,lol_stitch_0,stitch,-1
-3.0,1.0,13284.0,lol_stitch_0,stitch,-1
-3.0,0.0,13285.0,lol_stitch_0,stitch,-1
-4.0,2.0,13286.0,lol_stitch_0,stitch,-1
-4.0,0.0,13287.0,lol_stitch_0,stitch,-1
-2.0,1.0,13288.0,lol_stitch_0,stitch,-1
-4.0,1.0,13289.0,lol_stitch_0,stitch,-1
-3.0,1.0,13290.0,lol_stitch_0,stitch,-1
-5.0,1.0,13291.0,lol_stitch_0,stitch,-1
-3.0,1.0,13292.0,lol_stitch_0,stitch,-1
-5.0,0.0,13293.0,lol_stitch_0,stitch,-1
-3.0,1.0,13294.0,lol_stitch_0,stitch,-1
-5.0,1.0,13295.0,lol_stitch_0,stitch,-1
-3.0,1.0,13296.0,lol_stitch_0,stitch,-1
-5.0,1.0,13297.0,lol_stitch_0,stitch,-1
-3.0,0.0,13298.0,lol_stitch_0,stitch,-1
-6.0,1.0,13299.0,lol_stitch_0,stitch,-1
-4.0,2.0,13300.0,lol_stitch_0,stitch,-1
-5.0,0.0,13301.0,lol_stitch_0,stitch,-1
-5.0,1.0,13302.0,lol_stitch_0,stitch,-1
-5.0,1.0,13303.0,lol_stitch_0,stitch,-1
-5.0,1.0,13304.0,lol_stitch_0,stitch,-1
-5.0,1.0,13305.0,lol_stitch_0,stitch,-1
-4.0,1.0,13306.0,lol_stitch_0,stitch,-1
-5.0,1.0,13307.0,lol_stitch_0,stitch,-1
-5.0,0.0,13308.0,lol_stitch_0,stitch,-1
-5.0,1.0,13309.0,lol_stitch_0,stitch,-1
-5.0,1.0,13310.0,lol_stitch_0,stitch,-1
-6.0,0.0,13311.0,lol_stitch_0,stitch,-1
-5.0,1.0,13312.0,lol_stitch_0,stitch,-1
-6.0,0.0,13313.0,lol_stitch_0,stitch,-1
-5.0,1.0,13314.0,lol_stitch_0,stitch,-1
-6.0,1.0,13315.0,lol_stitch_0,stitch,-1
-6.0,0.0,13316.0,lol_stitch_0,stitch,-1
-6.0,0.0,13317.0,lol_stitch_0,stitch,-1
-6.0,2.0,13318.0,lol_stitch_0,stitch,-1
-5.0,0.0,13319.0,lol_stitch_0,stitch,-1
-7.0,1.0,13320.0,lol_stitch_0,stitch,-1
-6.0,0.0,13321.0,lol_stitch_0,stitch,-1
-6.0,1.0,13322.0,lol_stitch_0,stitch,-1
-6.0,0.0,13323.0,lol_stitch_0,stitch,-1
-7.0,1.0,13324.0,lol_stitch_0,stitch,-1
-7.0,0.0,13325.0,lol_stitch_0,stitch,-1
-7.0,0.0,13326.0,lol_stitch_0,stitch,-1
-7.0,1.0,13327.0,lol_stitch_0,stitch,-1
-7.0,0.0,13328.0,lol_stitch_0,stitch,-1
-8.0,0.0,13329.0,lol_stitch_0,stitch,-1
-7.0,1.0,13330.0,lol_stitch_0,stitch,-1
-8.0,0.0,13331.0,lol_stitch_0,stitch,-1
-7.0,0.0,13332.0,lol_stitch_0,stitch,-1
-8.0,1.0,13333.0,lol_stitch_0,stitch,-1
-8.0,0.0,13334.0,lol_stitch_0,stitch,-1
-7.0,0.0,13335.0,lol_stitch_0,stitch,-1
-9.0,0.0,13336.0,lol_stitch_0,stitch,-1
-7.0,0.0,13337.0,lol_stitch_0,stitch,-1
-8.0,0.0,13338.0,lol_stitch_0,stitch,-1
-9.0,0.0,13339.0,lol_stitch_0,stitch,-1
-8.0,0.0,13340.0,lol_stitch_0,stitch,-1
-10.0,0.0,13341.0,lol_stitch_0,stitch,-1
-9.0,0.0,13342.0,lol_stitch_0,stitch,-1
-7.0,0.0,13343.0,lol_stitch_0,stitch,-1
-10.0,0.0,13344.0,lol_stitch_0,stitch,-1
-8.0,0.0,13345.0,lol_stitch_0,stitch,-1
-7.0,0.0,13346.0,lol_stitch_0,stitch,-1
-9.0,0.0,13347.0,lol_stitch_0,stitch,-1
-8.0,-1.0,13348.0,lol_stitch_0,stitch,-1
-10.0,0.0,13349.0,lol_stitch_0,stitch,-1
-8.0,0.0,13350.0,lol_stitch_0,stitch,-1
-8.0,-1.0,13351.0,lol_stitch_0,stitch,-1
-9.0,-1.0,13352.0,lol_stitch_0,stitch,-1
-8.0,-1.0,13353.0,lol_stitch_0,stitch,-1
-7.0,-1.0,13354.0,lol_stitch_0,stitch,-1
-9.0,-1.0,13355.0,lol_stitch_0,stitch,-1
-8.0,-2.0,13356.0,lol_stitch_0,stitch,-1
-8.0,0.0,13357.0,lol_stitch_0,stitch,-1
-8.0,-1.0,13358.0,lol_stitch_0,stitch,-1
-9.0,-1.0,13359.0,lol_stitch_0,stitch,-1
-9.0,-1.0,13360.0,lol_stitch_0,stitch,-1
-8.0,-1.0,13361.0,lol_stitch_0,stitch,-1
-10.0,-1.0,13362.0,lol_stitch_0,stitch,-1
-9.0,-2.0,13363.0,lol_stitch_0,stitch,-1
-8.0,-1.0,13364.0,lol_stitch_0,stitch,-1
-10.0,-1.0,13365.0,lol_stitch_0,stitch,-1
-9.0,-2.0,13366.0,lol_stitch_0,stitch,-1
-9.0,-2.0,13367.0,lol_stitch_0,stitch,-1
-9.0,-1.0,13368.0,lol_stitch_0,stitch,-1
-8.0,-2.0,13369.0,lol_stitch_0,stitch,-1
-8.0,-1.0,13370.0,lol_stitch_0,stitch,-1
-10.0,-2.0,13371.0,lol_stitch_0,stitch,-1
-8.0,-2.0,13372.0,lol_stitch_0,stitch,-1
-9.0,-2.0,13373.0,lol_stitch_0,stitch,-1
-10.0,-3.0,13374.0,lol_stitch_0,stitch,-1
-9.0,-2.0,13375.0,lol_stitch_0,stitch,-1
-10.0,-3.0,13376.0,lol_stitch_0,stitch,-1
-9.0,-2.0,13377.0,lol_stitch_0,stitch,-1
-10.0,-3.0,13378.0,lol_stitch_0,stitch,-1
-10.0,-3.0,13379.0,lol_stitch_0,stitch,-1
-11.0,-4.0,13380.0,lol_stitch_0,stitch,-1
-11.0,-3.0,13381.0,lol_stitch_0,stitch,-1
-10.0,-3.0,13382.0,lol_stitch_0,stitch,-1
-10.0,-2.0,13383.0,lol_stitch_0,stitch,-1
-10.0,-3.0,13384.0,lol_stitch_0,stitch,-1
-9.0,-3.0,13385.0,lol_stitch_0,stitch,-1
-10.0,-4.0,13386.0,lol_stitch_0,stitch,-1
-11.0,-4.0,13387.0,lol_stitch_0,stitch,-1
-9.0,-4.0,13388.0,lol_stitch_0,stitch,-1
-11.0,-3.0,13389.0,lol_stitch_0,stitch,-1
-10.0,-3.0,13390.0,lol_stitch_0,stitch,-1
-10.0,-3.0,13391.0,lol_stitch_0,stitch,-1
-11.0,-4.0,13392.0,lol_stitch_0,stitch,-1
-9.0,-3.0,13393.0,lol_stitch_0,stitch,-1
-11.0,-5.0,13394.0,lol_stitch_0,stitch,-1
-10.0,-3.0,13395.0,lol_stitch_0,stitch,-1
-10.0,-4.0,13396.0,lol_stitch_0,stitch,-1
-11.0,-4.0,13397.0,lol_stitch_0,stitch,-1
-10.0,-4.0,13398.0,lol_stitch_0,stitch,-1
-10.0,-3.0,13399.0,lol_stitch_0,stitch,-1
-10.0,-5.0,13400.0,lol_stitch_0,stitch,-1
-10.0,-4.0,13401.0,lol_stitch_0,stitch,-1
-10.0,-4.0,13402.0,lol_stitch_0,stitch,-1
-11.0,-3.0,13403.0,lol_stitch_0,stitch,-1
-9.0,-5.0,13404.0,lol_stitch_0,stitch,-1
-11.0,-4.0,13405.0,lol_stitch_0,stitch,-1
-10.0,-4.0,13406.0,lol_stitch_0,stitch,-1
-10.0,-3.0,13407.0,lol_stitch_0,stitch,-1
-10.0,-5.0,13408.0,lol_stitch_0,stitch,-1
-10.0,-4.0,13409.0,lol_stitch_0,stitch,-1
-11.0,-4.0,13410.0,lol_stitch_0,stitch,-1
-10.0,-3.0,13411.0,lol_stitch_0,stitch,-1
-10.0,-5.0,13412.0,lol_stitch_0,stitch,-1
-9.0,-4.0,13413.0,lol_stitch_0,stitch,-1
-12.0,-4.0,13414.0,lol_stitch_0,stitch,-1
-10.0,-4.0,13415.0,lol_stitch_0,stitch,-1
-10.0,-4.0,13416.0,lol_stitch_0,stitch,-1
-9.0,-5.0,13417.0,lol_stitch_0,stitch,-1
-12.0,-4.0,13418.0,lol_stitch_0,stitch,-1
-10.0,-4.0,13419.0,lol_stitch_0,stitch,-1
-9.0,-6.0,13420.0,lol_stitch_0,stitch,-1
-11.0,-3.0,13421.0,lol_stitch_0,stitch,-1
-9.0,-4.0,13422.0,lol_stitch_0,stitch,-1
-9.0,-4.0,13423.0,lol_stitch_0,stitch,-1
-9.0,-4.0,13424.0,lol_stitch_0,stitch,-1
-8.0,-4.0,13425.0,lol_stitch_0,stitch,-1
-8.0,-4.0,13426.0,lol_stitch_0,stitch,-1
-8.0,-4.0,13427.0,lol_stitch_0,stitch,-1
-10.0,-4.0,13428.0,lol_stitch_0,stitch,-1
-8.0,-3.0,13429.0,lol_stitch_0,stitch,-1
-8.0,-5.0,13430.0,lol_stitch_0,stitch,-1
-8.0,-3.0,13431.0,lol_stitch_0,stitch,-1
-8.0,-5.0,13432.0,lol_stitch_0,stitch,-1
-8.0,-3.0,13433.0,lol_stitch_0,stitch,-1
-8.0,-4.0,13434.0,lol_stitch_0,stitch,-1
-6.0,-3.0,13435.0,lol_stitch_0,stitch,-1
-7.0,-4.0,13436.0,lol_stitch_0,stitch,-1
-8.0,-3.0,13437.0,lol_stitch_0,stitch,-1
-7.0,-4.0,13438.0,lol_stitch_0,stitch,-1
-8.0,-3.0,13439.0,lol_stitch_0,stitch,-1
-6.0,-4.0,13440.0,lol_stitch_0,stitch,-1
-7.0,-4.0,13441.0,lol_stitch_0,stitch,-1
-7.0,-4.0,13442.0,lol_stitch_0,stitch,-1
-6.0,-2.0,13443.0,lol_stitch_0,stitch,-1
-7.0,-3.0,13444.0,lol_stitch_0,stitch,-1
-6.0,-4.0,13445.0,lol_stitch_0,stitch,-1
-4.0,-3.0,13446.0,lol_stitch_0,stitch,-1
-6.0,-3.0,13447.0,lol_stitch_0,stitch,-1
-6.0,-3.0,13448.0,lol_stitch_0,stitch,-1
-6.0,-3.0,13449.0,lol_stitch_0,stitch,-1
-4.0,-3.0,13450.0,lol_stitch_0,stitch,-1
-6.0,-2.0,13451.0,lol_stitch_0,stitch,-1
-5.0,-3.0,13452.0,lol_stitch_0,stitch,-1
-4.0,-4.0,13453.0,lol_stitch_0,stitch,-1
-5.0,-2.0,13454.0,lol_stitch_0,stitch,-1
-7.0,0.0,13462.0,lol_stitch_0,stitch,-1
-5.0,0.0,13470.0,lol_stitch_0,stitch,-1
-7.0,0.0,13479.0,lol_stitch_0,stitch,-1
-6.0,0.0,13487.0,lol_stitch_0,stitch,-1
-1.0,0.0,13494.0,lol_stitch_0,stitch,-1
-4.0,0.0,13503.0,lol_stitch_0,stitch,-1
-3.0,0.0,13558.0,lol_stitch_0,stitch,-1
0.0,-4.0,13566.0,lol_stitch_0,stitch,-1
0.0,-20.0,13574.0,lol_stitch_0,stitch,-1
4.0,-31.0,13582.0,lol_stitch_0,stitch,-1
12.0,-39.0,13590.0,lol_stitch_0,stitch,-1
11.0,-45.0,13598.0,lol_stitch_0,stitch,-1
16.0,-51.0,13606.0,lol_stitch_0,stitch,-1
14.0,-51.0,13614.0,lol_stitch_0,stitch,-1
15.0,-52.0,13622.0,lol_stitch_0,stitch,-1
7.0,-53.0,13630.0,lol_stitch_0,stitch,-1
7.0,-40.0,13638.0,lol_stitch_0,stitch,-1
2.0,-35.0,13646.0,lol_stitch_0,stitch,-1
2.0,-31.0,13655.0,lol_stitch_0,stitch,-1
2.0,-20.0,13663.0,lol_stitch_0,stitch,-1
0.0,-19.0,13670.0,lol_stitch_0,stitch,-1
0.0,-17.0,13678.0,lol_stitch_0,stitch,-1
0.0,-14.0,13686.0,lol_stitch_0,stitch,-1
0.0,-18.0,13694.0,lol_stitch_0,stitch,-1
0.0,-14.0,13702.0,lol_stitch_0,stitch,-1
-5.0,-14.0,13710.0,lol_stitch_0,stitch,-1
-3.0,-12.0,13718.0,lol_stitch_0,stitch,-1
-7.0,-11.0,13726.0,lol_stitch_0,stitch,-1
-6.0,-10.0,13734.0,lol_stitch_0,stitch,-1
-3.0,-7.0,13742.0,lol_stitch_0,stitch,-1
-2.0,-7.0,13750.0,lol_stitch_0,stitch,-1
0.0,-4.0,13758.0,lol_stitch_0,stitch,-1
0.0,-1.0,13766.0,lol_stitch_0,stitch,-1
0.0,-6.0,13774.0,lol_stitch_0,stitch,-1
0.0,-3.0,13782.0,lol_stitch_0,stitch,-1
3.0,-7.0,13790.0,lol_stitch_0,stitch,-1
2.0,-2.0,13798.0,lol_stitch_0,stitch,-1
1.0,-2.0,13806.0,lol_stitch_0,stitch,-1
4.0,-3.0,13814.0,lol_stitch_0,stitch,-1
3.0,-4.0,13830.0,lol_stitch_0,stitch,-1
2.0,-1.0,13838.0,lol_stitch_0,stitch,-1
0.0,-2.0,13863.0,lol_stitch_0,stitch,-1
0.0,-2.0,13886.0,lol_stitch_0,stitch,-1
4.0,-5.0,13894.0,lol_stitch_0,stitch,-1
5.0,-5.0,13902.0,lol_stitch_0,stitch,-1
3.0,-4.0,13918.0,lol_stitch_0,stitch,-1
2.0,-2.0,14031.0,lol_stitch_0,stitch,-1
2.0,-1.0,14047.0,lol_stitch_0,stitch,-1
2.0,-2.0,14054.0,lol_stitch_0,stitch,-1
7.0,-4.0,14062.0,lol_stitch_0,stitch,-1
5.0,0.0,14070.0,lol_stitch_0,stitch,-1
5.0,0.0,14078.0,lol_stitch_0,stitch,-1
4.0,0.0,14086.0,lol_stitch_0,stitch,-1
1.0,0.0,14110.0,lol_stitch_0,stitch,-1
2.0,0.0,14118.0,lol_stitch_0,stitch,-1
5.0,1.0,14126.0,lol_stitch_0,stitch,-1
6.0,6.0,14134.0,lol_stitch_0,stitch,-1
7.0,3.0,14142.0,lol_stitch_0,stitch,-1
10.0,5.0,14150.0,lol_stitch_0,stitch,-1
12.0,7.0,14158.0,lol_stitch_0,stitch,-1
18.0,9.0,14166.0,lol_stitch_0,stitch,-1
23.0,11.0,14174.0,lol_stitch_0,stitch,-1
26.0,7.0,14182.0,lol_stitch_0,stitch,-1
33.0,8.0,14190.0,lol_stitch_0,stitch,-1
39.0,11.0,14198.0,lol_stitch_0,stitch,-1
35.0,9.0,14206.0,lol_stitch_0,stitch,-1
35.0,10.0,14214.0,lol_stitch_0,stitch,-1
35.0,11.0,14222.0,lol_stitch_0,stitch,-1
28.0,8.0,14230.0,lol_stitch_0,stitch,-1
24.0,14.0,14239.0,lol_stitch_0,stitch,-1
21.0,14.0,14246.0,lol_stitch_0,stitch,-1
19.0,20.0,14254.0,lol_stitch_0,stitch,-1
20.0,26.0,14262.0,lol_stitch_0,stitch,-1
19.0,28.0,14270.0,lol_stitch_0,stitch,-1
23.0,35.0,14278.0,lol_stitch_0,stitch,-1
28.0,37.0,14286.0,lol_stitch_0,stitch,-1
26.0,35.0,14294.0,lol_stitch_0,stitch,-1
31.0,35.0,14302.0,lol_stitch_0,stitch,-1
28.0,33.0,14310.0,lol_stitch_0,stitch,-1
28.0,26.0,14318.0,lol_stitch_0,stitch,-1
28.0,25.0,14326.0,lol_stitch_0,stitch,-1
27.0,24.0,14334.0,lol_stitch_0,stitch,-1
24.0,26.0,14342.0,lol_stitch_0,stitch,-1
26.0,23.0,14350.0,lol_stitch_0,stitch,-1
21.0,19.0,14358.0,lol_stitch_0,stitch,-1
25.0,20.0,14366.0,lol_stitch_0,stitch,-1
0.0,19.0,14374.0,lol_stitch_0,stitch,-1
0.0,16.0,14382.0,lol_stitch_0,stitch,-1
0.0,14.0,14390.0,lol_stitch_0,stitch,-1
0.0,14.0,14398.0,lol_stitch_0,stitch,-1
0.0,12.0,14406.0,lol_stitch_0,stitch,-1
0.0,10.0,14415.0,lol_stitch_0,stitch,-1
0.0,9.0,14423.0,lol_stitch_0,stitch,-1
0.0,7.0,14430.0,lol_stitch_0,stitch,-1
0.0,5.0,14470.0,lol_stitch_0,stitch,-1
-3.0,-9.0,14478.0,lol_stitch_0,stitch,-1
-26.0,-21.0,14486.0,lol_stitch_0,stitch,-1
-44.0,-35.0,14494.0,lol_stitch_0,stitch,-1
-51.0,-41.0,14502.0,lol_stitch_0,stitch,-1
-63.0,-43.0,14510.0,lol_stitch_0,stitch,-1
-56.0,-46.0,14518.0,lol_stitch_0,stitch,-1
-59.0,-42.0,14526.0,lol_stitch_0,stitch,-1
-62.0,-42.0,14534.0,lol_stitch_0,stitch,-1
-57.0,-31.0,14542.0,lol_stitch_0,stitch,-1
-49.0,-35.0,14550.0,lol_stitch_0,stitch,-1
-53.0,-39.0,14558.0,lol_stitch_0,stitch,-1
-51.0,-37.0,14566.0,lol_stitch_0,stitch,-1
-52.0,-43.0,14574.0,lol_stitch_0,stitch,-1
-60.0,-42.0,14582.0,lol_stitch_0,stitch,-1
-61.0,-41.0,14590.0,lol_stitch_0,stitch,-1
-61.0,-42.0,14598.0,lol_stitch_0,stitch,-1
-60.0,-31.0,14607.0,lol_stitch_0,stitch,-1
-57.0,-35.0,14614.0,lol_stitch_0,stitch,-1
-62.0,-32.0,14623.0,lol_stitch_0,stitch,-1
-50.0,-29.0,14630.0,lol_stitch_0,stitch,-1
-49.0,-27.0,14638.0,lol_stitch_0,stitch,-1
-44.0,-22.0,14646.0,lol_stitch_0,stitch,-1
-39.0,-25.0,14654.0,lol_stitch_0,stitch,-1
-36.0,-24.0,14662.0,lol_stitch_0,stitch,-1
-41.0,-28.0,14670.0,lol_stitch_0,stitch,-1
-36.0,-23.0,14678.0,lol_stitch_0,stitch,-1
-35.0,-21.0,14686.0,lol_stitch_0,stitch,-1
-41.0,-18.0,14694.0,lol_stitch_0,stitch,-1
-31.0,-17.0,14702.0,lol_stitch_0,stitch,-1
-28.0,-16.0,14710.0,lol_stitch_0,stitch,-1
-18.0,-9.0,14718.0,lol_stitch_0,stitch,-1
-12.0,-3.0,14726.0,lol_stitch_0,stitch,-1
-5.0,-4.0,14734.0,lol_stitch_0,stitch,-1
-2.0,-1.0,14774.0,lol_stitch_0,stitch,-1
-2.0,1.0,14782.0,lol_stitch_0,stitch,-1
0.0,1.0,14790.0,lol_stitch_0,stitch,-1
-1.0,14.0,14798.0,lol_stitch_0,stitch,-1
0.0,18.0,14807.0,lol_stitch_0,stitch,-1
-2.0,19.0,14814.0,lol_stitch_0,stitch,-1
-5.0,21.0,14822.0,lol_stitch_0,stitch,-1
-13.0,21.0,14830.0,lol_stitch_0,stitch,-1
-15.0,23.0,14838.0,lol_stitch_0,stitch,-1
-18.0,24.0,14846.0,lol_stitch_0,stitch,-1
-19.0,25.0,14854.0,lol_stitch_0,stitch,-1
-18.0,24.0,14862.0,lol_stitch_0,stitch,-1
-21.0,30.0,14870.0,lol_stitch_0,stitch,-1
-19.0,32.0,14878.0,lol_stitch_0,stitch,-1
-16.0,38.0,14886.0,lol_stitch_0,stitch,-1
-8.0,37.0,14894.0,lol_stitch_0,stitch,-1
-2.0,40.0,14902.0,lol_stitch_0,stitch,-1
0.0,32.0,14910.0,lol_stitch_0,stitch,-1
4.0,31.0,14918.0,lol_stitch_0,stitch,-1
6.0,23.0,14926.0,lol_stitch_0,stitch,-1
5.0,19.0,14934.0,lol_stitch_0,stitch,-1
7.0,16.0,14942.0,lol_stitch_0,stitch,-1
7.0,7.0,14950.0,lol_stitch_0,stitch,-1
3.0,5.0,14958.0,lol_stitch_0,stitch,-1
2.0,0.0,14974.0,lol_stitch_0,stitch,-1
0.0,-3.0,14983.0,lol_stitch_0,stitch,-1
-20.0,-14.0,14990.0,lol_stitch_0,stitch,-1
-30.0,-15.0,14998.0,lol_stitch_0,stitch,-1
-45.0,-25.0,15006.0,lol_stitch_0,stitch,-1
-37.0,-17.0,15014.0,lol_stitch_0,stitch,-1
-32.0,-9.0,15022.0,lol_stitch_0,stitch,-1
-19.0,-9.0,15030.0,lol_stitch_0,stitch,-1
-14.0,-2.0,15038.0,lol_stitch_0,stitch,-1
-9.0,-5.0,15046.0,lol_stitch_0,stitch,-1
-10.0,-2.0,15054.0,lol_stitch_0,stitch,-1
-5.0,-3.0,15062.0,lol_stitch_0,stitch,-1
-7.0,-5.0,15070.0,lol_stitch_0,stitch,-1
-2.0,-2.0,15078.0,lol_stitch_0,stitch,-1
-4.0,-4.0,15086.0,lol_stitch_0,stitch,-1
-1.0,-3.0,15094.0,lol_stitch_0,stitch,-1
-4.0,-14.0,15102.0,lol_stitch_0,stitch,-1
-3.0,-12.0,15110.0,lol_stitch_0,stitch,-1
2.0,1.0,15118.0,lol_stitch_0,stitch,-1
0.0,1.0,15126.0,lol_stitch_0,stitch,-1
-3.0,6.0,15134.0,lol_stitch_0,stitch,-1
-8.0,5.0,15142.0,lol_stitch_0,stitch,-1
-7.0,3.0,15150.0,lol_stitch_0,stitch,-1
-9.0,7.0,15158.0,lol_stitch_0,stitch,-1
-7.0,4.0,15166.0,lol_stitch_0,stitch,-1
-2.0,3.0,15174.0,lol_stitch_0,stitch,-1
-7.0,4.0,15186.0,lol_stitch_0,stitch,-1
-3.0,3.0,15190.0,lol_stitch_0,stitch,-1
-2.0,2.0,15238.0,lol_stitch_0,stitch,-1
0.0,-1.0,15246.0,lol_stitch_0,stitch,-1
3.0,-5.0,15255.0,lol_stitch_0,stitch,-1
5.0,-7.0,15262.0,lol_stitch_0,stitch,-1
2.0,-9.0,15271.0,lol_stitch_0,stitch,-1
5.0,-10.0,15278.0,lol_stitch_0,stitch,-1
2.0,-13.0,15286.0,lol_stitch_0,stitch,-1
1.0,-10.0,15294.0,lol_stitch_0,stitch,-1
4.0,-14.0,15302.0,lol_stitch_0,stitch,-1
3.0,-11.0,15310.0,lol_stitch_0,stitch,-1
6.0,-10.0,15318.0,lol_stitch_0,stitch,-1
5.0,-11.0,15326.0,lol_stitch_0,stitch,-1
9.0,-14.0,15334.0,lol_stitch_0,stitch,-1
5.0,-8.0,15342.0,lol_stitch_0,stitch,-1
9.0,-9.0,15350.0,lol_stitch_0,stitch,-1
7.0,-7.0,15358.0,lol_stitch_0,stitch,-1
8.0,-7.0,15366.0,lol_stitch_0,stitch,-1
9.0,-9.0,15374.0,lol_stitch_0,stitch,-1
9.0,-7.0,15382.0,lol_stitch_0,stitch,-1
7.0,-5.0,15390.0,lol_stitch_0,stitch,-1
3.0,-4.0,15471.0,lol_stitch_0,stitch,-1
-8.0,5.0,15478.0,lol_stitch_0,stitch,-1
-12.0,7.0,15486.0,lol_stitch_0,stitch,-1
-12.0,7.0,15494.0,lol_stitch_0,stitch,-1
-16.0,7.0,15502.0,lol_stitch_0,stitch,-1
-17.0,7.0,15510.0,lol_stitch_0,stitch,-1
-21.0,9.0,15518.0,lol_stitch_0,stitch,-1
-18.0,7.0,15526.0,lol_stitch_0,stitch,-1
-14.0,3.0,15534.0,lol_stitch_0,stitch,-1
-14.0,5.0,15542.0,lol_stitch_0,stitch,-1
-10.0,2.0,15550.0,lol_stitch_0,stitch,-1
-6.0,2.0,15558.0,lol_stitch_0,stitch,-1
-3.0,3.0,15566.0,lol_stitch_0,stitch,-1
-4.0,2.0,15574.0,lol_stitch_0,stitch,-1
-3.0,2.0,15582.0,lol_stitch_0,stitch,-1
-4.0,2.0,15598.0,lol_stitch_0,stitch,-1
0.0,1.0,15606.0,lol_stitch_0,stitch,-1
0.0,2.0,15670.0,lol_stitch_0,stitch,-1
0.0,-10.0,15678.0,lol_stitch_0,stitch,-1
-1.0,-15.0,15686.0,lol_stitch_0,stitch,-1
0.0,-18.0,15694.0,lol_stitch_0,stitch,-1
0.0,-19.0,15702.0,lol_stitch_0,stitch,-1
1.0,-21.0,15710.0,lol_stitch_0,stitch,-1
12.0,-25.0,15718.0,lol_stitch_0,stitch,-1
12.0,-17.0,15726.0,lol_stitch_0,stitch,-1
18.0,-23.0,15734.0,lol_stitch_0,stitch,-1
19.0,-21.0,15742.0,lol_stitch_0,stitch,-1
21.0,-19.0,15750.0,lol_stitch_0,stitch,-1
26.0,-19.0,15758.0,lol_stitch_0,stitch,-1
26.0,-20.0,15766.0,lol_stitch_0,stitch,-1
27.0,-14.0,15774.0,lol_stitch_0,stitch,-1
26.0,-15.0,15782.0,lol_stitch_0,stitch,-1
24.0,-14.0,15790.0,lol_stitch_0,stitch,-1
21.0,-9.0,15798.0,lol_stitch_0,stitch,-1
20.0,-9.0,15806.0,lol_stitch_0,stitch,-1
17.0,-5.0,15814.0,lol_stitch_0,stitch,-1
18.0,-9.0,15823.0,lol_stitch_0,stitch,-1
15.0,-3.0,15830.0,lol_stitch_0,stitch,-1
18.0,-6.0,15838.0,lol_stitch_0,stitch,-1
21.0,-1.0,15846.0,lol_stitch_0,stitch,-1
23.0,-4.0,15854.0,lol_stitch_0,stitch,-1
22.0,0.0,15862.0,lol_stitch_0,stitch,-1
