dx,dy,time,session_id,bot_type,user_id
-1.0,-3.0,8,07-03-2019_m3954172709_p2,human,lol_2
0.0,-2.0,264,07-03-2019_m3954172709_p2,human,lol_2
-2.0,-2.0,328,07-03-2019_m3954172709_p2,human,lol_2
-4.0,0.0,336,07-03-2019_m3954172709_p2,human,lol_2
-3.0,-5.0,344,07-03-2019_m3954172709_p2,human,lol_2
-2.0,-4.0,352,07-03-2019_m3954172709_p2,human,lol_2
-2.0,-3.0,360,07-03-2019_m3954172709_p2,human,lol_2
-3.0,-7.0,368,07-03-2019_m3954172709_p2,human,lol_2
-4.0,-5.0,376,07-03-2019_m3954172709_p2,human,lol_2
-7.0,-7.0,384,07-03-2019_m3954172709_p2,human,lol_2
-3.0,-4.0,392,07-03-2019_m3954172709_p2,human,lol_2
-5.0,-5.0,400,07-03-2019_m3954172709_p2,human,lol_2
-2.0,-2.0,408,07-03-2019_m3954172709_p2,human,lol_2
0.0,-2.0,416,07-03-2019_m3954172709_p2,human,lol_2
-2.0,-3.0,424,07-03-2019_m3954172709_p2,human,lol_2
-3.0,-4.0,432,07-03-2019_m3954172709_p2,human,lol_2
-2.0,-1.0,440,07-03-2019_m3954172709_p2,human,lol_2
-2.0,-6.0,448,07-03-2019_m3954172709_p2,human,lol_2
-7.0,-5.0,456,07-03-2019_m3954172709_p2,human,lol_2
-2.0,-3.0,464,07-03-2019_m3954172709_p2,human,lol_2
-5.0,-7.0,472,07-03-2019_m3954172709_p2,human,lol_2
-5.0,-6.0,480,07-03-2019_m3954172709_p2,human,lol_2
-9.0,-8.0,488,07-03-2019_m3954172709_p2,human,lol_2
-9.0,-6.0,496,07-03-2019_m3954172709_p2,human,lol_2
-5.0,-3.0,504,07-03-2019_m3954172709_p2,human,lol_2
-2.0,-2.0,512,07-03-2019_m3954172709_p2,human,lol_2
-3.0,0.0,520,07-03-2019_m3954172709_p2,human,lol_2
-4.0,-3.0,528,07-03-2019_m3954172709_p2,human,lol_2
-1.0,-2.0,536,07-03-2019_m3954172709_p2,human,lol_2
-2.0,-2.0,544,07-03-2019_m3954172709_p2,human,lol_2
-2.0,-2.0,552,07-03-2019_m3954172709_p2,human,lol_2
-3.0,-3.0,568,07-03-2019_m3954172709_p2,human,lol_2
-2.0,-2.0,576,07-03-2019_m3954172709_p2,human,lol_2
-2.0,-3.0,584,07-03-2019_m3954172709_p2,human,lol_2
0.0,-2.0,592,07-03-2019_m3954172709_p2,human,lol_2
0.0,-4.0,600,07-03-2019_m3954172709_p2,human,lol_2
-3.0,-3.0,608,07-03-2019_m3954172709_p2,human,lol_2
0.0,-2.0,616,07-03-2019_m3954172709_p2,human,lol_2
-2.0,-3.0,624,07-03-2019_m3954172709_p2,human,lol_2
-2.0,-2.0,632,07-03-2019_m3954172709_p2,human,lol_2
0.0,-5.0,640,07-03-2019_m3954172709_p2,human,lol_2
-2.0,-2.0,648,07-03-2019_m3954172709_p2,human,lol_2
0.0,-2.0,656,07-03-2019_m3954172709_p2,human,lol_2
-3.0,-3.0,664,07-03-2019_m3954172709_p2,human,lol_2
0.0,-2.0,688,07-03-2019_m3954172709_p2,human,lol_2
0.0,-2.0,696,07-03-2019_m3954172709_p2,human,lol_2
0.0,-2.0,712,07-03-2019_m3954172709_p2,human,lol_2
0.0,-3.0,728,07-03-2019_m3954172709_p2,human,lol_2
0.0,-2.0,744,07-03-2019_m3954172709_p2,human,lol_2
0.0,-2.0,752,07-03-2019_m3954172709_p2,human,lol_2
0.0,-1.0,760,07-03-2019_m3954172709_p2,human,lol_2
0.0,-4.0,776,07-03-2019_m3954172709_p2,human,lol_2
0.0,-2.0,784,07-03-2019_m3954172709_p2,human,lol_2
-2.0,-1.0,1104,07-03-2019_m3954172709_p2,human,lol_2
-2.0,0.0,1112,07-03-2019_m3954172709_p2,human,lol_2
-3.0,0.0,1128,07-03-2019_m3954172709_p2,human,lol_2
-2.0,0.0,1136,07-03-2019_m3954172709_p2,human,lol_2
-2.0,1.0,1184,07-03-2019_m3954172709_p2,human,lol_2
0.0,-3.0,1192,07-03-2019_m3954172709_p2,human,lol_2
0.0,-5.0,1200,07-03-2019_m3954172709_p2,human,lol_2
1.0,-4.0,1216,07-03-2019_m3954172709_p2,human,lol_2
2.0,0.0,1648,07-03-2019_m3954172709_p2,human,lol_2
0.0,-3.0,1656,07-03-2019_m3954172709_p2,human,lol_2
0.0,-2.0,1664,07-03-2019_m3954172709_p2,human,lol_2
0.0,-2.0,1672,07-03-2019_m3954172709_p2,human,lol_2
0.0,-2.0,1683,07-03-2019_m3954172709_p2,human,lol_2
0.0,-3.0,1688,07-03-2019_m3954172709_p2,human,lol_2
-3.0,-5.0,1728,07-03-2019_m3954172709_p2,human,lol_2
0.0,-4.0,1736,07-03-2019_m3954172709_p2,human,lol_2
1.0,-2.0,1744,07-03-2019_m3954172709_p2,human,lol_2
4.0,0.0,1752,07-03-2019_m3954172709_p2,human,lol_2
5.0,-3.0,1760,07-03-2019_m3954172709_p2,human,lol_2
4.0,-2.0,1768,07-03-2019_m3954172709_p2,human,lol_2
0.0,-2.0,1776,07-03-2019_m3954172709_p2,human,lol_2
0.0,-1.0,1784,07-03-2019_m3954172709_p2,human,lol_2
0.0,-2.0,1792,07-03-2019_m3954172709_p2,human,lol_2
0.0,-2.0,1808,07-03-2019_m3954172709_p2,human,lol_2
-1.0,-2.0,1824,07-03-2019_m3954172709_p2,human,lol_2
-2.0,0.0,1848,07-03-2019_m3954172709_p2,human,lol_2
-2.0,0.0,1880,07-03-2019_m3954172709_p2,human,lol_2
-3.0,-1.0,1888,07-03-2019_m3954172709_p2,human,lol_2
-4.0,-6.0,1896,07-03-2019_m3954172709_p2,human,lol_2
-2.0,-1.0,1904,07-03-2019_m3954172709_p2,human,lol_2
-3.0,-4.0,1912,07-03-2019_m3954172709_p2,human,lol_2
-4.0,-2.0,1920,07-03-2019_m3954172709_p2,human,lol_2
-1.0,0.0,1928,07-03-2019_m3954172709_p2,human,lol_2
-2.0,-1.0,1936,07-03-2019_m3954172709_p2,human,lol_2
-5.0,-2.0,1944,07-03-2019_m3954172709_p2,human,lol_2
0.0,-2.0,1952,07-03-2019_m3954172709_p2,human,lol_2
-2.0,-3.0,1960,07-03-2019_m3954172709_p2,human,lol_2
0.0,-2.0,1968,07-03-2019_m3954172709_p2,human,lol_2
0.0,-7.0,1976,07-03-2019_m3954172709_p2,human,lol_2
-4.0,-9.0,1984,07-03-2019_m3954172709_p2,human,lol_2
-5.0,-7.0,1992,07-03-2019_m3954172709_p2,human,lol_2
-9.0,-9.0,2000,07-03-2019_m3954172709_p2,human,lol_2
-12.0,-12.0,2008,07-03-2019_m3954172709_p2,human,lol_2
-12.0,-9.0,2016,07-03-2019_m3954172709_p2,human,lol_2
-18.0,-8.0,2024,07-03-2019_m3954172709_p2,human,lol_2
-19.0,-9.0,2032,07-03-2019_m3954172709_p2,human,lol_2
-21.0,-9.0,2040,07-03-2019_m3954172709_p2,human,lol_2
-16.0,-7.0,2048,07-03-2019_m3954172709_p2,human,lol_2
-19.0,-9.0,2056,07-03-2019_m3954172709_p2,human,lol_2
-14.0,-8.0,2064,07-03-2019_m3954172709_p2,human,lol_2
-16.0,-13.0,2072,07-03-2019_m3954172709_p2,human,lol_2
-14.0,-17.0,2080,07-03-2019_m3954172709_p2,human,lol_2
-14.0,-19.0,2088,07-03-2019_m3954172709_p2,human,lol_2
-10.0,-18.0,2096,07-03-2019_m3954172709_p2,human,lol_2
-14.0,-21.0,2104,07-03-2019_m3954172709_p2,human,lol_2
-14.0,-17.0,2112,07-03-2019_m3954172709_p2,human,lol_2
-16.0,-18.0,2120,07-03-2019_m3954172709_p2,human,lol_2
-14.0,-16.0,2128,07-03-2019_m3954172709_p2,human,lol_2
-12.0,-19.0,2136,07-03-2019_m3954172709_p2,human,lol_2
-12.0,-19.0,2144,07-03-2019_m3954172709_p2,human,lol_2
-11.0,-21.0,2152,07-03-2019_m3954172709_p2,human,lol_2
-10.0,-18.0,2160,07-03-2019_m3954172709_p2,human,lol_2
-13.0,-19.0,2168,07-03-2019_m3954172709_p2,human,lol_2
-14.0,-14.0,2176,07-03-2019_m3954172709_p2,human,lol_2
-8.0,-14.0,2184,07-03-2019_m3954172709_p2,human,lol_2
-7.0,-16.0,2192,07-03-2019_m3954172709_p2,human,lol_2
-6.0,-14.0,2200,07-03-2019_m3954172709_p2,human,lol_2
-7.0,-15.0,2208,07-03-2019_m3954172709_p2,human,lol_2
-7.0,-16.0,2216,07-03-2019_m3954172709_p2,human,lol_2
-12.0,-19.0,2224,07-03-2019_m3954172709_p2,human,lol_2
-7.0,-13.0,2232,07-03-2019_m3954172709_p2,human,lol_2
-10.0,-12.0,2240,07-03-2019_m3954172709_p2,human,lol_2
-7.0,-7.0,2248,07-03-2019_m3954172709_p2,human,lol_2
-6.0,-7.0,2256,07-03-2019_m3954172709_p2,human,lol_2
-3.0,-3.0,2264,07-03-2019_m3954172709_p2,human,lol_2
-4.0,-4.0,2272,07-03-2019_m3954172709_p2,human,lol_2
-3.0,-3.0,2280,07-03-2019_m3954172709_p2,human,lol_2
-2.0,-2.0,2296,07-03-2019_m3954172709_p2,human,lol_2
-2.0,-2.0,2304,07-03-2019_m3954172709_p2,human,lol_2
-3.0,-3.0,2312,07-03-2019_m3954172709_p2,human,lol_2
-2.0,-2.0,2320,07-03-2019_m3954172709_p2,human,lol_2
-2.0,-2.0,2328,07-03-2019_m3954172709_p2,human,lol_2
-3.0,-2.0,2336,07-03-2019_m3954172709_p2,human,lol_2
-2.0,-1.0,2536,07-03-2019_m3954172709_p2,human,lol_2
0.0,-2.0,2544,07-03-2019_m3954172709_p2,human,lol_2
0.0,-14.0,2552,07-03-2019_m3954172709_p2,human,lol_2
8.0,-23.0,2560,07-03-2019_m3954172709_p2,human,lol_2
11.0,-26.0,2568,07-03-2019_m3954172709_p2,human,lol_2
15.0,-30.0,2576,07-03-2019_m3954172709_p2,human,lol_2
21.0,-40.0,2584,07-03-2019_m3954172709_p2,human,lol_2
28.0,-37.0,2592,07-03-2019_m3954172709_p2,human,lol_2
32.0,-42.0,2600,07-03-2019_m3954172709_p2,human,lol_2
37.0,-45.0,2608,07-03-2019_m3954172709_p2,human,lol_2
42.0,-48.0,2616,07-03-2019_m3954172709_p2,human,lol_2
50.0,-50.0,2624,07-03-2019_m3954172709_p2,human,lol_2
55.0,-53.0,2632,07-03-2019_m3954172709_p2,human,lol_2
59.0,-51.0,2640,07-03-2019_m3954172709_p2,human,lol_2
58.0,-50.0,2648,07-03-2019_m3954172709_p2,human,lol_2
59.0,-49.0,2656,07-03-2019_m3954172709_p2,human,lol_2
62.0,-35.0,2664,07-03-2019_m3954172709_p2,human,lol_2
59.0,0.0,2672,07-03-2019_m3954172709_p2,human,lol_2
47.0,0.0,2680,07-03-2019_m3954172709_p2,human,lol_2
0.0,0.0,2688,07-03-2019_m3954172709_p2,human,lol_2
0.0,0.0,2696,07-03-2019_m3954172709_p2,human,lol_2
0.0,0.0,2704,07-03-2019_m3954172709_p2,human,lol_2
0.0,0.0,2712,07-03-2019_m3954172709_p2,human,lol_2
0.0,0.0,2720,07-03-2019_m3954172709_p2,human,lol_2
0.0,0.0,2728,07-03-2019_m3954172709_p2,human,lol_2
0.0,0.0,2792,07-03-2019_m3954172709_p2,human,lol_2
-11.0,0.0,2800,07-03-2019_m3954172709_p2,human,lol_2
-26.0,12.0,2808,07-03-2019_m3954172709_p2,human,lol_2
-34.0,19.0,2816,07-03-2019_m3954172709_p2,human,lol_2
-45.0,26.0,2824,07-03-2019_m3954172709_p2,human,lol_2
-44.0,27.0,2832,07-03-2019_m3954172709_p2,human,lol_2
-49.0,28.0,2840,07-03-2019_m3954172709_p2,human,lol_2
-44.0,26.0,2848,07-03-2019_m3954172709_p2,human,lol_2
-43.0,24.0,2856,07-03-2019_m3954172709_p2,human,lol_2
-46.0,27.0,2864,07-03-2019_m3954172709_p2,human,lol_2
-42.0,26.0,2872,07-03-2019_m3954172709_p2,human,lol_2
-37.0,21.0,2880,07-03-2019_m3954172709_p2,human,lol_2
-38.0,23.0,2888,07-03-2019_m3954172709_p2,human,lol_2
-33.0,17.0,2896,07-03-2019_m3954172709_p2,human,lol_2
-28.0,4.0,2904,07-03-2019_m3954172709_p2,human,lol_2
-14.0,1.0,2912,07-03-2019_m3954172709_p2,human,lol_2
-16.0,6.0,2920,07-03-2019_m3954172709_p2,human,lol_2
-12.0,1.0,2928,07-03-2019_m3954172709_p2,human,lol_2
-14.0,6.0,2936,07-03-2019_m3954172709_p2,human,lol_2
-9.0,3.0,2944,07-03-2019_m3954172709_p2,human,lol_2
-7.0,2.0,2960,07-03-2019_m3954172709_p2,human,lol_2
-2.0,2.0,2984,07-03-2019_m3954172709_p2,human,lol_2
1.0,3.0,2992,07-03-2019_m3954172709_p2,human,lol_2
2.0,2.0,3000,07-03-2019_m3954172709_p2,human,lol_2
3.0,9.0,3008,07-03-2019_m3954172709_p2,human,lol_2
6.0,14.0,3016,07-03-2019_m3954172709_p2,human,lol_2
1.0,10.0,3024,07-03-2019_m3954172709_p2,human,lol_2
0.0,9.0,3032,07-03-2019_m3954172709_p2,human,lol_2
0.0,5.0,3040,07-03-2019_m3954172709_p2,human,lol_2
-4.0,4.0,3048,07-03-2019_m3954172709_p2,human,lol_2
-4.0,1.0,3208,07-03-2019_m3954172709_p2,human,lol_2
-7.0,20.0,3216,07-03-2019_m3954172709_p2,human,lol_2
-8.0,21.0,3224,07-03-2019_m3954172709_p2,human,lol_2
-13.0,29.0,3232,07-03-2019_m3954172709_p2,human,lol_2
-17.0,28.0,3240,07-03-2019_m3954172709_p2,human,lol_2
-18.0,21.0,3248,07-03-2019_m3954172709_p2,human,lol_2
-21.0,14.0,3256,07-03-2019_m3954172709_p2,human,lol_2
-24.0,14.0,3264,07-03-2019_m3954172709_p2,human,lol_2
-21.0,11.0,3272,07-03-2019_m3954172709_p2,human,lol_2
-21.0,9.0,3280,07-03-2019_m3954172709_p2,human,lol_2
-18.0,8.0,3288,07-03-2019_m3954172709_p2,human,lol_2
-14.0,6.0,3296,07-03-2019_m3954172709_p2,human,lol_2
-10.0,3.0,3304,07-03-2019_m3954172709_p2,human,lol_2
-12.0,7.0,3312,07-03-2019_m3954172709_p2,human,lol_2
-11.0,5.0,3320,07-03-2019_m3954172709_p2,human,lol_2
-3.0,2.0,3328,07-03-2019_m3954172709_p2,human,lol_2
-6.0,2.0,3336,07-03-2019_m3954172709_p2,human,lol_2
-7.0,0.0,3344,07-03-2019_m3954172709_p2,human,lol_2
-3.0,2.0,3352,07-03-2019_m3954172709_p2,human,lol_2
-5.0,0.0,3360,07-03-2019_m3954172709_p2,human,lol_2
-6.0,3.0,3368,07-03-2019_m3954172709_p2,human,lol_2
-5.0,4.0,3376,07-03-2019_m3954172709_p2,human,lol_2
-2.0,0.0,3384,07-03-2019_m3954172709_p2,human,lol_2
-7.0,1.0,3392,07-03-2019_m3954172709_p2,human,lol_2
-7.0,6.0,3400,07-03-2019_m3954172709_p2,human,lol_2
-5.0,1.0,3408,07-03-2019_m3954172709_p2,human,lol_2
-5.0,2.0,3416,07-03-2019_m3954172709_p2,human,lol_2
-7.0,2.0,3424,07-03-2019_m3954172709_p2,human,lol_2
-2.0,0.0,3432,07-03-2019_m3954172709_p2,human,lol_2
-7.0,0.0,3440,07-03-2019_m3954172709_p2,human,lol_2
-3.0,0.0,3448,07-03-2019_m3954172709_p2,human,lol_2
-2.0,0.0,3456,07-03-2019_m3954172709_p2,human,lol_2
-5.0,0.0,3464,07-03-2019_m3954172709_p2,human,lol_2
-2.0,0.0,3472,07-03-2019_m3954172709_p2,human,lol_2
-5.0,0.0,3480,07-03-2019_m3954172709_p2,human,lol_2
-4.0,-1.0,3488,07-03-2019_m3954172709_p2,human,lol_2
-2.0,-4.0,3496,07-03-2019_m3954172709_p2,human,lol_2
0.0,-3.0,3504,07-03-2019_m3954172709_p2,human,lol_2
0.0,-5.0,3512,07-03-2019_m3954172709_p2,human,lol_2
0.0,-4.0,3520,07-03-2019_m3954172709_p2,human,lol_2
0.0,-7.0,3528,07-03-2019_m3954172709_p2,human,lol_2
0.0,-2.0,3536,07-03-2019_m3954172709_p2,human,lol_2
5.0,-7.0,3544,07-03-2019_m3954172709_p2,human,lol_2
2.0,-1.0,3552,07-03-2019_m3954172709_p2,human,lol_2
3.0,-6.0,3560,07-03-2019_m3954172709_p2,human,lol_2
4.0,-3.0,3568,07-03-2019_m3954172709_p2,human,lol_2
1.0,-2.0,3576,07-03-2019_m3954172709_p2,human,lol_2
2.0,-2.0,3592,07-03-2019_m3954172709_p2,human,lol_2
4.0,-3.0,3728,07-03-2019_m3954172709_p2,human,lol_2
0.0,-2.0,3744,07-03-2019_m3954172709_p2,human,lol_2
3.0,-7.0,3752,07-03-2019_m3954172709_p2,human,lol_2
4.0,-2.0,3760,07-03-2019_m3954172709_p2,human,lol_2
5.0,-5.0,3768,07-03-2019_m3954172709_p2,human,lol_2
5.0,-3.0,3776,07-03-2019_m3954172709_p2,human,lol_2
5.0,-7.0,3784,07-03-2019_m3954172709_p2,human,lol_2
6.0,-7.0,3792,07-03-2019_m3954172709_p2,human,lol_2
7.0,-11.0,3800,07-03-2019_m3954172709_p2,human,lol_2
5.0,-7.0,3808,07-03-2019_m3954172709_p2,human,lol_2
5.0,-9.0,3816,07-03-2019_m3954172709_p2,human,lol_2
2.0,-8.0,3824,07-03-2019_m3954172709_p2,human,lol_2
3.0,-9.0,3832,07-03-2019_m3954172709_p2,human,lol_2
4.0,-4.0,3840,07-03-2019_m3954172709_p2,human,lol_2
2.0,-5.0,3848,07-03-2019_m3954172709_p2,human,lol_2
0.0,-2.0,3960,07-03-2019_m3954172709_p2,human,lol_2
0.0,-7.0,3968,07-03-2019_m3954172709_p2,human,lol_2
0.0,-5.0,3976,07-03-2019_m3954172709_p2,human,lol_2
0.0,-5.0,3984,07-03-2019_m3954172709_p2,human,lol_2
0.0,-5.0,3992,07-03-2019_m3954172709_p2,human,lol_2
1.0,-4.0,4000,07-03-2019_m3954172709_p2,human,lol_2
6.0,-7.0,4008,07-03-2019_m3954172709_p2,human,lol_2
1.0,-2.0,4016,07-03-2019_m3954172709_p2,human,lol_2
2.0,-5.0,4024,07-03-2019_m3954172709_p2,human,lol_2
4.0,-3.0,4032,07-03-2019_m3954172709_p2,human,lol_2
1.0,-2.0,4040,07-03-2019_m3954172709_p2,human,lol_2
2.0,-5.0,4048,07-03-2019_m3954172709_p2,human,lol_2
2.0,-4.0,4056,07-03-2019_m3954172709_p2,human,lol_2
3.0,-3.0,4064,07-03-2019_m3954172709_p2,human,lol_2
2.0,-4.0,4072,07-03-2019_m3954172709_p2,human,lol_2
2.0,-5.0,4080,07-03-2019_m3954172709_p2,human,lol_2
2.0,-4.0,4088,07-03-2019_m3954172709_p2,human,lol_2
3.0,-5.0,4096,07-03-2019_m3954172709_p2,human,lol_2
2.0,-3.0,4104,07-03-2019_m3954172709_p2,human,lol_2
2.0,-7.0,4112,07-03-2019_m3954172709_p2,human,lol_2
1.0,-2.0,4120,07-03-2019_m3954172709_p2,human,lol_2
6.0,-7.0,4128,07-03-2019_m3954172709_p2,human,lol_2
1.0,-2.0,4136,07-03-2019_m3954172709_p2,human,lol_2
2.0,-5.0,4144,07-03-2019_m3954172709_p2,human,lol_2
4.0,-4.0,4152,07-03-2019_m3954172709_p2,human,lol_2
1.0,-1.0,4160,07-03-2019_m3954172709_p2,human,lol_2
2.0,-2.0,4184,07-03-2019_m3954172709_p2,human,lol_2
2.0,-2.0,4192,07-03-2019_m3954172709_p2,human,lol_2
3.0,-3.0,4200,07-03-2019_m3954172709_p2,human,lol_2
2.0,-2.0,4216,07-03-2019_m3954172709_p2,human,lol_2
2.0,-2.0,4224,07-03-2019_m3954172709_p2,human,lol_2
2.0,-2.0,4232,07-03-2019_m3954172709_p2,human,lol_2
0.0,-1.0,4240,07-03-2019_m3954172709_p2,human,lol_2
3.0,-4.0,4248,07-03-2019_m3954172709_p2,human,lol_2
2.0,-2.0,4256,07-03-2019_m3954172709_p2,human,lol_2
2.0,-1.0,4264,07-03-2019_m3954172709_p2,human,lol_2
1.0,-4.0,4272,07-03-2019_m3954172709_p2,human,lol_2
2.0,-2.0,4280,07-03-2019_m3954172709_p2,human,lol_2
2.0,-1.0,4296,07-03-2019_m3954172709_p2,human,lol_2
2.0,-2.0,4312,07-03-2019_m3954172709_p2,human,lol_2
1.0,-2.0,4336,07-03-2019_m3954172709_p2,human,lol_2
0.0,-2.0,4344,07-03-2019_m3954172709_p2,human,lol_2
2.0,-1.0,4376,07-03-2019_m3954172709_p2,human,lol_2
4.0,-6.0,4408,07-03-2019_m3954172709_p2,human,lol_2
0.0,-1.0,4424,07-03-2019_m3954172709_p2,human,lol_2
0.0,-2.0,4544,07-03-2019_m3954172709_p2,human,lol_2
1.0,-4.0,4568,07-03-2019_m3954172709_p2,human,lol_2
2.0,-1.0,4576,07-03-2019_m3954172709_p2,human,lol_2
2.0,-2.0,4656,07-03-2019_m3954172709_p2,human,lol_2
2.0,0.0,4664,07-03-2019_m3954172709_p2,human,lol_2
1.0,-2.0,4672,07-03-2019_m3954172709_p2,human,lol_2
2.0,0.0,4680,07-03-2019_m3954172709_p2,human,lol_2
2.0,0.0,4696,07-03-2019_m3954172709_p2,human,lol_2
3.0,0.0,4744,07-03-2019_m3954172709_p2,human,lol_2
2.0,-2.0,4752,07-03-2019_m3954172709_p2,human,lol_2
-1.0,-3.0,4760,07-03-2019_m3954172709_p2,human,lol_2
-2.0,-2.0,4880,07-03-2019_m3954172709_p2,human,lol_2
-5.0,0.0,4888,07-03-2019_m3954172709_p2,human,lol_2
-5.0,1.0,4896,07-03-2019_m3954172709_p2,human,lol_2
-5.0,11.0,4904,07-03-2019_m3954172709_p2,human,lol_2
-4.0,15.0,4912,07-03-2019_m3954172709_p2,human,lol_2
-9.0,21.0,4920,07-03-2019_m3954172709_p2,human,lol_2
-14.0,27.0,4928,07-03-2019_m3954172709_p2,human,lol_2
-17.0,26.0,4936,07-03-2019_m3954172709_p2,human,lol_2
-21.0,37.0,4944,07-03-2019_m3954172709_p2,human,lol_2
-26.0,38.0,4952,07-03-2019_m3954172709_p2,human,lol_2
-27.0,35.0,4960,07-03-2019_m3954172709_p2,human,lol_2
-24.0,37.0,4968,07-03-2019_m3954172709_p2,human,lol_2
-32.0,37.0,4976,07-03-2019_m3954172709_p2,human,lol_2
-22.0,36.0,4984,07-03-2019_m3954172709_p2,human,lol_2
-25.0,39.0,4992,07-03-2019_m3954172709_p2,human,lol_2
-24.0,40.0,5000,07-03-2019_m3954172709_p2,human,lol_2
-21.0,40.0,5008,07-03-2019_m3954172709_p2,human,lol_2
-21.0,39.0,5016,07-03-2019_m3954172709_p2,human,lol_2
-14.0,38.0,5024,07-03-2019_m3954172709_p2,human,lol_2
-13.0,32.0,5032,07-03-2019_m3954172709_p2,human,lol_2
-5.0,30.0,5040,07-03-2019_m3954172709_p2,human,lol_2
-3.0,21.0,5048,07-03-2019_m3954172709_p2,human,lol_2
-2.0,15.0,5056,07-03-2019_m3954172709_p2,human,lol_2
0.0,14.0,5064,07-03-2019_m3954172709_p2,human,lol_2
1.0,9.0,5072,07-03-2019_m3954172709_p2,human,lol_2
2.0,5.0,5080,07-03-2019_m3954172709_p2,human,lol_2
3.0,6.0,5088,07-03-2019_m3954172709_p2,human,lol_2
5.0,1.0,5096,07-03-2019_m3954172709_p2,human,lol_2
11.0,2.0,5104,07-03-2019_m3954172709_p2,human,lol_2
9.0,0.0,5112,07-03-2019_m3954172709_p2,human,lol_2
12.0,2.0,5120,07-03-2019_m3954172709_p2,human,lol_2
10.0,0.0,5128,07-03-2019_m3954172709_p2,human,lol_2
9.0,5.0,5136,07-03-2019_m3954172709_p2,human,lol_2
5.0,2.0,5144,07-03-2019_m3954172709_p2,human,lol_2
6.0,3.0,5152,07-03-2019_m3954172709_p2,human,lol_2
1.0,2.0,5160,07-03-2019_m3954172709_p2,human,lol_2
2.0,2.0,5168,07-03-2019_m3954172709_p2,human,lol_2
4.0,2.0,5176,07-03-2019_m3954172709_p2,human,lol_2
1.0,1.0,5240,07-03-2019_m3954172709_p2,human,lol_2
4.0,-1.0,5248,07-03-2019_m3954172709_p2,human,lol_2
3.0,0.0,5256,07-03-2019_m3954172709_p2,human,lol_2
2.0,-1.0,5312,07-03-2019_m3954172709_p2,human,lol_2
2.0,1.0,5320,07-03-2019_m3954172709_p2,human,lol_2
2.0,1.0,5384,07-03-2019_m3954172709_p2,human,lol_2
3.0,-1.0,5392,07-03-2019_m3954172709_p2,human,lol_2
2.0,0.0,5400,07-03-2019_m3954172709_p2,human,lol_2
2.0,0.0,5408,07-03-2019_m3954172709_p2,human,lol_2
3.0,0.0,5416,07-03-2019_m3954172709_p2,human,lol_2
4.0,0.0,5424,07-03-2019_m3954172709_p2,human,lol_2
1.0,1.0,5496,07-03-2019_m3954172709_p2,human,lol_2
6.0,0.0,5504,07-03-2019_m3954172709_p2,human,lol_2
10.0,0.0,5512,07-03-2019_m3954172709_p2,human,lol_2
11.0,-4.0,5520,07-03-2019_m3954172709_p2,human,lol_2
10.0,-4.0,5528,07-03-2019_m3954172709_p2,human,lol_2
12.0,-5.0,5536,07-03-2019_m3954172709_p2,human,lol_2
18.0,-3.0,5544,07-03-2019_m3954172709_p2,human,lol_2
17.0,-6.0,5552,07-03-2019_m3954172709_p2,human,lol_2
21.0,-1.0,5560,07-03-2019_m3954172709_p2,human,lol_2
21.0,0.0,5568,07-03-2019_m3954172709_p2,human,lol_2
20.0,0.0,5576,07-03-2019_m3954172709_p2,human,lol_2
10.0,0.0,5584,07-03-2019_m3954172709_p2,human,lol_2
5.0,0.0,5592,07-03-2019_m3954172709_p2,human,lol_2
4.0,0.0,5600,07-03-2019_m3954172709_p2,human,lol_2
3.0,1.0,5664,07-03-2019_m3954172709_p2,human,lol_2
2.0,0.0,5672,07-03-2019_m3954172709_p2,human,lol_2
4.0,-3.0,5680,07-03-2019_m3954172709_p2,human,lol_2
5.0,-7.0,5688,07-03-2019_m3954172709_p2,human,lol_2
12.0,-9.0,5696,07-03-2019_m3954172709_p2,human,lol_2
18.0,-7.0,5704,07-03-2019_m3954172709_p2,human,lol_2
19.0,-9.0,5712,07-03-2019_m3954172709_p2,human,lol_2
16.0,-8.0,5720,07-03-2019_m3954172709_p2,human,lol_2
17.0,-9.0,5728,07-03-2019_m3954172709_p2,human,lol_2
18.0,-5.0,5736,07-03-2019_m3954172709_p2,human,lol_2
28.0,-4.0,5744,07-03-2019_m3954172709_p2,human,lol_2
24.0,0.0,5752,07-03-2019_m3954172709_p2,human,lol_2
21.0,-5.0,5760,07-03-2019_m3954172709_p2,human,lol_2
12.0,-9.0,5768,07-03-2019_m3954172709_p2,human,lol_2
9.0,-3.0,5776,07-03-2019_m3954172709_p2,human,lol_2
11.0,-4.0,5784,07-03-2019_m3954172709_p2,human,lol_2
5.0,-2.0,5792,07-03-2019_m3954172709_p2,human,lol_2
5.0,-5.0,5800,07-03-2019_m3954172709_p2,human,lol_2
2.0,-2.0,5808,07-03-2019_m3954172709_p2,human,lol_2
5.0,-8.0,5816,07-03-2019_m3954172709_p2,human,lol_2
2.0,-11.0,5824,07-03-2019_m3954172709_p2,human,lol_2
2.0,-10.0,5832,07-03-2019_m3954172709_p2,human,lol_2
5.0,-13.0,5840,07-03-2019_m3954172709_p2,human,lol_2
5.0,-17.0,5848,07-03-2019_m3954172709_p2,human,lol_2
7.0,-18.0,5856,07-03-2019_m3954172709_p2,human,lol_2
14.0,-21.0,5864,07-03-2019_m3954172709_p2,human,lol_2
12.0,-17.0,5872,07-03-2019_m3954172709_p2,human,lol_2
14.0,-18.0,5880,07-03-2019_m3954172709_p2,human,lol_2
16.0,-15.0,5888,07-03-2019_m3954172709_p2,human,lol_2
12.0,-6.0,5896,07-03-2019_m3954172709_p2,human,lol_2
14.0,0.0,5904,07-03-2019_m3954172709_p2,human,lol_2
4.0,0.0,5912,07-03-2019_m3954172709_p2,human,lol_2
9.0,1.0,6000,07-03-2019_m3954172709_p2,human,lol_2
0.0,-1.0,6008,07-03-2019_m3954172709_p2,human,lol_2
0.0,-3.0,6016,07-03-2019_m3954172709_p2,human,lol_2
1.0,-7.0,6024,07-03-2019_m3954172709_p2,human,lol_2
6.0,-7.0,6032,07-03-2019_m3954172709_p2,human,lol_2
1.0,-2.0,6040,07-03-2019_m3954172709_p2,human,lol_2
2.0,-2.0,6112,07-03-2019_m3954172709_p2,human,lol_2
2.0,-1.0,6152,07-03-2019_m3954172709_p2,human,lol_2
2.0,-4.0,6160,07-03-2019_m3954172709_p2,human,lol_2
0.0,-3.0,6168,07-03-2019_m3954172709_p2,human,lol_2
0.0,-6.0,6176,07-03-2019_m3954172709_p2,human,lol_2
-1.0,-3.0,6184,07-03-2019_m3954172709_p2,human,lol_2
-2.0,-5.0,6192,07-03-2019_m3954172709_p2,human,lol_2
-4.0,-6.0,6200,07-03-2019_m3954172709_p2,human,lol_2
-5.0,-5.0,6208,07-03-2019_m3954172709_p2,human,lol_2
-7.0,-3.0,6216,07-03-2019_m3954172709_p2,human,lol_2
-7.0,-7.0,6224,07-03-2019_m3954172709_p2,human,lol_2
-9.0,-7.0,6232,07-03-2019_m3954172709_p2,human,lol_2
-8.0,-6.0,6240,07-03-2019_m3954172709_p2,human,lol_2
-6.0,-5.0,6248,07-03-2019_m3954172709_p2,human,lol_2
-5.0,-7.0,6256,07-03-2019_m3954172709_p2,human,lol_2
-7.0,-10.0,6264,07-03-2019_m3954172709_p2,human,lol_2
-2.0,-7.0,6272,07-03-2019_m3954172709_p2,human,lol_2
-3.0,-9.0,6280,07-03-2019_m3954172709_p2,human,lol_2
-4.0,-9.0,6288,07-03-2019_m3954172709_p2,human,lol_2
-1.0,-10.0,6296,07-03-2019_m3954172709_p2,human,lol_2
-2.0,-9.0,6304,07-03-2019_m3954172709_p2,human,lol_2
-5.0,-9.0,6312,07-03-2019_m3954172709_p2,human,lol_2
-2.0,-5.0,6320,07-03-2019_m3954172709_p2,human,lol_2
-4.0,-7.0,6328,07-03-2019_m3954172709_p2,human,lol_2
-5.0,-5.0,6336,07-03-2019_m3954172709_p2,human,lol_2
-2.0,-6.0,6344,07-03-2019_m3954172709_p2,human,lol_2
-1.0,-3.0,6352,07-03-2019_m3954172709_p2,human,lol_2
-6.0,-5.0,6360,07-03-2019_m3954172709_p2,human,lol_2
-7.0,-4.0,6368,07-03-2019_m3954172709_p2,human,lol_2
-7.0,-2.0,6376,07-03-2019_m3954172709_p2,human,lol_2
-5.0,-3.0,6384,07-03-2019_m3954172709_p2,human,lol_2
-5.0,-2.0,6392,07-03-2019_m3954172709_p2,human,lol_2
-4.0,-2.0,6400,07-03-2019_m3954172709_p2,human,lol_2
-3.0,-1.0,6408,07-03-2019_m3954172709_p2,human,lol_2
-5.0,-6.0,6416,07-03-2019_m3954172709_p2,human,lol_2
-4.0,-1.0,6424,07-03-2019_m3954172709_p2,human,lol_2
-5.0,-6.0,6432,07-03-2019_m3954172709_p2,human,lol_2
-5.0,-3.0,6440,07-03-2019_m3954172709_p2,human,lol_2
-6.0,-7.0,6448,07-03-2019_m3954172709_p2,human,lol_2
-7.0,-4.0,6456,07-03-2019_m3954172709_p2,human,lol_2
-14.0,-8.0,6464,07-03-2019_m3954172709_p2,human,lol_2
-10.0,-7.0,6472,07-03-2019_m3954172709_p2,human,lol_2
-12.0,-9.0,6480,07-03-2019_m3954172709_p2,human,lol_2
-13.0,-7.0,6488,07-03-2019_m3954172709_p2,human,lol_2
-8.0,-4.0,6496,07-03-2019_m3954172709_p2,human,lol_2
-6.0,-5.0,6504,07-03-2019_m3954172709_p2,human,lol_2
-3.0,-3.0,6512,07-03-2019_m3954172709_p2,human,lol_2
-4.0,-4.0,6520,07-03-2019_m3954172709_p2,human,lol_2
-1.0,-2.0,6528,07-03-2019_m3954172709_p2,human,lol_2
0.0,-1.0,6536,07-03-2019_m3954172709_p2,human,lol_2
0.0,-4.0,6544,07-03-2019_m3954172709_p2,human,lol_2
0.0,-2.0,6552,07-03-2019_m3954172709_p2,human,lol_2
0.0,-1.0,6560,07-03-2019_m3954172709_p2,human,lol_2
0.0,-2.0,6568,07-03-2019_m3954172709_p2,human,lol_2
1.0,-5.0,6576,07-03-2019_m3954172709_p2,human,lol_2
5.0,-6.0,6584,07-03-2019_m3954172709_p2,human,lol_2
5.0,-3.0,6592,07-03-2019_m3954172709_p2,human,lol_2
4.0,-4.0,6608,07-03-2019_m3954172709_p2,human,lol_2
1.0,-1.0,6616,07-03-2019_m3954172709_p2,human,lol_2
0.0,-4.0,6624,07-03-2019_m3954172709_p2,human,lol_2
0.0,-3.0,6632,07-03-2019_m3954172709_p2,human,lol_2
-2.0,-7.0,6640,07-03-2019_m3954172709_p2,human,lol_2
-16.0,-4.0,6648,07-03-2019_m3954172709_p2,human,lol_2
-19.0,-3.0,6656,07-03-2019_m3954172709_p2,human,lol_2
-23.0,-2.0,6664,07-03-2019_m3954172709_p2,human,lol_2
-28.0,-4.0,6672,07-03-2019_m3954172709_p2,human,lol_2
-26.0,-3.0,6680,07-03-2019_m3954172709_p2,human,lol_2
-21.0,-2.0,6688,07-03-2019_m3954172709_p2,human,lol_2
-16.0,-2.0,6696,07-03-2019_m3954172709_p2,human,lol_2
-11.0,-1.0,6704,07-03-2019_m3954172709_p2,human,lol_2
-10.0,-7.0,6712,07-03-2019_m3954172709_p2,human,lol_2
-7.0,-6.0,6720,07-03-2019_m3954172709_p2,human,lol_2
-2.0,-1.0,6728,07-03-2019_m3954172709_p2,human,lol_2
-2.0,-6.0,6736,07-03-2019_m3954172709_p2,human,lol_2
-5.0,-8.0,6744,07-03-2019_m3954172709_p2,human,lol_2
-2.0,-6.0,6752,07-03-2019_m3954172709_p2,human,lol_2
-5.0,-8.0,6760,07-03-2019_m3954172709_p2,human,lol_2
-9.0,-9.0,6768,07-03-2019_m3954172709_p2,human,lol_2
-7.0,-5.0,6776,07-03-2019_m3954172709_p2,human,lol_2
-10.0,-4.0,6784,07-03-2019_m3954172709_p2,human,lol_2
-12.0,0.0,6792,07-03-2019_m3954172709_p2,human,lol_2
-7.0,0.0,6800,07-03-2019_m3954172709_p2,human,lol_2
-2.0,0.0,6864,07-03-2019_m3954172709_p2,human,lol_2
-4.0,0.0,6872,07-03-2019_m3954172709_p2,human,lol_2
-1.0,-3.0,6880,07-03-2019_m3954172709_p2,human,lol_2
-2.0,-4.0,6888,07-03-2019_m3954172709_p2,human,lol_2
0.0,-7.0,6896,07-03-2019_m3954172709_p2,human,lol_2
0.0,-3.0,6904,07-03-2019_m3954172709_p2,human,lol_2
-2.0,-6.0,6912,07-03-2019_m3954172709_p2,human,lol_2
-2.0,-3.0,6920,07-03-2019_m3954172709_p2,human,lol_2
-1.0,-2.0,6928,07-03-2019_m3954172709_p2,human,lol_2
-2.0,0.0,6936,07-03-2019_m3954172709_p2,human,lol_2
-2.0,-2.0,7088,07-03-2019_m3954172709_p2,human,lol_2
1.0,-1.0,7112,07-03-2019_m3954172709_p2,human,lol_2
2.0,0.0,7176,07-03-2019_m3954172709_p2,human,lol_2
3.0,1.0,7184,07-03-2019_m3954172709_p2,human,lol_2
4.0,1.0,7192,07-03-2019_m3954172709_p2,human,lol_2
2.0,2.0,7200,07-03-2019_m3954172709_p2,human,lol_2
3.0,4.0,7208,07-03-2019_m3954172709_p2,human,lol_2
2.0,1.0,7216,07-03-2019_m3954172709_p2,human,lol_2
3.0,2.0,7256,07-03-2019_m3954172709_p2,human,lol_2
0.0,4.0,7272,07-03-2019_m3954172709_p2,human,lol_2
0.0,1.0,7288,07-03-2019_m3954172709_p2,human,lol_2
0.0,2.0,7296,07-03-2019_m3954172709_p2,human,lol_2
0.0,2.0,7304,07-03-2019_m3954172709_p2,human,lol_2
2.0,2.0,7312,07-03-2019_m3954172709_p2,human,lol_2
2.0,1.0,7320,07-03-2019_m3954172709_p2,human,lol_2
0.0,2.0,7328,07-03-2019_m3954172709_p2,human,lol_2
2.0,2.0,7336,07-03-2019_m3954172709_p2,human,lol_2
1.0,2.0,7344,07-03-2019_m3954172709_p2,human,lol_2
2.0,1.0,7352,07-03-2019_m3954172709_p2,human,lol_2
0.0,6.0,7360,07-03-2019_m3954172709_p2,human,lol_2
2.0,1.0,7368,07-03-2019_m3954172709_p2,human,lol_2
0.0,7.0,7376,07-03-2019_m3954172709_p2,human,lol_2
5.0,9.0,7384,07-03-2019_m3954172709_p2,human,lol_2
2.0,2.0,7392,07-03-2019_m3954172709_p2,human,lol_2
3.0,10.0,7400,07-03-2019_m3954172709_p2,human,lol_2
4.0,7.0,7408,07-03-2019_m3954172709_p2,human,lol_2
3.0,11.0,7416,07-03-2019_m3954172709_p2,human,lol_2
0.0,9.0,7424,07-03-2019_m3954172709_p2,human,lol_2
2.0,14.0,7432,07-03-2019_m3954172709_p2,human,lol_2
0.0,14.0,7440,07-03-2019_m3954172709_p2,human,lol_2
0.0,19.0,7448,07-03-2019_m3954172709_p2,human,lol_2
0.0,24.0,7456,07-03-2019_m3954172709_p2,human,lol_2
5.0,27.0,7464,07-03-2019_m3954172709_p2,human,lol_2
0.0,31.0,7472,07-03-2019_m3954172709_p2,human,lol_2
0.0,42.0,7480,07-03-2019_m3954172709_p2,human,lol_2
0.0,39.0,7488,07-03-2019_m3954172709_p2,human,lol_2
-4.0,43.0,7496,07-03-2019_m3954172709_p2,human,lol_2
-7.0,42.0,7504,07-03-2019_m3954172709_p2,human,lol_2
-2.0,41.0,7512,07-03-2019_m3954172709_p2,human,lol_2
-2.0,36.0,7520,07-03-2019_m3954172709_p2,human,lol_2
0.0,30.0,7528,07-03-2019_m3954172709_p2,human,lol_2
0.0,16.0,7536,07-03-2019_m3954172709_p2,human,lol_2
0.0,14.0,7544,07-03-2019_m3954172709_p2,human,lol_2
3.0,3.0,7552,07-03-2019_m3954172709_p2,human,lol_2
11.0,0.0,7560,07-03-2019_m3954172709_p2,human,lol_2
12.0,0.0,7568,07-03-2019_m3954172709_p2,human,lol_2
17.0,-11.0,7576,07-03-2019_m3954172709_p2,human,lol_2
20.0,-18.0,7584,07-03-2019_m3954172709_p2,human,lol_2
17.0,-14.0,7592,07-03-2019_m3954172709_p2,human,lol_2
21.0,-12.0,7600,07-03-2019_m3954172709_p2,human,lol_2
26.0,-12.0,7608,07-03-2019_m3954172709_p2,human,lol_2
30.0,-16.0,7616,07-03-2019_m3954172709_p2,human,lol_2
42.0,-19.0,7624,07-03-2019_m3954172709_p2,human,lol_2
37.0,-18.0,7632,07-03-2019_m3954172709_p2,human,lol_2
37.0,-10.0,7640,07-03-2019_m3954172709_p2,human,lol_2
26.0,1.0,7648,07-03-2019_m3954172709_p2,human,lol_2
12.0,0.0,7656,07-03-2019_m3954172709_p2,human,lol_2
19.0,-15.0,7664,07-03-2019_m3954172709_p2,human,lol_2
27.0,-11.0,7672,07-03-2019_m3954172709_p2,human,lol_2
36.0,-10.0,7680,07-03-2019_m3954172709_p2,human,lol_2
27.0,-7.0,7688,07-03-2019_m3954172709_p2,human,lol_2
26.0,-9.0,7696,07-03-2019_m3954172709_p2,human,lol_2
24.0,-7.0,7704,07-03-2019_m3954172709_p2,human,lol_2
21.0,-7.0,7712,07-03-2019_m3954172709_p2,human,lol_2
13.0,-2.0,7720,07-03-2019_m3954172709_p2,human,lol_2
7.0,-1.0,7744,07-03-2019_m3954172709_p2,human,lol_2
1.0,0.0,7752,07-03-2019_m3954172709_p2,human,lol_2
2.0,0.0,7872,07-03-2019_m3954172709_p2,human,lol_2
2.0,0.0,7880,07-03-2019_m3954172709_p2,human,lol_2
3.0,2.0,7888,07-03-2019_m3954172709_p2,human,lol_2
2.0,2.0,7896,07-03-2019_m3954172709_p2,human,lol_2
2.0,5.0,7904,07-03-2019_m3954172709_p2,human,lol_2
0.0,13.0,7912,07-03-2019_m3954172709_p2,human,lol_2
0.0,15.0,7920,07-03-2019_m3954172709_p2,human,lol_2
-1.0,21.0,7928,07-03-2019_m3954172709_p2,human,lol_2
-11.0,25.0,7936,07-03-2019_m3954172709_p2,human,lol_2
-15.0,28.0,7944,07-03-2019_m3954172709_p2,human,lol_2
-20.0,30.0,7952,07-03-2019_m3954172709_p2,human,lol_2
-19.0,29.0,7960,07-03-2019_m3954172709_p2,human,lol_2
-19.0,28.0,7968,07-03-2019_m3954172709_p2,human,lol_2
-23.0,32.0,7976,07-03-2019_m3954172709_p2,human,lol_2
-17.0,24.0,7984,07-03-2019_m3954172709_p2,human,lol_2
-16.0,21.0,7992,07-03-2019_m3954172709_p2,human,lol_2
-9.0,16.0,8000,07-03-2019_m3954172709_p2,human,lol_2
-5.0,12.0,8008,07-03-2019_m3954172709_p2,human,lol_2
-4.0,7.0,8048,07-03-2019_m3954172709_p2,human,lol_2
3.0,-11.0,8056,07-03-2019_m3954172709_p2,human,lol_2
5.0,-23.0,8064,07-03-2019_m3954172709_p2,human,lol_2
0.0,-21.0,8072,07-03-2019_m3954172709_p2,human,lol_2
4.0,-24.0,8080,07-03-2019_m3954172709_p2,human,lol_2
2.0,-21.0,8087,07-03-2019_m3954172709_p2,human,lol_2
3.0,-23.0,8096,07-03-2019_m3954172709_p2,human,lol_2
4.0,-19.0,8104,07-03-2019_m3954172709_p2,human,lol_2
1.0,-18.0,8112,07-03-2019_m3954172709_p2,human,lol_2
4.0,-16.0,8120,07-03-2019_m3954172709_p2,human,lol_2
5.0,-19.0,8128,07-03-2019_m3954172709_p2,human,lol_2
4.0,-17.0,8136,07-03-2019_m3954172709_p2,human,lol_2
5.0,-21.0,8144,07-03-2019_m3954172709_p2,human,lol_2
5.0,-25.0,8152,07-03-2019_m3954172709_p2,human,lol_2
9.0,-28.0,8160,07-03-2019_m3954172709_p2,human,lol_2
9.0,-28.0,8168,07-03-2019_m3954172709_p2,human,lol_2
8.0,-30.0,8176,07-03-2019_m3954172709_p2,human,lol_2
11.0,-24.0,8184,07-03-2019_m3954172709_p2,human,lol_2
14.0,-21.0,8192,07-03-2019_m3954172709_p2,human,lol_2
10.0,-11.0,8200,07-03-2019_m3954172709_p2,human,lol_2
9.0,-7.0,8208,07-03-2019_m3954172709_p2,human,lol_2
5.0,-1.0,8256,07-03-2019_m3954172709_p2,human,lol_2
2.0,0.0,8320,07-03-2019_m3954172709_p2,human,lol_2
2.0,0.0,8368,07-03-2019_m3954172709_p2,human,lol_2
2.0,-2.0,8376,07-03-2019_m3954172709_p2,human,lol_2
0.0,-2.0,8384,07-03-2019_m3954172709_p2,human,lol_2
-7.0,-5.0,8392,07-03-2019_m3954172709_p2,human,lol_2
-15.0,-5.0,8400,07-03-2019_m3954172709_p2,human,lol_2
-20.0,-7.0,8408,07-03-2019_m3954172709_p2,human,lol_2
-17.0,-4.0,8416,07-03-2019_m3954172709_p2,human,lol_2
-23.0,-9.0,8424,07-03-2019_m3954172709_p2,human,lol_2
-26.0,-8.0,8432,07-03-2019_m3954172709_p2,human,lol_2
-28.0,-13.0,8440,07-03-2019_m3954172709_p2,human,lol_2
-28.0,-12.0,8447,07-03-2019_m3954172709_p2,human,lol_2
-26.0,-10.0,8456,07-03-2019_m3954172709_p2,human,lol_2
-20.0,-11.0,8464,07-03-2019_m3954172709_p2,human,lol_2
-14.0,-9.0,8472,07-03-2019_m3954172709_p2,human,lol_2
-10.0,-8.0,8480,07-03-2019_m3954172709_p2,human,lol_2
-5.0,-6.0,8488,07-03-2019_m3954172709_p2,human,lol_2
-4.0,-3.0,8696,07-03-2019_m3954172709_p2,human,lol_2
-7.0,0.0,8704,07-03-2019_m3954172709_p2,human,lol_2
-9.0,0.0,8712,07-03-2019_m3954172709_p2,human,lol_2
-10.0,1.0,8720,07-03-2019_m3954172709_p2,human,lol_2
-14.0,9.0,8728,07-03-2019_m3954172709_p2,human,lol_2
-12.0,8.0,8736,07-03-2019_m3954172709_p2,human,lol_2
-9.0,9.0,8744,07-03-2019_m3954172709_p2,human,lol_2
-14.0,9.0,8752,07-03-2019_m3954172709_p2,human,lol_2
-11.0,9.0,8760,07-03-2019_m3954172709_p2,human,lol_2
-10.0,8.0,8768,07-03-2019_m3954172709_p2,human,lol_2
-12.0,9.0,8776,07-03-2019_m3954172709_p2,human,lol_2
-14.0,12.0,8784,07-03-2019_m3954172709_p2,human,lol_2
-13.0,11.0,8792,07-03-2019_m3954172709_p2,human,lol_2
-12.0,10.0,8800,07-03-2019_m3954172709_p2,human,lol_2
-16.0,13.0,8808,07-03-2019_m3954172709_p2,human,lol_2
-12.0,12.0,8816,07-03-2019_m3954172709_p2,human,lol_2
-17.0,14.0,8824,07-03-2019_m3954172709_p2,human,lol_2
-16.0,14.0,8831,07-03-2019_m3954172709_p2,human,lol_2
-18.0,16.0,8840,07-03-2019_m3954172709_p2,human,lol_2
-17.0,12.0,8848,07-03-2019_m3954172709_p2,human,lol_2
-16.0,16.0,8856,07-03-2019_m3954172709_p2,human,lol_2
-14.0,21.0,8864,07-03-2019_m3954172709_p2,human,lol_2
-14.0,19.0,8872,07-03-2019_m3954172709_p2,human,lol_2
-9.0,17.0,8880,07-03-2019_m3954172709_p2,human,lol_2
-7.0,16.0,8888,07-03-2019_m3954172709_p2,human,lol_2
-3.0,11.0,8896,07-03-2019_m3954172709_p2,human,lol_2
0.0,5.0,8904,07-03-2019_m3954172709_p2,human,lol_2
0.0,3.0,8952,07-03-2019_m3954172709_p2,human,lol_2
-4.0,-8.0,8960,07-03-2019_m3954172709_p2,human,lol_2
-7.0,-7.0,8968,07-03-2019_m3954172709_p2,human,lol_2
-8.0,-5.0,8976,07-03-2019_m3954172709_p2,human,lol_2
-7.0,0.0,8984,07-03-2019_m3954172709_p2,human,lol_2
-6.0,0.0,8992,07-03-2019_m3954172709_p2,human,lol_2
-1.0,0.0,9000,07-03-2019_m3954172709_p2,human,lol_2
-6.0,0.0,9072,07-03-2019_m3954172709_p2,human,lol_2
-1.0,0.0,9080,07-03-2019_m3954172709_p2,human,lol_2
-4.0,0.0,9088,07-03-2019_m3954172709_p2,human,lol_2
-3.0,0.0,9096,07-03-2019_m3954172709_p2,human,lol_2
-2.0,-2.0,9104,07-03-2019_m3954172709_p2,human,lol_2
-4.0,-1.0,9112,07-03-2019_m3954172709_p2,human,lol_2
-5.0,-4.0,9120,07-03-2019_m3954172709_p2,human,lol_2
-7.0,-3.0,9128,07-03-2019_m3954172709_p2,human,lol_2
-5.0,0.0,9136,07-03-2019_m3954172709_p2,human,lol_2
-9.0,-4.0,9144,07-03-2019_m3954172709_p2,human,lol_2
-7.0,0.0,9184,07-03-2019_m3954172709_p2,human,lol_2
-2.0,0.0,9200,07-03-2019_m3954172709_p2,human,lol_2
-1.0,-7.0,9207,07-03-2019_m3954172709_p2,human,lol_2
0.0,-5.0,9215,07-03-2019_m3954172709_p2,human,lol_2
0.0,-7.0,9223,07-03-2019_m3954172709_p2,human,lol_2
0.0,-7.0,9232,07-03-2019_m3954172709_p2,human,lol_2
0.0,-7.0,9240,07-03-2019_m3954172709_p2,human,lol_2
0.0,-4.0,9248,07-03-2019_m3954172709_p2,human,lol_2
0.0,-1.0,9256,07-03-2019_m3954172709_p2,human,lol_2
0.0,-4.0,9264,07-03-2019_m3954172709_p2,human,lol_2
0.0,-3.0,9272,07-03-2019_m3954172709_p2,human,lol_2
0.0,-2.0,9280,07-03-2019_m3954172709_p2,human,lol_2
0.0,-5.0,9288,07-03-2019_m3954172709_p2,human,lol_2
0.0,-2.0,9296,07-03-2019_m3954172709_p2,human,lol_2
1.0,-5.0,9304,07-03-2019_m3954172709_p2,human,lol_2
5.0,-6.0,9312,07-03-2019_m3954172709_p2,human,lol_2
2.0,-1.0,9320,07-03-2019_m3954172709_p2,human,lol_2
1.0,-6.0,9328,07-03-2019_m3954172709_p2,human,lol_2
4.0,-3.0,9336,07-03-2019_m3954172709_p2,human,lol_2
3.0,-5.0,9344,07-03-2019_m3954172709_p2,human,lol_2
2.0,-7.0,9352,07-03-2019_m3954172709_p2,human,lol_2
5.0,-6.0,9360,07-03-2019_m3954172709_p2,human,lol_2
7.0,-8.0,9368,07-03-2019_m3954172709_p2,human,lol_2
6.0,-13.0,9376,07-03-2019_m3954172709_p2,human,lol_2
8.0,-15.0,9384,07-03-2019_m3954172709_p2,human,lol_2
14.0,-21.0,9392,07-03-2019_m3954172709_p2,human,lol_2
13.0,-25.0,9400,07-03-2019_m3954172709_p2,human,lol_2
21.0,-31.0,9408,07-03-2019_m3954172709_p2,human,lol_2
29.0,-41.0,9416,07-03-2019_m3954172709_p2,human,lol_2
32.0,-43.0,9424,07-03-2019_m3954172709_p2,human,lol_2
35.0,-53.0,9432,07-03-2019_m3954172709_p2,human,lol_2
47.0,-63.0,9440,07-03-2019_m3954172709_p2,human,lol_2
60.0,-66.0,9448,07-03-2019_m3954172709_p2,human,lol_2
68.0,-70.0,9456,07-03-2019_m3954172709_p2,human,lol_2
79.0,-63.0,9464,07-03-2019_m3954172709_p2,human,lol_2
80.0,-13.0,9472,07-03-2019_m3954172709_p2,human,lol_2
81.0,0.0,9480,07-03-2019_m3954172709_p2,human,lol_2
77.0,0.0,9488,07-03-2019_m3954172709_p2,human,lol_2
78.0,0.0,9496,07-03-2019_m3954172709_p2,human,lol_2
65.0,0.0,9504,07-03-2019_m3954172709_p2,human,lol_2
60.0,0.0,9512,07-03-2019_m3954172709_p2,human,lol_2
57.0,0.0,9520,07-03-2019_m3954172709_p2,human,lol_2
39.0,0.0,9528,07-03-2019_m3954172709_p2,human,lol_2
23.0,0.0,9536,07-03-2019_m3954172709_p2,human,lol_2
8.0,0.0,9544,07-03-2019_m3954172709_p2,human,lol_2
0.0,0.0,9552,07-03-2019_m3954172709_p2,human,lol_2
0.0,0.0,9600,07-03-2019_m3954172709_p2,human,lol_2
-3.0,0.0,9608,07-03-2019_m3954172709_p2,human,lol_2
-12.0,1.0,9616,07-03-2019_m3954172709_p2,human,lol_2
-18.0,16.0,9624,07-03-2019_m3954172709_p2,human,lol_2
-23.0,16.0,9632,07-03-2019_m3954172709_p2,human,lol_2
-35.0,21.0,9640,07-03-2019_m3954172709_p2,human,lol_2
-43.0,30.0,9648,07-03-2019_m3954172709_p2,human,lol_2
-51.0,28.0,9656,07-03-2019_m3954172709_p2,human,lol_2
-54.0,29.0,9664,07-03-2019_m3954172709_p2,human,lol_2
-60.0,34.0,9672,07-03-2019_m3954172709_p2,human,lol_2
-54.0,35.0,9680,07-03-2019_m3954172709_p2,human,lol_2
-53.0,33.0,9688,07-03-2019_m3954172709_p2,human,lol_2
-45.0,26.0,9696,07-03-2019_m3954172709_p2,human,lol_2
-42.0,25.0,9704,07-03-2019_m3954172709_p2,human,lol_2
-39.0,21.0,9712,07-03-2019_m3954172709_p2,human,lol_2
-35.0,19.0,9720,07-03-2019_m3954172709_p2,human,lol_2
-31.0,16.0,9728,07-03-2019_m3954172709_p2,human,lol_2
-23.0,14.0,9736,07-03-2019_m3954172709_p2,human,lol_2
-17.0,8.0,9744,07-03-2019_m3954172709_p2,human,lol_2
-14.0,6.0,9752,07-03-2019_m3954172709_p2,human,lol_2
-11.0,5.0,9760,07-03-2019_m3954172709_p2,human,lol_2
-10.0,2.0,9768,07-03-2019_m3954172709_p2,human,lol_2
-6.0,1.0,9776,07-03-2019_m3954172709_p2,human,lol_2
-7.0,2.0,9784,07-03-2019_m3954172709_p2,human,lol_2
-1.0,2.0,9808,07-03-2019_m3954172709_p2,human,lol_2
-4.0,2.0,9816,07-03-2019_m3954172709_p2,human,lol_2
-9.0,3.0,9824,07-03-2019_m3954172709_p2,human,lol_2
-10.0,7.0,9832,07-03-2019_m3954172709_p2,human,lol_2
-16.0,11.0,9840,07-03-2019_m3954172709_p2,human,lol_2
-19.0,17.0,9848,07-03-2019_m3954172709_p2,human,lol_2
-23.0,25.0,9862,07-03-2019_m3954172709_p2,human,lol_2
-14.0,21.0,9864,07-03-2019_m3954172709_p2,human,lol_2
-9.0,8.0,9872,07-03-2019_m3954172709_p2,human,lol_2
-3.0,4.0,9880,07-03-2019_m3954172709_p2,human,lol_2
-2.0,3.0,9888,07-03-2019_m3954172709_p2,human,lol_2
-2.0,2.0,9944,07-03-2019_m3954172709_p2,human,lol_2
1.0,4.0,9952,07-03-2019_m3954172709_p2,human,lol_2
2.0,5.0,9959,07-03-2019_m3954172709_p2,human,lol_2
2.0,2.0,9975,07-03-2019_m3954172709_p2,human,lol_2
0.0,1.0,10128,07-03-2019_m3954172709_p2,human,lol_2
0.0,9.0,10136,07-03-2019_m3954172709_p2,human,lol_2
-10.0,9.0,10144,07-03-2019_m3954172709_p2,human,lol_2
-12.0,10.0,10152,07-03-2019_m3954172709_p2,human,lol_2
-5.0,9.0,10160,07-03-2019_m3954172709_p2,human,lol_2
-7.0,12.0,10167,07-03-2019_m3954172709_p2,human,lol_2
-2.0,2.0,10192,07-03-2019_m3954172709_p2,human,lol_2
0.0,-3.0,10200,07-03-2019_m3954172709_p2,human,lol_2
6.0,-8.0,10208,07-03-2019_m3954172709_p2,human,lol_2
9.0,-9.0,10216,07-03-2019_m3954172709_p2,human,lol_2
10.0,-11.0,10224,07-03-2019_m3954172709_p2,human,lol_2
16.0,-8.0,10232,07-03-2019_m3954172709_p2,human,lol_2
21.0,-9.0,10240,07-03-2019_m3954172709_p2,human,lol_2
26.0,-11.0,10248,07-03-2019_m3954172709_p2,human,lol_2
30.0,-14.0,10256,07-03-2019_m3954172709_p2,human,lol_2
44.0,-17.0,10264,07-03-2019_m3954172709_p2,human,lol_2
47.0,-25.0,10272,07-03-2019_m3954172709_p2,human,lol_2
61.0,-29.0,10280,07-03-2019_m3954172709_p2,human,lol_2
77.0,-41.0,10288,07-03-2019_m3954172709_p2,human,lol_2
86.0,-45.0,10296,07-03-2019_m3954172709_p2,human,lol_2
98.0,-53.0,10304,07-03-2019_m3954172709_p2,human,lol_2
105.0,-57.0,10312,07-03-2019_m3954172709_p2,human,lol_2
116.0,-72.0,10320,07-03-2019_m3954172709_p2,human,lol_2
77.0,-72.0,10328,07-03-2019_m3954172709_p2,human,lol_2
0.0,-72.0,10336,07-03-2019_m3954172709_p2,human,lol_2
0.0,0.0,10344,07-03-2019_m3954172709_p2,human,lol_2
0.0,0.0,10351,07-03-2019_m3954172709_p2,human,lol_2
0.0,0.0,10359,07-03-2019_m3954172709_p2,human,lol_2
0.0,0.0,10368,07-03-2019_m3954172709_p2,human,lol_2
0.0,0.0,10376,07-03-2019_m3954172709_p2,human,lol_2
0.0,0.0,10384,07-03-2019_m3954172709_p2,human,lol_2
0.0,0.0,10392,07-03-2019_m3954172709_p2,human,lol_2
0.0,0.0,10400,07-03-2019_m3954172709_p2,human,lol_2
0.0,0.0,10424,07-03-2019_m3954172709_p2,human,lol_2
-10.0,18.0,10432,07-03-2019_m3954172709_p2,human,lol_2
-36.0,35.0,10440,07-03-2019_m3954172709_p2,human,lol_2
-41.0,40.0,10448,07-03-2019_m3954172709_p2,human,lol_2
-50.0,48.0,10456,07-03-2019_m3954172709_p2,human,lol_2
-63.0,61.0,10464,07-03-2019_m3954172709_p2,human,lol_2
-65.0,63.0,10472,07-03-2019_m3954172709_p2,human,lol_2
-61.0,70.0,10480,07-03-2019_m3954172709_p2,human,lol_2
-63.0,77.0,10488,07-03-2019_m3954172709_p2,human,lol_2
-63.0,75.0,10496,07-03-2019_m3954172709_p2,human,lol_2
-60.0,70.0,10504,07-03-2019_m3954172709_p2,human,lol_2
-61.0,63.0,10512,07-03-2019_m3954172709_p2,human,lol_2
-54.0,56.0,10520,07-03-2019_m3954172709_p2,human,lol_2
-51.0,49.0,10528,07-03-2019_m3954172709_p2,human,lol_2
-46.0,44.0,10536,07-03-2019_m3954172709_p2,human,lol_2
-36.0,33.0,10544,07-03-2019_m3954172709_p2,human,lol_2
-27.0,23.0,10552,07-03-2019_m3954172709_p2,human,lol_2
-19.0,19.0,10560,07-03-2019_m3954172709_p2,human,lol_2
-12.0,12.0,10568,07-03-2019_m3954172709_p2,human,lol_2
-4.0,4.0,10616,07-03-2019_m3954172709_p2,human,lol_2
3.0,0.0,10624,07-03-2019_m3954172709_p2,human,lol_2
2.0,0.0,10632,07-03-2019_m3954172709_p2,human,lol_2
2.0,-1.0,10727,07-03-2019_m3954172709_p2,human,lol_2
0.0,-7.0,10736,07-03-2019_m3954172709_p2,human,lol_2
0.0,-7.0,10744,07-03-2019_m3954172709_p2,human,lol_2
-5.0,-5.0,10752,07-03-2019_m3954172709_p2,human,lol_2
-9.0,-4.0,10760,07-03-2019_m3954172709_p2,human,lol_2
-14.0,-7.0,10768,07-03-2019_m3954172709_p2,human,lol_2
-8.0,-3.0,10776,07-03-2019_m3954172709_p2,human,lol_2
-11.0,-6.0,10784,07-03-2019_m3954172709_p2,human,lol_2
-3.0,-3.0,10792,07-03-2019_m3954172709_p2,human,lol_2
-6.0,-4.0,10800,07-03-2019_m3954172709_p2,human,lol_2
-3.0,-7.0,10808,07-03-2019_m3954172709_p2,human,lol_2
-5.0,-10.0,10816,07-03-2019_m3954172709_p2,human,lol_2
-4.0,-9.0,10824,07-03-2019_m3954172709_p2,human,lol_2
-3.0,-9.0,10832,07-03-2019_m3954172709_p2,human,lol_2
0.0,-8.0,10840,07-03-2019_m3954172709_p2,human,lol_2
-4.0,-9.0,10848,07-03-2019_m3954172709_p2,human,lol_2
0.0,-5.0,10856,07-03-2019_m3954172709_p2,human,lol_2
0.0,-7.0,10864,07-03-2019_m3954172709_p2,human,lol_2
-2.0,-6.0,10872,07-03-2019_m3954172709_p2,human,lol_2
0.0,-3.0,10888,07-03-2019_m3954172709_p2,human,lol_2
0.0,-2.0,10904,07-03-2019_m3954172709_p2,human,lol_2
0.0,-3.0,10911,07-03-2019_m3954172709_p2,human,lol_2
1.0,-2.0,10927,07-03-2019_m3954172709_p2,human,lol_2
2.0,-2.0,10936,07-03-2019_m3954172709_p2,human,lol_2
2.0,-2.0,10944,07-03-2019_m3954172709_p2,human,lol_2
2.0,-1.0,10952,07-03-2019_m3954172709_p2,human,lol_2
1.0,0.0,10960,07-03-2019_m3954172709_p2,human,lol_2
6.0,0.0,10968,07-03-2019_m3954172709_p2,human,lol_2
3.0,-2.0,10984,07-03-2019_m3954172709_p2,human,lol_2
2.0,-2.0,11000,07-03-2019_m3954172709_p2,human,lol_2
2.0,-2.0,11008,07-03-2019_m3954172709_p2,human,lol_2
1.0,-1.0,11064,07-03-2019_m3954172709_p2,human,lol_2
-8.0,0.0,11072,07-03-2019_m3954172709_p2,human,lol_2
-17.0,0.0,11080,07-03-2019_m3954172709_p2,human,lol_2
-21.0,0.0,11088,07-03-2019_m3954172709_p2,human,lol_2
-23.0,0.0,11096,07-03-2019_m3954172709_p2,human,lol_2
-26.0,2.0,11104,07-03-2019_m3954172709_p2,human,lol_2
-26.0,7.0,11111,07-03-2019_m3954172709_p2,human,lol_2
-20.0,6.0,11120,07-03-2019_m3954172709_p2,human,lol_2
-14.0,7.0,11128,07-03-2019_m3954172709_p2,human,lol_2
-12.0,5.0,11136,07-03-2019_m3954172709_p2,human,lol_2
-5.0,3.0,11144,07-03-2019_m3954172709_p2,human,lol_2
-2.0,0.0,11176,07-03-2019_m3954172709_p2,human,lol_2
3.0,0.0,11184,07-03-2019_m3954172709_p2,human,lol_2
9.0,-2.0,11192,07-03-2019_m3954172709_p2,human,lol_2
8.0,-7.0,11200,07-03-2019_m3954172709_p2,human,lol_2
7.0,-6.0,11208,07-03-2019_m3954172709_p2,human,lol_2
2.0,-3.0,11216,07-03-2019_m3954172709_p2,human,lol_2
0.0,-4.0,11225,07-03-2019_m3954172709_p2,human,lol_2
0.0,-3.0,11232,07-03-2019_m3954172709_p2,human,lol_2
-6.0,-5.0,11240,07-03-2019_m3954172709_p2,human,lol_2
-18.0,-7.0,11248,07-03-2019_m3954172709_p2,human,lol_2
-14.0,-4.0,11256,07-03-2019_m3954172709_p2,human,lol_2
-19.0,-7.0,11264,07-03-2019_m3954172709_p2,human,lol_2
-19.0,-10.0,11272,07-03-2019_m3954172709_p2,human,lol_2
-23.0,-14.0,11280,07-03-2019_m3954172709_p2,human,lol_2
-23.0,-18.0,11288,07-03-2019_m3954172709_p2,human,lol_2
-22.0,-16.0,11295,07-03-2019_m3954172709_p2,human,lol_2
-21.0,-15.0,11304,07-03-2019_m3954172709_p2,human,lol_2
-21.0,-13.0,11312,07-03-2019_m3954172709_p2,human,lol_2
-14.0,-7.0,11320,07-03-2019_m3954172709_p2,human,lol_2
-11.0,-3.0,11328,07-03-2019_m3954172709_p2,human,lol_2
-3.0,-2.0,11384,07-03-2019_m3954172709_p2,human,lol_2
-2.0,0.0,11392,07-03-2019_m3954172709_p2,human,lol_2
-4.0,0.0,11400,07-03-2019_m3954172709_p2,human,lol_2
-1.0,0.0,11408,07-03-2019_m3954172709_p2,human,lol_2
-2.0,0.0,11456,07-03-2019_m3954172709_p2,human,lol_2
-2.0,-3.0,11464,07-03-2019_m3954172709_p2,human,lol_2
0.0,-9.0,11472,07-03-2019_m3954172709_p2,human,lol_2
5.0,-11.0,11480,07-03-2019_m3954172709_p2,human,lol_2
1.0,-10.0,11487,07-03-2019_m3954172709_p2,human,lol_2
0.0,-14.0,11496,07-03-2019_m3954172709_p2,human,lol_2
0.0,-11.0,11504,07-03-2019_m3954172709_p2,human,lol_2
0.0,-10.0,11512,07-03-2019_m3954172709_p2,human,lol_2
0.0,-9.0,11520,07-03-2019_m3954172709_p2,human,lol_2
0.0,-9.0,11528,07-03-2019_m3954172709_p2,human,lol_2
0.0,-7.0,11536,07-03-2019_m3954172709_p2,human,lol_2
4.0,-7.0,11544,07-03-2019_m3954172709_p2,human,lol_2
2.0,-1.0,11552,07-03-2019_m3954172709_p2,human,lol_2
1.0,0.0,11560,07-03-2019_m3954172709_p2,human,lol_2
2.0,-2.0,11616,07-03-2019_m3954172709_p2,human,lol_2
0.0,-5.0,11624,07-03-2019_m3954172709_p2,human,lol_2
0.0,-7.0,11632,07-03-2019_m3954172709_p2,human,lol_2
0.0,-6.0,11640,07-03-2019_m3954172709_p2,human,lol_2
0.0,-5.0,11648,07-03-2019_m3954172709_p2,human,lol_2
0.0,-7.0,11656,07-03-2019_m3954172709_p2,human,lol_2
0.0,-7.0,11664,07-03-2019_m3954172709_p2,human,lol_2
-3.0,-7.0,11671,07-03-2019_m3954172709_p2,human,lol_2
0.0,-7.0,11679,07-03-2019_m3954172709_p2,human,lol_2
0.0,-7.0,11688,07-03-2019_m3954172709_p2,human,lol_2
0.0,-3.0,11696,07-03-2019_m3954172709_p2,human,lol_2
0.0,-6.0,11704,07-03-2019_m3954172709_p2,human,lol_2
-1.0,-1.0,11712,07-03-2019_m3954172709_p2,human,lol_2
-4.0,-6.0,11720,07-03-2019_m3954172709_p2,human,lol_2
-5.0,-3.0,11728,07-03-2019_m3954172709_p2,human,lol_2
-7.0,-2.0,11736,07-03-2019_m3954172709_p2,human,lol_2
-7.0,-2.0,11744,07-03-2019_m3954172709_p2,human,lol_2
-5.0,0.0,11752,07-03-2019_m3954172709_p2,human,lol_2
-4.0,-3.0,11760,07-03-2019_m3954172709_p2,human,lol_2
-2.0,0.0,11768,07-03-2019_m3954172709_p2,human,lol_2
-1.0,-2.0,11784,07-03-2019_m3954172709_p2,human,lol_2
0.0,-2.0,11792,07-03-2019_m3954172709_p2,human,lol_2
0.0,-5.0,11800,07-03-2019_m3954172709_p2,human,lol_2
0.0,-3.0,11808,07-03-2019_m3954172709_p2,human,lol_2
0.0,-6.0,11816,07-03-2019_m3954172709_p2,human,lol_2
2.0,-5.0,11824,07-03-2019_m3954172709_p2,human,lol_2
0.0,-3.0,11832,07-03-2019_m3954172709_p2,human,lol_2
2.0,-4.0,11840,07-03-2019_m3954172709_p2,human,lol_2
0.0,-2.0,11848,07-03-2019_m3954172709_p2,human,lol_2
0.0,-1.0,11872,07-03-2019_m3954172709_p2,human,lol_2
2.0,-2.0,11888,07-03-2019_m3954172709_p2,human,lol_2
3.0,-4.0,11904,07-03-2019_m3954172709_p2,human,lol_2
2.0,-1.0,11912,07-03-2019_m3954172709_p2,human,lol_2
4.0,-4.0,11920,07-03-2019_m3954172709_p2,human,lol_2
3.0,-3.0,11928,07-03-2019_m3954172709_p2,human,lol_2
2.0,-2.0,11936,07-03-2019_m3954172709_p2,human,lol_2
2.0,-4.0,11944,07-03-2019_m3954172709_p2,human,lol_2
0.0,-1.0,11952,07-03-2019_m3954172709_p2,human,lol_2
0.0,-2.0,12039,07-03-2019_m3954172709_p2,human,lol_2
1.0,-2.0,12047,07-03-2019_m3954172709_p2,human,lol_2
4.0,0.0,12055,07-03-2019_m3954172709_p2,human,lol_2
2.0,0.0,12063,07-03-2019_m3954172709_p2,human,lol_2
7.0,6.0,12072,07-03-2019_m3954172709_p2,human,lol_2
3.0,4.0,12080,07-03-2019_m3954172709_p2,human,lol_2
7.0,5.0,12088,07-03-2019_m3954172709_p2,human,lol_2
5.0,2.0,12096,07-03-2019_m3954172709_p2,human,lol_2
2.0,0.0,12104,07-03-2019_m3954172709_p2,human,lol_2
2.0,0.0,12112,07-03-2019_m3954172709_p2,human,lol_2
2.0,0.0,12120,07-03-2019_m3954172709_p2,human,lol_2
3.0,0.0,12128,07-03-2019_m3954172709_p2,human,lol_2
2.0,0.0,12144,07-03-2019_m3954172709_p2,human,lol_2
2.0,0.0,12192,07-03-2019_m3954172709_p2,human,lol_2
1.0,2.0,12200,07-03-2019_m3954172709_p2,human,lol_2
6.0,14.0,12208,07-03-2019_m3954172709_p2,human,lol_2
5.0,14.0,12216,07-03-2019_m3954172709_p2,human,lol_2
7.0,15.0,12223,07-03-2019_m3954172709_p2,human,lol_2
5.0,16.0,12231,07-03-2019_m3954172709_p2,human,lol_2
5.0,19.0,12239,07-03-2019_m3954172709_p2,human,lol_2
4.0,18.0,12248,07-03-2019_m3954172709_p2,human,lol_2
0.0,21.0,12256,07-03-2019_m3954172709_p2,human,lol_2
0.0,23.0,12264,07-03-2019_m3954172709_p2,human,lol_2
-1.0,26.0,12272,07-03-2019_m3954172709_p2,human,lol_2
-11.0,33.0,12280,07-03-2019_m3954172709_p2,human,lol_2
-14.0,40.0,12288,07-03-2019_m3954172709_p2,human,lol_2
-12.0,49.0,12296,07-03-2019_m3954172709_p2,human,lol_2
-16.0,56.0,12304,07-03-2019_m3954172709_p2,human,lol_2
-10.0,58.0,12312,07-03-2019_m3954172709_p2,human,lol_2
-9.0,61.0,12320,07-03-2019_m3954172709_p2,human,lol_2
0.0,51.0,12328,07-03-2019_m3954172709_p2,human,lol_2
5.0,40.0,12336,07-03-2019_m3954172709_p2,human,lol_2
7.0,30.0,12344,07-03-2019_m3954172709_p2,human,lol_2
3.0,14.0,12352,07-03-2019_m3954172709_p2,human,lol_2
7.0,9.0,12360,07-03-2019_m3954172709_p2,human,lol_2
7.0,2.0,12368,07-03-2019_m3954172709_p2,human,lol_2
11.0,0.0,12376,07-03-2019_m3954172709_p2,human,lol_2
10.0,0.0,12384,07-03-2019_m3954172709_p2,human,lol_2
9.0,-1.0,12392,07-03-2019_m3954172709_p2,human,lol_2
7.0,-6.0,12399,07-03-2019_m3954172709_p2,human,lol_2
2.0,-3.0,12408,07-03-2019_m3954172709_p2,human,lol_2
1.0,-2.0,12416,07-03-2019_m3954172709_p2,human,lol_2
2.0,-2.0,12423,07-03-2019_m3954172709_p2,human,lol_2
2.0,0.0,12439,07-03-2019_m3954172709_p2,human,lol_2
2.0,0.0,12448,07-03-2019_m3954172709_p2,human,lol_2
5.0,5.0,12456,07-03-2019_m3954172709_p2,human,lol_2
3.0,2.0,12464,07-03-2019_m3954172709_p2,human,lol_2
6.0,1.0,12472,07-03-2019_m3954172709_p2,human,lol_2
3.0,2.0,12504,07-03-2019_m3954172709_p2,human,lol_2
2.0,2.0,12528,07-03-2019_m3954172709_p2,human,lol_2
0.0,-3.0,12536,07-03-2019_m3954172709_p2,human,lol_2
0.0,-3.0,12544,07-03-2019_m3954172709_p2,human,lol_2
3.0,-6.0,12552,07-03-2019_m3954172709_p2,human,lol_2
4.0,-1.0,12560,07-03-2019_m3954172709_p2,human,lol_2
9.0,-4.0,12568,07-03-2019_m3954172709_p2,human,lol_2
8.0,-3.0,12576,07-03-2019_m3954172709_p2,human,lol_2
9.0,-2.0,12584,07-03-2019_m3954172709_p2,human,lol_2
16.0,-5.0,12591,07-03-2019_m3954172709_p2,human,lol_2
12.0,-7.0,12599,07-03-2019_m3954172709_p2,human,lol_2
18.0,-9.0,12607,07-03-2019_m3954172709_p2,human,lol_2
21.0,-12.0,12615,07-03-2019_m3954172709_p2,human,lol_2
24.0,-14.0,12624,07-03-2019_m3954172709_p2,human,lol_2
23.0,-14.0,12631,07-03-2019_m3954172709_p2,human,lol_2
28.0,-18.0,12640,07-03-2019_m3954172709_p2,human,lol_2
24.0,-16.0,12648,07-03-2019_m3954172709_p2,human,lol_2
30.0,-14.0,12656,07-03-2019_m3954172709_p2,human,lol_2
23.0,-8.0,12664,07-03-2019_m3954172709_p2,human,lol_2
16.0,-4.0,12672,07-03-2019_m3954172709_p2,human,lol_2
8.0,-2.0,12760,07-03-2019_m3954172709_p2,human,lol_2
4.0,-1.0,12768,07-03-2019_m3954172709_p2,human,lol_2
3.0,-6.0,12776,07-03-2019_m3954172709_p2,human,lol_2
2.0,-1.0,12928,07-03-2019_m3954172709_p2,human,lol_2
2.0,0.0,12936,07-03-2019_m3954172709_p2,human,lol_2
10.0,-4.0,12944,07-03-2019_m3954172709_p2,human,lol_2
7.0,0.0,12952,07-03-2019_m3954172709_p2,human,lol_2
6.0,0.0,12959,07-03-2019_m3954172709_p2,human,lol_2
3.0,0.0,12967,07-03-2019_m3954172709_p2,human,lol_2
7.0,0.0,12975,07-03-2019_m3954172709_p2,human,lol_2
7.0,0.0,12984,07-03-2019_m3954172709_p2,human,lol_2
5.0,0.0,12991,07-03-2019_m3954172709_p2,human,lol_2
9.0,-2.0,12999,07-03-2019_m3954172709_p2,human,lol_2
7.0,-1.0,13007,07-03-2019_m3954172709_p2,human,lol_2
9.0,-2.0,13016,07-03-2019_m3954172709_p2,human,lol_2
9.0,-5.0,13024,07-03-2019_m3954172709_p2,human,lol_2
5.0,-2.0,13032,07-03-2019_m3954172709_p2,human,lol_2
3.0,-2.0,13088,07-03-2019_m3954172709_p2,human,lol_2
2.0,-2.0,13096,07-03-2019_m3954172709_p2,human,lol_2
2.0,-1.0,13104,07-03-2019_m3954172709_p2,human,lol_2
0.0,-4.0,13112,07-03-2019_m3954172709_p2,human,lol_2
0.0,-5.0,13120,07-03-2019_m3954172709_p2,human,lol_2
3.0,-7.0,13128,07-03-2019_m3954172709_p2,human,lol_2
2.0,-5.0,13136,07-03-2019_m3954172709_p2,human,lol_2
2.0,-9.0,13144,07-03-2019_m3954172709_p2,human,lol_2
5.0,-9.0,13152,07-03-2019_m3954172709_p2,human,lol_2
4.0,-9.0,13160,07-03-2019_m3954172709_p2,human,lol_2
1.0,-7.0,13167,07-03-2019_m3954172709_p2,human,lol_2
0.0,-5.0,13175,07-03-2019_m3954172709_p2,human,lol_2
4.0,-5.0,13183,07-03-2019_m3954172709_p2,human,lol_2
0.0,-5.0,13191,07-03-2019_m3954172709_p2,human,lol_2
0.0,-4.0,13200,07-03-2019_m3954172709_p2,human,lol_2
2.0,-5.0,13208,07-03-2019_m3954172709_p2,human,lol_2
1.0,-4.0,13216,07-03-2019_m3954172709_p2,human,lol_2
2.0,-8.0,13224,07-03-2019_m3954172709_p2,human,lol_2
2.0,-7.0,13232,07-03-2019_m3954172709_p2,human,lol_2
3.0,-7.0,13240,07-03-2019_m3954172709_p2,human,lol_2
2.0,-9.0,13248,07-03-2019_m3954172709_p2,human,lol_2
7.0,-12.0,13256,07-03-2019_m3954172709_p2,human,lol_2
4.0,-13.0,13264,07-03-2019_m3954172709_p2,human,lol_2
7.0,-14.0,13272,07-03-2019_m3954172709_p2,human,lol_2
5.0,-17.0,13280,07-03-2019_m3954172709_p2,human,lol_2
2.0,-18.0,13288,07-03-2019_m3954172709_p2,human,lol_2
0.0,-15.0,13296,07-03-2019_m3954172709_p2,human,lol_2
0.0,-20.0,13304,07-03-2019_m3954172709_p2,human,lol_2
0.0,-17.0,13312,07-03-2019_m3954172709_p2,human,lol_2
0.0,-16.0,13320,07-03-2019_m3954172709_p2,human,lol_2
0.0,-14.0,13328,07-03-2019_m3954172709_p2,human,lol_2
0.0,-12.0,13336,07-03-2019_m3954172709_p2,human,lol_2
0.0,-14.0,13343,07-03-2019_m3954172709_p2,human,lol_2
0.0,-11.0,13351,07-03-2019_m3954172709_p2,human,lol_2
0.0,-12.0,13359,07-03-2019_m3954172709_p2,human,lol_2
0.0,-9.0,13368,07-03-2019_m3954172709_p2,human,lol_2
0.0,-12.0,13375,07-03-2019_m3954172709_p2,human,lol_2
0.0,-10.0,13384,07-03-2019_m3954172709_p2,human,lol_2
-1.0,-9.0,13392,07-03-2019_m3954172709_p2,human,lol_2
-6.0,-9.0,13400,07-03-2019_m3954172709_p2,human,lol_2
-5.0,-7.0,13408,07-03-2019_m3954172709_p2,human,lol_2
-3.0,-5.0,13416,07-03-2019_m3954172709_p2,human,lol_2
-2.0,-5.0,13432,07-03-2019_m3954172709_p2,human,lol_2
-2.0,-2.0,13440,07-03-2019_m3954172709_p2,human,lol_2
0.0,-2.0,13448,07-03-2019_m3954172709_p2,human,lol_2
-2.0,-3.0,13456,07-03-2019_m3954172709_p2,human,lol_2
-1.0,-2.0,13464,07-03-2019_m3954172709_p2,human,lol_2
-6.0,-4.0,13472,07-03-2019_m3954172709_p2,human,lol_2
-7.0,0.0,13480,07-03-2019_m3954172709_p2,human,lol_2
-5.0,0.0,13488,07-03-2019_m3954172709_p2,human,lol_2
-7.0,0.0,13496,07-03-2019_m3954172709_p2,human,lol_2
-7.0,0.0,13504,07-03-2019_m3954172709_p2,human,lol_2
-3.0,0.0,13512,07-03-2019_m3954172709_p2,human,lol_2
-7.0,0.0,13520,07-03-2019_m3954172709_p2,human,lol_2
-7.0,0.0,13528,07-03-2019_m3954172709_p2,human,lol_2
-7.0,0.0,13536,07-03-2019_m3954172709_p2,human,lol_2
-6.0,0.0,13543,07-03-2019_m3954172709_p2,human,lol_2
-3.0,0.0,13551,07-03-2019_m3954172709_p2,human,lol_2
-2.0,0.0,13704,07-03-2019_m3954172709_p2,human,lol_2
-2.0,0.0,13751,07-03-2019_m3954172709_p2,human,lol_2
-1.0,0.0,13767,07-03-2019_m3954172709_p2,human,lol_2
-6.0,1.0,13776,07-03-2019_m3954172709_p2,human,lol_2
-1.0,2.0,13784,07-03-2019_m3954172709_p2,human,lol_2
-4.0,4.0,13792,07-03-2019_m3954172709_p2,human,lol_2
-3.0,1.0,13800,07-03-2019_m3954172709_p2,human,lol_2
-4.0,4.0,13808,07-03-2019_m3954172709_p2,human,lol_2
-5.0,3.0,13816,07-03-2019_m3954172709_p2,human,lol_2
0.0,4.0,13824,07-03-2019_m3954172709_p2,human,lol_2
-4.0,5.0,13832,07-03-2019_m3954172709_p2,human,lol_2
-1.0,5.0,13840,07-03-2019_m3954172709_p2,human,lol_2
0.0,4.0,13848,07-03-2019_m3954172709_p2,human,lol_2
-4.0,3.0,13856,07-03-2019_m3954172709_p2,human,lol_2
0.0,4.0,13864,07-03-2019_m3954172709_p2,human,lol_2
-2.0,2.0,13872,07-03-2019_m3954172709_p2,human,lol_2
0.0,3.0,13880,07-03-2019_m3954172709_p2,human,lol_2
0.0,2.0,13904,07-03-2019_m3954172709_p2,human,lol_2
0.0,2.0,13919,07-03-2019_m3954172709_p2,human,lol_2
-1.0,1.0,13927,07-03-2019_m3954172709_p2,human,lol_2
-2.0,6.0,13935,07-03-2019_m3954172709_p2,human,lol_2
-4.0,3.0,13943,07-03-2019_m3954172709_p2,human,lol_2
-1.0,2.0,13952,07-03-2019_m3954172709_p2,human,lol_2
0.0,3.0,13960,07-03-2019_m3954172709_p2,human,lol_2
0.0,7.0,13968,07-03-2019_m3954172709_p2,human,lol_2
0.0,6.0,13976,07-03-2019_m3954172709_p2,human,lol_2
0.0,8.0,13984,07-03-2019_m3954172709_p2,human,lol_2
0.0,7.0,13992,07-03-2019_m3954172709_p2,human,lol_2
0.0,7.0,14000,07-03-2019_m3954172709_p2,human,lol_2
0.0,9.0,14008,07-03-2019_m3954172709_p2,human,lol_2
-2.0,7.0,14016,07-03-2019_m3954172709_p2,human,lol_2
-2.0,5.0,14024,07-03-2019_m3954172709_p2,human,lol_2
-3.0,9.0,14032,07-03-2019_m3954172709_p2,human,lol_2
-2.0,7.0,14040,07-03-2019_m3954172709_p2,human,lol_2
0.0,2.0,14048,07-03-2019_m3954172709_p2,human,lol_2
-2.0,7.0,14056,07-03-2019_m3954172709_p2,human,lol_2
0.0,5.0,14064,07-03-2019_m3954172709_p2,human,lol_2
0.0,5.0,14072,07-03-2019_m3954172709_p2,human,lol_2
0.0,6.0,14080,07-03-2019_m3954172709_p2,human,lol_2
0.0,3.0,14088,07-03-2019_m3954172709_p2,human,lol_2
0.0,4.0,14096,07-03-2019_m3954172709_p2,human,lol_2
0.0,3.0,14104,07-03-2019_m3954172709_p2,human,lol_2
0.0,5.0,14111,07-03-2019_m3954172709_p2,human,lol_2
0.0,4.0,14119,07-03-2019_m3954172709_p2,human,lol_2
0.0,5.0,14127,07-03-2019_m3954172709_p2,human,lol_2
0.0,4.0,14136,07-03-2019_m3954172709_p2,human,lol_2
-3.0,7.0,14143,07-03-2019_m3954172709_p2,human,lol_2
-4.0,7.0,14152,07-03-2019_m3954172709_p2,human,lol_2
-5.0,7.0,14160,07-03-2019_m3954172709_p2,human,lol_2
-4.0,10.0,14168,07-03-2019_m3954172709_p2,human,lol_2
-3.0,11.0,14176,07-03-2019_m3954172709_p2,human,lol_2
-5.0,8.0,14184,07-03-2019_m3954172709_p2,human,lol_2
-4.0,11.0,14192,07-03-2019_m3954172709_p2,human,lol_2
-7.0,10.0,14200,07-03-2019_m3954172709_p2,human,lol_2
-7.0,16.0,14208,07-03-2019_m3954172709_p2,human,lol_2
-3.0,11.0,14216,07-03-2019_m3954172709_p2,human,lol_2
-7.0,12.0,14224,07-03-2019_m3954172709_p2,human,lol_2
-7.0,10.0,14232,07-03-2019_m3954172709_p2,human,lol_2
-6.0,11.0,14240,07-03-2019_m3954172709_p2,human,lol_2
-7.0,7.0,14248,07-03-2019_m3954172709_p2,human,lol_2
-7.0,9.0,14256,07-03-2019_m3954172709_p2,human,lol_2
-7.0,10.0,14264,07-03-2019_m3954172709_p2,human,lol_2
-8.0,11.0,14272,07-03-2019_m3954172709_p2,human,lol_2
-7.0,8.0,14280,07-03-2019_m3954172709_p2,human,lol_2
-7.0,11.0,14288,07-03-2019_m3954172709_p2,human,lol_2
-7.0,10.0,14295,07-03-2019_m3954172709_p2,human,lol_2
-7.0,11.0,14303,07-03-2019_m3954172709_p2,human,lol_2
-7.0,9.0,14311,07-03-2019_m3954172709_p2,human,lol_2
-9.0,17.0,14319,07-03-2019_m3954172709_p2,human,lol_2
-5.0,18.0,14327,07-03-2019_m3954172709_p2,human,lol_2
-4.0,19.0,14335,07-03-2019_m3954172709_p2,human,lol_2
0.0,17.0,14344,07-03-2019_m3954172709_p2,human,lol_2
0.0,14.0,14352,07-03-2019_m3954172709_p2,human,lol_2
3.0,6.0,14360,07-03-2019_m3954172709_p2,human,lol_2
5.0,7.0,14368,07-03-2019_m3954172709_p2,human,lol_2
4.0,1.0,14376,07-03-2019_m3954172709_p2,human,lol_2
1.0,0.0,14408,07-03-2019_m3954172709_p2,human,lol_2
9.0,0.0,14416,07-03-2019_m3954172709_p2,human,lol_2
11.0,-4.0,14424,07-03-2019_m3954172709_p2,human,lol_2
14.0,-7.0,14432,07-03-2019_m3954172709_p2,human,lol_2
10.0,-4.0,14440,07-03-2019_m3954172709_p2,human,lol_2
14.0,-1.0,14448,07-03-2019_m3954172709_p2,human,lol_2
11.0,-4.0,14456,07-03-2019_m3954172709_p2,human,lol_2
14.0,0.0,14464,07-03-2019_m3954172709_p2,human,lol_2
10.0,0.0,14472,07-03-2019_m3954172709_p2,human,lol_2
16.0,-2.0,14479,07-03-2019_m3954172709_p2,human,lol_2
14.0,-1.0,14488,07-03-2019_m3954172709_p2,human,lol_2
9.0,-2.0,14495,07-03-2019_m3954172709_p2,human,lol_2
12.0,-4.0,14503,07-03-2019_m3954172709_p2,human,lol_2
16.0,-3.0,14511,07-03-2019_m3954172709_p2,human,lol_2
19.0,-5.0,14520,07-03-2019_m3954172709_p2,human,lol_2
17.0,-6.0,14528,07-03-2019_m3954172709_p2,human,lol_2
14.0,-7.0,14536,07-03-2019_m3954172709_p2,human,lol_2
13.0,-5.0,14544,07-03-2019_m3954172709_p2,human,lol_2
7.0,-7.0,14552,07-03-2019_m3954172709_p2,human,lol_2
5.0,-5.0,14560,07-03-2019_m3954172709_p2,human,lol_2
7.0,-7.0,14568,07-03-2019_m3954172709_p2,human,lol_2
5.0,-7.0,14576,07-03-2019_m3954172709_p2,human,lol_2
5.0,-7.0,14584,07-03-2019_m3954172709_p2,human,lol_2
2.0,-7.0,14592,07-03-2019_m3954172709_p2,human,lol_2
2.0,-7.0,14600,07-03-2019_m3954172709_p2,human,lol_2
5.0,-7.0,14608,07-03-2019_m3954172709_p2,human,lol_2
4.0,-11.0,14616,07-03-2019_m3954172709_p2,human,lol_2
5.0,-12.0,14624,07-03-2019_m3954172709_p2,human,lol_2
7.0,-14.0,14632,07-03-2019_m3954172709_p2,human,lol_2
5.0,-14.0,14640,07-03-2019_m3954172709_p2,human,lol_2
7.0,-16.0,14648,07-03-2019_m3954172709_p2,human,lol_2
7.0,-15.0,14656,07-03-2019_m3954172709_p2,human,lol_2
4.0,-13.0,14664,07-03-2019_m3954172709_p2,human,lol_2
5.0,-10.0,14672,07-03-2019_m3954172709_p2,human,lol_2
2.0,-2.0,14752,07-03-2019_m3954172709_p2,human,lol_2
0.0,-5.0,14760,07-03-2019_m3954172709_p2,human,lol_2
0.0,-12.0,14768,07-03-2019_m3954172709_p2,human,lol_2
0.0,-14.0,14776,07-03-2019_m3954172709_p2,human,lol_2
0.0,-9.0,14784,07-03-2019_m3954172709_p2,human,lol_2
0.0,-12.0,14792,07-03-2019_m3954172709_p2,human,lol_2
-7.0,-16.0,14800,07-03-2019_m3954172709_p2,human,lol_2
-8.0,-16.0,14808,07-03-2019_m3954172709_p2,human,lol_2
-9.0,-12.0,14816,07-03-2019_m3954172709_p2,human,lol_2
-11.0,-18.0,14824,07-03-2019_m3954172709_p2,human,lol_2
-5.0,-12.0,14832,07-03-2019_m3954172709_p2,human,lol_2
-7.0,-14.0,14840,07-03-2019_m3954172709_p2,human,lol_2
-3.0,-17.0,14848,07-03-2019_m3954172709_p2,human,lol_2
-7.0,-21.0,14855,07-03-2019_m3954172709_p2,human,lol_2
-2.0,-21.0,14863,07-03-2019_m3954172709_p2,human,lol_2
-7.0,-21.0,14871,07-03-2019_m3954172709_p2,human,lol_2
-4.0,-23.0,14879,07-03-2019_m3954172709_p2,human,lol_2
-7.0,-23.0,14887,07-03-2019_m3954172709_p2,human,lol_2
-7.0,-21.0,14895,07-03-2019_m3954172709_p2,human,lol_2
-7.0,-19.0,14903,07-03-2019_m3954172709_p2,human,lol_2
-5.0,-14.0,14912,07-03-2019_m3954172709_p2,human,lol_2
-3.0,-9.0,14920,07-03-2019_m3954172709_p2,human,lol_2
0.0,-3.0,14928,07-03-2019_m3954172709_p2,human,lol_2
0.0,-4.0,15071,07-03-2019_m3954172709_p2,human,lol_2
-4.0,5.0,15079,07-03-2019_m3954172709_p2,human,lol_2
-9.0,10.0,15088,07-03-2019_m3954172709_p2,human,lol_2
-5.0,4.0,15096,07-03-2019_m3954172709_p2,human,lol_2
-5.0,5.0,15104,07-03-2019_m3954172709_p2,human,lol_2
-5.0,3.0,15112,07-03-2019_m3954172709_p2,human,lol_2
-2.0,4.0,15120,07-03-2019_m3954172709_p2,human,lol_2
-2.0,2.0,15128,07-03-2019_m3954172709_p2,human,lol_2
-3.0,5.0,15136,07-03-2019_m3954172709_p2,human,lol_2
-2.0,3.0,15144,07-03-2019_m3954172709_p2,human,lol_2
-2.0,4.0,15152,07-03-2019_m3954172709_p2,human,lol_2
-2.0,5.0,15160,07-03-2019_m3954172709_p2,human,lol_2
0.0,9.0,15168,07-03-2019_m3954172709_p2,human,lol_2
-3.0,7.0,15176,07-03-2019_m3954172709_p2,human,lol_2
0.0,9.0,15184,07-03-2019_m3954172709_p2,human,lol_2
0.0,8.0,15192,07-03-2019_m3954172709_p2,human,lol_2
0.0,11.0,15200,07-03-2019_m3954172709_p2,human,lol_2
0.0,10.0,15207,07-03-2019_m3954172709_p2,human,lol_2
0.0,11.0,15215,07-03-2019_m3954172709_p2,human,lol_2
0.0,10.0,15224,07-03-2019_m3954172709_p2,human,lol_2
0.0,11.0,15231,07-03-2019_m3954172709_p2,human,lol_2
0.0,3.0,15239,07-03-2019_m3954172709_p2,human,lol_2
1.0,7.0,15247,07-03-2019_m3954172709_p2,human,lol_2
2.0,2.0,15255,07-03-2019_m3954172709_p2,human,lol_2
0.0,2.0,15280,07-03-2019_m3954172709_p2,human,lol_2
0.0,3.0,15288,07-03-2019_m3954172709_p2,human,lol_2
0.0,2.0,15296,07-03-2019_m3954172709_p2,human,lol_2
1.0,5.0,15304,07-03-2019_m3954172709_p2,human,lol_2
0.0,6.0,15315,07-03-2019_m3954172709_p2,human,lol_2
0.0,8.0,15320,07-03-2019_m3954172709_p2,human,lol_2
0.0,11.0,15328,07-03-2019_m3954172709_p2,human,lol_2
0.0,12.0,15336,07-03-2019_m3954172709_p2,human,lol_2
0.0,12.0,15344,07-03-2019_m3954172709_p2,human,lol_2
0.0,16.0,15352,07-03-2019_m3954172709_p2,human,lol_2
0.0,18.0,15360,07-03-2019_m3954172709_p2,human,lol_2
0.0,19.0,15368,07-03-2019_m3954172709_p2,human,lol_2
-1.0,23.0,15376,07-03-2019_m3954172709_p2,human,lol_2
-7.0,21.0,15384,07-03-2019_m3954172709_p2,human,lol_2
-7.0,22.0,15391,07-03-2019_m3954172709_p2,human,lol_2
-8.0,27.0,15400,07-03-2019_m3954172709_p2,human,lol_2
-9.0,24.0,15407,07-03-2019_m3954172709_p2,human,lol_2
-11.0,26.0,15416,07-03-2019_m3954172709_p2,human,lol_2
-10.0,28.0,15424,07-03-2019_m3954172709_p2,human,lol_2
-12.0,25.0,15431,07-03-2019_m3954172709_p2,human,lol_2
-13.0,24.0,15440,07-03-2019_m3954172709_p2,human,lol_2
-15.0,25.0,15448,07-03-2019_m3954172709_p2,human,lol_2
-16.0,23.0,15456,07-03-2019_m3954172709_p2,human,lol_2
-14.0,19.0,15464,07-03-2019_m3954172709_p2,human,lol_2
-16.0,16.0,15472,07-03-2019_m3954172709_p2,human,lol_2
-10.0,12.0,15480,07-03-2019_m3954172709_p2,human,lol_2
-16.0,16.0,15488,07-03-2019_m3954172709_p2,human,lol_2
-12.0,14.0,15496,07-03-2019_m3954172709_p2,human,lol_2
-13.0,19.0,15504,07-03-2019_m3954172709_p2,human,lol_2
-8.0,21.0,15512,07-03-2019_m3954172709_p2,human,lol_2
-7.0,21.0,15520,07-03-2019_m3954172709_p2,human,lol_2
-2.0,19.0,15528,07-03-2019_m3954172709_p2,human,lol_2
0.0,14.0,15536,07-03-2019_m3954172709_p2,human,lol_2
0.0,7.0,15544,07-03-2019_m3954172709_p2,human,lol_2
0.0,7.0,15560,07-03-2019_m3954172709_p2,human,lol_2
1.0,2.0,15599,07-03-2019_m3954172709_p2,human,lol_2
0.0,-8.0,15607,07-03-2019_m3954172709_p2,human,lol_2
0.0,-5.0,15615,07-03-2019_m3954172709_p2,human,lol_2
0.0,-6.0,15623,07-03-2019_m3954172709_p2,human,lol_2
0.0,-3.0,15736,07-03-2019_m3954172709_p2,human,lol_2
0.0,-7.0,15744,07-03-2019_m3954172709_p2,human,lol_2
0.0,-5.0,15752,07-03-2019_m3954172709_p2,human,lol_2
0.0,-2.0,15760,07-03-2019_m3954172709_p2,human,lol_2
2.0,-4.0,15768,07-03-2019_m3954172709_p2,human,lol_2
1.0,-1.0,15776,07-03-2019_m3954172709_p2,human,lol_2
2.0,-4.0,15799,07-03-2019_m3954172709_p2,human,lol_2
4.0,-3.0,15807,07-03-2019_m3954172709_p2,human,lol_2
1.0,-6.0,15816,07-03-2019_m3954172709_p2,human,lol_2
2.0,-3.0,15823,07-03-2019_m3954172709_p2,human,lol_2
4.0,-9.0,15832,07-03-2019_m3954172709_p2,human,lol_2
5.0,-9.0,15840,07-03-2019_m3954172709_p2,human,lol_2
7.0,-10.0,15848,07-03-2019_m3954172709_p2,human,lol_2
9.0,-11.0,15856,07-03-2019_m3954172709_p2,human,lol_2
8.0,-10.0,15864,07-03-2019_m3954172709_p2,human,lol_2
7.0,-7.0,15872,07-03-2019_m3954172709_p2,human,lol_2
6.0,-7.0,15880,07-03-2019_m3954172709_p2,human,lol_2
5.0,-7.0,15888,07-03-2019_m3954172709_p2,human,lol_2
2.0,-2.0,15896,07-03-2019_m3954172709_p2,human,lol_2
1.0,-2.0,15944,07-03-2019_m3954172709_p2,human,lol_2
-8.0,-1.0,15952,07-03-2019_m3954172709_p2,human,lol_2
-17.0,4.0,15959,07-03-2019_m3954172709_p2,human,lol_2
-21.0,11.0,15968,07-03-2019_m3954172709_p2,human,lol_2
-23.0,14.0,15976,07-03-2019_m3954172709_p2,human,lol_2
-24.0,14.0,15983,07-03-2019_m3954172709_p2,human,lol_2
-28.0,15.0,15991,07-03-2019_m3954172709_p2,human,lol_2
-41.0,23.0,15999,07-03-2019_m3954172709_p2,human,lol_2
-36.0,19.0,16007,07-03-2019_m3954172709_p2,human,lol_2
-42.0,32.0,16016,07-03-2019_m3954172709_p2,human,lol_2
-39.0,33.0,16024,07-03-2019_m3954172709_p2,human,lol_2
-44.0,32.0,16032,07-03-2019_m3954172709_p2,human,lol_2
-43.0,33.0,16040,07-03-2019_m3954172709_p2,human,lol_2
-41.0,33.0,16048,07-03-2019_m3954172709_p2,human,lol_2
-38.0,33.0,16056,07-03-2019_m3954172709_p2,human,lol_2
-33.0,28.0,16064,07-03-2019_m3954172709_p2,human,lol_2
-28.0,25.0,16072,07-03-2019_m3954172709_p2,human,lol_2
-16.0,14.0,16080,07-03-2019_m3954172709_p2,human,lol_2
-14.0,9.0,16088,07-03-2019_m3954172709_p2,human,lol_2
-5.0,3.0,16112,07-03-2019_m3954172709_p2,human,lol_2
0.0,-10.0,16120,07-03-2019_m3954172709_p2,human,lol_2
9.0,-17.0,16128,07-03-2019_m3954172709_p2,human,lol_2
20.0,-26.0,16135,07-03-2019_m3954172709_p2,human,lol_2
17.0,-25.0,16143,07-03-2019_m3954172709_p2,human,lol_2
19.0,-28.0,16152,07-03-2019_m3954172709_p2,human,lol_2
18.0,-28.0,16159,07-03-2019_m3954172709_p2,human,lol_2
17.0,-26.0,16167,07-03-2019_m3954172709_p2,human,lol_2
16.0,-26.0,16175,07-03-2019_m3954172709_p2,human,lol_2
21.0,-28.0,16183,07-03-2019_m3954172709_p2,human,lol_2
23.0,-27.0,16191,07-03-2019_m3954172709_p2,human,lol_2
23.0,-28.0,16199,07-03-2019_m3954172709_p2,human,lol_2
24.0,-26.0,16208,07-03-2019_m3954172709_p2,human,lol_2
23.0,-24.0,16216,07-03-2019_m3954172709_p2,human,lol_2
24.0,-23.0,16224,07-03-2019_m3954172709_p2,human,lol_2
21.0,-21.0,16232,07-03-2019_m3954172709_p2,human,lol_2
20.0,-18.0,16240,07-03-2019_m3954172709_p2,human,lol_2
19.0,-15.0,16248,07-03-2019_m3954172709_p2,human,lol_2
14.0,-16.0,16256,07-03-2019_m3954172709_p2,human,lol_2
9.0,-14.0,16264,07-03-2019_m3954172709_p2,human,lol_2
8.0,-14.0,16272,07-03-2019_m3954172709_p2,human,lol_2
6.0,-11.0,16280,07-03-2019_m3954172709_p2,human,lol_2
5.0,-12.0,16288,07-03-2019_m3954172709_p2,human,lol_2
5.0,-10.0,16296,07-03-2019_m3954172709_p2,human,lol_2
4.0,-13.0,16304,07-03-2019_m3954172709_p2,human,lol_2
5.0,-14.0,16312,07-03-2019_m3954172709_p2,human,lol_2
3.0,-15.0,16320,07-03-2019_m3954172709_p2,human,lol_2
0.0,-13.0,16327,07-03-2019_m3954172709_p2,human,lol_2
2.0,-15.0,16336,07-03-2019_m3954172709_p2,human,lol_2
0.0,-16.0,16343,07-03-2019_m3954172709_p2,human,lol_2
0.0,-11.0,16351,07-03-2019_m3954172709_p2,human,lol_2
0.0,-14.0,16359,07-03-2019_m3954172709_p2,human,lol_2
-4.0,-8.0,16367,07-03-2019_m3954172709_p2,human,lol_2
-2.0,-9.0,16375,07-03-2019_m3954172709_p2,human,lol_2
0.0,-4.0,16383,07-03-2019_m3954172709_p2,human,lol_2
-2.0,-7.0,16391,07-03-2019_m3954172709_p2,human,lol_2
0.0,-5.0,16400,07-03-2019_m3954172709_p2,human,lol_2
0.0,-5.0,16408,07-03-2019_m3954172709_p2,human,lol_2
0.0,-5.0,16416,07-03-2019_m3954172709_p2,human,lol_2
-2.0,-4.0,16424,07-03-2019_m3954172709_p2,human,lol_2
-5.0,-5.0,16432,07-03-2019_m3954172709_p2,human,lol_2
-3.0,-4.0,16440,07-03-2019_m3954172709_p2,human,lol_2
-4.0,-1.0,16448,07-03-2019_m3954172709_p2,human,lol_2
-2.0,-2.0,16464,07-03-2019_m3954172709_p2,human,lol_2
0.0,-4.0,16472,07-03-2019_m3954172709_p2,human,lol_2
0.0,-1.0,16480,07-03-2019_m3954172709_p2,human,lol_2
0.0,-6.0,16488,07-03-2019_m3954172709_p2,human,lol_2
1.0,-7.0,16496,07-03-2019_m3954172709_p2,human,lol_2
6.0,-7.0,16504,07-03-2019_m3954172709_p2,human,lol_2
7.0,-7.0,16512,07-03-2019_m3954172709_p2,human,lol_2
3.0,-8.0,16520,07-03-2019_m3954172709_p2,human,lol_2
2.0,-7.0,16527,07-03-2019_m3954172709_p2,human,lol_2
0.0,-7.0,16536,07-03-2019_m3954172709_p2,human,lol_2
0.0,-4.0,16543,07-03-2019_m3954172709_p2,human,lol_2
0.0,-7.0,16551,07-03-2019_m3954172709_p2,human,lol_2
0.0,-3.0,16559,07-03-2019_m3954172709_p2,human,lol_2
-1.0,-2.0,16567,07-03-2019_m3954172709_p2,human,lol_2
-2.0,-4.0,16624,07-03-2019_m3954172709_p2,human,lol_2
0.0,-1.0,16632,07-03-2019_m3954172709_p2,human,lol_2
0.0,-2.0,16640,07-03-2019_m3954172709_p2,human,lol_2
-2.0,-5.0,16648,07-03-2019_m3954172709_p2,human,lol_2
0.0,-2.0,16656,07-03-2019_m3954172709_p2,human,lol_2
-3.0,-5.0,16664,07-03-2019_m3954172709_p2,human,lol_2
-2.0,-4.0,16680,07-03-2019_m3954172709_p2,human,lol_2
-2.0,-2.0,16696,07-03-2019_m3954172709_p2,human,lol_2
-1.0,-3.0,16704,07-03-2019_m3954172709_p2,human,lol_2
-2.0,-2.0,16728,07-03-2019_m3954172709_p2,human,lol_2
-2.0,0.0,16744,07-03-2019_m3954172709_p2,human,lol_2
-2.0,0.0,16776,07-03-2019_m3954172709_p2,human,lol_2
-3.0,0.0,16783,07-03-2019_m3954172709_p2,human,lol_2
-4.0,0.0,16792,07-03-2019_m3954172709_p2,human,lol_2
-7.0,1.0,16800,07-03-2019_m3954172709_p2,human,lol_2
-7.0,9.0,16808,07-03-2019_m3954172709_p2,human,lol_2
-8.0,16.0,16816,07-03-2019_m3954172709_p2,human,lol_2
-14.0,22.0,16824,07-03-2019_m3954172709_p2,human,lol_2
-27.0,39.0,16832,07-03-2019_m3954172709_p2,human,lol_2
-33.0,45.0,16840,07-03-2019_m3954172709_p2,human,lol_2
-31.0,51.0,16848,07-03-2019_m3954172709_p2,human,lol_2
-39.0,61.0,16856,07-03-2019_m3954172709_p2,human,lol_2
-30.0,72.0,16864,07-03-2019_m3954172709_p2,human,lol_2
-28.0,74.0,16872,07-03-2019_m3954172709_p2,human,lol_2
-33.0,78.0,16880,07-03-2019_m3954172709_p2,human,lol_2
-33.0,67.0,16888,07-03-2019_m3954172709_p2,human,lol_2
-33.0,56.0,16896,07-03-2019_m3954172709_p2,human,lol_2
-35.0,47.0,16904,07-03-2019_m3954172709_p2,human,lol_2
-23.0,32.0,16912,07-03-2019_m3954172709_p2,human,lol_2
-23.0,24.0,16919,07-03-2019_m3954172709_p2,human,lol_2
-14.0,16.0,16927,07-03-2019_m3954172709_p2,human,lol_2
-5.0,5.0,16935,07-03-2019_m3954172709_p2,human,lol_2
-2.0,2.0,16951,07-03-2019_m3954172709_p2,human,lol_2
5.0,-3.0,16959,07-03-2019_m3954172709_p2,human,lol_2
12.0,-17.0,16968,07-03-2019_m3954172709_p2,human,lol_2
16.0,-23.0,16976,07-03-2019_m3954172709_p2,human,lol_2
17.0,-25.0,16984,07-03-2019_m3954172709_p2,human,lol_2
18.0,-19.0,16992,07-03-2019_m3954172709_p2,human,lol_2
12.0,-21.0,17000,07-03-2019_m3954172709_p2,human,lol_2
10.0,-16.0,17008,07-03-2019_m3954172709_p2,human,lol_2
11.0,-10.0,17016,07-03-2019_m3954172709_p2,human,lol_2
7.0,-7.0,17024,07-03-2019_m3954172709_p2,human,lol_2
3.0,-2.0,17032,07-03-2019_m3954172709_p2,human,lol_2
2.0,0.0,17040,07-03-2019_m3954172709_p2,human,lol_2
5.0,0.0,17056,07-03-2019_m3954172709_p2,human,lol_2
6.0,1.0,17064,07-03-2019_m3954172709_p2,human,lol_2
5.0,14.0,17072,07-03-2019_m3954172709_p2,human,lol_2
2.0,18.0,17080,07-03-2019_m3954172709_p2,human,lol_2
5.0,21.0,17088,07-03-2019_m3954172709_p2,human,lol_2
0.0,24.0,17096,07-03-2019_m3954172709_p2,human,lol_2
0.0,23.0,17104,07-03-2019_m3954172709_p2,human,lol_2
0.0,24.0,17111,07-03-2019_m3954172709_p2,human,lol_2
0.0,20.0,17119,07-03-2019_m3954172709_p2,human,lol_2
-3.0,15.0,17127,07-03-2019_m3954172709_p2,human,lol_2
-10.0,13.0,17135,07-03-2019_m3954172709_p2,human,lol_2
-14.0,19.0,17143,07-03-2019_m3954172709_p2,human,lol_2
-16.0,17.0,17151,07-03-2019_m3954172709_p2,human,lol_2
-18.0,20.0,17159,07-03-2019_m3954172709_p2,human,lol_2
-14.0,21.0,17168,07-03-2019_m3954172709_p2,human,lol_2
-5.0,7.0,17176,07-03-2019_m3954172709_p2,human,lol_2
-3.0,8.0,17184,07-03-2019_m3954172709_p2,human,lol_2
0.0,4.0,17192,07-03-2019_m3954172709_p2,human,lol_2
0.0,3.0,17208,07-03-2019_m3954172709_p2,human,lol_2
1.0,4.0,17216,07-03-2019_m3954172709_p2,human,lol_2
3.0,0.0,17224,07-03-2019_m3954172709_p2,human,lol_2
9.0,-13.0,17232,07-03-2019_m3954172709_p2,human,lol_2
10.0,-23.0,17240,07-03-2019_m3954172709_p2,human,lol_2
13.0,-30.0,17248,07-03-2019_m3954172709_p2,human,lol_2
14.0,-30.0,17256,07-03-2019_m3954172709_p2,human,lol_2
10.0,-28.0,17264,07-03-2019_m3954172709_p2,human,lol_2
11.0,-24.0,17272,07-03-2019_m3954172709_p2,human,lol_2
14.0,-16.0,17279,07-03-2019_m3954172709_p2,human,lol_2
8.0,-7.0,17287,07-03-2019_m3954172709_p2,human,lol_2
9.0,-2.0,17296,07-03-2019_m3954172709_p2,human,lol_2
7.0,0.0,17303,07-03-2019_m3954172709_p2,human,lol_2
5.0,0.0,17311,07-03-2019_m3954172709_p2,human,lol_2
6.0,21.0,17319,07-03-2019_m3954172709_p2,human,lol_2
0.0,28.0,17327,07-03-2019_m3954172709_p2,human,lol_2
0.0,31.0,17335,07-03-2019_m3954172709_p2,human,lol_2
-1.0,39.0,17344,07-03-2019_m3954172709_p2,human,lol_2
-6.0,29.0,17351,07-03-2019_m3954172709_p2,human,lol_2
-7.0,18.0,17360,07-03-2019_m3954172709_p2,human,lol_2
-8.0,12.0,17368,07-03-2019_m3954172709_p2,human,lol_2
-7.0,0.0,17376,07-03-2019_m3954172709_p2,human,lol_2
-9.0,0.0,17384,07-03-2019_m3954172709_p2,human,lol_2
-5.0,0.0,17392,07-03-2019_m3954172709_p2,human,lol_2
-4.0,0.0,17400,07-03-2019_m3954172709_p2,human,lol_2
-2.0,0.0,17424,07-03-2019_m3954172709_p2,human,lol_2
-5.0,-13.0,17432,07-03-2019_m3954172709_p2,human,lol_2
-5.0,-12.0,17440,07-03-2019_m3954172709_p2,human,lol_2
-5.0,-14.0,17448,07-03-2019_m3954172709_p2,human,lol_2
0.0,-11.0,17456,07-03-2019_m3954172709_p2,human,lol_2
0.0,-14.0,17464,07-03-2019_m3954172709_p2,human,lol_2
2.0,-5.0,17472,07-03-2019_m3954172709_p2,human,lol_2
2.0,-10.0,17479,07-03-2019_m3954172709_p2,human,lol_2
2.0,-7.0,17487,07-03-2019_m3954172709_p2,human,lol_2
3.0,-7.0,17495,07-03-2019_m3954172709_p2,human,lol_2
0.0,-7.0,17503,07-03-2019_m3954172709_p2,human,lol_2
4.0,-9.0,17511,07-03-2019_m3954172709_p2,human,lol_2
2.0,-7.0,17519,07-03-2019_m3954172709_p2,human,lol_2
5.0,-5.0,17527,07-03-2019_m3954172709_p2,human,lol_2
2.0,-6.0,17536,07-03-2019_m3954172709_p2,human,lol_2
5.0,-7.0,17544,07-03-2019_m3954172709_p2,human,lol_2
5.0,-7.0,17552,07-03-2019_m3954172709_p2,human,lol_2
5.0,-7.0,17560,07-03-2019_m3954172709_p2,human,lol_2
6.0,-5.0,17568,07-03-2019_m3954172709_p2,human,lol_2
1.0,-2.0,17608,07-03-2019_m3954172709_p2,human,lol_2
2.0,-1.0,17632,07-03-2019_m3954172709_p2,human,lol_2
4.0,-2.0,17640,07-03-2019_m3954172709_p2,human,lol_2
0.0,-7.0,17648,07-03-2019_m3954172709_p2,human,lol_2
0.0,-7.0,17656,07-03-2019_m3954172709_p2,human,lol_2
0.0,-14.0,17664,07-03-2019_m3954172709_p2,human,lol_2
0.0,-12.0,17671,07-03-2019_m3954172709_p2,human,lol_2
3.0,-14.0,17679,07-03-2019_m3954172709_p2,human,lol_2
5.0,-20.0,17687,07-03-2019_m3954172709_p2,human,lol_2
13.0,-24.0,17695,07-03-2019_m3954172709_p2,human,lol_2
5.0,-30.0,17703,07-03-2019_m3954172709_p2,human,lol_2
9.0,-35.0,17711,07-03-2019_m3954172709_p2,human,lol_2
7.0,-30.0,17847,07-03-2019_m3954172709_p2,human,lol_2
1.0,0.0,17856,07-03-2019_m3954172709_p2,human,lol_2
7.0,7.0,17863,07-03-2019_m3954172709_p2,human,lol_2
7.0,3.0,17871,07-03-2019_m3954172709_p2,human,lol_2
0.0,2.0,17887,07-03-2019_m3954172709_p2,human,lol_2
2.0,2.0,17896,07-03-2019_m3954172709_p2,human,lol_2
-3.0,7.0,17904,07-03-2019_m3954172709_p2,human,lol_2
-5.0,5.0,17912,07-03-2019_m3954172709_p2,human,lol_2
-5.0,9.0,17920,07-03-2019_m3954172709_p2,human,lol_2
-4.0,12.0,17928,07-03-2019_m3954172709_p2,human,lol_2
-7.0,10.0,17936,07-03-2019_m3954172709_p2,human,lol_2
-1.0,9.0,17944,07-03-2019_m3954172709_p2,human,lol_2
-6.0,11.0,17952,07-03-2019_m3954172709_p2,human,lol_2
-3.0,8.0,17960,07-03-2019_m3954172709_p2,human,lol_2
-5.0,9.0,17984,07-03-2019_m3954172709_p2,human,lol_2
1.0,0.0,17992,07-03-2019_m3954172709_p2,human,lol_2
1.0,0.0,18000,07-03-2019_m3954172709_p2,human,lol_2
6.0,-3.0,18007,07-03-2019_m3954172709_p2,human,lol_2
1.0,-1.0,18015,07-03-2019_m3954172709_p2,human,lol_2
4.0,-4.0,18024,07-03-2019_m3954172709_p2,human,lol_2
2.0,-3.0,18031,07-03-2019_m3954172709_p2,human,lol_2
0.0,-2.0,18184,07-03-2019_m3954172709_p2,human,lol_2
0.0,-4.0,18200,07-03-2019_m3954172709_p2,human,lol_2
0.0,-1.0,18239,07-03-2019_m3954172709_p2,human,lol_2
0.0,-2.0,18247,07-03-2019_m3954172709_p2,human,lol_2
-1.0,-2.0,18263,07-03-2019_m3954172709_p2,human,lol_2
-4.0,-2.0,18296,07-03-2019_m3954172709_p2,human,lol_2
-3.0,0.0,18304,07-03-2019_m3954172709_p2,human,lol_2
-6.0,1.0,18312,07-03-2019_m3954172709_p2,human,lol_2
-1.0,4.0,18320,07-03-2019_m3954172709_p2,human,lol_2
-2.0,2.0,18328,07-03-2019_m3954172709_p2,human,lol_2
-2.0,7.0,18336,07-03-2019_m3954172709_p2,human,lol_2
-5.0,5.0,18344,07-03-2019_m3954172709_p2,human,lol_2
-2.0,5.0,18352,07-03-2019_m3954172709_p2,human,lol_2
-5.0,9.0,18360,07-03-2019_m3954172709_p2,human,lol_2
-4.0,7.0,18368,07-03-2019_m3954172709_p2,human,lol_2
-5.0,12.0,18376,07-03-2019_m3954172709_p2,human,lol_2
-5.0,16.0,18384,07-03-2019_m3954172709_p2,human,lol_2
-7.0,14.0,18392,07-03-2019_m3954172709_p2,human,lol_2
-7.0,19.0,18399,07-03-2019_m3954172709_p2,human,lol_2
-4.0,19.0,18407,07-03-2019_m3954172709_p2,human,lol_2
-7.0,20.0,18415,07-03-2019_m3954172709_p2,human,lol_2
-5.0,15.0,18423,07-03-2019_m3954172709_p2,human,lol_2
-5.0,16.0,18431,07-03-2019_m3954172709_p2,human,lol_2
-5.0,12.0,18439,07-03-2019_m3954172709_p2,human,lol_2
-2.0,11.0,18447,07-03-2019_m3954172709_p2,human,lol_2
0.0,5.0,18455,07-03-2019_m3954172709_p2,human,lol_2
0.0,5.0,18488,07-03-2019_m3954172709_p2,human,lol_2
1.0,2.0,18496,07-03-2019_m3954172709_p2,human,lol_2
2.0,0.0,18504,07-03-2019_m3954172709_p2,human,lol_2
3.0,-1.0,18512,07-03-2019_m3954172709_p2,human,lol_2
2.0,-3.0,18520,07-03-2019_m3954172709_p2,human,lol_2
0.0,-7.0,18528,07-03-2019_m3954172709_p2,human,lol_2
0.0,-7.0,18536,07-03-2019_m3954172709_p2,human,lol_2
0.0,-6.0,18544,07-03-2019_m3954172709_p2,human,lol_2
3.0,-7.0,18552,07-03-2019_m3954172709_p2,human,lol_2
0.0,-5.0,18559,07-03-2019_m3954172709_p2,human,lol_2
0.0,-9.0,18568,07-03-2019_m3954172709_p2,human,lol_2
2.0,-7.0,18576,07-03-2019_m3954172709_p2,human,lol_2
4.0,-3.0,18584,07-03-2019_m3954172709_p2,human,lol_2
7.0,-7.0,18592,07-03-2019_m3954172709_p2,human,lol_2
1.0,-4.0,18631,07-03-2019_m3954172709_p2,human,lol_2
-4.0,17.0,18639,07-03-2019_m3954172709_p2,human,lol_2
-12.0,18.0,18647,07-03-2019_m3954172709_p2,human,lol_2
-11.0,22.0,18655,07-03-2019_m3954172709_p2,human,lol_2
-16.0,27.0,18663,07-03-2019_m3954172709_p2,human,lol_2
-22.0,29.0,18671,07-03-2019_m3954172709_p2,human,lol_2
-21.0,28.0,18679,07-03-2019_m3954172709_p2,human,lol_2
-25.0,0.0,18687,07-03-2019_m3954172709_p2,human,lol_2
-21.0,0.0,18696,07-03-2019_m3954172709_p2,human,lol_2
-17.0,0.0,18704,07-03-2019_m3954172709_p2,human,lol_2
-16.0,0.0,18712,07-03-2019_m3954172709_p2,human,lol_2
-14.0,0.0,18720,07-03-2019_m3954172709_p2,human,lol_2
-5.0,0.0,18728,07-03-2019_m3954172709_p2,human,lol_2
-4.0,0.0,18736,07-03-2019_m3954172709_p2,human,lol_2
-2.0,0.0,18752,07-03-2019_m3954172709_p2,human,lol_2
0.0,-7.0,18760,07-03-2019_m3954172709_p2,human,lol_2
5.0,-17.0,18768,07-03-2019_m3954172709_p2,human,lol_2
16.0,-18.0,18776,07-03-2019_m3954172709_p2,human,lol_2
15.0,-22.0,18784,07-03-2019_m3954172709_p2,human,lol_2
13.0,-16.0,18792,07-03-2019_m3954172709_p2,human,lol_2
10.0,-19.0,18799,07-03-2019_m3954172709_p2,human,lol_2
12.0,-21.0,18807,07-03-2019_m3954172709_p2,human,lol_2
13.0,-18.0,18815,07-03-2019_m3954172709_p2,human,lol_2
8.0,-17.0,18823,07-03-2019_m3954172709_p2,human,lol_2
6.0,-7.0,18831,07-03-2019_m3954172709_p2,human,lol_2
5.0,-13.0,18839,07-03-2019_m3954172709_p2,human,lol_2
7.0,-10.0,18847,07-03-2019_m3954172709_p2,human,lol_2
7.0,-11.0,18855,07-03-2019_m3954172709_p2,human,lol_2
2.0,-3.0,18863,07-03-2019_m3954172709_p2,human,lol_2
0.0,-2.0,18888,07-03-2019_m3954172709_p2,human,lol_2
1.0,-2.0,18952,07-03-2019_m3954172709_p2,human,lol_2
0.0,-7.0,18960,07-03-2019_m3954172709_p2,human,lol_2
9.0,-8.0,18968,07-03-2019_m3954172709_p2,human,lol_2
7.0,-7.0,18976,07-03-2019_m3954172709_p2,human,lol_2
7.0,-7.0,18983,07-03-2019_m3954172709_p2,human,lol_2
5.0,-9.0,18992,07-03-2019_m3954172709_p2,human,lol_2
6.0,-5.0,18999,07-03-2019_m3954172709_p2,human,lol_2
7.0,-11.0,19007,07-03-2019_m3954172709_p2,human,lol_2
5.0,-9.0,19015,07-03-2019_m3954172709_p2,human,lol_2
5.0,-7.0,19023,07-03-2019_m3954172709_p2,human,lol_2
4.0,-10.0,19031,07-03-2019_m3954172709_p2,human,lol_2
3.0,-5.0,19039,07-03-2019_m3954172709_p2,human,lol_2
0.0,-7.0,19047,07-03-2019_m3954172709_p2,human,lol_2
2.0,-4.0,19055,07-03-2019_m3954172709_p2,human,lol_2
2.0,-5.0,19064,07-03-2019_m3954172709_p2,human,lol_2
5.0,-7.0,19072,07-03-2019_m3954172709_p2,human,lol_2
3.0,-4.0,19080,07-03-2019_m3954172709_p2,human,lol_2
6.0,-7.0,19088,07-03-2019_m3954172709_p2,human,lol_2
1.0,-1.0,19096,07-03-2019_m3954172709_p2,human,lol_2
6.0,-6.0,19104,07-03-2019_m3954172709_p2,human,lol_2
5.0,-5.0,19112,07-03-2019_m3954172709_p2,human,lol_2
7.0,-7.0,19120,07-03-2019_m3954172709_p2,human,lol_2
7.0,-7.0,19128,07-03-2019_m3954172709_p2,human,lol_2
3.0,-7.0,19136,07-03-2019_m3954172709_p2,human,lol_2
6.0,-7.0,19144,07-03-2019_m3954172709_p2,human,lol_2
1.0,-3.0,19152,07-03-2019_m3954172709_p2,human,lol_2
6.0,-7.0,19160,07-03-2019_m3954172709_p2,human,lol_2
3.0,-4.0,19168,07-03-2019_m3954172709_p2,human,lol_2
0.0,-2.0,19183,07-03-2019_m3954172709_p2,human,lol_2
0.0,-3.0,19223,07-03-2019_m3954172709_p2,human,lol_2
-3.0,-2.0,19231,07-03-2019_m3954172709_p2,human,lol_2
-10.0,3.0,19239,07-03-2019_m3954172709_p2,human,lol_2
-16.0,7.0,19247,07-03-2019_m3954172709_p2,human,lol_2
-16.0,7.0,19256,07-03-2019_m3954172709_p2,human,lol_2
-19.0,9.0,19264,07-03-2019_m3954172709_p2,human,lol_2
-23.0,10.0,19272,07-03-2019_m3954172709_p2,human,lol_2
-21.0,9.0,19280,07-03-2019_m3954172709_p2,human,lol_2
-19.0,10.0,19288,07-03-2019_m3954172709_p2,human,lol_2
-19.0,11.0,19296,07-03-2019_m3954172709_p2,human,lol_2
-18.0,14.0,19304,07-03-2019_m3954172709_p2,human,lol_2
-14.0,9.0,19312,07-03-2019_m3954172709_p2,human,lol_2
-12.0,8.0,19320,07-03-2019_m3954172709_p2,human,lol_2
-5.0,4.0,19328,07-03-2019_m3954172709_p2,human,lol_2
-2.0,2.0,19344,07-03-2019_m3954172709_p2,human,lol_2
1.0,1.0,19352,07-03-2019_m3954172709_p2,human,lol_2
7.0,0.0,19360,07-03-2019_m3954172709_p2,human,lol_2
12.0,-4.0,19368,07-03-2019_m3954172709_p2,human,lol_2
13.0,-9.0,19376,07-03-2019_m3954172709_p2,human,lol_2
14.0,-9.0,19383,07-03-2019_m3954172709_p2,human,lol_2
15.0,-8.0,19391,07-03-2019_m3954172709_p2,human,lol_2
11.0,-9.0,19403,07-03-2019_m3954172709_p2,human,lol_2
9.0,-9.0,19407,07-03-2019_m3954172709_p2,human,lol_2
7.0,-3.0,19415,07-03-2019_m3954172709_p2,human,lol_2
3.0,-4.0,19440,07-03-2019_m3954172709_p2,human,lol_2
0.0,-3.0,19472,07-03-2019_m3954172709_p2,human,lol_2
-1.0,-2.0,19480,07-03-2019_m3954172709_p2,human,lol_2
-5.0,3.0,19488,07-03-2019_m3954172709_p2,human,lol_2
-4.0,1.0,19496,07-03-2019_m3954172709_p2,human,lol_2
-5.0,4.0,19504,07-03-2019_m3954172709_p2,human,lol_2
-2.0,2.0,19512,07-03-2019_m3954172709_p2,human,lol_2
-3.0,1.0,19520,07-03-2019_m3954172709_p2,human,lol_2
-2.0,2.0,19543,07-03-2019_m3954172709_p2,human,lol_2
-3.0,4.0,19552,07-03-2019_m3954172709_p2,human,lol_2
-6.0,0.0,19559,07-03-2019_m3954172709_p2,human,lol_2
-8.0,3.0,19568,07-03-2019_m3954172709_p2,human,lol_2
-6.0,0.0,19576,07-03-2019_m3954172709_p2,human,lol_2
-5.0,4.0,19583,07-03-2019_m3954172709_p2,human,lol_2
-5.0,3.0,19591,07-03-2019_m3954172709_p2,human,lol_2
-2.0,2.0,19656,07-03-2019_m3954172709_p2,human,lol_2
-2.0,2.0,19736,07-03-2019_m3954172709_p2,human,lol_2
0.0,1.0,19744,07-03-2019_m3954172709_p2,human,lol_2
0.0,4.0,19751,07-03-2019_m3954172709_p2,human,lol_2
-5.0,3.0,19760,07-03-2019_m3954172709_p2,human,lol_2
-3.0,2.0,19767,07-03-2019_m3954172709_p2,human,lol_2
-2.0,2.0,19775,07-03-2019_m3954172709_p2,human,lol_2
-4.0,2.0,19840,07-03-2019_m3954172709_p2,human,lol_2
1.0,1.0,19912,07-03-2019_m3954172709_p2,human,lol_2
-1.0,6.0,19920,07-03-2019_m3954172709_p2,human,lol_2
-1.0,0.0,19928,07-03-2019_m3954172709_p2,human,lol_2
-4.0,1.0,19936,07-03-2019_m3954172709_p2,human,lol_2
-5.0,2.0,19944,07-03-2019_m3954172709_p2,human,lol_2
-4.0,4.0,19951,07-03-2019_m3954172709_p2,human,lol_2
-3.0,3.0,20191,07-03-2019_m3954172709_p2,human,lol_2
1.0,0.0,20272,07-03-2019_m3954172709_p2,human,lol_2
2.0,2.0,20296,07-03-2019_m3954172709_p2,human,lol_2
-3.0,5.0,20303,07-03-2019_m3954172709_p2,human,lol_2
-4.0,2.0,20311,07-03-2019_m3954172709_p2,human,lol_2
-10.0,3.0,20319,07-03-2019_m3954172709_p2,human,lol_2
-12.0,4.0,20327,07-03-2019_m3954172709_p2,human,lol_2
-14.0,3.0,20335,07-03-2019_m3954172709_p2,human,lol_2
-20.0,6.0,20343,07-03-2019_m3954172709_p2,human,lol_2
-22.0,8.0,20351,07-03-2019_m3954172709_p2,human,lol_2
-30.0,11.0,20359,07-03-2019_m3954172709_p2,human,lol_2
-32.0,14.0,20367,07-03-2019_m3954172709_p2,human,lol_2
-43.0,21.0,20376,07-03-2019_m3954172709_p2,human,lol_2
-42.0,21.0,20383,07-03-2019_m3954172709_p2,human,lol_2
-42.0,24.0,20392,07-03-2019_m3954172709_p2,human,lol_2
-39.0,32.0,20400,07-03-2019_m3954172709_p2,human,lol_2
-42.0,28.0,20408,07-03-2019_m3954172709_p2,human,lol_2
-37.0,30.0,20416,07-03-2019_m3954172709_p2,human,lol_2
-35.0,31.0,20424,07-03-2019_m3954172709_p2,human,lol_2
-26.0,28.0,20432,07-03-2019_m3954172709_p2,human,lol_2
-19.0,4.0,20440,07-03-2019_m3954172709_p2,human,lol_2
-16.0,0.0,20448,07-03-2019_m3954172709_p2,human,lol_2
-9.0,0.0,20456,07-03-2019_m3954172709_p2,human,lol_2
-3.0,0.0,20479,07-03-2019_m3954172709_p2,human,lol_2
-2.0,-1.0,20487,07-03-2019_m3954172709_p2,human,lol_2
1.0,-14.0,20495,07-03-2019_m3954172709_p2,human,lol_2
12.0,-18.0,20503,07-03-2019_m3954172709_p2,human,lol_2
14.0,-17.0,20511,07-03-2019_m3954172709_p2,human,lol_2
18.0,-18.0,20519,07-03-2019_m3954172709_p2,human,lol_2
21.0,-17.0,20527,07-03-2019_m3954172709_p2,human,lol_2
21.0,-18.0,20535,07-03-2019_m3954172709_p2,human,lol_2
21.0,-19.0,20543,07-03-2019_m3954172709_p2,human,lol_2
19.0,-18.0,20551,07-03-2019_m3954172709_p2,human,lol_2
19.0,-15.0,20559,07-03-2019_m3954172709_p2,human,lol_2
16.0,-18.0,20567,07-03-2019_m3954172709_p2,human,lol_2
14.0,-14.0,20576,07-03-2019_m3954172709_p2,human,lol_2
16.0,-14.0,20584,07-03-2019_m3954172709_p2,human,lol_2
12.0,-10.0,20592,07-03-2019_m3954172709_p2,human,lol_2
9.0,-9.0,20600,07-03-2019_m3954172709_p2,human,lol_2
5.0,-5.0,20608,07-03-2019_m3954172709_p2,human,lol_2
2.0,-2.0,20616,07-03-2019_m3954172709_p2,human,lol_2
3.0,-4.0,20640,07-03-2019_m3954172709_p2,human,lol_2
2.0,0.0,20664,07-03-2019_m3954172709_p2,human,lol_2
2.0,-1.0,20679,07-03-2019_m3954172709_p2,human,lol_2
2.0,-2.0,20688,07-03-2019_m3954172709_p2,human,lol_2
3.0,-4.0,20695,07-03-2019_m3954172709_p2,human,lol_2
0.0,-1.0,20703,07-03-2019_m3954172709_p2,human,lol_2
4.0,-6.0,20711,07-03-2019_m3954172709_p2,human,lol_2
1.0,-3.0,20719,07-03-2019_m3954172709_p2,human,lol_2
2.0,-4.0,20735,07-03-2019_m3954172709_p2,human,lol_2
0.0,-3.0,20744,07-03-2019_m3954172709_p2,human,lol_2
0.0,-2.0,20752,07-03-2019_m3954172709_p2,human,lol_2
2.0,-2.0,20768,07-03-2019_m3954172709_p2,human,lol_2
0.0,-1.0,20784,07-03-2019_m3954172709_p2,human,lol_2
0.0,-4.0,20792,07-03-2019_m3954172709_p2,human,lol_2
0.0,-2.0,20800,07-03-2019_m3954172709_p2,human,lol_2
-1.0,-1.0,20816,07-03-2019_m3954172709_p2,human,lol_2
-4.0,-4.0,20824,07-03-2019_m3954172709_p2,human,lol_2
-1.0,-3.0,20832,07-03-2019_m3954172709_p2,human,lol_2
-2.0,-2.0,20848,07-03-2019_m3954172709_p2,human,lol_2
-2.0,-2.0,20855,07-03-2019_m3954172709_p2,human,lol_2
-3.0,-3.0,20871,07-03-2019_m3954172709_p2,human,lol_2
-2.0,-2.0,20879,07-03-2019_m3954172709_p2,human,lol_2
-2.0,-2.0,20895,07-03-2019_m3954172709_p2,human,lol_2
-5.0,-2.0,20911,07-03-2019_m3954172709_p2,human,lol_2
-2.0,0.0,20919,07-03-2019_m3954172709_p2,human,lol_2
-5.0,-1.0,20927,07-03-2019_m3954172709_p2,human,lol_2
-2.0,0.0,20936,07-03-2019_m3954172709_p2,human,lol_2
-3.0,-2.0,20944,07-03-2019_m3954172709_p2,human,lol_2
-6.0,-2.0,20952,07-03-2019_m3954172709_p2,human,lol_2
-1.0,0.0,20960,07-03-2019_m3954172709_p2,human,lol_2
-7.0,0.0,20968,07-03-2019_m3954172709_p2,human,lol_2
-7.0,0.0,20976,07-03-2019_m3954172709_p2,human,lol_2
-6.0,0.0,20984,07-03-2019_m3954172709_p2,human,lol_2
-5.0,0.0,20992,07-03-2019_m3954172709_p2,human,lol_2
-3.0,0.0,21000,07-03-2019_m3954172709_p2,human,lol_2
-4.0,0.0,21039,07-03-2019_m3954172709_p2,human,lol_2
1.0,-3.0,21048,07-03-2019_m3954172709_p2,human,lol_2
5.0,-4.0,21056,07-03-2019_m3954172709_p2,human,lol_2
4.0,-3.0,21063,07-03-2019_m3954172709_p2,human,lol_2
3.0,-2.0,21071,07-03-2019_m3954172709_p2,human,lol_2
4.0,-5.0,21079,07-03-2019_m3954172709_p2,human,lol_2
2.0,-2.0,21095,07-03-2019_m3954172709_p2,human,lol_2
1.0,-2.0,21144,07-03-2019_m3954172709_p2,human,lol_2
-2.0,0.0,21152,07-03-2019_m3954172709_p2,human,lol_2
-6.0,0.0,21160,07-03-2019_m3954172709_p2,human,lol_2
-7.0,0.0,21168,07-03-2019_m3954172709_p2,human,lol_2
-7.0,0.0,21176,07-03-2019_m3954172709_p2,human,lol_2
-5.0,0.0,21184,07-03-2019_m3954172709_p2,human,lol_2
-7.0,0.0,21192,07-03-2019_m3954172709_p2,human,lol_2
-5.0,0.0,21200,07-03-2019_m3954172709_p2,human,lol_2
-5.0,0.0,21208,07-03-2019_m3954172709_p2,human,lol_2
-4.0,0.0,21216,07-03-2019_m3954172709_p2,human,lol_2
-3.0,0.0,21224,07-03-2019_m3954172709_p2,human,lol_2
-6.0,0.0,21263,07-03-2019_m3954172709_p2,human,lol_2
-1.0,-2.0,21271,07-03-2019_m3954172709_p2,human,lol_2
0.0,-1.0,21312,07-03-2019_m3954172709_p2,human,lol_2
-6.0,-2.0,21320,07-03-2019_m3954172709_p2,human,lol_2
-12.0,1.0,21328,07-03-2019_m3954172709_p2,human,lol_2
-19.0,9.0,21336,07-03-2019_m3954172709_p2,human,lol_2
-26.0,12.0,21344,07-03-2019_m3954172709_p2,human,lol_2
-34.0,14.0,21352,07-03-2019_m3954172709_p2,human,lol_2
-42.0,17.0,21360,07-03-2019_m3954172709_p2,human,lol_2
-36.0,16.0,21368,07-03-2019_m3954172709_p2,human,lol_2
-37.0,14.0,21376,07-03-2019_m3954172709_p2,human,lol_2
-35.0,16.0,21384,07-03-2019_m3954172709_p2,human,lol_2
-32.0,14.0,21392,07-03-2019_m3954172709_p2,human,lol_2
-24.0,9.0,21400,07-03-2019_m3954172709_p2,human,lol_2
-28.0,5.0,21407,07-03-2019_m3954172709_p2,human,lol_2
-21.0,7.0,21416,07-03-2019_m3954172709_p2,human,lol_2
-16.0,2.0,21424,07-03-2019_m3954172709_p2,human,lol_2
-10.0,0.0,21431,07-03-2019_m3954172709_p2,human,lol_2
-6.0,0.0,21439,07-03-2019_m3954172709_p2,human,lol_2
-1.0,0.0,21447,07-03-2019_m3954172709_p2,human,lol_2
-2.0,-1.0,21455,07-03-2019_m3954172709_p2,human,lol_2
4.0,-7.0,21463,07-03-2019_m3954172709_p2,human,lol_2
9.0,-6.0,21471,07-03-2019_m3954172709_p2,human,lol_2
9.0,-3.0,21479,07-03-2019_m3954172709_p2,human,lol_2
9.0,-7.0,21487,07-03-2019_m3954172709_p2,human,lol_2
7.0,-4.0,21495,07-03-2019_m3954172709_p2,human,lol_2
1.0,0.0,21504,07-03-2019_m3954172709_p2,human,lol_2
9.0,-3.0,21512,07-03-2019_m3954172709_p2,human,lol_2
4.0,-4.0,21520,07-03-2019_m3954172709_p2,human,lol_2
3.0,-1.0,21528,07-03-2019_m3954172709_p2,human,lol_2
5.0,-6.0,21536,07-03-2019_m3954172709_p2,human,lol_2
2.0,-1.0,21544,07-03-2019_m3954172709_p2,human,lol_2
5.0,-6.0,21552,07-03-2019_m3954172709_p2,human,lol_2
7.0,-3.0,21560,07-03-2019_m3954172709_p2,human,lol_2
9.0,-5.0,21568,07-03-2019_m3954172709_p2,human,lol_2
7.0,-2.0,21576,07-03-2019_m3954172709_p2,human,lol_2
11.0,-4.0,21584,07-03-2019_m3954172709_p2,human,lol_2
8.0,-3.0,21592,07-03-2019_m3954172709_p2,human,lol_2
9.0,0.0,21599,07-03-2019_m3954172709_p2,human,lol_2
5.0,0.0,21607,07-03-2019_m3954172709_p2,human,lol_2
4.0,0.0,21768,07-03-2019_m3954172709_p2,human,lol_2
2.0,0.0,21776,07-03-2019_m3954172709_p2,human,lol_2
1.0,-2.0,21784,07-03-2019_m3954172709_p2,human,lol_2
2.0,0.0,21791,07-03-2019_m3954172709_p2,human,lol_2
2.0,-2.0,21799,07-03-2019_m3954172709_p2,human,lol_2
2.0,-1.0,21807,07-03-2019_m3954172709_p2,human,lol_2
5.0,-4.0,21815,07-03-2019_m3954172709_p2,human,lol_2
3.0,-2.0,21831,07-03-2019_m3954172709_p2,human,lol_2
2.0,-1.0,21936,07-03-2019_m3954172709_p2,human,lol_2
4.0,0.0,21999,07-03-2019_m3954172709_p2,human,lol_2
-3.0,2.0,22007,07-03-2019_m3954172709_p2,human,lol_2
-11.0,9.0,22015,07-03-2019_m3954172709_p2,human,lol_2
-14.0,11.0,22023,07-03-2019_m3954172709_p2,human,lol_2
-19.0,14.0,22031,07-03-2019_m3954172709_p2,human,lol_2
-23.0,15.0,22039,07-03-2019_m3954172709_p2,human,lol_2
-24.0,20.0,22047,07-03-2019_m3954172709_p2,human,lol_2
-21.0,17.0,22055,07-03-2019_m3954172709_p2,human,lol_2
-23.0,18.0,22064,07-03-2019_m3954172709_p2,human,lol_2
-17.0,15.0,22072,07-03-2019_m3954172709_p2,human,lol_2
-20.0,16.0,22080,07-03-2019_m3954172709_p2,human,lol_2
-15.0,12.0,22088,07-03-2019_m3954172709_p2,human,lol_2
-16.0,13.0,22096,07-03-2019_m3954172709_p2,human,lol_2
-16.0,10.0,22104,07-03-2019_m3954172709_p2,human,lol_2
-12.0,9.0,22112,07-03-2019_m3954172709_p2,human,lol_2
-11.0,9.0,22120,07-03-2019_m3954172709_p2,human,lol_2
-8.0,7.0,22128,07-03-2019_m3954172709_p2,human,lol_2
-7.0,1.0,22136,07-03-2019_m3954172709_p2,human,lol_2
-6.0,6.0,22144,07-03-2019_m3954172709_p2,human,lol_2
-5.0,5.0,22152,07-03-2019_m3954172709_p2,human,lol_2
-2.0,3.0,22159,07-03-2019_m3954172709_p2,human,lol_2
0.0,7.0,22167,07-03-2019_m3954172709_p2,human,lol_2
0.0,2.0,22175,07-03-2019_m3954172709_p2,human,lol_2
0.0,4.0,22183,07-03-2019_m3954172709_p2,human,lol_2
1.0,1.0,22191,07-03-2019_m3954172709_p2,human,lol_2
13.0,4.0,22199,07-03-2019_m3954172709_p2,human,lol_2
17.0,0.0,22207,07-03-2019_m3954172709_p2,human,lol_2
19.0,-3.0,22215,07-03-2019_m3954172709_p2,human,lol_2
27.0,-5.0,22223,07-03-2019_m3954172709_p2,human,lol_2
28.0,-9.0,22231,07-03-2019_m3954172709_p2,human,lol_2
29.0,-9.0,22239,07-03-2019_m3954172709_p2,human,lol_2
30.0,-10.0,22247,07-03-2019_m3954172709_p2,human,lol_2
30.0,-11.0,22255,07-03-2019_m3954172709_p2,human,lol_2
28.0,-8.0,22264,07-03-2019_m3954172709_p2,human,lol_2
30.0,-7.0,22272,07-03-2019_m3954172709_p2,human,lol_2
33.0,-9.0,22280,07-03-2019_m3954172709_p2,human,lol_2
33.0,-4.0,22288,07-03-2019_m3954172709_p2,human,lol_2
32.0,-3.0,22296,07-03-2019_m3954172709_p2,human,lol_2
24.0,-4.0,22304,07-03-2019_m3954172709_p2,human,lol_2
35.0,0.0,22312,07-03-2019_m3954172709_p2,human,lol_2
28.0,0.0,22320,07-03-2019_m3954172709_p2,human,lol_2
30.0,0.0,22328,07-03-2019_m3954172709_p2,human,lol_2
30.0,-7.0,22336,07-03-2019_m3954172709_p2,human,lol_2
24.0,-1.0,22343,07-03-2019_m3954172709_p2,human,lol_2
23.0,-6.0,22351,07-03-2019_m3954172709_p2,human,lol_2
19.0,-3.0,22360,07-03-2019_m3954172709_p2,human,lol_2
11.0,-5.0,22367,07-03-2019_m3954172709_p2,human,lol_2
5.0,-2.0,22399,07-03-2019_m3954172709_p2,human,lol_2
2.0,1.0,22415,07-03-2019_m3954172709_p2,human,lol_2
0.0,3.0,22423,07-03-2019_m3954172709_p2,human,lol_2
0.0,4.0,22431,07-03-2019_m3954172709_p2,human,lol_2
0.0,2.0,22472,07-03-2019_m3954172709_p2,human,lol_2
-1.0,1.0,22512,07-03-2019_m3954172709_p2,human,lol_2
1.0,-1.0,22519,07-03-2019_m3954172709_p2,human,lol_2
8.0,-5.0,22528,07-03-2019_m3954172709_p2,human,lol_2
11.0,-9.0,22535,07-03-2019_m3954172709_p2,human,lol_2
17.0,-12.0,22543,07-03-2019_m3954172709_p2,human,lol_2
16.0,-10.0,22551,07-03-2019_m3954172709_p2,human,lol_2
18.0,-13.0,22559,07-03-2019_m3954172709_p2,human,lol_2
17.0,-14.0,22567,07-03-2019_m3954172709_p2,human,lol_2
18.0,-10.0,22575,07-03-2019_m3954172709_p2,human,lol_2
17.0,-14.0,22583,07-03-2019_m3954172709_p2,human,lol_2
18.0,-14.0,22591,07-03-2019_m3954172709_p2,human,lol_2
14.0,-14.0,22599,07-03-2019_m3954172709_p2,human,lol_2
10.0,-9.0,22607,07-03-2019_m3954172709_p2,human,lol_2
7.0,-7.0,22615,07-03-2019_m3954172709_p2,human,lol_2
5.0,-7.0,22623,07-03-2019_m3954172709_p2,human,lol_2
2.0,-3.0,22631,07-03-2019_m3954172709_p2,human,lol_2
0.0,-6.0,22640,07-03-2019_m3954172709_p2,human,lol_2
0.0,-3.0,22648,07-03-2019_m3954172709_p2,human,lol_2
0.0,-9.0,22656,07-03-2019_m3954172709_p2,human,lol_2
0.0,-7.0,22664,07-03-2019_m3954172709_p2,human,lol_2
0.0,-7.0,22672,07-03-2019_m3954172709_p2,human,lol_2
-4.0,-9.0,22680,07-03-2019_m3954172709_p2,human,lol_2
-2.0,-8.0,22688,07-03-2019_m3954172709_p2,human,lol_2
-5.0,-11.0,22696,07-03-2019_m3954172709_p2,human,lol_2
-4.0,-10.0,22704,07-03-2019_m3954172709_p2,human,lol_2
-2.0,-11.0,22712,07-03-2019_m3954172709_p2,human,lol_2
-5.0,-16.0,22720,07-03-2019_m3954172709_p2,human,lol_2
-3.0,-10.0,22728,07-03-2019_m3954172709_p2,human,lol_2
-6.0,-16.0,22735,07-03-2019_m3954172709_p2,human,lol_2
-1.0,-9.0,22744,07-03-2019_m3954172709_p2,human,lol_2
-6.0,-14.0,22751,07-03-2019_m3954172709_p2,human,lol_2
-5.0,-10.0,22759,07-03-2019_m3954172709_p2,human,lol_2
-7.0,-9.0,22767,07-03-2019_m3954172709_p2,human,lol_2
-7.0,-7.0,22775,07-03-2019_m3954172709_p2,human,lol_2
-7.0,-7.0,22783,07-03-2019_m3954172709_p2,human,lol_2
-9.0,-7.0,22791,07-03-2019_m3954172709_p2,human,lol_2
-5.0,-3.0,22799,07-03-2019_m3954172709_p2,human,lol_2
-5.0,-4.0,22807,07-03-2019_m3954172709_p2,human,lol_2
-5.0,-3.0,22816,07-03-2019_m3954172709_p2,human,lol_2
-6.0,-6.0,22824,07-03-2019_m3954172709_p2,human,lol_2
-3.0,-3.0,22832,07-03-2019_m3954172709_p2,human,lol_2
-5.0,-5.0,22840,07-03-2019_m3954172709_p2,human,lol_2
-2.0,-2.0,22848,07-03-2019_m3954172709_p2,human,lol_2
-5.0,-5.0,22856,07-03-2019_m3954172709_p2,human,lol_2
-2.0,-2.0,22864,07-03-2019_m3954172709_p2,human,lol_2
-4.0,-7.0,22872,07-03-2019_m3954172709_p2,human,lol_2
-3.0,-4.0,22880,07-03-2019_m3954172709_p2,human,lol_2
-2.0,-1.0,22888,07-03-2019_m3954172709_p2,human,lol_2
-7.0,-4.0,22896,07-03-2019_m3954172709_p2,human,lol_2
-7.0,-2.0,22904,07-03-2019_m3954172709_p2,human,lol_2
-7.0,0.0,22912,07-03-2019_m3954172709_p2,human,lol_2
-5.0,0.0,22919,07-03-2019_m3954172709_p2,human,lol_2
-7.0,0.0,22928,07-03-2019_m3954172709_p2,human,lol_2
-7.0,0.0,22936,07-03-2019_m3954172709_p2,human,lol_2
-4.0,0.0,22943,07-03-2019_m3954172709_p2,human,lol_2
-7.0,0.0,22951,07-03-2019_m3954172709_p2,human,lol_2
-5.0,0.0,22959,07-03-2019_m3954172709_p2,human,lol_2
-2.0,0.0,22967,07-03-2019_m3954172709_p2,human,lol_2
-3.0,-1.0,22975,07-03-2019_m3954172709_p2,human,lol_2
-2.0,-2.0,22984,07-03-2019_m3954172709_p2,human,lol_2
-5.0,-4.0,22991,07-03-2019_m3954172709_p2,human,lol_2
-2.0,-1.0,22999,07-03-2019_m3954172709_p2,human,lol_2
-2.0,-2.0,23007,07-03-2019_m3954172709_p2,human,lol_2
-3.0,-7.0,23016,07-03-2019_m3954172709_p2,human,lol_2
-4.0,-4.0,23024,07-03-2019_m3954172709_p2,human,lol_2
-8.0,-5.0,23032,07-03-2019_m3954172709_p2,human,lol_2
-16.0,-2.0,23040,07-03-2019_m3954172709_p2,human,lol_2
-18.0,0.0,23048,07-03-2019_m3954172709_p2,human,lol_2
-19.0,0.0,23056,07-03-2019_m3954172709_p2,human,lol_2
-24.0,0.0,23064,07-03-2019_m3954172709_p2,human,lol_2
-25.0,0.0,23072,07-03-2019_m3954172709_p2,human,lol_2
-28.0,0.0,23080,07-03-2019_m3954172709_p2,human,lol_2
-35.0,0.0,23088,07-03-2019_m3954172709_p2,human,lol_2
-37.0,5.0,23096,07-03-2019_m3954172709_p2,human,lol_2
-45.0,7.0,23104,07-03-2019_m3954172709_p2,human,lol_2
-53.0,5.0,23111,07-03-2019_m3954172709_p2,human,lol_2
-61.0,9.0,23119,07-03-2019_m3954172709_p2,human,lol_2
-70.0,12.0,23128,07-03-2019_m3954172709_p2,human,lol_2
-68.0,9.0,23135,07-03-2019_m3954172709_p2,human,lol_2
-70.0,9.0,23143,07-03-2019_m3954172709_p2,human,lol_2
-61.0,10.0,23151,07-03-2019_m3954172709_p2,human,lol_2
-7.0,9.0,23159,07-03-2019_m3954172709_p2,human,lol_2
0.0,9.0,23167,07-03-2019_m3954172709_p2,human,lol_2
0.0,7.0,23175,07-03-2019_m3954172709_p2,human,lol_2
0.0,3.0,23183,07-03-2019_m3954172709_p2,human,lol_2
0.0,2.0,23192,07-03-2019_m3954172709_p2,human,lol_2
0.0,3.0,23208,07-03-2019_m3954172709_p2,human,lol_2
0.0,0.0,23216,07-03-2019_m3954172709_p2,human,lol_2
15.0,-4.0,23224,07-03-2019_m3954172709_p2,human,lol_2
32.0,-11.0,23232,07-03-2019_m3954172709_p2,human,lol_2
47.0,-10.0,23240,07-03-2019_m3954172709_p2,human,lol_2
51.0,-14.0,23248,07-03-2019_m3954172709_p2,human,lol_2
63.0,-16.0,23256,07-03-2019_m3954172709_p2,human,lol_2
71.0,-10.0,23264,07-03-2019_m3954172709_p2,human,lol_2
70.0,-16.0,23272,07-03-2019_m3954172709_p2,human,lol_2
79.0,-14.0,23280,07-03-2019_m3954172709_p2,human,lol_2
70.0,-14.0,23288,07-03-2019_m3954172709_p2,human,lol_2
67.0,-9.0,23296,07-03-2019_m3954172709_p2,human,lol_2
68.0,-17.0,23304,07-03-2019_m3954172709_p2,human,lol_2
61.0,-16.0,23311,07-03-2019_m3954172709_p2,human,lol_2
54.0,-16.0,23319,07-03-2019_m3954172709_p2,human,lol_2
48.0,-12.0,23327,07-03-2019_m3954172709_p2,human,lol_2
38.0,-12.0,23335,07-03-2019_m3954172709_p2,human,lol_2
26.0,-9.0,23343,07-03-2019_m3954172709_p2,human,lol_2
20.0,-5.0,23351,07-03-2019_m3954172709_p2,human,lol_2
14.0,-4.0,23359,07-03-2019_m3954172709_p2,human,lol_2
8.0,-2.0,23367,07-03-2019_m3954172709_p2,human,lol_2
4.0,-1.0,23527,07-03-2019_m3954172709_p2,human,lol_2
2.0,0.0,23535,07-03-2019_m3954172709_p2,human,lol_2
7.0,0.0,23543,07-03-2019_m3954172709_p2,human,lol_2
7.0,0.0,23551,07-03-2019_m3954172709_p2,human,lol_2
8.0,0.0,23559,07-03-2019_m3954172709_p2,human,lol_2
11.0,0.0,23567,07-03-2019_m3954172709_p2,human,lol_2
10.0,0.0,23575,07-03-2019_m3954172709_p2,human,lol_2
16.0,0.0,23584,07-03-2019_m3954172709_p2,human,lol_2
19.0,0.0,23592,07-03-2019_m3954172709_p2,human,lol_2
25.0,0.0,23600,07-03-2019_m3954172709_p2,human,lol_2
24.0,0.0,23608,07-03-2019_m3954172709_p2,human,lol_2
27.0,0.0,23616,07-03-2019_m3954172709_p2,human,lol_2
26.0,0.0,23624,07-03-2019_m3954172709_p2,human,lol_2
28.0,0.0,23632,07-03-2019_m3954172709_p2,human,lol_2
21.0,4.0,23640,07-03-2019_m3954172709_p2,human,lol_2
28.0,4.0,23648,07-03-2019_m3954172709_p2,human,lol_2
21.0,7.0,23656,07-03-2019_m3954172709_p2,human,lol_2
23.0,7.0,23664,07-03-2019_m3954172709_p2,human,lol_2
19.0,8.0,23672,07-03-2019_m3954172709_p2,human,lol_2
21.0,7.0,23679,07-03-2019_m3954172709_p2,human,lol_2
16.0,4.0,23687,07-03-2019_m3954172709_p2,human,lol_2
10.0,2.0,23695,07-03-2019_m3954172709_p2,human,lol_2
16.0,5.0,23703,07-03-2019_m3954172709_p2,human,lol_2
10.0,0.0,23711,07-03-2019_m3954172709_p2,human,lol_2
7.0,0.0,23719,07-03-2019_m3954172709_p2,human,lol_2
9.0,0.0,23727,07-03-2019_m3954172709_p2,human,lol_2
5.0,0.0,23743,07-03-2019_m3954172709_p2,human,lol_2
2.0,-1.0,23879,07-03-2019_m3954172709_p2,human,lol_2
-1.0,1.0,23896,07-03-2019_m3954172709_p2,human,lol_2
1.0,2.0,23903,07-03-2019_m3954172709_p2,human,lol_2
2.0,1.0,23935,07-03-2019_m3954172709_p2,human,lol_2
-1.0,4.0,23943,07-03-2019_m3954172709_p2,human,lol_2
-2.0,2.0,23952,07-03-2019_m3954172709_p2,human,lol_2
-2.0,1.0,23984,07-03-2019_m3954172709_p2,human,lol_2
-3.0,0.0,23992,07-03-2019_m3954172709_p2,human,lol_2
-2.0,0.0,24000,07-03-2019_m3954172709_p2,human,lol_2
-2.0,0.0,24008,07-03-2019_m3954172709_p2,human,lol_2
-1.0,0.0,24024,07-03-2019_m3954172709_p2,human,lol_2
-4.0,0.0,24103,07-03-2019_m3954172709_p2,human,lol_2
-3.0,-1.0,24111,07-03-2019_m3954172709_p2,human,lol_2
-2.0,-1.0,24119,07-03-2019_m3954172709_p2,human,lol_2
-5.0,-6.0,24127,07-03-2019_m3954172709_p2,human,lol_2
-2.0,-1.0,24135,07-03-2019_m3954172709_p2,human,lol_2
-4.0,-4.0,24208,07-03-2019_m3954172709_p2,human,lol_2
0.0,-2.0,24216,07-03-2019_m3954172709_p2,human,lol_2
0.0,-3.0,24232,07-03-2019_m3954172709_p2,human,lol_2
1.0,-4.0,24239,07-03-2019_m3954172709_p2,human,lol_2
4.0,-1.0,24247,07-03-2019_m3954172709_p2,human,lol_2
9.0,0.0,24255,07-03-2019_m3954172709_p2,human,lol_2
7.0,-2.0,24263,07-03-2019_m3954172709_p2,human,lol_2
8.0,0.0,24271,07-03-2019_m3954172709_p2,human,lol_2
6.0,0.0,24279,07-03-2019_m3954172709_p2,human,lol_2
7.0,-4.0,24303,07-03-2019_m3954172709_p2,human,lol_2
1.0,0.0,24311,07-03-2019_m3954172709_p2,human,lol_2
2.0,-1.0,24319,07-03-2019_m3954172709_p2,human,lol_2
4.0,-2.0,24335,07-03-2019_m3954172709_p2,human,lol_2
0.0,-4.0,24344,07-03-2019_m3954172709_p2,human,lol_2
0.0,-1.0,24352,07-03-2019_m3954172709_p2,human,lol_2
0.0,-4.0,24360,07-03-2019_m3954172709_p2,human,lol_2
0.0,-7.0,24368,07-03-2019_m3954172709_p2,human,lol_2
0.0,-5.0,24376,07-03-2019_m3954172709_p2,human,lol_2
0.0,-5.0,24384,07-03-2019_m3954172709_p2,human,lol_2
0.0,-7.0,24392,07-03-2019_m3954172709_p2,human,lol_2
-3.0,-9.0,24400,07-03-2019_m3954172709_p2,human,lol_2
-2.0,-2.0,24511,07-03-2019_m3954172709_p2,human,lol_2
0.0,-3.0,24520,07-03-2019_m3954172709_p2,human,lol_2
-3.0,-9.0,24527,07-03-2019_m3954172709_p2,human,lol_2
0.0,-11.0,24536,07-03-2019_m3954172709_p2,human,lol_2
0.0,-10.0,24544,07-03-2019_m3954172709_p2,human,lol_2
0.0,-7.0,24552,07-03-2019_m3954172709_p2,human,lol_2
0.0,-9.0,24560,07-03-2019_m3954172709_p2,human,lol_2
0.0,-10.0,24568,07-03-2019_m3954172709_p2,human,lol_2
0.0,-9.0,24576,07-03-2019_m3954172709_p2,human,lol_2
1.0,-11.0,24584,07-03-2019_m3954172709_p2,human,lol_2
3.0,-12.0,24592,07-03-2019_m3954172709_p2,human,lol_2
4.0,-12.0,24599,07-03-2019_m3954172709_p2,human,lol_2
1.0,-9.0,24608,07-03-2019_m3954172709_p2,human,lol_2
4.0,-12.0,24615,07-03-2019_m3954172709_p2,human,lol_2
3.0,-9.0,24623,07-03-2019_m3954172709_p2,human,lol_2
4.0,-12.0,24631,07-03-2019_m3954172709_p2,human,lol_2
2.0,-9.0,24639,07-03-2019_m3954172709_p2,human,lol_2
5.0,-9.0,24647,07-03-2019_m3954172709_p2,human,lol_2
3.0,-7.0,24655,07-03-2019_m3954172709_p2,human,lol_2
4.0,-8.0,24663,07-03-2019_m3954172709_p2,human,lol_2
3.0,-4.0,24671,07-03-2019_m3954172709_p2,human,lol_2
6.0,-7.0,24679,07-03-2019_m3954172709_p2,human,lol_2
5.0,-5.0,24687,07-03-2019_m3954172709_p2,human,lol_2
2.0,-4.0,24695,07-03-2019_m3954172709_p2,human,lol_2
1.0,-1.0,24720,07-03-2019_m3954172709_p2,human,lol_2
0.0,-2.0,24728,07-03-2019_m3954172709_p2,human,lol_2
0.0,-5.0,24736,07-03-2019_m3954172709_p2,human,lol_2
0.0,-4.0,24744,07-03-2019_m3954172709_p2,human,lol_2
0.0,-5.0,24752,07-03-2019_m3954172709_p2,human,lol_2
0.0,-4.0,24760,07-03-2019_m3954172709_p2,human,lol_2
0.0,-8.0,24768,07-03-2019_m3954172709_p2,human,lol_2
0.0,-7.0,24776,07-03-2019_m3954172709_p2,human,lol_2
0.0,-9.0,24784,07-03-2019_m3954172709_p2,human,lol_2
0.0,-9.0,24792,07-03-2019_m3954172709_p2,human,lol_2
0.0,-7.0,24800,07-03-2019_m3954172709_p2,human,lol_2
0.0,-7.0,24807,07-03-2019_m3954172709_p2,human,lol_2
0.0,-3.0,24815,07-03-2019_m3954172709_p2,human,lol_2
0.0,-2.0,24823,07-03-2019_m3954172709_p2,human,lol_2
-1.0,-2.0,24928,07-03-2019_m3954172709_p2,human,lol_2
-1.0,-2.0,25071,07-03-2019_m3954172709_p2,human,lol_2
0.0,1.0,25079,07-03-2019_m3954172709_p2,human,lol_2
0.0,4.0,25087,07-03-2019_m3954172709_p2,human,lol_2
0.0,2.0,25096,07-03-2019_m3954172709_p2,human,lol_2
0.0,1.0,25104,07-03-2019_m3954172709_p2,human,lol_2
0.0,6.0,25120,07-03-2019_m3954172709_p2,human,lol_2
0.0,1.0,25136,07-03-2019_m3954172709_p2,human,lol_2
0.0,2.0,25152,07-03-2019_m3954172709_p2,human,lol_2
0.0,2.0,25168,07-03-2019_m3954172709_p2,human,lol_2
0.0,3.0,25176,07-03-2019_m3954172709_p2,human,lol_2
-2.0,2.0,25183,07-03-2019_m3954172709_p2,human,lol_2
-4.0,4.0,25191,07-03-2019_m3954172709_p2,human,lol_2
0.0,5.0,25199,07-03-2019_m3954172709_p2,human,lol_2
-1.0,3.0,25207,07-03-2019_m3954172709_p2,human,lol_2
-2.0,7.0,25215,07-03-2019_m3954172709_p2,human,lol_2
-2.0,9.0,25223,07-03-2019_m3954172709_p2,human,lol_2
-3.0,9.0,25231,07-03-2019_m3954172709_p2,human,lol_2
-2.0,7.0,25239,07-03-2019_m3954172709_p2,human,lol_2
-2.0,5.0,25247,07-03-2019_m3954172709_p2,human,lol_2
-7.0,12.0,25255,07-03-2019_m3954172709_p2,human,lol_2
-7.0,11.0,25263,07-03-2019_m3954172709_p2,human,lol_2
-5.0,10.0,25271,07-03-2019_m3954172709_p2,human,lol_2
-9.0,16.0,25280,07-03-2019_m3954172709_p2,human,lol_2
-12.0,19.0,25288,07-03-2019_m3954172709_p2,human,lol_2
-14.0,23.0,25296,07-03-2019_m3954172709_p2,human,lol_2
-19.0,23.0,25304,07-03-2019_m3954172709_p2,human,lol_2
-21.0,31.0,25312,07-03-2019_m3954172709_p2,human,lol_2
-27.0,35.0,25320,07-03-2019_m3954172709_p2,human,lol_2
-33.0,39.0,25328,07-03-2019_m3954172709_p2,human,lol_2
-30.0,44.0,25336,07-03-2019_m3954172709_p2,human,lol_2
-35.0,50.0,25344,07-03-2019_m3954172709_p2,human,lol_2
-33.0,53.0,25351,07-03-2019_m3954172709_p2,human,lol_2
-26.0,54.0,25360,07-03-2019_m3954172709_p2,human,lol_2
-25.0,51.0,25368,07-03-2019_m3954172709_p2,human,lol_2
-21.0,44.0,25375,07-03-2019_m3954172709_p2,human,lol_2
-19.0,35.0,25383,07-03-2019_m3954172709_p2,human,lol_2
-14.0,24.0,25391,07-03-2019_m3954172709_p2,human,lol_2
-10.0,14.0,25399,07-03-2019_m3954172709_p2,human,lol_2
-2.0,5.0,25439,07-03-2019_m3954172709_p2,human,lol_2
0.0,-2.0,25447,07-03-2019_m3954172709_p2,human,lol_2
4.0,-9.0,25455,07-03-2019_m3954172709_p2,human,lol_2
4.0,-7.0,25463,07-03-2019_m3954172709_p2,human,lol_2
0.0,-2.0,25496,07-03-2019_m3954172709_p2,human,lol_2
2.0,-2.0,25512,07-03-2019_m3954172709_p2,human,lol_2
1.0,0.0,25520,07-03-2019_m3954172709_p2,human,lol_2
2.0,0.0,25527,07-03-2019_m3954172709_p2,human,lol_2
2.0,0.0,25559,07-03-2019_m3954172709_p2,human,lol_2
5.0,-7.0,25567,07-03-2019_m3954172709_p2,human,lol_2
5.0,-7.0,25575,07-03-2019_m3954172709_p2,human,lol_2
7.0,-7.0,25583,07-03-2019_m3954172709_p2,human,lol_2
16.0,-8.0,25591,07-03-2019_m3954172709_p2,human,lol_2
19.0,-11.0,25599,07-03-2019_m3954172709_p2,human,lol_2
23.0,-7.0,25607,07-03-2019_m3954172709_p2,human,lol_2
25.0,-7.0,25615,07-03-2019_m3954172709_p2,human,lol_2
29.0,-9.0,25623,07-03-2019_m3954172709_p2,human,lol_2
28.0,-7.0,25631,07-03-2019_m3954172709_p2,human,lol_2
28.0,-8.0,25639,07-03-2019_m3954172709_p2,human,lol_2
27.0,-7.0,25647,07-03-2019_m3954172709_p2,human,lol_2
26.0,-6.0,25655,07-03-2019_m3954172709_p2,human,lol_2
26.0,-8.0,25664,07-03-2019_m3954172709_p2,human,lol_2
26.0,-7.0,25672,07-03-2019_m3954172709_p2,human,lol_2
27.0,-7.0,25680,07-03-2019_m3954172709_p2,human,lol_2
22.0,-7.0,25688,07-03-2019_m3954172709_p2,human,lol_2
16.0,-4.0,25696,07-03-2019_m3954172709_p2,human,lol_2
12.0,-9.0,25704,07-03-2019_m3954172709_p2,human,lol_2
11.0,-5.0,25711,07-03-2019_m3954172709_p2,human,lol_2
9.0,-7.0,25720,07-03-2019_m3954172709_p2,human,lol_2
5.0,-7.0,25728,07-03-2019_m3954172709_p2,human,lol_2
3.0,-5.0,25735,07-03-2019_m3954172709_p2,human,lol_2
0.0,-9.0,25744,07-03-2019_m3954172709_p2,human,lol_2
2.0,-5.0,25751,07-03-2019_m3954172709_p2,human,lol_2
0.0,-4.0,25759,07-03-2019_m3954172709_p2,human,lol_2
0.0,-7.0,25767,07-03-2019_m3954172709_p2,human,lol_2
5.0,-3.0,25775,07-03-2019_m3954172709_p2,human,lol_2
6.0,-5.0,25783,07-03-2019_m3954172709_p2,human,lol_2
5.0,-6.0,25791,07-03-2019_m3954172709_p2,human,lol_2
7.0,-5.0,25799,07-03-2019_m3954172709_p2,human,lol_2
7.0,-3.0,25807,07-03-2019_m3954172709_p2,human,lol_2
5.0,-6.0,25815,07-03-2019_m3954172709_p2,human,lol_2
5.0,-5.0,25823,07-03-2019_m3954172709_p2,human,lol_2
2.0,-5.0,25831,07-03-2019_m3954172709_p2,human,lol_2
2.0,-7.0,25840,07-03-2019_m3954172709_p2,human,lol_2
3.0,-7.0,25847,07-03-2019_m3954172709_p2,human,lol_2
0.0,-4.0,25864,07-03-2019_m3954172709_p2,human,lol_2
0.0,-3.0,25880,07-03-2019_m3954172709_p2,human,lol_2
-1.0,-2.0,25888,07-03-2019_m3954172709_p2,human,lol_2
-1.0,-2.0,25920,07-03-2019_m3954172709_p2,human,lol_2
0.0,-5.0,25928,07-03-2019_m3954172709_p2,human,lol_2
0.0,-9.0,25936,07-03-2019_m3954172709_p2,human,lol_2
0.0,-12.0,25943,07-03-2019_m3954172709_p2,human,lol_2
0.0,-14.0,25951,07-03-2019_m3954172709_p2,human,lol_2
0.0,-17.0,25959,07-03-2019_m3954172709_p2,human,lol_2
0.0,-21.0,25967,07-03-2019_m3954172709_p2,human,lol_2
0.0,-25.0,25975,07-03-2019_m3954172709_p2,human,lol_2
-7.0,-28.0,25983,07-03-2019_m3954172709_p2,human,lol_2
-7.0,-26.0,25991,07-03-2019_m3954172709_p2,human,lol_2
-6.0,-25.0,25999,07-03-2019_m3954172709_p2,human,lol_2
-7.0,-19.0,26007,07-03-2019_m3954172709_p2,human,lol_2
-1.0,-14.0,26015,07-03-2019_m3954172709_p2,human,lol_2
-4.0,-14.0,26023,07-03-2019_m3954172709_p2,human,lol_2
-2.0,-9.0,26032,07-03-2019_m3954172709_p2,human,lol_2
-1.0,-12.0,26039,07-03-2019_m3954172709_p2,human,lol_2
0.0,-9.0,26048,07-03-2019_m3954172709_p2,human,lol_2
-2.0,-8.0,26056,07-03-2019_m3954172709_p2,human,lol_2
0.0,-9.0,26064,07-03-2019_m3954172709_p2,human,lol_2
-2.0,-7.0,26072,07-03-2019_m3954172709_p2,human,lol_2
-2.0,-5.0,26080,07-03-2019_m3954172709_p2,human,lol_2
-1.0,-7.0,26087,07-03-2019_m3954172709_p2,human,lol_2
-4.0,-4.0,26096,07-03-2019_m3954172709_p2,human,lol_2
-2.0,-7.0,26104,07-03-2019_m3954172709_p2,human,lol_2
-3.0,-3.0,26111,07-03-2019_m3954172709_p2,human,lol_2
-2.0,-4.0,26119,07-03-2019_m3954172709_p2,human,lol_2
0.0,-2.0,26127,07-03-2019_m3954172709_p2,human,lol_2
-2.0,-1.0,26359,07-03-2019_m3954172709_p2,human,lol_2
-1.0,-2.0,26367,07-03-2019_m3954172709_p2,human,lol_2
-4.0,0.0,26375,07-03-2019_m3954172709_p2,human,lol_2
-7.0,1.0,26383,07-03-2019_m3954172709_p2,human,lol_2
-5.0,5.0,26391,07-03-2019_m3954172709_p2,human,lol_2
-11.0,9.0,26399,07-03-2019_m3954172709_p2,human,lol_2
-12.0,9.0,26407,07-03-2019_m3954172709_p2,human,lol_2
-12.0,8.0,26415,07-03-2019_m3954172709_p2,human,lol_2
-11.0,9.0,26424,07-03-2019_m3954172709_p2,human,lol_2
-8.0,9.0,26432,07-03-2019_m3954172709_p2,human,lol_2
-9.0,7.0,26440,07-03-2019_m3954172709_p2,human,lol_2
-11.0,7.0,26448,07-03-2019_m3954172709_p2,human,lol_2
-7.0,7.0,26456,07-03-2019_m3954172709_p2,human,lol_2
-10.0,7.0,26464,07-03-2019_m3954172709_p2,human,lol_2
-12.0,7.0,26472,07-03-2019_m3954172709_p2,human,lol_2
-14.0,9.0,26480,07-03-2019_m3954172709_p2,human,lol_2
-18.0,8.0,26487,07-03-2019_m3954172709_p2,human,lol_2
-21.0,9.0,26496,07-03-2019_m3954172709_p2,human,lol_2
-24.0,11.0,26503,07-03-2019_m3954172709_p2,human,lol_2
-27.0,10.0,26511,07-03-2019_m3954172709_p2,human,lol_2
-31.0,14.0,26519,07-03-2019_m3954172709_p2,human,lol_2
-37.0,12.0,26527,07-03-2019_m3954172709_p2,human,lol_2
-30.0,16.0,26535,07-03-2019_m3954172709_p2,human,lol_2
-35.0,14.0,26543,07-03-2019_m3954172709_p2,human,lol_2
-26.0,12.0,26551,07-03-2019_m3954172709_p2,human,lol_2
-28.0,13.0,26559,07-03-2019_m3954172709_p2,human,lol_2
-19.0,12.0,26567,07-03-2019_m3954172709_p2,human,lol_2
-19.0,10.0,26575,07-03-2019_m3954172709_p2,human,lol_2
-13.0,7.0,26583,07-03-2019_m3954172709_p2,human,lol_2
-14.0,9.0,26591,07-03-2019_m3954172709_p2,human,lol_2
-10.0,4.0,26599,07-03-2019_m3954172709_p2,human,lol_2
-11.0,5.0,26607,07-03-2019_m3954172709_p2,human,lol_2
-8.0,3.0,26616,07-03-2019_m3954172709_p2,human,lol_2
-7.0,4.0,26624,07-03-2019_m3954172709_p2,human,lol_2
-9.0,3.0,26632,07-03-2019_m3954172709_p2,human,lol_2
-12.0,7.0,26640,07-03-2019_m3954172709_p2,human,lol_2
-14.0,4.0,26648,07-03-2019_m3954172709_p2,human,lol_2
-13.0,7.0,26656,07-03-2019_m3954172709_p2,human,lol_2
-14.0,5.0,26664,07-03-2019_m3954172709_p2,human,lol_2
-15.0,5.0,26672,07-03-2019_m3954172709_p2,human,lol_2
-11.0,7.0,26680,07-03-2019_m3954172709_p2,human,lol_2
-14.0,7.0,26688,07-03-2019_m3954172709_p2,human,lol_2
-10.0,9.0,26696,07-03-2019_m3954172709_p2,human,lol_2
-9.0,11.0,26703,07-03-2019_m3954172709_p2,human,lol_2
-7.0,10.0,26711,07-03-2019_m3954172709_p2,human,lol_2
-7.0,12.0,26719,07-03-2019_m3954172709_p2,human,lol_2
-4.0,11.0,26727,07-03-2019_m3954172709_p2,human,lol_2
0.0,7.0,26735,07-03-2019_m3954172709_p2,human,lol_2
0.0,7.0,26743,07-03-2019_m3954172709_p2,human,lol_2
0.0,2.0,26751,07-03-2019_m3954172709_p2,human,lol_2
3.0,5.0,26783,07-03-2019_m3954172709_p2,human,lol_2
2.0,2.0,26791,07-03-2019_m3954172709_p2,human,lol_2
3.0,3.0,26800,07-03-2019_m3954172709_p2,human,lol_2
4.0,2.0,26808,07-03-2019_m3954172709_p2,human,lol_2
5.0,2.0,26816,07-03-2019_m3954172709_p2,human,lol_2
7.0,0.0,26824,07-03-2019_m3954172709_p2,human,lol_2
5.0,5.0,26832,07-03-2019_m3954172709_p2,human,lol_2
6.0,3.0,26839,07-03-2019_m3954172709_p2,human,lol_2
7.0,4.0,26847,07-03-2019_m3954172709_p2,human,lol_2
14.0,5.0,26856,07-03-2019_m3954172709_p2,human,lol_2
15.0,4.0,26863,07-03-2019_m3954172709_p2,human,lol_2
20.0,1.0,26871,07-03-2019_m3954172709_p2,human,lol_2
17.0,0.0,26879,07-03-2019_m3954172709_p2,human,lol_2
21.0,0.0,26887,07-03-2019_m3954172709_p2,human,lol_2
21.0,0.0,26895,07-03-2019_m3954172709_p2,human,lol_2
23.0,0.0,26903,07-03-2019_m3954172709_p2,human,lol_2
28.0,2.0,26911,07-03-2019_m3954172709_p2,human,lol_2
26.0,5.0,26919,07-03-2019_m3954172709_p2,human,lol_2
37.0,4.0,26927,07-03-2019_m3954172709_p2,human,lol_2
37.0,7.0,26935,07-03-2019_m3954172709_p2,human,lol_2
40.0,3.0,26943,07-03-2019_m3954172709_p2,human,lol_2
38.0,7.0,26951,07-03-2019_m3954172709_p2,human,lol_2
42.0,7.0,26960,07-03-2019_m3954172709_p2,human,lol_2
37.0,4.0,26967,07-03-2019_m3954172709_p2,human,lol_2
40.0,5.0,26976,07-03-2019_m3954172709_p2,human,lol_2
41.0,4.0,26984,07-03-2019_m3954172709_p2,human,lol_2
42.0,0.0,26992,07-03-2019_m3954172709_p2,human,lol_2
40.0,0.0,27000,07-03-2019_m3954172709_p2,human,lol_2
31.0,0.0,27008,07-03-2019_m3954172709_p2,human,lol_2
34.0,0.0,27015,07-03-2019_m3954172709_p2,human,lol_2
24.0,0.0,27024,07-03-2019_m3954172709_p2,human,lol_2
25.0,5.0,27031,07-03-2019_m3954172709_p2,human,lol_2
21.0,3.0,27039,07-03-2019_m3954172709_p2,human,lol_2
17.0,6.0,27048,07-03-2019_m3954172709_p2,human,lol_2
9.0,7.0,27055,07-03-2019_m3954172709_p2,human,lol_2
3.0,8.0,27063,07-03-2019_m3954172709_p2,human,lol_2
2.0,9.0,27071,07-03-2019_m3954172709_p2,human,lol_2
2.0,7.0,27079,07-03-2019_m3954172709_p2,human,lol_2
3.0,5.0,27087,07-03-2019_m3954172709_p2,human,lol_2
2.0,2.0,27143,07-03-2019_m3954172709_p2,human,lol_2
4.0,-4.0,27151,07-03-2019_m3954172709_p2,human,lol_2
1.0,-2.0,27160,07-03-2019_m3954172709_p2,human,lol_2
6.0,-2.0,27168,07-03-2019_m3954172709_p2,human,lol_2
8.0,0.0,27176,07-03-2019_m3954172709_p2,human,lol_2
11.0,6.0,27184,07-03-2019_m3954172709_p2,human,lol_2
9.0,6.0,27192,07-03-2019_m3954172709_p2,human,lol_2
8.0,8.0,27200,07-03-2019_m3954172709_p2,human,lol_2
4.0,4.0,27208,07-03-2019_m3954172709_p2,human,lol_2
5.0,9.0,27215,07-03-2019_m3954172709_p2,human,lol_2
0.0,3.0,27223,07-03-2019_m3954172709_p2,human,lol_2
2.0,4.0,27231,07-03-2019_m3954172709_p2,human,lol_2
0.0,1.0,27247,07-03-2019_m3954172709_p2,human,lol_2
0.0,4.0,27327,07-03-2019_m3954172709_p2,human,lol_2
-1.0,2.0,27335,07-03-2019_m3954172709_p2,human,lol_2
-5.0,-3.0,27344,07-03-2019_m3954172709_p2,human,lol_2
-6.0,-7.0,27352,07-03-2019_m3954172709_p2,human,lol_2
-5.0,-5.0,27360,07-03-2019_m3954172709_p2,human,lol_2
-10.0,-11.0,27368,07-03-2019_m3954172709_p2,human,lol_2
-18.0,-12.0,27376,07-03-2019_m3954172709_p2,human,lol_2
-23.0,-14.0,27384,07-03-2019_m3954172709_p2,human,lol_2
-26.0,-12.0,27392,07-03-2019_m3954172709_p2,human,lol_2
-35.0,-16.0,27400,07-03-2019_m3954172709_p2,human,lol_2
-45.0,-18.0,27407,07-03-2019_m3954172709_p2,human,lol_2
-44.0,-17.0,27415,07-03-2019_m3954172709_p2,human,lol_2
-49.0,-12.0,27423,07-03-2019_m3954172709_p2,human,lol_2
-56.0,-18.0,27431,07-03-2019_m3954172709_p2,human,lol_2
-60.0,-16.0,27439,07-03-2019_m3954172709_p2,human,lol_2
-63.0,-15.0,27447,07-03-2019_m3954172709_p2,human,lol_2
-64.0,-18.0,27455,07-03-2019_m3954172709_p2,human,lol_2
-58.0,-9.0,27463,07-03-2019_m3954172709_p2,human,lol_2
-53.0,-3.0,27471,07-03-2019_m3954172709_p2,human,lol_2
-47.0,-4.0,27479,07-03-2019_m3954172709_p2,human,lol_2
-35.0,0.0,27487,07-03-2019_m3954172709_p2,human,lol_2
-17.0,3.0,27495,07-03-2019_m3954172709_p2,human,lol_2
-4.0,2.0,27503,07-03-2019_m3954172709_p2,human,lol_2
-3.0,0.0,27544,07-03-2019_m3954172709_p2,human,lol_2
1.0,0.0,27552,07-03-2019_m3954172709_p2,human,lol_2
10.0,0.0,27560,07-03-2019_m3954172709_p2,human,lol_2
12.0,-5.0,27568,07-03-2019_m3954172709_p2,human,lol_2
13.0,-3.0,27575,07-03-2019_m3954172709_p2,human,lol_2
12.0,-2.0,27583,07-03-2019_m3954172709_p2,human,lol_2
19.0,-3.0,27591,07-03-2019_m3954172709_p2,human,lol_2
26.0,0.0,27600,07-03-2019_m3954172709_p2,human,lol_2
34.0,0.0,27608,07-03-2019_m3954172709_p2,human,lol_2
40.0,-4.0,27615,07-03-2019_m3954172709_p2,human,lol_2
45.0,-7.0,27623,07-03-2019_m3954172709_p2,human,lol_2
44.0,-7.0,27631,07-03-2019_m3954172709_p2,human,lol_2
49.0,-12.0,27639,07-03-2019_m3954172709_p2,human,lol_2
53.0,-14.0,27647,07-03-2019_m3954172709_p2,human,lol_2
50.0,-14.0,27655,07-03-2019_m3954172709_p2,human,lol_2
44.0,-14.0,27663,07-03-2019_m3954172709_p2,human,lol_2
46.0,-12.0,27671,07-03-2019_m3954172709_p2,human,lol_2
36.0,-18.0,27679,07-03-2019_m3954172709_p2,human,lol_2
35.0,-16.0,27687,07-03-2019_m3954172709_p2,human,lol_2
34.0,-14.0,27695,07-03-2019_m3954172709_p2,human,lol_2
24.0,-10.0,27703,07-03-2019_m3954172709_p2,human,lol_2
25.0,-9.0,27711,07-03-2019_m3954172709_p2,human,lol_2
22.0,-7.0,27719,07-03-2019_m3954172709_p2,human,lol_2
16.0,-3.0,27728,07-03-2019_m3954172709_p2,human,lol_2
16.0,-6.0,27736,07-03-2019_m3954172709_p2,human,lol_2
16.0,-3.0,27744,07-03-2019_m3954172709_p2,human,lol_2
14.0,-2.0,27752,07-03-2019_m3954172709_p2,human,lol_2
15.0,-3.0,27760,07-03-2019_m3954172709_p2,human,lol_2
11.0,-2.0,27768,07-03-2019_m3954172709_p2,human,lol_2
5.0,-2.0,27776,07-03-2019_m3954172709_p2,human,lol_2
2.0,-2.0,27960,07-03-2019_m3954172709_p2,human,lol_2
-1.0,3.0,27968,07-03-2019_m3954172709_p2,human,lol_2
0.0,4.0,27976,07-03-2019_m3954172709_p2,human,lol_2
0.0,1.0,27983,07-03-2019_m3954172709_p2,human,lol_2
0.0,4.0,27991,07-03-2019_m3954172709_p2,human,lol_2
0.0,2.0,27999,07-03-2019_m3954172709_p2,human,lol_2
0.0,3.0,28015,07-03-2019_m3954172709_p2,human,lol_2
0.0,4.0,28039,07-03-2019_m3954172709_p2,human,lol_2
0.0,1.0,28055,07-03-2019_m3954172709_p2,human,lol_2
-2.0,2.0,28063,07-03-2019_m3954172709_p2,human,lol_2
-2.0,2.0,28071,07-03-2019_m3954172709_p2,human,lol_2
-1.0,2.0,28079,07-03-2019_m3954172709_p2,human,lol_2
-6.0,3.0,28087,07-03-2019_m3954172709_p2,human,lol_2
-1.0,2.0,28095,07-03-2019_m3954172709_p2,human,lol_2
-9.0,3.0,28103,07-03-2019_m3954172709_p2,human,lol_2
-9.0,4.0,28112,07-03-2019_m3954172709_p2,human,lol_2
-12.0,5.0,28120,07-03-2019_m3954172709_p2,human,lol_2
-14.0,9.0,28128,07-03-2019_m3954172709_p2,human,lol_2
-28.0,12.0,28136,07-03-2019_m3954172709_p2,human,lol_2
-32.0,16.0,28144,07-03-2019_m3954172709_p2,human,lol_2
-47.0,24.0,28152,07-03-2019_m3954172709_p2,human,lol_2
-61.0,34.0,28159,07-03-2019_m3954172709_p2,human,lol_2
-68.0,43.0,28167,07-03-2019_m3954172709_p2,human,lol_2
-76.0,60.0,28175,07-03-2019_m3954172709_p2,human,lol_2
-91.0,56.0,28183,07-03-2019_m3954172709_p2,human,lol_2
-87.0,51.0,28191,07-03-2019_m3954172709_p2,human,lol_2
-89.0,50.0,28199,07-03-2019_m3954172709_p2,human,lol_2
-84.0,44.0,28207,07-03-2019_m3954172709_p2,human,lol_2
-72.0,35.0,28215,07-03-2019_m3954172709_p2,human,lol_2
-70.0,33.0,28223,07-03-2019_m3954172709_p2,human,lol_2
-53.0,20.0,28231,07-03-2019_m3954172709_p2,human,lol_2
-35.0,15.0,28239,07-03-2019_m3954172709_p2,human,lol_2
-28.0,11.0,28247,07-03-2019_m3954172709_p2,human,lol_2
-17.0,3.0,28255,07-03-2019_m3954172709_p2,human,lol_2
-14.0,6.0,28263,07-03-2019_m3954172709_p2,human,lol_2
-2.0,0.0,28271,07-03-2019_m3954172709_p2,human,lol_2
-5.0,-1.0,28288,07-03-2019_m3954172709_p2,human,lol_2
0.0,-2.0,28296,07-03-2019_m3954172709_p2,human,lol_2
0.0,-5.0,28304,07-03-2019_m3954172709_p2,human,lol_2
0.0,-2.0,28336,07-03-2019_m3954172709_p2,human,lol_2
4.0,-2.0,28343,07-03-2019_m3954172709_p2,human,lol_2
6.0,0.0,28351,07-03-2019_m3954172709_p2,human,lol_2
5.0,0.0,28375,07-03-2019_m3954172709_p2,human,lol_2
3.0,-2.0,28391,07-03-2019_m3954172709_p2,human,lol_2
-4.0,0.0,28399,07-03-2019_m3954172709_p2,human,lol_2
-32.0,21.0,28407,07-03-2019_m3954172709_p2,human,lol_2
-43.0,26.0,28415,07-03-2019_m3954172709_p2,human,lol_2
-53.0,30.0,28423,07-03-2019_m3954172709_p2,human,lol_2
-61.0,26.0,28431,07-03-2019_m3954172709_p2,human,lol_2
-70.0,26.0,28439,07-03-2019_m3954172709_p2,human,lol_2
-67.0,18.0,28447,07-03-2019_m3954172709_p2,human,lol_2
-70.0,0.0,28455,07-03-2019_m3954172709_p2,human,lol_2
-73.0,0.0,28463,07-03-2019_m3954172709_p2,human,lol_2
-49.0,0.0,28471,07-03-2019_m3954172709_p2,human,lol_2
-44.0,0.0,28479,07-03-2019_m3954172709_p2,human,lol_2
-24.0,0.0,28488,07-03-2019_m3954172709_p2,human,lol_2
-6.0,0.0,28496,07-03-2019_m3954172709_p2,human,lol_2
0.0,0.0,28504,07-03-2019_m3954172709_p2,human,lol_2
0.0,0.0,28511,07-03-2019_m3954172709_p2,human,lol_2
3.0,0.0,28519,07-03-2019_m3954172709_p2,human,lol_2
12.0,0.0,28528,07-03-2019_m3954172709_p2,human,lol_2
13.0,0.0,28536,07-03-2019_m3954172709_p2,human,lol_2
14.0,0.0,28543,07-03-2019_m3954172709_p2,human,lol_2
12.0,0.0,28551,07-03-2019_m3954172709_p2,human,lol_2
10.0,-1.0,28559,07-03-2019_m3954172709_p2,human,lol_2
16.0,-5.0,28567,07-03-2019_m3954172709_p2,human,lol_2
18.0,-2.0,28575,07-03-2019_m3954172709_p2,human,lol_2
26.0,-7.0,28583,07-03-2019_m3954172709_p2,human,lol_2
35.0,-10.0,28591,07-03-2019_m3954172709_p2,human,lol_2
44.0,-11.0,28599,07-03-2019_m3954172709_p2,human,lol_2
47.0,-21.0,28607,07-03-2019_m3954172709_p2,human,lol_2
52.0,-23.0,28615,07-03-2019_m3954172709_p2,human,lol_2
60.0,-31.0,28623,07-03-2019_m3954172709_p2,human,lol_2
75.0,-37.0,28631,07-03-2019_m3954172709_p2,human,lol_2
72.0,-42.0,28639,07-03-2019_m3954172709_p2,human,lol_2
77.0,-44.0,28647,07-03-2019_m3954172709_p2,human,lol_2
75.0,-47.0,28655,07-03-2019_m3954172709_p2,human,lol_2
67.0,-49.0,28663,07-03-2019_m3954172709_p2,human,lol_2
56.0,-42.0,28671,07-03-2019_m3954172709_p2,human,lol_2
50.0,-44.0,28680,07-03-2019_m3954172709_p2,human,lol_2
41.0,-45.0,28688,07-03-2019_m3954172709_p2,human,lol_2
29.0,-51.0,28696,07-03-2019_m3954172709_p2,human,lol_2
27.0,-52.0,28704,07-03-2019_m3954172709_p2,human,lol_2
22.0,-46.0,28712,07-03-2019_m3954172709_p2,human,lol_2
14.0,-37.0,28719,07-03-2019_m3954172709_p2,human,lol_2
14.0,-35.0,28727,07-03-2019_m3954172709_p2,human,lol_2
7.0,-26.0,28736,07-03-2019_m3954172709_p2,human,lol_2
0.0,-21.0,28743,07-03-2019_m3954172709_p2,human,lol_2
0.0,-19.0,28751,07-03-2019_m3954172709_p2,human,lol_2
0.0,-18.0,28759,07-03-2019_m3954172709_p2,human,lol_2
-1.0,-12.0,28767,07-03-2019_m3954172709_p2,human,lol_2
-1.0,-9.0,28775,07-03-2019_m3954172709_p2,human,lol_2
-2.0,-8.0,28783,07-03-2019_m3954172709_p2,human,lol_2
0.0,-7.0,28791,07-03-2019_m3954172709_p2,human,lol_2
0.0,-6.0,28799,07-03-2019_m3954172709_p2,human,lol_2
0.0,-1.0,28807,07-03-2019_m3954172709_p2,human,lol_2
1.0,-4.0,28815,07-03-2019_m3954172709_p2,human,lol_2
3.0,-2.0,28823,07-03-2019_m3954172709_p2,human,lol_2
4.0,-3.0,28831,07-03-2019_m3954172709_p2,human,lol_2
2.0,-2.0,28839,07-03-2019_m3954172709_p2,human,lol_2
5.0,0.0,28847,07-03-2019_m3954172709_p2,human,lol_2
9.0,0.0,28855,07-03-2019_m3954172709_p2,human,lol_2
10.0,3.0,28864,07-03-2019_m3954172709_p2,human,lol_2
9.0,2.0,28872,07-03-2019_m3954172709_p2,human,lol_2
10.0,3.0,28880,07-03-2019_m3954172709_p2,human,lol_2
13.0,2.0,28888,07-03-2019_m3954172709_p2,human,lol_2
15.0,2.0,28896,07-03-2019_m3954172709_p2,human,lol_2
9.0,0.0,28903,07-03-2019_m3954172709_p2,human,lol_2
11.0,-5.0,28912,07-03-2019_m3954172709_p2,human,lol_2
10.0,-9.0,28919,07-03-2019_m3954172709_p2,human,lol_2
4.0,-7.0,28927,07-03-2019_m3954172709_p2,human,lol_2
5.0,-10.0,28935,07-03-2019_m3954172709_p2,human,lol_2
3.0,-11.0,28943,07-03-2019_m3954172709_p2,human,lol_2
6.0,-8.0,28951,07-03-2019_m3954172709_p2,human,lol_2
7.0,-7.0,28959,07-03-2019_m3954172709_p2,human,lol_2
5.0,-6.0,28967,07-03-2019_m3954172709_p2,human,lol_2
5.0,-1.0,28975,07-03-2019_m3954172709_p2,human,lol_2
7.0,-4.0,28991,07-03-2019_m3954172709_p2,human,lol_2
4.0,-2.0,29072,07-03-2019_m3954172709_p2,human,lol_2
3.0,-1.0,29079,07-03-2019_m3954172709_p2,human,lol_2
4.0,-2.0,29088,07-03-2019_m3954172709_p2,human,lol_2
5.0,0.0,29119,07-03-2019_m3954172709_p2,human,lol_2
2.0,0.0,29167,07-03-2019_m3954172709_p2,human,lol_2
3.0,1.0,29175,07-03-2019_m3954172709_p2,human,lol_2
4.0,2.0,29183,07-03-2019_m3954172709_p2,human,lol_2
5.0,0.0,29191,07-03-2019_m3954172709_p2,human,lol_2
7.0,1.0,29199,07-03-2019_m3954172709_p2,human,lol_2
9.0,2.0,29207,07-03-2019_m3954172709_p2,human,lol_2
10.0,4.0,29215,07-03-2019_m3954172709_p2,human,lol_2
4.0,1.0,29223,07-03-2019_m3954172709_p2,human,lol_2
1.0,2.0,29231,07-03-2019_m3954172709_p2,human,lol_2
4.0,4.0,29240,07-03-2019_m3954172709_p2,human,lol_2
3.0,3.0,29248,07-03-2019_m3954172709_p2,human,lol_2
2.0,2.0,29256,07-03-2019_m3954172709_p2,human,lol_2
2.0,3.0,29264,07-03-2019_m3954172709_p2,human,lol_2
0.0,4.0,29272,07-03-2019_m3954172709_p2,human,lol_2
0.0,5.0,29280,07-03-2019_m3954172709_p2,human,lol_2
2.0,4.0,29288,07-03-2019_m3954172709_p2,human,lol_2
1.0,1.0,29383,07-03-2019_m3954172709_p2,human,lol_2
0.0,4.0,29391,07-03-2019_m3954172709_p2,human,lol_2
0.0,3.0,29399,07-03-2019_m3954172709_p2,human,lol_2
0.0,6.0,29407,07-03-2019_m3954172709_p2,human,lol_2
0.0,3.0,29415,07-03-2019_m3954172709_p2,human,lol_2
-2.0,7.0,29423,07-03-2019_m3954172709_p2,human,lol_2
-4.0,4.0,29432,07-03-2019_m3954172709_p2,human,lol_2
-2.0,1.0,29448,07-03-2019_m3954172709_p2,human,lol_2
-3.0,4.0,29456,07-03-2019_m3954172709_p2,human,lol_2
-2.0,0.0,29464,07-03-2019_m3954172709_p2,human,lol_2
-5.0,-1.0,29471,07-03-2019_m3954172709_p2,human,lol_2
-9.0,-12.0,29480,07-03-2019_m3954172709_p2,human,lol_2
-14.0,-16.0,29488,07-03-2019_m3954172709_p2,human,lol_2
-19.0,-23.0,29496,07-03-2019_m3954172709_p2,human,lol_2
-26.0,-21.0,29503,07-03-2019_m3954172709_p2,human,lol_2
-35.0,-26.0,29511,07-03-2019_m3954172709_p2,human,lol_2
-44.0,-28.0,29519,07-03-2019_m3954172709_p2,human,lol_2
-46.0,-25.0,29527,07-03-2019_m3954172709_p2,human,lol_2
-49.0,-24.0,29535,07-03-2019_m3954172709_p2,human,lol_2
-43.0,-16.0,29543,07-03-2019_m3954172709_p2,human,lol_2
-42.0,-14.0,29551,07-03-2019_m3954172709_p2,human,lol_2
-48.0,-5.0,29559,07-03-2019_m3954172709_p2,human,lol_2
-40.0,-7.0,29567,07-03-2019_m3954172709_p2,human,lol_2
-37.0,-4.0,29575,07-03-2019_m3954172709_p2,human,lol_2
-35.0,0.0,29583,07-03-2019_m3954172709_p2,human,lol_2
-29.0,0.0,29591,07-03-2019_m3954172709_p2,human,lol_2
-32.0,0.0,29599,07-03-2019_m3954172709_p2,human,lol_2
-26.0,0.0,29607,07-03-2019_m3954172709_p2,human,lol_2
-25.0,3.0,29615,07-03-2019_m3954172709_p2,human,lol_2
-21.0,5.0,29624,07-03-2019_m3954172709_p2,human,lol_2
-22.0,9.0,29632,07-03-2019_m3954172709_p2,human,lol_2
-23.0,14.0,29640,07-03-2019_m3954172709_p2,human,lol_2
-23.0,12.0,29647,07-03-2019_m3954172709_p2,human,lol_2
-28.0,14.0,29656,07-03-2019_m3954172709_p2,human,lol_2
-31.0,11.0,29663,07-03-2019_m3954172709_p2,human,lol_2
-30.0,16.0,29671,07-03-2019_m3954172709_p2,human,lol_2
-35.0,24.0,29679,07-03-2019_m3954172709_p2,human,lol_2
-28.0,26.0,29687,07-03-2019_m3954172709_p2,human,lol_2
-23.0,27.0,29695,07-03-2019_m3954172709_p2,human,lol_2
-14.0,29.0,29703,07-03-2019_m3954172709_p2,human,lol_2
-10.0,28.0,29711,07-03-2019_m3954172709_p2,human,lol_2
-2.0,11.0,29727,07-03-2019_m3954172709_p2,human,lol_2
-2.0,2.0,29735,07-03-2019_m3954172709_p2,human,lol_2
0.0,-1.0,29751,07-03-2019_m3954172709_p2,human,lol_2
1.0,-2.0,29759,07-03-2019_m3954172709_p2,human,lol_2
4.0,0.0,29767,07-03-2019_m3954172709_p2,human,lol_2
1.0,0.0,29775,07-03-2019_m3954172709_p2,human,lol_2
4.0,0.0,29791,07-03-2019_m3954172709_p2,human,lol_2
2.0,0.0,29799,07-03-2019_m3954172709_p2,human,lol_2
1.0,-2.0,29839,07-03-2019_m3954172709_p2,human,lol_2
6.0,0.0,29848,07-03-2019_m3954172709_p2,human,lol_2
1.0,0.0,29887,07-03-2019_m3954172709_p2,human,lol_2
2.0,1.0,29895,07-03-2019_m3954172709_p2,human,lol_2
4.0,4.0,29903,07-03-2019_m3954172709_p2,human,lol_2
0.0,3.0,29911,07-03-2019_m3954172709_p2,human,lol_2
-1.0,5.0,29919,07-03-2019_m3954172709_p2,human,lol_2
-6.0,6.0,29927,07-03-2019_m3954172709_p2,human,lol_2
-1.0,1.0,29935,07-03-2019_m3954172709_p2,human,lol_2
-4.0,7.0,29943,07-03-2019_m3954172709_p2,human,lol_2
-5.0,7.0,29951,07-03-2019_m3954172709_p2,human,lol_2
-5.0,11.0,29959,07-03-2019_m3954172709_p2,human,lol_2
-7.0,9.0,29967,07-03-2019_m3954172709_p2,human,lol_2
-7.0,10.0,29975,07-03-2019_m3954172709_p2,human,lol_2
-9.0,12.0,29983,07-03-2019_m3954172709_p2,human,lol_2
-9.0,18.0,29991,07-03-2019_m3954172709_p2,human,lol_2
-9.0,28.0,30000,07-03-2019_m3954172709_p2,human,lol_2
-5.0,24.0,30008,07-03-2019_m3954172709_p2,human,lol_2
0.0,18.0,30016,07-03-2019_m3954172709_p2,human,lol_2
-2.0,9.0,30024,07-03-2019_m3954172709_p2,human,lol_2
0.0,10.0,30031,07-03-2019_m3954172709_p2,human,lol_2
1.0,11.0,30040,07-03-2019_m3954172709_p2,human,lol_2
7.0,7.0,30048,07-03-2019_m3954172709_p2,human,lol_2
6.0,3.0,30055,07-03-2019_m3954172709_p2,human,lol_2
3.0,4.0,30063,07-03-2019_m3954172709_p2,human,lol_2
4.0,1.0,30071,07-03-2019_m3954172709_p2,human,lol_2
1.0,0.0,30119,07-03-2019_m3954172709_p2,human,lol_2
6.0,0.0,30127,07-03-2019_m3954172709_p2,human,lol_2
1.0,2.0,30135,07-03-2019_m3954172709_p2,human,lol_2
2.0,0.0,30143,07-03-2019_m3954172709_p2,human,lol_2
4.0,2.0,30151,07-03-2019_m3954172709_p2,human,lol_2
0.0,2.0,30159,07-03-2019_m3954172709_p2,human,lol_2
3.0,7.0,30167,07-03-2019_m3954172709_p2,human,lol_2
0.0,8.0,30175,07-03-2019_m3954172709_p2,human,lol_2
0.0,13.0,30183,07-03-2019_m3954172709_p2,human,lol_2
-10.0,17.0,30191,07-03-2019_m3954172709_p2,human,lol_2
-12.0,23.0,30199,07-03-2019_m3954172709_p2,human,lol_2
-16.0,26.0,30207,07-03-2019_m3954172709_p2,human,lol_2
-17.0,30.0,30215,07-03-2019_m3954172709_p2,human,lol_2
-18.0,26.0,30223,07-03-2019_m3954172709_p2,human,lol_2
-17.0,26.0,30231,07-03-2019_m3954172709_p2,human,lol_2
-14.0,27.0,30239,07-03-2019_m3954172709_p2,human,lol_2
-11.0,21.0,30247,07-03-2019_m3954172709_p2,human,lol_2
-7.0,19.0,30255,07-03-2019_m3954172709_p2,human,lol_2
-3.0,12.0,30263,07-03-2019_m3954172709_p2,human,lol_2
-2.0,9.0,30271,07-03-2019_m3954172709_p2,human,lol_2
0.0,2.0,30279,07-03-2019_m3954172709_p2,human,lol_2
0.0,3.0,30296,07-03-2019_m3954172709_p2,human,lol_2
1.0,2.0,30308,07-03-2019_m3954172709_p2,human,lol_2
2.0,0.0,30312,07-03-2019_m3954172709_p2,human,lol_2
5.0,-3.0,30319,07-03-2019_m3954172709_p2,human,lol_2
4.0,-5.0,30328,07-03-2019_m3954172709_p2,human,lol_2
1.0,-2.0,30351,07-03-2019_m3954172709_p2,human,lol_2
2.0,0.0,30367,07-03-2019_m3954172709_p2,human,lol_2
2.0,0.0,30383,07-03-2019_m3954172709_p2,human,lol_2
3.0,0.0,30391,07-03-2019_m3954172709_p2,human,lol_2
2.0,0.0,30423,07-03-2019_m3954172709_p2,human,lol_2
2.0,0.0,30431,07-03-2019_m3954172709_p2,human,lol_2
3.0,-5.0,30439,07-03-2019_m3954172709_p2,human,lol_2
4.0,-5.0,30447,07-03-2019_m3954172709_p2,human,lol_2
2.0,-2.0,30455,07-03-2019_m3954172709_p2,human,lol_2
7.0,-5.0,30463,07-03-2019_m3954172709_p2,human,lol_2
10.0,-4.0,30471,07-03-2019_m3954172709_p2,human,lol_2
11.0,-5.0,30479,07-03-2019_m3954172709_p2,human,lol_2
14.0,-4.0,30488,07-03-2019_m3954172709_p2,human,lol_2
15.0,-5.0,30496,07-03-2019_m3954172709_p2,human,lol_2
14.0,-7.0,30504,07-03-2019_m3954172709_p2,human,lol_2
18.0,-7.0,30511,07-03-2019_m3954172709_p2,human,lol_2
17.0,-7.0,30520,07-03-2019_m3954172709_p2,human,lol_2
18.0,-10.0,30528,07-03-2019_m3954172709_p2,human,lol_2
16.0,-11.0,30535,07-03-2019_m3954172709_p2,human,lol_2
7.0,-5.0,30543,07-03-2019_m3954172709_p2,human,lol_2
8.0,-9.0,30552,07-03-2019_m3954172709_p2,human,lol_2
4.0,-5.0,30559,07-03-2019_m3954172709_p2,human,lol_2
0.0,-2.0,30567,07-03-2019_m3954172709_p2,human,lol_2
0.0,-5.0,30575,07-03-2019_m3954172709_p2,human,lol_2
0.0,-4.0,30583,07-03-2019_m3954172709_p2,human,lol_2
2.0,-3.0,30591,07-03-2019_m3954172709_p2,human,lol_2
1.0,-4.0,30599,07-03-2019_m3954172709_p2,human,lol_2
4.0,-3.0,30607,07-03-2019_m3954172709_p2,human,lol_2
5.0,-7.0,30615,07-03-2019_m3954172709_p2,human,lol_2
7.0,-7.0,30623,07-03-2019_m3954172709_p2,human,lol_2
5.0,-4.0,30631,07-03-2019_m3954172709_p2,human,lol_2
0.0,-3.0,30639,07-03-2019_m3954172709_p2,human,lol_2
2.0,-2.0,30647,07-03-2019_m3954172709_p2,human,lol_2
0.0,-5.0,30655,07-03-2019_m3954172709_p2,human,lol_2
-3.0,-2.0,30663,07-03-2019_m3954172709_p2,human,lol_2
-19.0,1.0,30672,07-03-2019_m3954172709_p2,human,lol_2
-28.0,11.0,30680,07-03-2019_m3954172709_p2,human,lol_2
-40.0,17.0,30688,07-03-2019_m3954172709_p2,human,lol_2
-39.0,18.0,30696,07-03-2019_m3954172709_p2,human,lol_2
-45.0,24.0,30704,07-03-2019_m3954172709_p2,human,lol_2
-47.0,28.0,30711,07-03-2019_m3954172709_p2,human,lol_2
-46.0,32.0,30719,07-03-2019_m3954172709_p2,human,lol_2
-44.0,29.0,30727,07-03-2019_m3954172709_p2,human,lol_2
-45.0,34.0,30735,07-03-2019_m3954172709_p2,human,lol_2
-40.0,28.0,30743,07-03-2019_m3954172709_p2,human,lol_2
-35.0,24.0,30751,07-03-2019_m3954172709_p2,human,lol_2
-4.0,18.0,30759,07-03-2019_m3954172709_p2,human,lol_2
0.0,12.0,30767,07-03-2019_m3954172709_p2,human,lol_2
0.0,5.0,30775,07-03-2019_m3954172709_p2,human,lol_2
0.0,2.0,30791,07-03-2019_m3954172709_p2,human,lol_2
7.0,-10.0,30799,07-03-2019_m3954172709_p2,human,lol_2
19.0,-24.0,30807,07-03-2019_m3954172709_p2,human,lol_2
33.0,-27.0,30815,07-03-2019_m3954172709_p2,human,lol_2
51.0,-33.0,30823,07-03-2019_m3954172709_p2,human,lol_2
58.0,-40.0,30831,07-03-2019_m3954172709_p2,human,lol_2
61.0,-44.0,30839,07-03-2019_m3954172709_p2,human,lol_2
70.0,-44.0,30847,07-03-2019_m3954172709_p2,human,lol_2
70.0,-43.0,30855,07-03-2019_m3954172709_p2,human,lol_2
61.0,-35.0,30864,07-03-2019_m3954172709_p2,human,lol_2
53.0,-35.0,30872,07-03-2019_m3954172709_p2,human,lol_2
52.0,-37.0,30880,07-03-2019_m3954172709_p2,human,lol_2
40.0,-30.0,30888,07-03-2019_m3954172709_p2,human,lol_2
42.0,-31.0,30896,07-03-2019_m3954172709_p2,human,lol_2
41.0,-30.0,30903,07-03-2019_m3954172709_p2,human,lol_2
35.0,-32.0,30911,07-03-2019_m3954172709_p2,human,lol_2
31.0,-28.0,30919,07-03-2019_m3954172709_p2,human,lol_2
26.0,-24.0,30927,07-03-2019_m3954172709_p2,human,lol_2
27.0,-25.0,30935,07-03-2019_m3954172709_p2,human,lol_2
22.0,-22.0,30943,07-03-2019_m3954172709_p2,human,lol_2
11.0,-14.0,30951,07-03-2019_m3954172709_p2,human,lol_2
7.0,-7.0,30959,07-03-2019_m3954172709_p2,human,lol_2
2.0,-4.0,31007,07-03-2019_m3954172709_p2,human,lol_2
0.0,-3.0,31015,07-03-2019_m3954172709_p2,human,lol_2
3.0,-4.0,31023,07-03-2019_m3954172709_p2,human,lol_2
5.0,-3.0,31031,07-03-2019_m3954172709_p2,human,lol_2
9.0,-6.0,31039,07-03-2019_m3954172709_p2,human,lol_2
5.0,-3.0,31047,07-03-2019_m3954172709_p2,human,lol_2
7.0,-5.0,31056,07-03-2019_m3954172709_p2,human,lol_2
7.0,-7.0,31064,07-03-2019_m3954172709_p2,human,lol_2
7.0,-6.0,31072,07-03-2019_m3954172709_p2,human,lol_2
11.0,-8.0,31080,07-03-2019_m3954172709_p2,human,lol_2
10.0,-7.0,31088,07-03-2019_m3954172709_p2,human,lol_2
11.0,-9.0,31095,07-03-2019_m3954172709_p2,human,lol_2
17.0,-11.0,31103,07-03-2019_m3954172709_p2,human,lol_2
18.0,-8.0,31111,07-03-2019_m3954172709_p2,human,lol_2
19.0,-9.0,31119,07-03-2019_m3954172709_p2,human,lol_2
19.0,-12.0,31127,07-03-2019_m3954172709_p2,human,lol_2
16.0,-13.0,31135,07-03-2019_m3954172709_p2,human,lol_2
18.0,-14.0,31143,07-03-2019_m3954172709_p2,human,lol_2
14.0,-14.0,31151,07-03-2019_m3954172709_p2,human,lol_2
12.0,-15.0,31159,07-03-2019_m3954172709_p2,human,lol_2
7.0,-16.0,31167,07-03-2019_m3954172709_p2,human,lol_2
5.0,-16.0,31175,07-03-2019_m3954172709_p2,human,lol_2
7.0,-12.0,31183,07-03-2019_m3954172709_p2,human,lol_2
5.0,-14.0,31191,07-03-2019_m3954172709_p2,human,lol_2
4.0,-9.0,31199,07-03-2019_m3954172709_p2,human,lol_2
5.0,-7.0,31207,07-03-2019_m3954172709_p2,human,lol_2
4.0,-5.0,31288,07-03-2019_m3954172709_p2,human,lol_2
-10.0,8.0,31295,07-03-2019_m3954172709_p2,human,lol_2
-21.0,19.0,31303,07-03-2019_m3954172709_p2,human,lol_2
-25.0,23.0,31311,07-03-2019_m3954172709_p2,human,lol_2
-35.0,31.0,31319,07-03-2019_m3954172709_p2,human,lol_2
-47.0,39.0,31327,07-03-2019_m3954172709_p2,human,lol_2
-49.0,45.0,31335,07-03-2019_m3954172709_p2,human,lol_2
-56.0,49.0,31343,07-03-2019_m3954172709_p2,human,lol_2
-68.0,63.0,31351,07-03-2019_m3954172709_p2,human,lol_2
-77.0,63.0,31359,07-03-2019_m3954172709_p2,human,lol_2
-72.0,69.0,31367,07-03-2019_m3954172709_p2,human,lol_2
-77.0,68.0,31375,07-03-2019_m3954172709_p2,human,lol_2
-72.0,61.0,31383,07-03-2019_m3954172709_p2,human,lol_2
-54.0,51.0,31391,07-03-2019_m3954172709_p2,human,lol_2
-51.0,44.0,31399,07-03-2019_m3954172709_p2,human,lol_2
-38.0,31.0,31407,07-03-2019_m3954172709_p2,human,lol_2
-26.0,23.0,31415,07-03-2019_m3954172709_p2,human,lol_2
-16.0,14.0,31423,07-03-2019_m3954172709_p2,human,lol_2
-7.0,7.0,31455,07-03-2019_m3954172709_p2,human,lol_2
13.0,-6.0,31463,07-03-2019_m3954172709_p2,human,lol_2
12.0,-11.0,31471,07-03-2019_m3954172709_p2,human,lol_2
13.0,-9.0,31479,07-03-2019_m3954172709_p2,human,lol_2
14.0,-7.0,31487,07-03-2019_m3954172709_p2,human,lol_2
5.0,-1.0,31495,07-03-2019_m3954172709_p2,human,lol_2
3.0,-2.0,31503,07-03-2019_m3954172709_p2,human,lol_2
2.0,0.0,31511,07-03-2019_m3954172709_p2,human,lol_2
2.0,0.0,31519,07-03-2019_m3954172709_p2,human,lol_2
2.0,0.0,31527,07-03-2019_m3954172709_p2,human,lol_2
3.0,0.0,31535,07-03-2019_m3954172709_p2,human,lol_2
2.0,0.0,31543,07-03-2019_m3954172709_p2,human,lol_2
2.0,0.0,31551,07-03-2019_m3954172709_p2,human,lol_2
1.0,-2.0,31567,07-03-2019_m3954172709_p2,human,lol_2
0.0,-2.0,31575,07-03-2019_m3954172709_p2,human,lol_2
0.0,-1.0,31607,07-03-2019_m3954172709_p2,human,lol_2
0.0,1.0,31615,07-03-2019_m3954172709_p2,human,lol_2
-8.0,12.0,31623,07-03-2019_m3954172709_p2,human,lol_2
-14.0,19.0,31631,07-03-2019_m3954172709_p2,human,lol_2
-10.0,16.0,31639,07-03-2019_m3954172709_p2,human,lol_2
-7.0,9.0,31647,07-03-2019_m3954172709_p2,human,lol_2
-4.0,7.0,31655,07-03-2019_m3954172709_p2,human,lol_2
0.0,3.0,31663,07-03-2019_m3954172709_p2,human,lol_2
0.0,4.0,31679,07-03-2019_m3954172709_p2,human,lol_2
3.0,3.0,31695,07-03-2019_m3954172709_p2,human,lol_2
4.0,0.0,31703,07-03-2019_m3954172709_p2,human,lol_2
7.0,-3.0,31711,07-03-2019_m3954172709_p2,human,lol_2
1.0,-10.0,31719,07-03-2019_m3954172709_p2,human,lol_2
2.0,-9.0,31727,07-03-2019_m3954172709_p2,human,lol_2
0.0,-10.0,31735,07-03-2019_m3954172709_p2,human,lol_2
0.0,-7.0,31743,07-03-2019_m3954172709_p2,human,lol_2
0.0,-2.0,31768,07-03-2019_m3954172709_p2,human,lol_2
-4.0,6.0,31776,07-03-2019_m3954172709_p2,human,lol_2
-2.0,14.0,31783,07-03-2019_m3954172709_p2,human,lol_2
-5.0,12.0,31791,07-03-2019_m3954172709_p2,human,lol_2
-4.0,16.0,31799,07-03-2019_m3954172709_p2,human,lol_2
-3.0,12.0,31807,07-03-2019_m3954172709_p2,human,lol_2
-6.0,16.0,31815,07-03-2019_m3954172709_p2,human,lol_2
-7.0,14.0,31823,07-03-2019_m3954172709_p2,human,lol_2
-7.0,16.0,31831,07-03-2019_m3954172709_p2,human,lol_2
-5.0,14.0,31839,07-03-2019_m3954172709_p2,human,lol_2
-10.0,16.0,31847,07-03-2019_m3954172709_p2,human,lol_2
-11.0,8.0,31855,07-03-2019_m3954172709_p2,human,lol_2
-9.0,11.0,31863,07-03-2019_m3954172709_p2,human,lol_2
-5.0,5.0,31871,07-03-2019_m3954172709_p2,human,lol_2
-7.0,5.0,31887,07-03-2019_m3954172709_p2,human,lol_2
-3.0,0.0,31911,07-03-2019_m3954172709_p2,human,lol_2
-2.0,-4.0,31919,07-03-2019_m3954172709_p2,human,lol_2
3.0,-5.0,31927,07-03-2019_m3954172709_p2,human,lol_2
1.0,-2.0,31935,07-03-2019_m3954172709_p2,human,lol_2
4.0,-2.0,31943,07-03-2019_m3954172709_p2,human,lol_2
5.0,-2.0,31952,07-03-2019_m3954172709_p2,human,lol_2
5.0,-1.0,31960,07-03-2019_m3954172709_p2,human,lol_2
6.0,-2.0,31968,07-03-2019_m3954172709_p2,human,lol_2
7.0,-5.0,31975,07-03-2019_m3954172709_p2,human,lol_2
8.0,-7.0,31983,07-03-2019_m3954172709_p2,human,lol_2
9.0,-7.0,31991,07-03-2019_m3954172709_p2,human,lol_2
11.0,-11.0,31999,07-03-2019_m3954172709_p2,human,lol_2
14.0,-10.0,32007,07-03-2019_m3954172709_p2,human,lol_2
14.0,-13.0,32015,07-03-2019_m3954172709_p2,human,lol_2
19.0,-14.0,32023,07-03-2019_m3954172709_p2,human,lol_2
24.0,-17.0,32031,07-03-2019_m3954172709_p2,human,lol_2
27.0,-18.0,32039,07-03-2019_m3954172709_p2,human,lol_2
29.0,-21.0,32047,07-03-2019_m3954172709_p2,human,lol_2
30.0,-21.0,32055,07-03-2019_m3954172709_p2,human,lol_2
26.0,-21.0,32063,07-03-2019_m3954172709_p2,human,lol_2
25.0,-19.0,32071,07-03-2019_m3954172709_p2,human,lol_2
26.0,-19.0,32079,07-03-2019_m3954172709_p2,human,lol_2
25.0,-19.0,32087,07-03-2019_m3954172709_p2,human,lol_2
24.0,-16.0,32095,07-03-2019_m3954172709_p2,human,lol_2
26.0,-19.0,32103,07-03-2019_m3954172709_p2,human,lol_2
23.0,-20.0,32111,07-03-2019_m3954172709_p2,human,lol_2
25.0,-19.0,32119,07-03-2019_m3954172709_p2,human,lol_2
22.0,-19.0,32128,07-03-2019_m3954172709_p2,human,lol_2
20.0,-18.0,32135,07-03-2019_m3954172709_p2,human,lol_2
17.0,-17.0,32144,07-03-2019_m3954172709_p2,human,lol_2
14.0,-19.0,32152,07-03-2019_m3954172709_p2,human,lol_2
11.0,-16.0,32160,07-03-2019_m3954172709_p2,human,lol_2
8.0,-12.0,32168,07-03-2019_m3954172709_p2,human,lol_2
7.0,-13.0,32175,07-03-2019_m3954172709_p2,human,lol_2
6.0,-8.0,32183,07-03-2019_m3954172709_p2,human,lol_2
8.0,-11.0,32191,07-03-2019_m3954172709_p2,human,lol_2
7.0,-7.0,32199,07-03-2019_m3954172709_p2,human,lol_2
11.0,-7.0,32207,07-03-2019_m3954172709_p2,human,lol_2
12.0,-9.0,32215,07-03-2019_m3954172709_p2,human,lol_2
9.0,-7.0,32223,07-03-2019_m3954172709_p2,human,lol_2
9.0,-5.0,32231,07-03-2019_m3954172709_p2,human,lol_2
1.0,-2.0,32263,07-03-2019_m3954172709_p2,human,lol_2
-22.0,8.0,32271,07-03-2019_m3954172709_p2,human,lol_2
-36.0,21.0,32279,07-03-2019_m3954172709_p2,human,lol_2
-51.0,27.0,32287,07-03-2019_m3954172709_p2,human,lol_2
-58.0,40.0,32295,07-03-2019_m3954172709_p2,human,lol_2
-65.0,42.0,32303,07-03-2019_m3954172709_p2,human,lol_2
-75.0,44.0,32311,07-03-2019_m3954172709_p2,human,lol_2
-87.0,52.0,32319,07-03-2019_m3954172709_p2,human,lol_2
-90.0,49.0,32327,07-03-2019_m3954172709_p2,human,lol_2
-87.0,53.0,32336,07-03-2019_m3954172709_p2,human,lol_2
-88.0,56.0,32343,07-03-2019_m3954172709_p2,human,lol_2
-73.0,49.0,32352,07-03-2019_m3954172709_p2,human,lol_2
-56.0,42.0,32359,07-03-2019_m3954172709_p2,human,lol_2
-11.0,31.0,32367,07-03-2019_m3954172709_p2,human,lol_2
0.0,26.0,32375,07-03-2019_m3954172709_p2,human,lol_2
0.0,14.0,32383,07-03-2019_m3954172709_p2,human,lol_2
0.0,9.0,32391,07-03-2019_m3954172709_p2,human,lol_2
0.0,2.0,32407,07-03-2019_m3954172709_p2,human,lol_2
7.0,2.0,32415,07-03-2019_m3954172709_p2,human,lol_2
12.0,0.0,32423,07-03-2019_m3954172709_p2,human,lol_2
12.0,-8.0,32431,07-03-2019_m3954172709_p2,human,lol_2
11.0,-7.0,32439,07-03-2019_m3954172709_p2,human,lol_2
7.0,-6.0,32447,07-03-2019_m3954172709_p2,human,lol_2
7.0,-1.0,32455,07-03-2019_m3954172709_p2,human,lol_2
5.0,-2.0,32463,07-03-2019_m3954172709_p2,human,lol_2
5.0,-2.0,32471,07-03-2019_m3954172709_p2,human,lol_2
2.0,0.0,32479,07-03-2019_m3954172709_p2,human,lol_2
3.0,0.0,32487,07-03-2019_m3954172709_p2,human,lol_2
4.0,1.0,32495,07-03-2019_m3954172709_p2,human,lol_2
7.0,2.0,32504,07-03-2019_m3954172709_p2,human,lol_2
7.0,0.0,32511,07-03-2019_m3954172709_p2,human,lol_2
7.0,0.0,32520,07-03-2019_m3954172709_p2,human,lol_2
5.0,0.0,32527,07-03-2019_m3954172709_p2,human,lol_2
4.0,-3.0,32535,07-03-2019_m3954172709_p2,human,lol_2
3.0,-3.0,32583,07-03-2019_m3954172709_p2,human,lol_2
-10.0,8.0,32591,07-03-2019_m3954172709_p2,human,lol_2
-10.0,12.0,32599,07-03-2019_m3954172709_p2,human,lol_2
-12.0,14.0,32607,07-03-2019_m3954172709_p2,human,lol_2
-14.0,16.0,32615,07-03-2019_m3954172709_p2,human,lol_2
-16.0,17.0,32623,07-03-2019_m3954172709_p2,human,lol_2
-14.0,18.0,32631,07-03-2019_m3954172709_p2,human,lol_2
-16.0,17.0,32639,07-03-2019_m3954172709_p2,human,lol_2
-16.0,18.0,32647,07-03-2019_m3954172709_p2,human,lol_2
0.0,10.0,32655,07-03-2019_m3954172709_p2,human,lol_2
0.0,0.0,32663,07-03-2019_m3954172709_p2,human,lol_2
0.0,0.0,32671,07-03-2019_m3954172709_p2,human,lol_2
0.0,0.0,32679,07-03-2019_m3954172709_p2,human,lol_2
0.0,0.0,32703,07-03-2019_m3954172709_p2,human,lol_2
3.0,-6.0,32712,07-03-2019_m3954172709_p2,human,lol_2
17.0,-18.0,32720,07-03-2019_m3954172709_p2,human,lol_2
18.0,-17.0,32727,07-03-2019_m3954172709_p2,human,lol_2
26.0,-27.0,32735,07-03-2019_m3954172709_p2,human,lol_2
25.0,-24.0,32743,07-03-2019_m3954172709_p2,human,lol_2
21.0,-19.0,32751,07-03-2019_m3954172709_p2,human,lol_2
15.0,-13.0,32759,07-03-2019_m3954172709_p2,human,lol_2
14.0,-8.0,32767,07-03-2019_m3954172709_p2,human,lol_2
11.0,-9.0,32775,07-03-2019_m3954172709_p2,human,lol_2
2.0,-2.0,32799,07-03-2019_m3954172709_p2,human,lol_2
0.0,10.0,32807,07-03-2019_m3954172709_p2,human,lol_2
-7.0,17.0,32815,07-03-2019_m3954172709_p2,human,lol_2
-12.0,18.0,32823,07-03-2019_m3954172709_p2,human,lol_2
-12.0,17.0,32831,07-03-2019_m3954172709_p2,human,lol_2
-11.0,14.0,32839,07-03-2019_m3954172709_p2,human,lol_2
-8.0,13.0,32847,07-03-2019_m3954172709_p2,human,lol_2
-4.0,3.0,32863,07-03-2019_m3954172709_p2,human,lol_2
-2.0,2.0,32871,07-03-2019_m3954172709_p2,human,lol_2
0.0,-3.0,32879,07-03-2019_m3954172709_p2,human,lol_2
19.0,-19.0,32887,07-03-2019_m3954172709_p2,human,lol_2
24.0,-30.0,32895,07-03-2019_m3954172709_p2,human,lol_2
25.0,-30.0,32904,07-03-2019_m3954172709_p2,human,lol_2
35.0,-31.0,32911,07-03-2019_m3954172709_p2,human,lol_2
24.0,-23.0,32920,07-03-2019_m3954172709_p2,human,lol_2
23.0,-23.0,32927,07-03-2019_m3954172709_p2,human,lol_2
18.0,-21.0,32935,07-03-2019_m3954172709_p2,human,lol_2
14.0,-15.0,32943,07-03-2019_m3954172709_p2,human,lol_2
10.0,-11.0,32951,07-03-2019_m3954172709_p2,human,lol_2
7.0,-9.0,32959,07-03-2019_m3954172709_p2,human,lol_2
4.0,-5.0,32967,07-03-2019_m3954172709_p2,human,lol_2
3.0,-3.0,32975,07-03-2019_m3954172709_p2,human,lol_2
4.0,-4.0,32983,07-03-2019_m3954172709_p2,human,lol_2
1.0,-2.0,32991,07-03-2019_m3954172709_p2,human,lol_2
4.0,-3.0,32999,07-03-2019_m3954172709_p2,human,lol_2
5.0,-5.0,33007,07-03-2019_m3954172709_p2,human,lol_2
7.0,-7.0,33015,07-03-2019_m3954172709_p2,human,lol_2
9.0,-9.0,33023,07-03-2019_m3954172709_p2,human,lol_2
10.0,-11.0,33035,07-03-2019_m3954172709_p2,human,lol_2
7.0,-8.0,33039,07-03-2019_m3954172709_p2,human,lol_2
11.0,-9.0,33047,07-03-2019_m3954172709_p2,human,lol_2
14.0,-9.0,33055,07-03-2019_m3954172709_p2,human,lol_2
14.0,-9.0,33063,07-03-2019_m3954172709_p2,human,lol_2
21.0,-8.0,33071,07-03-2019_m3954172709_p2,human,lol_2
23.0,-11.0,33079,07-03-2019_m3954172709_p2,human,lol_2
22.0,-9.0,33087,07-03-2019_m3954172709_p2,human,lol_2
25.0,-10.0,33096,07-03-2019_m3954172709_p2,human,lol_2
24.0,-12.0,33103,07-03-2019_m3954172709_p2,human,lol_2
21.0,-11.0,33111,07-03-2019_m3954172709_p2,human,lol_2
18.0,-10.0,33119,07-03-2019_m3954172709_p2,human,lol_2
17.0,-11.0,33127,07-03-2019_m3954172709_p2,human,lol_2
14.0,-12.0,33135,07-03-2019_m3954172709_p2,human,lol_2
13.0,-9.0,33143,07-03-2019_m3954172709_p2,human,lol_2
8.0,-9.0,33151,07-03-2019_m3954172709_p2,human,lol_2
4.0,-5.0,33159,07-03-2019_m3954172709_p2,human,lol_2
5.0,-7.0,33167,07-03-2019_m3954172709_p2,human,lol_2
7.0,-9.0,33175,07-03-2019_m3954172709_p2,human,lol_2
5.0,-5.0,33183,07-03-2019_m3954172709_p2,human,lol_2
7.0,-7.0,33191,07-03-2019_m3954172709_p2,human,lol_2
6.0,-5.0,33199,07-03-2019_m3954172709_p2,human,lol_2
5.0,-5.0,33207,07-03-2019_m3954172709_p2,human,lol_2
5.0,-6.0,33215,07-03-2019_m3954172709_p2,human,lol_2
9.0,-8.0,33223,07-03-2019_m3954172709_p2,human,lol_2
2.0,-4.0,33231,07-03-2019_m3954172709_p2,human,lol_2
1.0,-2.0,33239,07-03-2019_m3954172709_p2,human,lol_2
4.0,-3.0,33255,07-03-2019_m3954172709_p2,human,lol_2
0.0,-2.0,33272,07-03-2019_m3954172709_p2,human,lol_2
-8.0,1.0,33280,07-03-2019_m3954172709_p2,human,lol_2
-25.0,11.0,33288,07-03-2019_m3954172709_p2,human,lol_2
-40.0,17.0,33295,07-03-2019_m3954172709_p2,human,lol_2
-49.0,21.0,33304,07-03-2019_m3954172709_p2,human,lol_2
-54.0,28.0,33311,07-03-2019_m3954172709_p2,human,lol_2
-65.0,35.0,33319,07-03-2019_m3954172709_p2,human,lol_2
-73.0,44.0,33327,07-03-2019_m3954172709_p2,human,lol_2
-74.0,51.0,33335,07-03-2019_m3954172709_p2,human,lol_2
-79.0,49.0,33343,07-03-2019_m3954172709_p2,human,lol_2
-87.0,59.0,33351,07-03-2019_m3954172709_p2,human,lol_2
-81.0,54.0,33359,07-03-2019_m3954172709_p2,human,lol_2
-19.0,51.0,33367,07-03-2019_m3954172709_p2,human,lol_2
0.0,46.0,33375,07-03-2019_m3954172709_p2,human,lol_2
0.0,31.0,33383,07-03-2019_m3954172709_p2,human,lol_2
0.0,19.0,33391,07-03-2019_m3954172709_p2,human,lol_2
0.0,9.0,33399,07-03-2019_m3954172709_p2,human,lol_2
0.0,0.0,33415,07-03-2019_m3954172709_p2,human,lol_2
4.0,-11.0,33423,07-03-2019_m3954172709_p2,human,lol_2
21.0,-20.0,33431,07-03-2019_m3954172709_p2,human,lol_2
39.0,-26.0,33439,07-03-2019_m3954172709_p2,human,lol_2
42.0,-26.0,33447,07-03-2019_m3954172709_p2,human,lol_2
31.0,-21.0,33455,07-03-2019_m3954172709_p2,human,lol_2
33.0,-18.0,33463,07-03-2019_m3954172709_p2,human,lol_2
41.0,-15.0,33472,07-03-2019_m3954172709_p2,human,lol_2
35.0,-20.0,33479,07-03-2019_m3954172709_p2,human,lol_2
38.0,-17.0,33487,07-03-2019_m3954172709_p2,human,lol_2
37.0,-18.0,33495,07-03-2019_m3954172709_p2,human,lol_2
31.0,-14.0,33504,07-03-2019_m3954172709_p2,human,lol_2
25.0,-14.0,33511,07-03-2019_m3954172709_p2,human,lol_2
26.0,-15.0,33519,07-03-2019_m3954172709_p2,human,lol_2
25.0,-14.0,33527,07-03-2019_m3954172709_p2,human,lol_2
24.0,-16.0,33535,07-03-2019_m3954172709_p2,human,lol_2
26.0,-14.0,33543,07-03-2019_m3954172709_p2,human,lol_2
32.0,-14.0,33551,07-03-2019_m3954172709_p2,human,lol_2
28.0,-12.0,33559,07-03-2019_m3954172709_p2,human,lol_2
24.0,-9.0,33567,07-03-2019_m3954172709_p2,human,lol_2
20.0,-9.0,33575,07-03-2019_m3954172709_p2,human,lol_2
14.0,-7.0,33583,07-03-2019_m3954172709_p2,human,lol_2
5.0,-5.0,33591,07-03-2019_m3954172709_p2,human,lol_2
2.0,-2.0,33599,07-03-2019_m3954172709_p2,human,lol_2
1.0,-2.0,33631,07-03-2019_m3954172709_p2,human,lol_2
0.0,-3.0,33639,07-03-2019_m3954172709_p2,human,lol_2
0.0,-2.0,33647,07-03-2019_m3954172709_p2,human,lol_2
-1.0,-3.0,33672,07-03-2019_m3954172709_p2,human,lol_2
-1.0,-6.0,33679,07-03-2019_m3954172709_p2,human,lol_2
-7.0,0.0,33687,07-03-2019_m3954172709_p2,human,lol_2
-11.0,0.0,33695,07-03-2019_m3954172709_p2,human,lol_2
-16.0,10.0,33703,07-03-2019_m3954172709_p2,human,lol_2
-19.0,16.0,33711,07-03-2019_m3954172709_p2,human,lol_2
-16.0,14.0,33719,07-03-2019_m3954172709_p2,human,lol_2
-19.0,16.0,33727,07-03-2019_m3954172709_p2,human,lol_2
-19.0,15.0,33735,07-03-2019_m3954172709_p2,human,lol_2
-16.0,11.0,33743,07-03-2019_m3954172709_p2,human,lol_2
-14.0,9.0,33751,07-03-2019_m3954172709_p2,human,lol_2
-12.0,1.0,33759,07-03-2019_m3954172709_p2,human,lol_2
-14.0,4.0,33767,07-03-2019_m3954172709_p2,human,lol_2
-11.0,-3.0,33775,07-03-2019_m3954172709_p2,human,lol_2
-3.0,-17.0,33783,07-03-2019_m3954172709_p2,human,lol_2
-4.0,-28.0,33791,07-03-2019_m3954172709_p2,human,lol_2
1.0,-9.0,33903,07-03-2019_m3954172709_p2,human,lol_2
7.0,4.0,33911,07-03-2019_m3954172709_p2,human,lol_2
-1.0,6.0,33919,07-03-2019_m3954172709_p2,human,lol_2
-28.0,3.0,33927,07-03-2019_m3954172709_p2,human,lol_2
-50.0,5.0,33935,07-03-2019_m3954172709_p2,human,lol_2
-56.0,18.0,33943,07-03-2019_m3954172709_p2,human,lol_2
-62.0,21.0,33951,07-03-2019_m3954172709_p2,human,lol_2
-59.0,14.0,33959,07-03-2019_m3954172709_p2,human,lol_2
-61.0,17.0,33967,07-03-2019_m3954172709_p2,human,lol_2
-60.0,18.0,33975,07-03-2019_m3954172709_p2,human,lol_2
-52.0,17.0,33983,07-03-2019_m3954172709_p2,human,lol_2
0.0,23.0,33991,07-03-2019_m3954172709_p2,human,lol_2
0.0,18.0,33999,07-03-2019_m3954172709_p2,human,lol_2
0.0,21.0,34007,07-03-2019_m3954172709_p2,human,lol_2
0.0,10.0,34015,07-03-2019_m3954172709_p2,human,lol_2
0.0,4.0,34055,07-03-2019_m3954172709_p2,human,lol_2
10.0,-8.0,34063,07-03-2019_m3954172709_p2,human,lol_2
15.0,-11.0,34071,07-03-2019_m3954172709_p2,human,lol_2
14.0,-10.0,34079,07-03-2019_m3954172709_p2,human,lol_2
11.0,-7.0,34087,07-03-2019_m3954172709_p2,human,lol_2
7.0,-6.0,34095,07-03-2019_m3954172709_p2,human,lol_2
3.0,-3.0,34103,07-03-2019_m3954172709_p2,human,lol_2
9.0,-4.0,34111,07-03-2019_m3954172709_p2,human,lol_2
9.0,0.0,34119,07-03-2019_m3954172709_p2,human,lol_2
5.0,-1.0,34127,07-03-2019_m3954172709_p2,human,lol_2
2.0,0.0,34143,07-03-2019_m3954172709_p2,human,lol_2
2.0,0.0,34151,07-03-2019_m3954172709_p2,human,lol_2
3.0,0.0,34167,07-03-2019_m3954172709_p2,human,lol_2
2.0,0.0,34191,07-03-2019_m3954172709_p2,human,lol_2
2.0,0.0,34199,07-03-2019_m3954172709_p2,human,lol_2
5.0,0.0,34207,07-03-2019_m3954172709_p2,human,lol_2
5.0,0.0,34215,07-03-2019_m3954172709_p2,human,lol_2
9.0,-6.0,34224,07-03-2019_m3954172709_p2,human,lol_2
12.0,-7.0,34231,07-03-2019_m3954172709_p2,human,lol_2
12.0,-3.0,34239,07-03-2019_m3954172709_p2,human,lol_2
9.0,-2.0,34247,07-03-2019_m3954172709_p2,human,lol_2
5.0,0.0,34255,07-03-2019_m3954172709_p2,human,lol_2
2.0,0.0,34271,07-03-2019_m3954172709_p2,human,lol_2
2.0,0.0,34367,07-03-2019_m3954172709_p2,human,lol_2
2.0,0.0,34375,07-03-2019_m3954172709_p2,human,lol_2
3.0,0.0,34383,07-03-2019_m3954172709_p2,human,lol_2
2.0,0.0,34391,07-03-2019_m3954172709_p2,human,lol_2
2.0,0.0,34399,07-03-2019_m3954172709_p2,human,lol_2
1.0,-2.0,34471,07-03-2019_m3954172709_p2,human,lol_2
2.0,-1.0,34631,07-03-2019_m3954172709_p2,human,lol_2
2.0,1.0,34679,07-03-2019_m3954172709_p2,human,lol_2
2.0,0.0,34687,07-03-2019_m3954172709_p2,human,lol_2
1.0,-1.0,34703,07-03-2019_m3954172709_p2,human,lol_2
0.0,-2.0,34759,07-03-2019_m3954172709_p2,human,lol_2
0.0,-2.0,34767,07-03-2019_m3954172709_p2,human,lol_2
2.0,-3.0,34775,07-03-2019_m3954172709_p2,human,lol_2
2.0,-2.0,34847,07-03-2019_m3954172709_p2,human,lol_2
-15.0,11.0,34855,07-03-2019_m3954172709_p2,human,lol_2
-21.0,11.0,34863,07-03-2019_m3954172709_p2,human,lol_2
-33.0,16.0,34871,07-03-2019_m3954172709_p2,human,lol_2
-44.0,17.0,34879,07-03-2019_m3954172709_p2,human,lol_2
-44.0,18.0,34887,07-03-2019_m3954172709_p2,human,lol_2
-19.0,26.0,34895,07-03-2019_m3954172709_p2,human,lol_2
0.0,26.0,34903,07-03-2019_m3954172709_p2,human,lol_2
0.0,25.0,34911,07-03-2019_m3954172709_p2,human,lol_2
0.0,28.0,34919,07-03-2019_m3954172709_p2,human,lol_2
0.0,19.0,34927,07-03-2019_m3954172709_p2,human,lol_2
0.0,0.0,34935,07-03-2019_m3954172709_p2,human,lol_2
0.0,0.0,34943,07-03-2019_m3954172709_p2,human,lol_2
0.0,0.0,34951,07-03-2019_m3954172709_p2,human,lol_2
0.0,0.0,34959,07-03-2019_m3954172709_p2,human,lol_2
0.0,0.0,34968,07-03-2019_m3954172709_p2,human,lol_2
0.0,0.0,34975,07-03-2019_m3954172709_p2,human,lol_2
0.0,0.0,34983,07-03-2019_m3954172709_p2,human,lol_2
0.0,0.0,34991,07-03-2019_m3954172709_p2,human,lol_2
0.0,0.0,34999,07-03-2019_m3954172709_p2,human,lol_2
6.0,0.0,35007,07-03-2019_m3954172709_p2,human,lol_2
14.0,0.0,35015,07-03-2019_m3954172709_p2,human,lol_2
19.0,-7.0,35023,07-03-2019_m3954172709_p2,human,lol_2
21.0,-15.0,35031,07-03-2019_m3954172709_p2,human,lol_2
25.0,-18.0,35039,07-03-2019_m3954172709_p2,human,lol_2
26.0,-19.0,35047,07-03-2019_m3954172709_p2,human,lol_2
26.0,-21.0,35055,07-03-2019_m3954172709_p2,human,lol_2
32.0,-21.0,35063,07-03-2019_m3954172709_p2,human,lol_2
30.0,-19.0,35071,07-03-2019_m3954172709_p2,human,lol_2
26.0,-11.0,35079,07-03-2019_m3954172709_p2,human,lol_2
24.0,-7.0,35087,07-03-2019_m3954172709_p2,human,lol_2
20.0,-5.0,35095,07-03-2019_m3954172709_p2,human,lol_2
14.0,-2.0,35103,07-03-2019_m3954172709_p2,human,lol_2
8.0,0.0,35111,07-03-2019_m3954172709_p2,human,lol_2
4.0,0.0,35168,07-03-2019_m3954172709_p2,human,lol_2
3.0,0.0,35184,07-03-2019_m3954172709_p2,human,lol_2
2.0,-2.0,35191,07-03-2019_m3954172709_p2,human,lol_2
0.0,-3.0,35199,07-03-2019_m3954172709_p2,human,lol_2
0.0,-4.0,35207,07-03-2019_m3954172709_p2,human,lol_2
0.0,-7.0,35216,07-03-2019_m3954172709_p2,human,lol_2
0.0,-3.0,35223,07-03-2019_m3954172709_p2,human,lol_2
2.0,-7.0,35231,07-03-2019_m3954172709_p2,human,lol_2
0.0,-4.0,35239,07-03-2019_m3954172709_p2,human,lol_2
2.0,-3.0,35391,07-03-2019_m3954172709_p2,human,lol_2
0.0,-2.0,35399,07-03-2019_m3954172709_p2,human,lol_2
0.0,-2.0,35407,07-03-2019_m3954172709_p2,human,lol_2
1.0,-5.0,35415,07-03-2019_m3954172709_p2,human,lol_2
4.0,-3.0,35431,07-03-2019_m3954172709_p2,human,lol_2
0.0,-4.0,35439,07-03-2019_m3954172709_p2,human,lol_2
0.0,-2.0,35455,07-03-2019_m3954172709_p2,human,lol_2
0.0,-1.0,35623,07-03-2019_m3954172709_p2,human,lol_2
2.0,-2.0,35639,07-03-2019_m3954172709_p2,human,lol_2
1.0,-2.0,35647,07-03-2019_m3954172709_p2,human,lol_2
6.0,0.0,35655,07-03-2019_m3954172709_p2,human,lol_2
8.0,0.0,36087,07-03-2019_m3954172709_p2,human,lol_2
2.0,0.0,36159,07-03-2019_m3954172709_p2,human,lol_2
-4.0,0.0,36167,07-03-2019_m3954172709_p2,human,lol_2
-14.0,0.0,36175,07-03-2019_m3954172709_p2,human,lol_2
-16.0,0.0,36183,07-03-2019_m3954172709_p2,human,lol_2
-16.0,0.0,36191,07-03-2019_m3954172709_p2,human,lol_2
-21.0,0.0,36199,07-03-2019_m3954172709_p2,human,lol_2
-17.0,0.0,36207,07-03-2019_m3954172709_p2,human,lol_2
-11.0,1.0,36215,07-03-2019_m3954172709_p2,human,lol_2
-9.0,0.0,36223,07-03-2019_m3954172709_p2,human,lol_2
-5.0,4.0,36455,07-03-2019_m3954172709_p2,human,lol_2
-5.0,0.0,36463,07-03-2019_m3954172709_p2,human,lol_2
-18.0,3.0,36471,07-03-2019_m3954172709_p2,human,lol_2
-15.0,7.0,36479,07-03-2019_m3954172709_p2,human,lol_2
-18.0,4.0,36487,07-03-2019_m3954172709_p2,human,lol_2
-14.0,7.0,36495,07-03-2019_m3954172709_p2,human,lol_2
-10.0,1.0,36503,07-03-2019_m3954172709_p2,human,lol_2
-7.0,4.0,36511,07-03-2019_m3954172709_p2,human,lol_2
-2.0,0.0,36543,07-03-2019_m3954172709_p2,human,lol_2
-2.0,2.0,36583,07-03-2019_m3954172709_p2,human,lol_2
0.0,-3.0,36591,07-03-2019_m3954172709_p2,human,lol_2
1.0,-4.0,36599,07-03-2019_m3954172709_p2,human,lol_2
0.0,-3.0,36607,07-03-2019_m3954172709_p2,human,lol_2
2.0,-5.0,36671,07-03-2019_m3954172709_p2,human,lol_2
0.0,4.0,36679,07-03-2019_m3954172709_p2,human,lol_2
-3.0,4.0,36687,07-03-2019_m3954172709_p2,human,lol_2
-2.0,3.0,36695,07-03-2019_m3954172709_p2,human,lol_2
-1.0,4.0,36703,07-03-2019_m3954172709_p2,human,lol_2
-6.0,5.0,36711,07-03-2019_m3954172709_p2,human,lol_2
-1.0,2.0,36719,07-03-2019_m3954172709_p2,human,lol_2
-2.0,1.0,36727,07-03-2019_m3954172709_p2,human,lol_2
-2.0,0.0,36759,07-03-2019_m3954172709_p2,human,lol_2
-2.0,0.0,36767,07-03-2019_m3954172709_p2,human,lol_2
-1.0,0.0,36927,07-03-2019_m3954172709_p2,human,lol_2
-9.0,0.0,36935,07-03-2019_m3954172709_p2,human,lol_2
-23.0,0.0,36943,07-03-2019_m3954172709_p2,human,lol_2
-24.0,2.0,36951,07-03-2019_m3954172709_p2,human,lol_2
-30.0,9.0,36959,07-03-2019_m3954172709_p2,human,lol_2
-21.0,10.0,36967,07-03-2019_m3954172709_p2,human,lol_2
0.0,11.0,36975,07-03-2019_m3954172709_p2,human,lol_2
0.0,10.0,36983,07-03-2019_m3954172709_p2,human,lol_2
0.0,9.0,36991,07-03-2019_m3954172709_p2,human,lol_2
0.0,4.0,37039,07-03-2019_m3954172709_p2,human,lol_2
12.0,-5.0,37047,07-03-2019_m3954172709_p2,human,lol_2
17.0,-10.0,37055,07-03-2019_m3954172709_p2,human,lol_2
25.0,-16.0,37063,07-03-2019_m3954172709_p2,human,lol_2
24.0,-16.0,37071,07-03-2019_m3954172709_p2,human,lol_2
25.0,-14.0,37079,07-03-2019_m3954172709_p2,human,lol_2
26.0,-14.0,37087,07-03-2019_m3954172709_p2,human,lol_2
21.0,-9.0,37095,07-03-2019_m3954172709_p2,human,lol_2
14.0,-7.0,37103,07-03-2019_m3954172709_p2,human,lol_2
2.0,-1.0,37111,07-03-2019_m3954172709_p2,human,lol_2
0.0,-2.0,37124,07-03-2019_m3954172709_p2,human,lol_2
-1.0,-2.0,37127,07-03-2019_m3954172709_p2,human,lol_2
-5.0,0.0,37135,07-03-2019_m3954172709_p2,human,lol_2
-7.0,3.0,37143,07-03-2019_m3954172709_p2,human,lol_2
-6.0,5.0,37151,07-03-2019_m3954172709_p2,human,lol_2
-5.0,5.0,37159,07-03-2019_m3954172709_p2,human,lol_2
-2.0,2.0,37167,07-03-2019_m3954172709_p2,human,lol_2
-1.0,2.0,37183,07-03-2019_m3954172709_p2,human,lol_2
-2.0,2.0,37223,07-03-2019_m3954172709_p2,human,lol_2
-2.0,-5.0,37231,07-03-2019_m3954172709_p2,human,lol_2
0.0,-2.0,37239,07-03-2019_m3954172709_p2,human,lol_2
1.0,-3.0,37383,07-03-2019_m3954172709_p2,human,lol_2
0.0,-2.0,37391,07-03-2019_m3954172709_p2,human,lol_2
2.0,-2.0,37799,07-03-2019_m3954172709_p2,human,lol_2
7.0,-1.0,37807,07-03-2019_m3954172709_p2,human,lol_2
5.0,0.0,37815,07-03-2019_m3954172709_p2,human,lol_2
7.0,0.0,37823,07-03-2019_m3954172709_p2,human,lol_2
9.0,0.0,37831,07-03-2019_m3954172709_p2,human,lol_2
9.0,0.0,37839,07-03-2019_m3954172709_p2,human,lol_2
8.0,0.0,37847,07-03-2019_m3954172709_p2,human,lol_2
13.0,-2.0,37855,07-03-2019_m3954172709_p2,human,lol_2
8.0,-2.0,37863,07-03-2019_m3954172709_p2,human,lol_2
14.0,-7.0,37871,07-03-2019_m3954172709_p2,human,lol_2
7.0,-7.0,37879,07-03-2019_m3954172709_p2,human,lol_2
11.0,-3.0,37887,07-03-2019_m3954172709_p2,human,lol_2
2.0,0.0,38159,07-03-2019_m3954172709_p2,human,lol_2
7.0,0.0,38167,07-03-2019_m3954172709_p2,human,lol_2
7.0,0.0,38175,07-03-2019_m3954172709_p2,human,lol_2
12.0,-7.0,38183,07-03-2019_m3954172709_p2,human,lol_2
16.0,-6.0,38191,07-03-2019_m3954172709_p2,human,lol_2
17.0,-3.0,38199,07-03-2019_m3954172709_p2,human,lol_2
16.0,-2.0,38207,07-03-2019_m3954172709_p2,human,lol_2
12.0,-5.0,38215,07-03-2019_m3954172709_p2,human,lol_2
12.0,-7.0,38223,07-03-2019_m3954172709_p2,human,lol_2
7.0,-4.0,38231,07-03-2019_m3954172709_p2,human,lol_2
11.0,-5.0,38239,07-03-2019_m3954172709_p2,human,lol_2
10.0,-3.0,38247,07-03-2019_m3954172709_p2,human,lol_2
13.0,-2.0,38255,07-03-2019_m3954172709_p2,human,lol_2
19.0,-4.0,38263,07-03-2019_m3954172709_p2,human,lol_2
19.0,-1.0,38271,07-03-2019_m3954172709_p2,human,lol_2
26.0,-4.0,38279,07-03-2019_m3954172709_p2,human,lol_2
32.0,-7.0,38287,07-03-2019_m3954172709_p2,human,lol_2
44.0,-10.0,38295,07-03-2019_m3954172709_p2,human,lol_2
45.0,-6.0,38303,07-03-2019_m3954172709_p2,human,lol_2
53.0,-8.0,38311,07-03-2019_m3954172709_p2,human,lol_2
66.0,-11.0,38319,07-03-2019_m3954172709_p2,human,lol_2
84.0,-17.0,38327,07-03-2019_m3954172709_p2,human,lol_2
95.0,-23.0,38335,07-03-2019_m3954172709_p2,human,lol_2
101.0,-19.0,38343,07-03-2019_m3954172709_p2,human,lol_2
114.0,-21.0,38351,07-03-2019_m3954172709_p2,human,lol_2
115.0,-23.0,38359,07-03-2019_m3954172709_p2,human,lol_2
118.0,-25.0,38367,07-03-2019_m3954172709_p2,human,lol_2
113.0,-19.0,38375,07-03-2019_m3954172709_p2,human,lol_2
102.0,-17.0,38383,07-03-2019_m3954172709_p2,human,lol_2
98.0,-13.0,38391,07-03-2019_m3954172709_p2,human,lol_2
96.0,-15.0,38399,07-03-2019_m3954172709_p2,human,lol_2
79.0,-11.0,38407,07-03-2019_m3954172709_p2,human,lol_2
63.0,-9.0,38415,07-03-2019_m3954172709_p2,human,lol_2
56.0,-8.0,38423,07-03-2019_m3954172709_p2,human,lol_2
37.0,-6.0,38431,07-03-2019_m3954172709_p2,human,lol_2
29.0,0.0,38439,07-03-2019_m3954172709_p2,human,lol_2
18.0,0.0,38447,07-03-2019_m3954172709_p2,human,lol_2
12.0,0.0,38455,07-03-2019_m3954172709_p2,human,lol_2
4.0,3.0,38479,07-03-2019_m3954172709_p2,human,lol_2
1.0,2.0,38487,07-03-2019_m3954172709_p2,human,lol_2
-20.0,9.0,38495,07-03-2019_m3954172709_p2,human,lol_2
-35.0,5.0,38503,07-03-2019_m3954172709_p2,human,lol_2
-54.0,3.0,38511,07-03-2019_m3954172709_p2,human,lol_2
-61.0,9.0,38519,07-03-2019_m3954172709_p2,human,lol_2
-70.0,9.0,38527,07-03-2019_m3954172709_p2,human,lol_2
-72.0,9.0,38535,07-03-2019_m3954172709_p2,human,lol_2
-68.0,10.0,38543,07-03-2019_m3954172709_p2,human,lol_2
-62.0,12.0,38551,07-03-2019_m3954172709_p2,human,lol_2
-54.0,13.0,38559,07-03-2019_m3954172709_p2,human,lol_2
-47.0,15.0,38567,07-03-2019_m3954172709_p2,human,lol_2
-39.0,9.0,38575,07-03-2019_m3954172709_p2,human,lol_2
-29.0,9.0,38583,07-03-2019_m3954172709_p2,human,lol_2
-21.0,7.0,38591,07-03-2019_m3954172709_p2,human,lol_2
-18.0,5.0,38599,07-03-2019_m3954172709_p2,human,lol_2
-12.0,4.0,38607,07-03-2019_m3954172709_p2,human,lol_2
-7.0,1.0,38615,07-03-2019_m3954172709_p2,human,lol_2
-7.0,2.0,38623,07-03-2019_m3954172709_p2,human,lol_2
-4.0,0.0,38631,07-03-2019_m3954172709_p2,human,lol_2
-5.0,2.0,38639,07-03-2019_m3954172709_p2,human,lol_2
-7.0,3.0,38647,07-03-2019_m3954172709_p2,human,lol_2
-10.0,0.0,38655,07-03-2019_m3954172709_p2,human,lol_2
-9.0,4.0,38663,07-03-2019_m3954172709_p2,human,lol_2
-11.0,2.0,38671,07-03-2019_m3954172709_p2,human,lol_2
-8.0,5.0,38679,07-03-2019_m3954172709_p2,human,lol_2
-7.0,3.0,38687,07-03-2019_m3954172709_p2,human,lol_2
-14.0,16.0,38695,07-03-2019_m3954172709_p2,human,lol_2
-14.0,11.0,38703,07-03-2019_m3954172709_p2,human,lol_2
-16.0,7.0,38711,07-03-2019_m3954172709_p2,human,lol_2
-14.0,7.0,38719,07-03-2019_m3954172709_p2,human,lol_2
-16.0,7.0,38727,07-03-2019_m3954172709_p2,human,lol_2
-12.0,3.0,38735,07-03-2019_m3954172709_p2,human,lol_2
-12.0,2.0,38743,07-03-2019_m3954172709_p2,human,lol_2
-13.0,3.0,38751,07-03-2019_m3954172709_p2,human,lol_2
-14.0,0.0,38759,07-03-2019_m3954172709_p2,human,lol_2
-10.0,2.0,38767,07-03-2019_m3954172709_p2,human,lol_2
-7.0,2.0,38775,07-03-2019_m3954172709_p2,human,lol_2
-7.0,2.0,38783,07-03-2019_m3954172709_p2,human,lol_2
-2.0,0.0,38791,07-03-2019_m3954172709_p2,human,lol_2
-3.0,3.0,38871,07-03-2019_m3954172709_p2,human,lol_2
6.0,2.0,38879,07-03-2019_m3954172709_p2,human,lol_2
10.0,-3.0,38887,07-03-2019_m3954172709_p2,human,lol_2
13.0,-5.0,38895,07-03-2019_m3954172709_p2,human,lol_2
7.0,-7.0,38903,07-03-2019_m3954172709_p2,human,lol_2
10.0,-11.0,38911,07-03-2019_m3954172709_p2,human,lol_2
5.0,-8.0,38920,07-03-2019_m3954172709_p2,human,lol_2
6.0,-6.0,38927,07-03-2019_m3954172709_p2,human,lol_2
3.0,-3.0,38935,07-03-2019_m3954172709_p2,human,lol_2
4.0,-7.0,39191,07-03-2019_m3954172709_p2,human,lol_2
0.0,4.0,39199,07-03-2019_m3954172709_p2,human,lol_2
3.0,6.0,39215,07-03-2019_m3954172709_p2,human,lol_2
4.0,0.0,39223,07-03-2019_m3954172709_p2,human,lol_2
1.0,0.0,39231,07-03-2019_m3954172709_p2,human,lol_2
2.0,0.0,39239,07-03-2019_m3954172709_p2,human,lol_2
2.0,0.0,39247,07-03-2019_m3954172709_p2,human,lol_2
3.0,0.0,39255,07-03-2019_m3954172709_p2,human,lol_2
2.0,0.0,39263,07-03-2019_m3954172709_p2,human,lol_2
4.0,0.0,39271,07-03-2019_m3954172709_p2,human,lol_2
3.0,0.0,39279,07-03-2019_m3954172709_p2,human,lol_2
4.0,3.0,39287,07-03-2019_m3954172709_p2,human,lol_2
1.0,0.0,39295,07-03-2019_m3954172709_p2,human,lol_2
4.0,0.0,39303,07-03-2019_m3954172709_p2,human,lol_2
2.0,0.0,39311,07-03-2019_m3954172709_p2,human,lol_2
3.0,0.0,39327,07-03-2019_m3954172709_p2,human,lol_2
4.0,0.0,39335,07-03-2019_m3954172709_p2,human,lol_2
1.0,0.0,39487,07-03-2019_m3954172709_p2,human,lol_2
2.0,0.0,39495,07-03-2019_m3954172709_p2,human,lol_2
5.0,0.0,39503,07-03-2019_m3954172709_p2,human,lol_2
6.0,9.0,39511,07-03-2019_m3954172709_p2,human,lol_2
10.0,16.0,39519,07-03-2019_m3954172709_p2,human,lol_2
14.0,15.0,39527,07-03-2019_m3954172709_p2,human,lol_2
18.0,18.0,39535,07-03-2019_m3954172709_p2,human,lol_2
17.0,17.0,39543,07-03-2019_m3954172709_p2,human,lol_2
19.0,18.0,39551,07-03-2019_m3954172709_p2,human,lol_2
14.0,14.0,39559,07-03-2019_m3954172709_p2,human,lol_2
13.0,14.0,39567,07-03-2019_m3954172709_p2,human,lol_2
8.0,12.0,39575,07-03-2019_m3954172709_p2,human,lol_2
9.0,14.0,39583,07-03-2019_m3954172709_p2,human,lol_2
7.0,11.0,39591,07-03-2019_m3954172709_p2,human,lol_2
7.0,10.0,39599,07-03-2019_m3954172709_p2,human,lol_2
5.0,9.0,39607,07-03-2019_m3954172709_p2,human,lol_2
6.0,5.0,39615,07-03-2019_m3954172709_p2,human,lol_2
1.0,2.0,39623,07-03-2019_m3954172709_p2,human,lol_2
4.0,3.0,39631,07-03-2019_m3954172709_p2,human,lol_2
3.0,0.0,39639,07-03-2019_m3954172709_p2,human,lol_2
7.0,2.0,39647,07-03-2019_m3954172709_p2,human,lol_2
4.0,0.0,39655,07-03-2019_m3954172709_p2,human,lol_2
5.0,0.0,39663,07-03-2019_m3954172709_p2,human,lol_2
2.0,0.0,39695,07-03-2019_m3954172709_p2,human,lol_2
5.0,4.0,39703,07-03-2019_m3954172709_p2,human,lol_2
5.0,3.0,39711,07-03-2019_m3954172709_p2,human,lol_2
7.0,7.0,39719,07-03-2019_m3954172709_p2,human,lol_2
7.0,4.0,39727,07-03-2019_m3954172709_p2,human,lol_2
9.0,5.0,39735,07-03-2019_m3954172709_p2,human,lol_2
11.0,5.0,39743,07-03-2019_m3954172709_p2,human,lol_2
7.0,4.0,39751,07-03-2019_m3954172709_p2,human,lol_2
8.0,3.0,39759,07-03-2019_m3954172709_p2,human,lol_2
6.0,4.0,39767,07-03-2019_m3954172709_p2,human,lol_2
1.0,1.0,39775,07-03-2019_m3954172709_p2,human,lol_2
4.0,4.0,39791,07-03-2019_m3954172709_p2,human,lol_2
3.0,3.0,39799,07-03-2019_m3954172709_p2,human,lol_2
0.0,2.0,39807,07-03-2019_m3954172709_p2,human,lol_2
0.0,5.0,39815,07-03-2019_m3954172709_p2,human,lol_2
0.0,6.0,39823,07-03-2019_m3954172709_p2,human,lol_2
0.0,5.0,39831,07-03-2019_m3954172709_p2,human,lol_2
0.0,3.0,39839,07-03-2019_m3954172709_p2,human,lol_2
0.0,6.0,39847,07-03-2019_m3954172709_p2,human,lol_2
0.0,3.0,39855,07-03-2019_m3954172709_p2,human,lol_2
0.0,5.0,39863,07-03-2019_m3954172709_p2,human,lol_2
0.0,4.0,39871,07-03-2019_m3954172709_p2,human,lol_2
0.0,3.0,39879,07-03-2019_m3954172709_p2,human,lol_2
0.0,2.0,39927,07-03-2019_m3954172709_p2,human,lol_2
0.0,2.0,39943,07-03-2019_m3954172709_p2,human,lol_2
0.0,2.0,39951,07-03-2019_m3954172709_p2,human,lol_2
0.0,3.0,39959,07-03-2019_m3954172709_p2,human,lol_2
0.0,2.0,39967,07-03-2019_m3954172709_p2,human,lol_2
0.0,2.0,39975,07-03-2019_m3954172709_p2,human,lol_2
4.0,3.0,39983,07-03-2019_m3954172709_p2,human,lol_2
3.0,4.0,39999,07-03-2019_m3954172709_p2,human,lol_2
4.0,3.0,40007,07-03-2019_m3954172709_p2,human,lol_2
2.0,2.0,40015,07-03-2019_m3954172709_p2,human,lol_2
1.0,3.0,40023,07-03-2019_m3954172709_p2,human,lol_2
2.0,2.0,40031,07-03-2019_m3954172709_p2,human,lol_2
2.0,2.0,40039,07-03-2019_m3954172709_p2,human,lol_2
0.0,3.0,40047,07-03-2019_m3954172709_p2,human,lol_2
3.0,4.0,40063,07-03-2019_m3954172709_p2,human,lol_2
2.0,2.0,40071,07-03-2019_m3954172709_p2,human,lol_2
2.0,5.0,40183,07-03-2019_m3954172709_p2,human,lol_2
0.0,2.0,40191,07-03-2019_m3954172709_p2,human,lol_2
2.0,3.0,40207,07-03-2019_m3954172709_p2,human,lol_2
0.0,2.0,40327,07-03-2019_m3954172709_p2,human,lol_2
1.0,2.0,40335,07-03-2019_m3954172709_p2,human,lol_2
2.0,0.0,40343,07-03-2019_m3954172709_p2,human,lol_2
4.0,0.0,40351,07-03-2019_m3954172709_p2,human,lol_2
1.0,1.0,40359,07-03-2019_m3954172709_p2,human,lol_2
2.0,0.0,40415,07-03-2019_m3954172709_p2,human,lol_2
2.0,2.0,40679,07-03-2019_m3954172709_p2,human,lol_2
2.0,2.0,40695,07-03-2019_m3954172709_p2,human,lol_2
3.0,3.0,40703,07-03-2019_m3954172709_p2,human,lol_2
2.0,2.0,40719,07-03-2019_m3954172709_p2,human,lol_2
2.0,2.0,40927,07-03-2019_m3954172709_p2,human,lol_2
-1.0,-3.0,40935,07-03-2019_m3954172709_p2,human,lol_2
-4.0,-3.0,40943,07-03-2019_m3954172709_p2,human,lol_2
-2.0,-2.0,40951,07-03-2019_m3954172709_p2,human,lol_2
-3.0,-4.0,41247,07-03-2019_m3954172709_p2,human,lol_2
-2.0,-1.0,41263,07-03-2019_m3954172709_p2,human,lol_2
-2.0,-2.0,41271,07-03-2019_m3954172709_p2,human,lol_2
-3.0,0.0,41279,07-03-2019_m3954172709_p2,human,lol_2
-4.0,-4.0,41287,07-03-2019_m3954172709_p2,human,lol_2
-7.0,-5.0,41295,07-03-2019_m3954172709_p2,human,lol_2
-7.0,-10.0,41303,07-03-2019_m3954172709_p2,human,lol_2
-10.0,-13.0,41311,07-03-2019_m3954172709_p2,human,lol_2
-9.0,-19.0,41319,07-03-2019_m3954172709_p2,human,lol_2
-10.0,-21.0,41327,07-03-2019_m3954172709_p2,human,lol_2
-11.0,-28.0,41335,07-03-2019_m3954172709_p2,human,lol_2
-14.0,-30.0,41343,07-03-2019_m3954172709_p2,human,lol_2
-16.0,-38.0,41351,07-03-2019_m3954172709_p2,human,lol_2
-14.0,-39.0,41359,07-03-2019_m3954172709_p2,human,lol_2
-17.0,-35.0,41367,07-03-2019_m3954172709_p2,human,lol_2
-21.0,-35.0,41375,07-03-2019_m3954172709_p2,human,lol_2
-21.0,-36.0,41383,07-03-2019_m3954172709_p2,human,lol_2
-19.0,-35.0,41391,07-03-2019_m3954172709_p2,human,lol_2
-16.0,-34.0,41399,07-03-2019_m3954172709_p2,human,lol_2
-11.0,-28.0,41407,07-03-2019_m3954172709_p2,human,lol_2
-12.0,-22.0,41415,07-03-2019_m3954172709_p2,human,lol_2
-5.0,-18.0,41423,07-03-2019_m3954172709_p2,human,lol_2
-9.0,-17.0,41431,07-03-2019_m3954172709_p2,human,lol_2
-5.0,-11.0,41439,07-03-2019_m3954172709_p2,human,lol_2
-4.0,-9.0,41447,07-03-2019_m3954172709_p2,human,lol_2
-7.0,-7.0,41455,07-03-2019_m3954172709_p2,human,lol_2
-1.0,-3.0,41623,07-03-2019_m3954172709_p2,human,lol_2
-6.0,3.0,41631,07-03-2019_m3954172709_p2,human,lol_2
-15.0,12.0,41639,07-03-2019_m3954172709_p2,human,lol_2
-28.0,5.0,41647,07-03-2019_m3954172709_p2,human,lol_2
-37.0,0.0,41655,07-03-2019_m3954172709_p2,human,lol_2
-35.0,-4.0,41663,07-03-2019_m3954172709_p2,human,lol_2
-33.0,-14.0,41671,07-03-2019_m3954172709_p2,human,lol_2
-37.0,-18.0,41679,07-03-2019_m3954172709_p2,human,lol_2
-37.0,-19.0,41687,07-03-2019_m3954172709_p2,human,lol_2
-40.0,-21.0,41695,07-03-2019_m3954172709_p2,human,lol_2
-42.0,-26.0,41703,07-03-2019_m3954172709_p2,human,lol_2
-40.0,-25.0,41711,07-03-2019_m3954172709_p2,human,lol_2
-41.0,-24.0,41719,07-03-2019_m3954172709_p2,human,lol_2
-38.0,-21.0,41727,07-03-2019_m3954172709_p2,human,lol_2
-35.0,-27.0,41735,07-03-2019_m3954172709_p2,human,lol_2
-33.0,-17.0,41743,07-03-2019_m3954172709_p2,human,lol_2
-28.0,-21.0,41751,07-03-2019_m3954172709_p2,human,lol_2
-27.0,-19.0,41759,07-03-2019_m3954172709_p2,human,lol_2
-26.0,-13.0,41767,07-03-2019_m3954172709_p2,human,lol_2
-19.0,-14.0,41775,07-03-2019_m3954172709_p2,human,lol_2
-21.0,-14.0,41783,07-03-2019_m3954172709_p2,human,lol_2
-16.0,-12.0,41791,07-03-2019_m3954172709_p2,human,lol_2
-16.0,-10.0,41799,07-03-2019_m3954172709_p2,human,lol_2
-14.0,-9.0,41807,07-03-2019_m3954172709_p2,human,lol_2
-14.0,-5.0,41815,07-03-2019_m3954172709_p2,human,lol_2
-12.0,-6.0,41823,07-03-2019_m3954172709_p2,human,lol_2
-12.0,-5.0,41831,07-03-2019_m3954172709_p2,human,lol_2
-11.0,-2.0,41839,07-03-2019_m3954172709_p2,human,lol_2
-10.0,-1.0,41847,07-03-2019_m3954172709_p2,human,lol_2
-11.0,-6.0,41855,07-03-2019_m3954172709_p2,human,lol_2
-7.0,0.0,41863,07-03-2019_m3954172709_p2,human,lol_2
-15.0,-3.0,41871,07-03-2019_m3954172709_p2,human,lol_2
-16.0,-5.0,41879,07-03-2019_m3954172709_p2,human,lol_2
-19.0,-6.0,41887,07-03-2019_m3954172709_p2,human,lol_2
-18.0,-3.0,41895,07-03-2019_m3954172709_p2,human,lol_2
-19.0,-2.0,41903,07-03-2019_m3954172709_p2,human,lol_2
-16.0,0.0,41911,07-03-2019_m3954172709_p2,human,lol_2
-12.0,-2.0,41919,07-03-2019_m3954172709_p2,human,lol_2
-9.0,0.0,41927,07-03-2019_m3954172709_p2,human,lol_2
-9.0,0.0,41935,07-03-2019_m3954172709_p2,human,lol_2
-8.0,0.0,41943,07-03-2019_m3954172709_p2,human,lol_2
-7.0,0.0,41951,07-03-2019_m3954172709_p2,human,lol_2
-6.0,0.0,41967,07-03-2019_m3954172709_p2,human,lol_2
-1.0,0.0,41983,07-03-2019_m3954172709_p2,human,lol_2
-2.0,-1.0,41991,07-03-2019_m3954172709_p2,human,lol_2
-2.0,-2.0,41999,07-03-2019_m3954172709_p2,human,lol_2
-2.0,-2.0,42007,07-03-2019_m3954172709_p2,human,lol_2
-3.0,-2.0,42015,07-03-2019_m3954172709_p2,human,lol_2
-4.0,-1.0,42023,07-03-2019_m3954172709_p2,human,lol_2
-7.0,-4.0,42031,07-03-2019_m3954172709_p2,human,lol_2
-1.0,-2.0,42039,07-03-2019_m3954172709_p2,human,lol_2
-7.0,-1.0,42055,07-03-2019_m3954172709_p2,human,lol_2
-4.0,-2.0,42079,07-03-2019_m3954172709_p2,human,lol_2
-2.0,0.0,42327,07-03-2019_m3954172709_p2,human,lol_2
1.0,0.0,42335,07-03-2019_m3954172709_p2,human,lol_2
16.0,0.0,42343,07-03-2019_m3954172709_p2,human,lol_2
26.0,0.0,42351,07-03-2019_m3954172709_p2,human,lol_2
32.0,0.0,42359,07-03-2019_m3954172709_p2,human,lol_2
49.0,0.0,42367,07-03-2019_m3954172709_p2,human,lol_2
49.0,0.0,42375,07-03-2019_m3954172709_p2,human,lol_2
61.0,0.0,42383,07-03-2019_m3954172709_p2,human,lol_2
61.0,0.0,42391,07-03-2019_m3954172709_p2,human,lol_2
65.0,-7.0,42399,07-03-2019_m3954172709_p2,human,lol_2
67.0,-5.0,42407,07-03-2019_m3954172709_p2,human,lol_2
75.0,-4.0,42415,07-03-2019_m3954172709_p2,human,lol_2
75.0,-7.0,42423,07-03-2019_m3954172709_p2,human,lol_2
74.0,-3.0,42431,07-03-2019_m3954172709_p2,human,lol_2
77.0,-13.0,42439,07-03-2019_m3954172709_p2,human,lol_2
77.0,-10.0,42447,07-03-2019_m3954172709_p2,human,lol_2
73.0,-2.0,42455,07-03-2019_m3954172709_p2,human,lol_2
68.0,-7.0,42463,07-03-2019_m3954172709_p2,human,lol_2
55.0,-7.0,42471,07-03-2019_m3954172709_p2,human,lol_2
47.0,-9.0,42479,07-03-2019_m3954172709_p2,human,lol_2
38.0,-3.0,42487,07-03-2019_m3954172709_p2,human,lol_2
34.0,-5.0,42495,07-03-2019_m3954172709_p2,human,lol_2
21.0,-4.0,42503,07-03-2019_m3954172709_p2,human,lol_2
15.0,-2.0,42511,07-03-2019_m3954172709_p2,human,lol_2
7.0,0.0,42519,07-03-2019_m3954172709_p2,human,lol_2
7.0,0.0,42607,07-03-2019_m3954172709_p2,human,lol_2
4.0,-1.0,42615,07-03-2019_m3954172709_p2,human,lol_2
2.0,-2.0,42623,07-03-2019_m3954172709_p2,human,lol_2
3.0,-4.0,42631,07-03-2019_m3954172709_p2,human,lol_2
4.0,-1.0,42639,07-03-2019_m3954172709_p2,human,lol_2
7.0,-4.0,42647,07-03-2019_m3954172709_p2,human,lol_2
10.0,-3.0,42655,07-03-2019_m3954172709_p2,human,lol_2
18.0,-6.0,42663,07-03-2019_m3954172709_p2,human,lol_2
17.0,-3.0,42671,07-03-2019_m3954172709_p2,human,lol_2
23.0,-2.0,42679,07-03-2019_m3954172709_p2,human,lol_2
21.0,-5.0,42687,07-03-2019_m3954172709_p2,human,lol_2
23.0,-2.0,42695,07-03-2019_m3954172709_p2,human,lol_2
21.0,-2.0,42703,07-03-2019_m3954172709_p2,human,lol_2
21.0,-5.0,42711,07-03-2019_m3954172709_p2,human,lol_2
21.0,-2.0,42719,07-03-2019_m3954172709_p2,human,lol_2
17.0,0.0,42727,07-03-2019_m3954172709_p2,human,lol_2
14.0,0.0,42735,07-03-2019_m3954172709_p2,human,lol_2
11.0,0.0,42743,07-03-2019_m3954172709_p2,human,lol_2
10.0,0.0,42751,07-03-2019_m3954172709_p2,human,lol_2
9.0,0.0,42759,07-03-2019_m3954172709_p2,human,lol_2
5.0,0.0,42767,07-03-2019_m3954172709_p2,human,lol_2
4.0,0.0,42943,07-03-2019_m3954172709_p2,human,lol_2
3.0,0.0,42951,07-03-2019_m3954172709_p2,human,lol_2
5.0,3.0,42959,07-03-2019_m3954172709_p2,human,lol_2
7.0,0.0,42967,07-03-2019_m3954172709_p2,human,lol_2
6.0,2.0,42975,07-03-2019_m3954172709_p2,human,lol_2
5.0,0.0,42983,07-03-2019_m3954172709_p2,human,lol_2
2.0,2.0,42991,07-03-2019_m3954172709_p2,human,lol_2
3.0,0.0,43863,07-03-2019_m3954172709_p2,human,lol_2
2.0,3.0,43871,07-03-2019_m3954172709_p2,human,lol_2
-1.0,5.0,43879,07-03-2019_m3954172709_p2,human,lol_2
-4.0,6.0,43887,07-03-2019_m3954172709_p2,human,lol_2
-5.0,7.0,43895,07-03-2019_m3954172709_p2,human,lol_2
-3.0,3.0,43903,07-03-2019_m3954172709_p2,human,lol_2
-7.0,9.0,43911,07-03-2019_m3954172709_p2,human,lol_2
-9.0,9.0,43919,07-03-2019_m3954172709_p2,human,lol_2
-7.0,5.0,43927,07-03-2019_m3954172709_p2,human,lol_2
-9.0,5.0,43935,07-03-2019_m3954172709_p2,human,lol_2
-7.0,7.0,43943,07-03-2019_m3954172709_p2,human,lol_2
-7.0,4.0,43951,07-03-2019_m3954172709_p2,human,lol_2
-7.0,5.0,43959,07-03-2019_m3954172709_p2,human,lol_2
-7.0,2.0,43967,07-03-2019_m3954172709_p2,human,lol_2
-5.0,0.0,43975,07-03-2019_m3954172709_p2,human,lol_2
-4.0,0.0,43983,07-03-2019_m3954172709_p2,human,lol_2
-5.0,0.0,43991,07-03-2019_m3954172709_p2,human,lol_2
-5.0,0.0,43999,07-03-2019_m3954172709_p2,human,lol_2
-7.0,-3.0,44007,07-03-2019_m3954172709_p2,human,lol_2
-12.0,-5.0,44015,07-03-2019_m3954172709_p2,human,lol_2
-16.0,-13.0,44023,07-03-2019_m3954172709_p2,human,lol_2
-7.0,-5.0,44047,07-03-2019_m3954172709_p2,human,lol_2
-2.0,0.0,44207,07-03-2019_m3954172709_p2,human,lol_2
-3.0,0.0,44215,07-03-2019_m3954172709_p2,human,lol_2
-13.0,15.0,44223,07-03-2019_m3954172709_p2,human,lol_2
-8.0,11.0,44231,07-03-2019_m3954172709_p2,human,lol_2
-20.0,26.0,44239,07-03-2019_m3954172709_p2,human,lol_2
-17.0,28.0,44247,07-03-2019_m3954172709_p2,human,lol_2
-25.0,30.0,44255,07-03-2019_m3954172709_p2,human,lol_2
-22.0,26.0,44263,07-03-2019_m3954172709_p2,human,lol_2
-25.0,26.0,44271,07-03-2019_m3954172709_p2,human,lol_2
-21.0,19.0,44279,07-03-2019_m3954172709_p2,human,lol_2
-17.0,11.0,44287,07-03-2019_m3954172709_p2,human,lol_2
-18.0,3.0,44295,07-03-2019_m3954172709_p2,human,lol_2
-7.0,2.0,44303,07-03-2019_m3954172709_p2,human,lol_2
-7.0,0.0,44311,07-03-2019_m3954172709_p2,human,lol_2
-3.0,-1.0,44319,07-03-2019_m3954172709_p2,human,lol_2
0.0,-10.0,44327,07-03-2019_m3954172709_p2,human,lol_2
0.0,-21.0,44335,07-03-2019_m3954172709_p2,human,lol_2
2.0,-27.0,44343,07-03-2019_m3954172709_p2,human,lol_2
13.0,-31.0,44351,07-03-2019_m3954172709_p2,human,lol_2
21.0,-35.0,44359,07-03-2019_m3954172709_p2,human,lol_2
22.0,-42.0,44367,07-03-2019_m3954172709_p2,human,lol_2
27.0,-44.0,44375,07-03-2019_m3954172709_p2,human,lol_2
31.0,-47.0,44383,07-03-2019_m3954172709_p2,human,lol_2
37.0,-53.0,44391,07-03-2019_m3954172709_p2,human,lol_2
42.0,-50.0,44399,07-03-2019_m3954172709_p2,human,lol_2
44.0,-51.0,44407,07-03-2019_m3954172709_p2,human,lol_2
45.0,-53.0,44415,07-03-2019_m3954172709_p2,human,lol_2
46.0,-45.0,44423,07-03-2019_m3954172709_p2,human,lol_2
43.0,-46.0,44431,07-03-2019_m3954172709_p2,human,lol_2
48.0,-47.0,44439,07-03-2019_m3954172709_p2,human,lol_2
40.0,-38.0,44447,07-03-2019_m3954172709_p2,human,lol_2
38.0,-24.0,44455,07-03-2019_m3954172709_p2,human,lol_2
37.0,0.0,44463,07-03-2019_m3954172709_p2,human,lol_2
28.0,0.0,44471,07-03-2019_m3954172709_p2,human,lol_2
28.0,0.0,44479,07-03-2019_m3954172709_p2,human,lol_2
26.0,0.0,44487,07-03-2019_m3954172709_p2,human,lol_2
25.0,0.0,44495,07-03-2019_m3954172709_p2,human,lol_2
23.0,0.0,44503,07-03-2019_m3954172709_p2,human,lol_2
19.0,0.0,44511,07-03-2019_m3954172709_p2,human,lol_2
19.0,0.0,44519,07-03-2019_m3954172709_p2,human,lol_2
16.0,0.0,44527,07-03-2019_m3954172709_p2,human,lol_2
12.0,0.0,44535,07-03-2019_m3954172709_p2,human,lol_2
16.0,0.0,44543,07-03-2019_m3954172709_p2,human,lol_2
10.0,0.0,44551,07-03-2019_m3954172709_p2,human,lol_2
13.0,0.0,44559,07-03-2019_m3954172709_p2,human,lol_2
12.0,0.0,44567,07-03-2019_m3954172709_p2,human,lol_2
14.0,0.0,44575,07-03-2019_m3954172709_p2,human,lol_2
12.0,0.0,44583,07-03-2019_m3954172709_p2,human,lol_2
16.0,0.0,44591,07-03-2019_m3954172709_p2,human,lol_2
16.0,0.0,44599,07-03-2019_m3954172709_p2,human,lol_2
10.0,0.0,44607,07-03-2019_m3954172709_p2,human,lol_2
14.0,0.0,44615,07-03-2019_m3954172709_p2,human,lol_2
9.0,0.0,44623,07-03-2019_m3954172709_p2,human,lol_2
7.0,0.0,44631,07-03-2019_m3954172709_p2,human,lol_2
5.0,0.0,44639,07-03-2019_m3954172709_p2,human,lol_2
2.0,0.0,44703,07-03-2019_m3954172709_p2,human,lol_2
-3.0,0.0,44711,07-03-2019_m3954172709_p2,human,lol_2
-16.0,11.0,44719,07-03-2019_m3954172709_p2,human,lol_2
-22.0,18.0,44727,07-03-2019_m3954172709_p2,human,lol_2
-32.0,24.0,44735,07-03-2019_m3954172709_p2,human,lol_2
-38.0,35.0,44743,07-03-2019_m3954172709_p2,human,lol_2
-41.0,41.0,44751,07-03-2019_m3954172709_p2,human,lol_2
-40.0,42.0,44759,07-03-2019_m3954172709_p2,human,lol_2
-38.0,45.0,44767,07-03-2019_m3954172709_p2,human,lol_2
-37.0,44.0,44775,07-03-2019_m3954172709_p2,human,lol_2
-33.0,42.0,44783,07-03-2019_m3954172709_p2,human,lol_2
-35.0,38.0,44791,07-03-2019_m3954172709_p2,human,lol_2
-32.0,41.0,44799,07-03-2019_m3954172709_p2,human,lol_2
-35.0,29.0,44807,07-03-2019_m3954172709_p2,human,lol_2
-31.0,27.0,44815,07-03-2019_m3954172709_p2,human,lol_2
-27.0,22.0,44823,07-03-2019_m3954172709_p2,human,lol_2
-24.0,21.0,44831,07-03-2019_m3954172709_p2,human,lol_2
-21.0,16.0,44839,07-03-2019_m3954172709_p2,human,lol_2
-16.0,12.0,44847,07-03-2019_m3954172709_p2,human,lol_2
-17.0,13.0,44855,07-03-2019_m3954172709_p2,human,lol_2
-11.0,5.0,44863,07-03-2019_m3954172709_p2,human,lol_2
-10.0,7.0,44871,07-03-2019_m3954172709_p2,human,lol_2
-7.0,5.0,44879,07-03-2019_m3954172709_p2,human,lol_2
-7.0,5.0,44887,07-03-2019_m3954172709_p2,human,lol_2
-6.0,6.0,44895,07-03-2019_m3954172709_p2,human,lol_2
-5.0,5.0,44903,07-03-2019_m3954172709_p2,human,lol_2
-5.0,5.0,44911,07-03-2019_m3954172709_p2,human,lol_2
-9.0,9.0,44919,07-03-2019_m3954172709_p2,human,lol_2
-10.0,9.0,44927,07-03-2019_m3954172709_p2,human,lol_2
-11.0,8.0,44935,07-03-2019_m3954172709_p2,human,lol_2
-12.0,9.0,44943,07-03-2019_m3954172709_p2,human,lol_2
-14.0,14.0,44951,07-03-2019_m3954172709_p2,human,lol_2
-16.0,12.0,44959,07-03-2019_m3954172709_p2,human,lol_2
-16.0,16.0,44967,07-03-2019_m3954172709_p2,human,lol_2
-15.0,11.0,44975,07-03-2019_m3954172709_p2,human,lol_2
-14.0,8.0,44983,07-03-2019_m3954172709_p2,human,lol_2
-13.0,2.0,44991,07-03-2019_m3954172709_p2,human,lol_2
-10.0,5.0,44999,07-03-2019_m3954172709_p2,human,lol_2
-7.0,0.0,45007,07-03-2019_m3954172709_p2,human,lol_2
-2.0,0.0,45023,07-03-2019_m3954172709_p2,human,lol_2
-3.0,0.0,45167,07-03-2019_m3954172709_p2,human,lol_2
2.0,0.0,45175,07-03-2019_m3954172709_p2,human,lol_2
2.0,-2.0,45183,07-03-2019_m3954172709_p2,human,lol_2
0.0,-2.0,45191,07-03-2019_m3954172709_p2,human,lol_2
2.0,-5.0,45199,07-03-2019_m3954172709_p2,human,lol_2
0.0,-4.0,45207,07-03-2019_m3954172709_p2,human,lol_2
0.0,-3.0,45263,07-03-2019_m3954172709_p2,human,lol_2
-5.0,8.0,45271,07-03-2019_m3954172709_p2,human,lol_2
-1.0,7.0,45279,07-03-2019_m3954172709_p2,human,lol_2
-2.0,7.0,45287,07-03-2019_m3954172709_p2,human,lol_2
-4.0,3.0,45295,07-03-2019_m3954172709_p2,human,lol_2
-1.0,5.0,45335,07-03-2019_m3954172709_p2,human,lol_2
0.0,2.0,45343,07-03-2019_m3954172709_p2,human,lol_2
0.0,2.0,45351,07-03-2019_m3954172709_p2,human,lol_2
0.0,2.0,45359,07-03-2019_m3954172709_p2,human,lol_2
-2.0,5.0,45367,07-03-2019_m3954172709_p2,human,lol_2
-2.0,3.0,45375,07-03-2019_m3954172709_p2,human,lol_2
0.0,4.0,45383,07-03-2019_m3954172709_p2,human,lol_2
0.0,3.0,45391,07-03-2019_m3954172709_p2,human,lol_2
-3.0,6.0,45399,07-03-2019_m3954172709_p2,human,lol_2
0.0,1.0,45407,07-03-2019_m3954172709_p2,human,lol_2
0.0,4.0,45423,07-03-2019_m3954172709_p2,human,lol_2
0.0,3.0,45439,07-03-2019_m3954172709_p2,human,lol_2
0.0,2.0,45447,07-03-2019_m3954172709_p2,human,lol_2
0.0,2.0,45455,07-03-2019_m3954172709_p2,human,lol_2
0.0,2.0,45463,07-03-2019_m3954172709_p2,human,lol_2
-2.0,5.0,45471,07-03-2019_m3954172709_p2,human,lol_2
-2.0,2.0,45479,07-03-2019_m3954172709_p2,human,lol_2
-2.0,5.0,45487,07-03-2019_m3954172709_p2,human,lol_2
0.0,3.0,45495,07-03-2019_m3954172709_p2,human,lol_2
-3.0,7.0,45503,07-03-2019_m3954172709_p2,human,lol_2
-2.0,6.0,45511,07-03-2019_m3954172709_p2,human,lol_2
0.0,3.0,45519,07-03-2019_m3954172709_p2,human,lol_2
-2.0,5.0,45527,07-03-2019_m3954172709_p2,human,lol_2
-1.0,7.0,45535,07-03-2019_m3954172709_p2,human,lol_2
0.0,6.0,45543,07-03-2019_m3954172709_p2,human,lol_2
-4.0,3.0,45551,07-03-2019_m3954172709_p2,human,lol_2
-2.0,7.0,45559,07-03-2019_m3954172709_p2,human,lol_2
-3.0,7.0,45567,07-03-2019_m3954172709_p2,human,lol_2
-5.0,5.0,45575,07-03-2019_m3954172709_p2,human,lol_2
-2.0,7.0,45583,07-03-2019_m3954172709_p2,human,lol_2
-5.0,7.0,45591,07-03-2019_m3954172709_p2,human,lol_2
-4.0,6.0,45599,07-03-2019_m3954172709_p2,human,lol_2
-2.0,5.0,45607,07-03-2019_m3954172709_p2,human,lol_2
-3.0,7.0,45615,07-03-2019_m3954172709_p2,human,lol_2
-2.0,2.0,45623,07-03-2019_m3954172709_p2,human,lol_2
0.0,3.0,45631,07-03-2019_m3954172709_p2,human,lol_2
-2.0,4.0,45663,07-03-2019_m3954172709_p2,human,lol_2
0.0,1.0,45711,07-03-2019_m3954172709_p2,human,lol_2
-1.0,2.0,45719,07-03-2019_m3954172709_p2,human,lol_2
0.0,2.0,45751,07-03-2019_m3954172709_p2,human,lol_2
-2.0,3.0,45951,07-03-2019_m3954172709_p2,human,lol_2
-2.0,2.0,46847,07-03-2019_m3954172709_p2,human,lol_2
-2.0,2.0,46863,07-03-2019_m3954172709_p2,human,lol_2
-1.0,0.0,46871,07-03-2019_m3954172709_p2,human,lol_2
-2.0,2.0,47095,07-03-2019_m3954172709_p2,human,lol_2
1.0,1.0,47103,07-03-2019_m3954172709_p2,human,lol_2
10.0,4.0,47111,07-03-2019_m3954172709_p2,human,lol_2
13.0,5.0,47119,07-03-2019_m3954172709_p2,human,lol_2
14.0,5.0,47127,07-03-2019_m3954172709_p2,human,lol_2
14.0,7.0,47135,07-03-2019_m3954172709_p2,human,lol_2
15.0,7.0,47143,07-03-2019_m3954172709_p2,human,lol_2
18.0,11.0,47151,07-03-2019_m3954172709_p2,human,lol_2
21.0,9.0,47159,07-03-2019_m3954172709_p2,human,lol_2
21.0,7.0,47167,07-03-2019_m3954172709_p2,human,lol_2
21.0,10.0,47175,07-03-2019_m3954172709_p2,human,lol_2
21.0,9.0,47183,07-03-2019_m3954172709_p2,human,lol_2
21.0,9.0,47191,07-03-2019_m3954172709_p2,human,lol_2
23.0,8.0,47199,07-03-2019_m3954172709_p2,human,lol_2
22.0,11.0,47207,07-03-2019_m3954172709_p2,human,lol_2
23.0,9.0,47215,07-03-2019_m3954172709_p2,human,lol_2
21.0,8.0,47223,07-03-2019_m3954172709_p2,human,lol_2
25.0,9.0,47231,07-03-2019_m3954172709_p2,human,lol_2
19.0,7.0,47239,07-03-2019_m3954172709_p2,human,lol_2
21.0,7.0,47247,07-03-2019_m3954172709_p2,human,lol_2
17.0,4.0,47255,07-03-2019_m3954172709_p2,human,lol_2
13.0,7.0,47263,07-03-2019_m3954172709_p2,human,lol_2
15.0,7.0,47271,07-03-2019_m3954172709_p2,human,lol_2
13.0,3.0,47279,07-03-2019_m3954172709_p2,human,lol_2
14.0,7.0,47287,07-03-2019_m3954172709_p2,human,lol_2
17.0,7.0,47295,07-03-2019_m3954172709_p2,human,lol_2
16.0,9.0,47303,07-03-2019_m3954172709_p2,human,lol_2
17.0,7.0,47311,07-03-2019_m3954172709_p2,human,lol_2
14.0,5.0,47319,07-03-2019_m3954172709_p2,human,lol_2
14.0,5.0,47327,07-03-2019_m3954172709_p2,human,lol_2
14.0,7.0,47335,07-03-2019_m3954172709_p2,human,lol_2
9.0,4.0,47343,07-03-2019_m3954172709_p2,human,lol_2
11.0,2.0,47351,07-03-2019_m3954172709_p2,human,lol_2
10.0,3.0,47359,07-03-2019_m3954172709_p2,human,lol_2
11.0,2.0,47367,07-03-2019_m3954172709_p2,human,lol_2
8.0,2.0,47375,07-03-2019_m3954172709_p2,human,lol_2
11.0,0.0,47383,07-03-2019_m3954172709_p2,human,lol_2
7.0,0.0,47391,07-03-2019_m3954172709_p2,human,lol_2
5.0,0.0,47399,07-03-2019_m3954172709_p2,human,lol_2
2.0,0.0,47415,07-03-2019_m3954172709_p2,human,lol_2
2.0,0.0,47439,07-03-2019_m3954172709_p2,human,lol_2
1.0,0.0,47447,07-03-2019_m3954172709_p2,human,lol_2
2.0,1.0,47455,07-03-2019_m3954172709_p2,human,lol_2
4.0,2.0,47463,07-03-2019_m3954172709_p2,human,lol_2
3.0,4.0,47471,07-03-2019_m3954172709_p2,human,lol_2
2.0,1.0,47479,07-03-2019_m3954172709_p2,human,lol_2
5.0,4.0,47487,07-03-2019_m3954172709_p2,human,lol_2
7.0,3.0,47495,07-03-2019_m3954172709_p2,human,lol_2
7.0,4.0,47503,07-03-2019_m3954172709_p2,human,lol_2
7.0,5.0,47511,07-03-2019_m3954172709_p2,human,lol_2
7.0,4.0,47519,07-03-2019_m3954172709_p2,human,lol_2
11.0,7.0,47527,07-03-2019_m3954172709_p2,human,lol_2
5.0,1.0,47535,07-03-2019_m3954172709_p2,human,lol_2
9.0,6.0,47543,07-03-2019_m3954172709_p2,human,lol_2
7.0,3.0,47551,07-03-2019_m3954172709_p2,human,lol_2
3.0,4.0,47559,07-03-2019_m3954172709_p2,human,lol_2
7.0,3.0,47567,07-03-2019_m3954172709_p2,human,lol_2
2.0,0.0,47575,07-03-2019_m3954172709_p2,human,lol_2
3.0,2.0,47583,07-03-2019_m3954172709_p2,human,lol_2
2.0,0.0,47591,07-03-2019_m3954172709_p2,human,lol_2
2.0,2.0,47599,07-03-2019_m3954172709_p2,human,lol_2
2.0,1.0,47623,07-03-2019_m3954172709_p2,human,lol_2
0.0,2.0,47631,07-03-2019_m3954172709_p2,human,lol_2
1.0,2.0,47639,07-03-2019_m3954172709_p2,human,lol_2
0.0,3.0,47647,07-03-2019_m3954172709_p2,human,lol_2
4.0,6.0,47663,07-03-2019_m3954172709_p2,human,lol_2
3.0,7.0,47679,07-03-2019_m3954172709_p2,human,lol_2
0.0,1.0,47687,07-03-2019_m3954172709_p2,human,lol_2
2.0,6.0,47695,07-03-2019_m3954172709_p2,human,lol_2
2.0,1.0,47703,07-03-2019_m3954172709_p2,human,lol_2
5.0,4.0,47711,07-03-2019_m3954172709_p2,human,lol_2
2.0,2.0,47719,07-03-2019_m3954172709_p2,human,lol_2
3.0,3.0,47735,07-03-2019_m3954172709_p2,human,lol_2
2.0,0.0,47743,07-03-2019_m3954172709_p2,human,lol_2
2.0,0.0,47823,07-03-2019_m3954172709_p2,human,lol_2
2.0,2.0,47831,07-03-2019_m3954172709_p2,human,lol_2
3.0,2.0,47839,07-03-2019_m3954172709_p2,human,lol_2
2.0,1.0,47855,07-03-2019_m3954172709_p2,human,lol_2
2.0,2.0,47943,07-03-2019_m3954172709_p2,human,lol_2
1.0,2.0,47951,07-03-2019_m3954172709_p2,human,lol_2
0.0,2.0,47959,07-03-2019_m3954172709_p2,human,lol_2
4.0,3.0,47967,07-03-2019_m3954172709_p2,human,lol_2
0.0,4.0,47975,07-03-2019_m3954172709_p2,human,lol_2
2.0,5.0,47983,07-03-2019_m3954172709_p2,human,lol_2
0.0,2.0,47991,07-03-2019_m3954172709_p2,human,lol_2
0.0,3.0,47999,07-03-2019_m3954172709_p2,human,lol_2
0.0,4.0,48007,07-03-2019_m3954172709_p2,human,lol_2
0.0,3.0,48023,07-03-2019_m3954172709_p2,human,lol_2
0.0,2.0,48039,07-03-2019_m3954172709_p2,human,lol_2
1.0,2.0,48143,07-03-2019_m3954172709_p2,human,lol_2
0.0,1.0,48151,07-03-2019_m3954172709_p2,human,lol_2
2.0,2.0,48255,07-03-2019_m3954172709_p2,human,lol_2
0.0,-1.0,48263,07-03-2019_m3954172709_p2,human,lol_2
0.0,-2.0,48359,07-03-2019_m3954172709_p2,human,lol_2
0.0,-5.0,48367,07-03-2019_m3954172709_p2,human,lol_2
0.0,-7.0,48375,07-03-2019_m3954172709_p2,human,lol_2
0.0,-3.0,48383,07-03-2019_m3954172709_p2,human,lol_2
0.0,-7.0,48391,07-03-2019_m3954172709_p2,human,lol_2
0.0,-7.0,48399,07-03-2019_m3954172709_p2,human,lol_2
-1.0,-6.0,48407,07-03-2019_m3954172709_p2,human,lol_2
-3.0,-7.0,48415,07-03-2019_m3954172709_p2,human,lol_2
-2.0,-5.0,48423,07-03-2019_m3954172709_p2,human,lol_2
-2.0,-3.0,48431,07-03-2019_m3954172709_p2,human,lol_2
-3.0,-4.0,48439,07-03-2019_m3954172709_p2,human,lol_2
-6.0,-3.0,48455,07-03-2019_m3954172709_p2,human,lol_2
-1.0,-2.0,48479,07-03-2019_m3954172709_p2,human,lol_2
-2.0,0.0,48511,07-03-2019_m3954172709_p2,human,lol_2
-2.0,0.0,48519,07-03-2019_m3954172709_p2,human,lol_2
-2.0,-2.0,48535,07-03-2019_m3954172709_p2,human,lol_2
-1.0,-2.0,48543,07-03-2019_m3954172709_p2,human,lol_2
-4.0,-3.0,48551,07-03-2019_m3954172709_p2,human,lol_2
-3.0,-2.0,48559,07-03-2019_m3954172709_p2,human,lol_2
-2.0,-2.0,48567,07-03-2019_m3954172709_p2,human,lol_2
-4.0,-1.0,48575,07-03-2019_m3954172709_p2,human,lol_2
-1.0,0.0,48583,07-03-2019_m3954172709_p2,human,lol_2
-4.0,-2.0,48591,07-03-2019_m3954172709_p2,human,lol_2
-3.0,-2.0,48655,07-03-2019_m3954172709_p2,human,lol_2
-4.0,-2.0,48671,07-03-2019_m3954172709_p2,human,lol_2
-5.0,-1.0,48679,07-03-2019_m3954172709_p2,human,lol_2
-5.0,-2.0,48687,07-03-2019_m3954172709_p2,human,lol_2
-7.0,-4.0,48695,07-03-2019_m3954172709_p2,human,lol_2
-6.0,0.0,48703,07-03-2019_m3954172709_p2,human,lol_2
-3.0,0.0,48711,07-03-2019_m3954172709_p2,human,lol_2
-5.0,0.0,48719,07-03-2019_m3954172709_p2,human,lol_2
-2.0,0.0,48727,07-03-2019_m3954172709_p2,human,lol_2
-2.0,0.0,48735,07-03-2019_m3954172709_p2,human,lol_2
-2.0,0.0,48751,07-03-2019_m3954172709_p2,human,lol_2
-3.0,0.0,48783,07-03-2019_m3954172709_p2,human,lol_2
-2.0,0.0,48807,07-03-2019_m3954172709_p2,human,lol_2
-2.0,0.0,48815,07-03-2019_m3954172709_p2,human,lol_2
-1.0,0.0,48831,07-03-2019_m3954172709_p2,human,lol_2
-7.0,-1.0,48927,07-03-2019_m3954172709_p2,human,lol_2
-6.0,-4.0,48935,07-03-2019_m3954172709_p2,human,lol_2
-3.0,-3.0,48943,07-03-2019_m3954172709_p2,human,lol_2
-2.0,-4.0,48951,07-03-2019_m3954172709_p2,human,lol_2
-2.0,-3.0,48959,07-03-2019_m3954172709_p2,human,lol_2
0.0,-4.0,48967,07-03-2019_m3954172709_p2,human,lol_2
-5.0,-5.0,48975,07-03-2019_m3954172709_p2,human,lol_2
-2.0,-4.0,48983,07-03-2019_m3954172709_p2,human,lol_2
-1.0,-5.0,48991,07-03-2019_m3954172709_p2,human,lol_2
-2.0,-3.0,48999,07-03-2019_m3954172709_p2,human,lol_2
-2.0,-2.0,49007,07-03-2019_m3954172709_p2,human,lol_2
-2.0,-2.0,49015,07-03-2019_m3954172709_p2,human,lol_2
0.0,-2.0,49023,07-03-2019_m3954172709_p2,human,lol_2
-1.0,-1.0,49063,07-03-2019_m3954172709_p2,human,lol_2
-2.0,-2.0,49143,07-03-2019_m3954172709_p2,human,lol_2
-2.0,-2.0,49151,07-03-2019_m3954172709_p2,human,lol_2
-2.0,0.0,49159,07-03-2019_m3954172709_p2,human,lol_2
-1.0,0.0,49183,07-03-2019_m3954172709_p2,human,lol_2
-2.0,0.0,49271,07-03-2019_m3954172709_p2,human,lol_2
-4.0,0.0,49279,07-03-2019_m3954172709_p2,human,lol_2
-1.0,0.0,49287,07-03-2019_m3954172709_p2,human,lol_2
-2.0,0.0,49295,07-03-2019_m3954172709_p2,human,lol_2
-2.0,0.0,49303,07-03-2019_m3954172709_p2,human,lol_2
-5.0,0.0,49319,07-03-2019_m3954172709_p2,human,lol_2
-2.0,0.0,49343,07-03-2019_m3954172709_p2,human,lol_2
-2.0,0.0,49367,07-03-2019_m3954172709_p2,human,lol_2
-3.0,3.0,49383,07-03-2019_m3954172709_p2,human,lol_2
-2.0,0.0,49393,07-03-2019_m3954172709_p2,human,lol_2
-2.0,2.0,49407,07-03-2019_m3954172709_p2,human,lol_2
-3.0,1.0,49415,07-03-2019_m3954172709_p2,human,lol_2
-4.0,2.0,49439,07-03-2019_m3954172709_p2,human,lol_2
-3.0,4.0,49519,07-03-2019_m3954172709_p2,human,lol_2
0.0,1.0,49607,07-03-2019_m3954172709_p2,human,lol_2
0.0,6.0,49615,07-03-2019_m3954172709_p2,human,lol_2
0.0,1.0,49679,07-03-2019_m3954172709_p2,human,lol_2
-7.0,2.0,49687,07-03-2019_m3954172709_p2,human,lol_2
-11.0,2.0,49695,07-03-2019_m3954172709_p2,human,lol_2
-15.0,0.0,49703,07-03-2019_m3954172709_p2,human,lol_2
-16.0,0.0,49711,07-03-2019_m3954172709_p2,human,lol_2
-19.0,0.0,49719,07-03-2019_m3954172709_p2,human,lol_2
-7.0,0.0,49727,07-03-2019_m3954172709_p2,human,lol_2
-6.0,7.0,49983,07-03-2019_m3954172709_p2,human,lol_2
-5.0,-3.0,49991,07-03-2019_m3954172709_p2,human,lol_2
-2.0,0.0,50015,07-03-2019_m3954172709_p2,human,lol_2
-1.0,0.0,50023,07-03-2019_m3954172709_p2,human,lol_2
-2.0,-3.0,50031,07-03-2019_m3954172709_p2,human,lol_2
-4.0,-4.0,50039,07-03-2019_m3954172709_p2,human,lol_2
-1.0,-2.0,50047,07-03-2019_m3954172709_p2,human,lol_2
-6.0,-1.0,50055,07-03-2019_m3954172709_p2,human,lol_2
-3.0,-2.0,50063,07-03-2019_m3954172709_p2,human,lol_2
-9.0,-4.0,50071,07-03-2019_m3954172709_p2,human,lol_2
-3.0,0.0,50079,07-03-2019_m3954172709_p2,human,lol_2
-4.0,-1.0,50095,07-03-2019_m3954172709_p2,human,lol_2
-5.0,0.0,50103,07-03-2019_m3954172709_p2,human,lol_2
-2.0,-2.0,50111,07-03-2019_m3954172709_p2,human,lol_2
-2.0,-4.0,50119,07-03-2019_m3954172709_p2,human,lol_2
-1.0,-3.0,50127,07-03-2019_m3954172709_p2,human,lol_2
0.0,-5.0,50135,07-03-2019_m3954172709_p2,human,lol_2
-2.0,-4.0,50143,07-03-2019_m3954172709_p2,human,lol_2
-4.0,-5.0,50151,07-03-2019_m3954172709_p2,human,lol_2
-7.0,-5.0,50159,07-03-2019_m3954172709_p2,human,lol_2
-8.0,-2.0,50167,07-03-2019_m3954172709_p2,human,lol_2
-11.0,-4.0,50175,07-03-2019_m3954172709_p2,human,lol_2
-9.0,-1.0,50183,07-03-2019_m3954172709_p2,human,lol_2
-10.0,-2.0,50191,07-03-2019_m3954172709_p2,human,lol_2
-9.0,0.0,50199,07-03-2019_m3954172709_p2,human,lol_2
-9.0,0.0,50207,07-03-2019_m3954172709_p2,human,lol_2
-10.0,0.0,50215,07-03-2019_m3954172709_p2,human,lol_2
-11.0,0.0,50223,07-03-2019_m3954172709_p2,human,lol_2
-14.0,0.0,50231,07-03-2019_m3954172709_p2,human,lol_2
-10.0,0.0,50239,07-03-2019_m3954172709_p2,human,lol_2
-12.0,0.0,50247,07-03-2019_m3954172709_p2,human,lol_2
-13.0,0.0,50255,07-03-2019_m3954172709_p2,human,lol_2
-10.0,0.0,50263,07-03-2019_m3954172709_p2,human,lol_2
-9.0,0.0,50271,07-03-2019_m3954172709_p2,human,lol_2
-9.0,0.0,50279,07-03-2019_m3954172709_p2,human,lol_2
-5.0,0.0,50287,07-03-2019_m3954172709_p2,human,lol_2
-7.0,0.0,50295,07-03-2019_m3954172709_p2,human,lol_2
-2.0,0.0,50303,07-03-2019_m3954172709_p2,human,lol_2
-3.0,1.0,50311,07-03-2019_m3954172709_p2,human,lol_2
-2.0,3.0,50319,07-03-2019_m3954172709_p2,human,lol_2
0.0,2.0,50327,07-03-2019_m3954172709_p2,human,lol_2
0.0,7.0,50335,07-03-2019_m3954172709_p2,human,lol_2
1.0,4.0,50343,07-03-2019_m3954172709_p2,human,lol_2
4.0,5.0,50407,07-03-2019_m3954172709_p2,human,lol_2
0.0,2.0,50415,07-03-2019_m3954172709_p2,human,lol_2
3.0,5.0,50423,07-03-2019_m3954172709_p2,human,lol_2
4.0,3.0,50431,07-03-2019_m3954172709_p2,human,lol_2
7.0,7.0,50439,07-03-2019_m3954172709_p2,human,lol_2
7.0,9.0,50447,07-03-2019_m3954172709_p2,human,lol_2
10.0,12.0,50455,07-03-2019_m3954172709_p2,human,lol_2
12.0,14.0,50463,07-03-2019_m3954172709_p2,human,lol_2
14.0,16.0,50471,07-03-2019_m3954172709_p2,human,lol_2
16.0,16.0,50479,07-03-2019_m3954172709_p2,human,lol_2
14.0,9.0,50487,07-03-2019_m3954172709_p2,human,lol_2
18.0,15.0,50495,07-03-2019_m3954172709_p2,human,lol_2
17.0,16.0,50503,07-03-2019_m3954172709_p2,human,lol_2
21.0,12.0,50511,07-03-2019_m3954172709_p2,human,lol_2
21.0,16.0,50519,07-03-2019_m3954172709_p2,human,lol_2
25.0,16.0,50527,07-03-2019_m3954172709_p2,human,lol_2
21.0,10.0,50535,07-03-2019_m3954172709_p2,human,lol_2
21.0,9.0,50543,07-03-2019_m3954172709_p2,human,lol_2
24.0,11.0,50551,07-03-2019_m3954172709_p2,human,lol_2
19.0,7.0,50559,07-03-2019_m3954172709_p2,human,lol_2
23.0,7.0,50567,07-03-2019_m3954172709_p2,human,lol_2
23.0,7.0,50575,07-03-2019_m3954172709_p2,human,lol_2
23.0,7.0,50583,07-03-2019_m3954172709_p2,human,lol_2
19.0,3.0,50591,07-03-2019_m3954172709_p2,human,lol_2
16.0,5.0,50599,07-03-2019_m3954172709_p2,human,lol_2
15.0,4.0,50607,07-03-2019_m3954172709_p2,human,lol_2
16.0,5.0,50615,07-03-2019_m3954172709_p2,human,lol_2
14.0,2.0,50623,07-03-2019_m3954172709_p2,human,lol_2
14.0,0.0,50631,07-03-2019_m3954172709_p2,human,lol_2
7.0,0.0,50639,07-03-2019_m3954172709_p2,human,lol_2
7.0,0.0,50647,07-03-2019_m3954172709_p2,human,lol_2
5.0,0.0,50655,07-03-2019_m3954172709_p2,human,lol_2
7.0,0.0,50663,07-03-2019_m3954172709_p2,human,lol_2
4.0,0.0,50679,07-03-2019_m3954172709_p2,human,lol_2
3.0,0.0,50687,07-03-2019_m3954172709_p2,human,lol_2
2.0,0.0,50695,07-03-2019_m3954172709_p2,human,lol_2
9.0,2.0,50703,07-03-2019_m3954172709_p2,human,lol_2
5.0,1.0,50711,07-03-2019_m3954172709_p2,human,lol_2
11.0,4.0,50719,07-03-2019_m3954172709_p2,human,lol_2
8.0,2.0,50727,07-03-2019_m3954172709_p2,human,lol_2
9.0,1.0,50735,07-03-2019_m3954172709_p2,human,lol_2
11.0,2.0,50743,07-03-2019_m3954172709_p2,human,lol_2
3.0,0.0,50751,07-03-2019_m3954172709_p2,human,lol_2
7.0,0.0,50759,07-03-2019_m3954172709_p2,human,lol_2
5.0,0.0,50767,07-03-2019_m3954172709_p2,human,lol_2
2.0,0.0,50839,07-03-2019_m3954172709_p2,human,lol_2
2.0,0.0,50847,07-03-2019_m3954172709_p2,human,lol_2
3.0,4.0,50863,07-03-2019_m3954172709_p2,human,lol_2
2.0,1.0,50871,07-03-2019_m3954172709_p2,human,lol_2
2.0,2.0,50879,07-03-2019_m3954172709_p2,human,lol_2
5.0,5.0,50887,07-03-2019_m3954172709_p2,human,lol_2
4.0,2.0,50895,07-03-2019_m3954172709_p2,human,lol_2
7.0,4.0,50903,07-03-2019_m3954172709_p2,human,lol_2
5.0,3.0,50911,07-03-2019_m3954172709_p2,human,lol_2
5.0,2.0,50919,07-03-2019_m3954172709_p2,human,lol_2
5.0,3.0,50927,07-03-2019_m3954172709_p2,human,lol_2
6.0,4.0,50935,07-03-2019_m3954172709_p2,human,lol_2
3.0,3.0,50943,07-03-2019_m3954172709_p2,human,lol_2
7.0,7.0,50951,07-03-2019_m3954172709_p2,human,lol_2
2.0,2.0,50959,07-03-2019_m3954172709_p2,human,lol_2
5.0,4.0,50967,07-03-2019_m3954172709_p2,human,lol_2
4.0,3.0,50975,07-03-2019_m3954172709_p2,human,lol_2
3.0,4.0,50983,07-03-2019_m3954172709_p2,human,lol_2
7.0,5.0,50991,07-03-2019_m3954172709_p2,human,lol_2
4.0,2.0,50999,07-03-2019_m3954172709_p2,human,lol_2
8.0,5.0,51007,07-03-2019_m3954172709_p2,human,lol_2
6.0,2.0,51015,07-03-2019_m3954172709_p2,human,lol_2
8.0,3.0,51023,07-03-2019_m3954172709_p2,human,lol_2
7.0,4.0,51031,07-03-2019_m3954172709_p2,human,lol_2
6.0,0.0,51039,07-03-2019_m3954172709_p2,human,lol_2
5.0,1.0,51047,07-03-2019_m3954172709_p2,human,lol_2
2.0,0.0,51055,07-03-2019_m3954172709_p2,human,lol_2
1.0,2.0,52087,07-03-2019_m3954172709_p2,human,lol_2
6.0,0.0,52223,07-03-2019_m3954172709_p2,human,lol_2
3.0,0.0,52231,07-03-2019_m3954172709_p2,human,lol_2
2.0,0.0,52239,07-03-2019_m3954172709_p2,human,lol_2
3.0,0.0,52247,07-03-2019_m3954172709_p2,human,lol_2
2.0,0.0,52255,07-03-2019_m3954172709_p2,human,lol_2
2.0,0.0,52903,07-03-2019_m3954172709_p2,human,lol_2
-1.0,-4.0,52919,07-03-2019_m3954172709_p2,human,lol_2
-5.0,-4.0,52935,07-03-2019_m3954172709_p2,human,lol_2
-4.0,-2.0,52943,07-03-2019_m3954172709_p2,human,lol_2
-2.0,-1.0,52951,07-03-2019_m3954172709_p2,human,lol_2
-1.0,-2.0,52959,07-03-2019_m3954172709_p2,human,lol_2
-2.0,-2.0,52967,07-03-2019_m3954172709_p2,human,lol_2
-4.0,-2.0,52975,07-03-2019_m3954172709_p2,human,lol_2
-1.0,-1.0,52983,07-03-2019_m3954172709_p2,human,lol_2
-4.0,-4.0,52991,07-03-2019_m3954172709_p2,human,lol_2
-3.0,-3.0,52999,07-03-2019_m3954172709_p2,human,lol_2
-7.0,-6.0,53007,07-03-2019_m3954172709_p2,human,lol_2
-11.0,-7.0,53015,07-03-2019_m3954172709_p2,human,lol_2
-14.0,-10.0,53023,07-03-2019_m3954172709_p2,human,lol_2
-16.0,-9.0,53031,07-03-2019_m3954172709_p2,human,lol_2
-21.0,-9.0,53039,07-03-2019_m3954172709_p2,human,lol_2
-22.0,-10.0,53047,07-03-2019_m3954172709_p2,human,lol_2
-23.0,-11.0,53055,07-03-2019_m3954172709_p2,human,lol_2
-23.0,-14.0,53063,07-03-2019_m3954172709_p2,human,lol_2
-23.0,-10.0,53071,07-03-2019_m3954172709_p2,human,lol_2
-24.0,-14.0,53079,07-03-2019_m3954172709_p2,human,lol_2
-23.0,-12.0,53087,07-03-2019_m3954172709_p2,human,lol_2
-23.0,-14.0,53095,07-03-2019_m3954172709_p2,human,lol_2
-19.0,-13.0,53103,07-03-2019_m3954172709_p2,human,lol_2
-19.0,-14.0,53111,07-03-2019_m3954172709_p2,human,lol_2
-19.0,-14.0,53119,07-03-2019_m3954172709_p2,human,lol_2
-18.0,-17.0,53127,07-03-2019_m3954172709_p2,human,lol_2
-16.0,-16.0,53135,07-03-2019_m3954172709_p2,human,lol_2
-17.0,-23.0,53143,07-03-2019_m3954172709_p2,human,lol_2
-18.0,-19.0,53151,07-03-2019_m3954172709_p2,human,lol_2
-15.0,-17.0,53159,07-03-2019_m3954172709_p2,human,lol_2
-13.0,-21.0,53167,07-03-2019_m3954172709_p2,human,lol_2
-12.0,-20.0,53175,07-03-2019_m3954172709_p2,human,lol_2
-7.0,-15.0,53183,07-03-2019_m3954172709_p2,human,lol_2
-5.0,-20.0,53191,07-03-2019_m3954172709_p2,human,lol_2
0.0,-17.0,53199,07-03-2019_m3954172709_p2,human,lol_2
0.0,-19.0,53207,07-03-2019_m3954172709_p2,human,lol_2
0.0,-18.0,53215,07-03-2019_m3954172709_p2,human,lol_2
4.0,-17.0,53223,07-03-2019_m3954172709_p2,human,lol_2
2.0,-18.0,53231,07-03-2019_m3954172709_p2,human,lol_2
0.0,-16.0,53239,07-03-2019_m3954172709_p2,human,lol_2
0.0,-12.0,53247,07-03-2019_m3954172709_p2,human,lol_2
-6.0,-17.0,53255,07-03-2019_m3954172709_p2,human,lol_2
-11.0,-13.0,53263,07-03-2019_m3954172709_p2,human,lol_2
-7.0,-7.0,53583,07-03-2019_m3954172709_p2,human,lol_2
0.0,-3.0,53599,07-03-2019_m3954172709_p2,human,lol_2
0.0,-2.0,53607,07-03-2019_m3954172709_p2,human,lol_2
0.0,-3.0,53615,07-03-2019_m3954172709_p2,human,lol_2
-3.0,-7.0,53623,07-03-2019_m3954172709_p2,human,lol_2
-5.0,-6.0,53631,07-03-2019_m3954172709_p2,human,lol_2
-7.0,-5.0,53639,07-03-2019_m3954172709_p2,human,lol_2
-4.0,-2.0,53647,07-03-2019_m3954172709_p2,human,lol_2
-5.0,-3.0,53655,07-03-2019_m3954172709_p2,human,lol_2
-5.0,-5.0,53663,07-03-2019_m3954172709_p2,human,lol_2
-4.0,-4.0,53671,07-03-2019_m3954172709_p2,human,lol_2
-5.0,-2.0,53679,07-03-2019_m3954172709_p2,human,lol_2
-7.0,-1.0,53687,07-03-2019_m3954172709_p2,human,lol_2
-5.0,-2.0,53695,07-03-2019_m3954172709_p2,human,lol_2
-6.0,-2.0,53703,07-03-2019_m3954172709_p2,human,lol_2
-1.0,-2.0,53711,07-03-2019_m3954172709_p2,human,lol_2
-4.0,-3.0,53719,07-03-2019_m3954172709_p2,human,lol_2
0.0,-4.0,53727,07-03-2019_m3954172709_p2,human,lol_2
0.0,-5.0,53735,07-03-2019_m3954172709_p2,human,lol_2
0.0,-5.0,53743,07-03-2019_m3954172709_p2,human,lol_2
0.0,-2.0,53751,07-03-2019_m3954172709_p2,human,lol_2
-2.0,-3.0,53759,07-03-2019_m3954172709_p2,human,lol_2
-1.0,-2.0,53767,07-03-2019_m3954172709_p2,human,lol_2
0.0,-4.0,53775,07-03-2019_m3954172709_p2,human,lol_2
-2.0,-1.0,53791,07-03-2019_m3954172709_p2,human,lol_2
0.0,-4.0,53799,07-03-2019_m3954172709_p2,human,lol_2
-2.0,-3.0,53815,07-03-2019_m3954172709_p2,human,lol_2
0.0,-6.0,53823,07-03-2019_m3954172709_p2,human,lol_2
0.0,-1.0,53831,07-03-2019_m3954172709_p2,human,lol_2
0.0,-4.0,53839,07-03-2019_m3954172709_p2,human,lol_2
0.0,-5.0,53847,07-03-2019_m3954172709_p2,human,lol_2
0.0,-4.0,53855,07-03-2019_m3954172709_p2,human,lol_2
0.0,-5.0,53863,07-03-2019_m3954172709_p2,human,lol_2
0.0,-2.0,53871,07-03-2019_m3954172709_p2,human,lol_2
0.0,-7.0,53879,07-03-2019_m3954172709_p2,human,lol_2
0.0,-3.0,53887,07-03-2019_m3954172709_p2,human,lol_2
0.0,-7.0,53895,07-03-2019_m3954172709_p2,human,lol_2
0.0,-2.0,53903,07-03-2019_m3954172709_p2,human,lol_2
0.0,-3.0,53911,07-03-2019_m3954172709_p2,human,lol_2
0.0,-2.0,53927,07-03-2019_m3954172709_p2,human,lol_2
0.0,-2.0,56279,07-03-2019_m3954172709_p2,human,lol_2
13.0,-2.0,56287,07-03-2019_m3954172709_p2,human,lol_2
16.0,3.0,56295,07-03-2019_m3954172709_p2,human,lol_2
16.0,5.0,56303,07-03-2019_m3954172709_p2,human,lol_2
12.0,4.0,56311,07-03-2019_m3954172709_p2,human,lol_2
9.0,3.0,56319,07-03-2019_m3954172709_p2,human,lol_2
10.0,6.0,56327,07-03-2019_m3954172709_p2,human,lol_2
9.0,5.0,56335,07-03-2019_m3954172709_p2,human,lol_2
14.0,10.0,56343,07-03-2019_m3954172709_p2,human,lol_2
16.0,11.0,56351,07-03-2019_m3954172709_p2,human,lol_2
19.0,12.0,56359,07-03-2019_m3954172709_p2,human,lol_2
21.0,11.0,56367,07-03-2019_m3954172709_p2,human,lol_2
25.0,14.0,56375,07-03-2019_m3954172709_p2,human,lol_2
