dx,dy,time,session_id,bot_type,user_id
29.0,3.0,0.0,bot_0,stitch,-1
0.0,1.0,34.0,bot_0,stitch,-1
5.0,-5.0,229.0,bot_0,stitch,-1
0.0,-2.0,259.0,bot_0,stitch,-1
0.0,-3.0,289.0,bot_0,stitch,-1
-3.0,-10.0,320.0,bot_0,stitch,-1
-5.0,-9.0,350.0,bot_0,stitch,-1
-1.0,-6.0,379.0,bot_0,stitch,-1
-3.0,-10.0,406.0,bot_0,stitch,-1
-2.0,-7.0,432.0,bot_0,stitch,-1
-1.0,-2.0,484.0,bot_0,stitch,-1
0.0,-1.0,537.0,bot_0,stitch,-1
2.0,-1.0,618.0,bot_0,stitch,-1
1.0,0.0,644.0,bot_0,stitch,-1
-1.0,2.0,696.0,bot_0,stitch,-1
-4.0,5.0,890.0,bot_0,stitch,-1
-5.0,14.0,921.0,bot_0,stitch,-1
-8.0,5.0,953.0,bot_0,stitch,-1
-15.0,6.0,985.0,bot_0,stitch,-1
-58.0,7.0,1019.0,bot_0,stitch,-1
-39.0,4.0,1051.0,bot_0,stitch,-1
0.0,1.0,1117.0,bot_0,stitch,-1
-3.0,3.0,1210.0,bot_0,stitch,-1
-7.0,8.0,1242.0,bot_0,stitch,-1
0.0,1.0,1276.0,bot_0,stitch,-1
0.0,4.0,1374.0,bot_0,stitch,-1
-5.0,6.0,1407.0,bot_0,stitch,-1
0.0,1.0,1470.0,bot_0,stitch,-1
-2.0,0.0,1533.0,bot_0,stitch,-1
1.0,0.0,1688.0,bot_0,stitch,-1
268.0,9.0,1747.0,bot_0,stitch,-1
157.0,8.0,1778.0,bot_0,stitch,-1
1.0,0.0,1862.0,bot_0,stitch,-1
4.0,-1.0,1893.0,bot_0,stitch,-1
61.0,6.0,1925.0,bot_0,stitch,-1
41.0,3.0,1954.0,bot_0,stitch,-1
56.0,5.0,1982.0,bot_0,stitch,-1
20.0,1.0,2012.0,bot_0,stitch,-1
5.0,-5.0,7744.0,bot_0,stitch,-1
-41.0,0.0,7891.0,bot_0,stitch,-1
-18.0,0.0,7914.0,bot_0,stitch,-1
-1.0,-1.0,7927.0,bot_0,stitch,-1
-2.0,0.0,8023.0,bot_0,stitch,-1
-3.0,-1.0,8042.0,bot_0,stitch,-1
-4.0,-3.0,8062.0,bot_0,stitch,-1
-3.0,-3.0,8082.0,bot_0,stitch,-1
-10.0,-3.0,8101.0,bot_0,stitch,-1
-24.0,-5.0,8121.0,bot_0,stitch,-1
-29.0,-2.0,8140.0,bot_0,stitch,-1
-21.0,0.0,8160.0,bot_0,stitch,-1
-22.0,3.0,8180.0,bot_0,stitch,-1
-29.0,4.0,8199.0,bot_0,stitch,-1
-17.0,2.0,8218.0,bot_0,stitch,-1
-5.0,0.0,8236.0,bot_0,stitch,-1
0.0,1.0,8272.0,bot_0,stitch,-1
-1.0,0.0,8343.0,bot_0,stitch,-1
-2.0,0.0,8361.0,bot_0,stitch,-1
-2.0,0.0,8378.0,bot_0,stitch,-1
0.0,1.0,8396.0,bot_0,stitch,-1
5.0,-3.0,8490.0,bot_0,stitch,-1
10.0,-8.0,8509.0,bot_0,stitch,-1
3.0,-6.0,8529.0,bot_0,stitch,-1
1.0,-2.0,8549.0,bot_0,stitch,-1
0.0,-2.0,8588.0,bot_0,stitch,-1
0.0,-1.0,8607.0,bot_0,stitch,-1
-1.0,0.0,8626.0,bot_0,stitch,-1
0.0,-2.0,8665.0,bot_0,stitch,-1
0.0,-1.0,8683.0,bot_0,stitch,-1
-1.0,-1.0,8702.0,bot_0,stitch,-1
-1.0,-1.0,8722.0,bot_0,stitch,-1
-1.0,-1.0,8739.0,bot_0,stitch,-1
0.0,-1.0,8795.0,bot_0,stitch,-1
2.0,-1.0,8814.0,bot_0,stitch,-1
0.0,-1.0,8832.0,bot_0,stitch,-1
1.0,0.0,8868.0,bot_0,stitch,-1
2.0,0.0,8904.0,bot_0,stitch,-1
1.0,0.0,8923.0,bot_0,stitch,-1
2.0,0.0,8941.0,bot_0,stitch,-1
2.0,1.0,8958.0,bot_0,stitch,-1
5.0,3.0,8976.0,bot_0,stitch,-1
4.0,0.0,8995.0,bot_0,stitch,-1
1.0,0.0,9013.0,bot_0,stitch,-1
0.0,1.0,9278.0,bot_0,stitch,-1
2.0,-3.0,9494.0,bot_0,stitch,-1
8.0,1.0,9517.0,bot_0,stitch,-1
14.0,0.0,9536.0,bot_0,stitch,-1
18.0,1.0,9559.0,bot_0,stitch,-1
4.0,0.0,9578.0,bot_0,stitch,-1
3.0,0.0,9601.0,bot_0,stitch,-1
5.0,1.0,9620.0,bot_0,stitch,-1
8.0,2.0,9643.0,bot_0,stitch,-1
2.0,1.0,9662.0,bot_0,stitch,-1
1.0,1.0,9685.0,bot_0,stitch,-1
1.0,1.0,9703.0,bot_0,stitch,-1
1.0,2.0,9726.0,bot_0,stitch,-1
1.0,1.0,9745.0,bot_0,stitch,-1
2.0,0.0,9768.0,bot_0,stitch,-1
6.0,0.0,9788.0,bot_0,stitch,-1
9.0,-3.0,9811.0,bot_0,stitch,-1
10.0,-6.0,9829.0,bot_0,stitch,-1
20.0,-15.0,9853.0,bot_0,stitch,-1
22.0,-12.0,9871.0,bot_0,stitch,-1
24.0,-10.0,9893.0,bot_0,stitch,-1
16.0,-6.0,9912.0,bot_0,stitch,-1
8.0,-6.0,9933.0,bot_0,stitch,-1
6.0,-5.0,9951.0,bot_0,stitch,-1
5.0,-3.0,9972.0,bot_0,stitch,-1
2.0,-3.0,9989.0,bot_0,stitch,-1
1.0,-4.0,10011.0,bot_0,stitch,-1
0.0,-4.0,10029.0,bot_0,stitch,-1
0.0,-8.0,10050.0,bot_0,stitch,-1
-2.0,-3.0,10068.0,bot_0,stitch,-1
-3.0,-7.0,10089.0,bot_0,stitch,-1
-6.0,-3.0,10107.0,bot_0,stitch,-1
-2.0,-1.0,10128.0,bot_0,stitch,-1
-1.0,-1.0,10146.0,bot_0,stitch,-1
-4.0,-1.0,10166.0,bot_0,stitch,-1
-1.0,-1.0,10185.0,bot_0,stitch,-1
-1.0,-1.0,10205.0,bot_0,stitch,-1
-1.0,0.0,10223.0,bot_0,stitch,-1
-1.0,-1.0,10244.0,bot_0,stitch,-1
-1.0,0.0,10262.0,bot_0,stitch,-1
-2.0,-2.0,10283.0,bot_0,stitch,-1
-4.0,-2.0,10301.0,bot_0,stitch,-1
-4.0,-3.0,10321.0,bot_0,stitch,-1
-5.0,-3.0,10339.0,bot_0,stitch,-1
-7.0,-3.0,10360.0,bot_0,stitch,-1
-8.0,-2.0,10377.0,bot_0,stitch,-1
-5.0,-2.0,10399.0,bot_0,stitch,-1
-6.0,-2.0,10417.0,bot_0,stitch,-1
-12.0,-4.0,10438.0,bot_0,stitch,-1
-6.0,-3.0,10457.0,bot_0,stitch,-1
-9.0,-3.0,10478.0,bot_0,stitch,-1
-3.0,0.0,10497.0,bot_0,stitch,-1
-10.0,-1.0,10518.0,bot_0,stitch,-1
-7.0,0.0,10537.0,bot_0,stitch,-1
-5.0,0.0,10559.0,bot_0,stitch,-1
-1.0,0.0,10577.0,bot_0,stitch,-1
-2.0,0.0,10617.0,bot_0,stitch,-1
-1.0,1.0,10638.0,bot_0,stitch,-1
-5.0,3.0,10657.0,bot_0,stitch,-1
-10.0,7.0,10679.0,bot_0,stitch,-1
-17.0,6.0,10698.0,bot_0,stitch,-1
-12.0,2.0,10720.0,bot_0,stitch,-1
-8.0,1.0,10739.0,bot_0,stitch,-1
-8.0,-1.0,10761.0,bot_0,stitch,-1
-6.0,0.0,10781.0,bot_0,stitch,-1
-15.0,-1.0,10805.0,bot_0,stitch,-1
-11.0,-1.0,10825.0,bot_0,stitch,-1
-10.0,-1.0,10848.0,bot_0,stitch,-1
-2.0,0.0,10868.0,bot_0,stitch,-1
-2.0,0.0,10893.0,bot_0,stitch,-1
-2.0,0.0,10913.0,bot_0,stitch,-1
-4.0,0.0,10938.0,bot_0,stitch,-1
-1.0,0.0,10958.0,bot_0,stitch,-1
1.0,4.0,10981.0,bot_0,stitch,-1
2.0,4.0,11000.0,bot_0,stitch,-1
2.0,3.0,11022.0,bot_0,stitch,-1
4.0,4.0,11041.0,bot_0,stitch,-1
5.0,6.0,11065.0,bot_0,stitch,-1
1.0,2.0,11085.0,bot_0,stitch,-1
1.0,1.0,11109.0,bot_0,stitch,-1
3.0,1.0,11128.0,bot_0,stitch,-1
8.0,2.0,11151.0,bot_0,stitch,-1
3.0,1.0,11171.0,bot_0,stitch,-1
2.0,0.0,11193.0,bot_0,stitch,-1
3.0,0.0,11212.0,bot_0,stitch,-1
1.0,0.0,11233.0,bot_0,stitch,-1
-1.0,0.0,11274.0,bot_0,stitch,-1
-2.0,-2.0,11293.0,bot_0,stitch,-1
-2.0,-2.0,11316.0,bot_0,stitch,-1
1.0,2.0,11370.0,bot_0,stitch,-1
1.0,2.0,11383.0,bot_0,stitch,-1
2.0,3.0,11395.0,bot_0,stitch,-1
1.0,2.0,11409.0,bot_0,stitch,-1
0.0,2.0,11422.0,bot_0,stitch,-1
0.0,1.0,11435.0,bot_0,stitch,-1
1.0,2.0,11448.0,bot_0,stitch,-1
0.0,1.0,11474.0,bot_0,stitch,-1
0.0,1.0,11487.0,bot_0,stitch,-1
-1.0,0.0,11513.0,bot_0,stitch,-1
-4.0,2.0,11526.0,bot_0,stitch,-1
-5.0,1.0,11539.0,bot_0,stitch,-1
-6.0,1.0,11552.0,bot_0,stitch,-1
-12.0,3.0,11565.0,bot_0,stitch,-1
-32.0,2.0,11578.0,bot_0,stitch,-1
-45.0,2.0,11586.0,bot_0,stitch,-1
-155.0,2.0,11598.0,bot_0,stitch,-1
-398.0,7.0,11615.0,bot_0,stitch,-1
-147.0,5.0,11623.0,bot_0,stitch,-1
-274.0,10.0,11635.0,bot_0,stitch,-1
-111.0,7.0,11645.0,bot_0,stitch,-1
-145.0,10.0,11656.0,bot_0,stitch,-1
-55.0,5.0,11667.0,bot_0,stitch,-1
-15.0,1.0,11679.0,bot_0,stitch,-1
-3.0,1.0,11692.0,bot_0,stitch,-1
-2.0,0.0,11982.0,bot_0,stitch,-1
-4.0,1.0,11994.0,bot_0,stitch,-1
-6.0,1.0,12006.0,bot_0,stitch,-1
-5.0,3.0,12019.0,bot_0,stitch,-1
-5.0,3.0,12031.0,bot_0,stitch,-1
-5.0,2.0,12043.0,bot_0,stitch,-1
-2.0,1.0,12055.0,bot_0,stitch,-1
-3.0,2.0,12067.0,bot_0,stitch,-1
-1.0,0.0,12079.0,bot_0,stitch,-1
-2.0,1.0,12091.0,bot_0,stitch,-1
-1.0,0.0,12103.0,bot_0,stitch,-1
-2.0,1.0,12115.0,bot_0,stitch,-1
-2.0,1.0,12127.0,bot_0,stitch,-1
-3.0,2.0,12139.0,bot_0,stitch,-1
-6.0,1.0,12151.0,bot_0,stitch,-1
-3.0,2.0,12163.0,bot_0,stitch,-1
-15.0,5.0,12175.0,bot_0,stitch,-1
-26.0,6.0,12186.0,bot_0,stitch,-1
-38.0,8.0,12198.0,bot_0,stitch,-1
-34.0,5.0,12210.0,bot_0,stitch,-1
-16.0,3.0,12221.0,bot_0,stitch,-1
-20.0,4.0,12233.0,bot_0,stitch,-1
-11.0,3.0,12244.0,bot_0,stitch,-1
-8.0,1.0,12256.0,bot_0,stitch,-1
-3.0,4.0,12268.0,bot_0,stitch,-1
-3.0,0.0,12280.0,bot_0,stitch,-1
-4.0,1.0,12292.0,bot_0,stitch,-1
-2.0,1.0,12303.0,bot_0,stitch,-1
-3.0,1.0,12315.0,bot_0,stitch,-1
-4.0,2.0,12327.0,bot_0,stitch,-1
-5.0,3.0,12339.0,bot_0,stitch,-1
-7.0,3.0,12351.0,bot_0,stitch,-1
-7.0,4.0,12363.0,bot_0,stitch,-1
-6.0,2.0,12375.0,bot_0,stitch,-1
-3.0,2.0,12387.0,bot_0,stitch,-1
-3.0,1.0,12399.0,bot_0,stitch,-1
-3.0,1.0,12411.0,bot_0,stitch,-1
-1.0,1.0,12424.0,bot_0,stitch,-1
-2.0,1.0,12436.0,bot_0,stitch,-1
-3.0,0.0,12448.0,bot_0,stitch,-1
-4.0,1.0,12461.0,bot_0,stitch,-1
-6.0,1.0,12473.0,bot_0,stitch,-1
-11.0,1.0,12485.0,bot_0,stitch,-1
-19.0,0.0,12497.0,bot_0,stitch,-1
-12.0,0.0,12509.0,bot_0,stitch,-1
-34.0,0.0,12522.0,bot_0,stitch,-1
-45.0,0.0,12534.0,bot_0,stitch,-1
-47.0,0.0,12547.0,bot_0,stitch,-1
-52.0,-2.0,12559.0,bot_0,stitch,-1
-68.0,-5.0,12571.0,bot_0,stitch,-1
-71.0,-4.0,12584.0,bot_0,stitch,-1
-67.0,-3.0,12598.0,bot_0,stitch,-1
-55.0,-3.0,12611.0,bot_0,stitch,-1
-69.0,-5.0,12625.0,bot_0,stitch,-1
-32.0,0.0,12639.0,bot_0,stitch,-1
-18.0,0.0,12652.0,bot_0,stitch,-1
-5.0,0.0,12666.0,bot_0,stitch,-1
-1.0,0.0,12680.0,bot_0,stitch,-1
-1.0,0.0,12708.0,bot_0,stitch,-1
-5.0,0.0,13683.0,bot_0,stitch,-1
-1.0,0.0,13711.0,bot_0,stitch,-1
-1.0,0.0,13769.0,bot_0,stitch,-1
-2.0,-5.0,13810.0,bot_0,stitch,-1
-9.0,-14.0,13829.0,bot_0,stitch,-1
-2.0,-4.0,13848.0,bot_0,stitch,-1
-1.0,-2.0,13868.0,bot_0,stitch,-1
-2.0,0.0,13887.0,bot_0,stitch,-1
-2.0,0.0,13907.0,bot_0,stitch,-1
-4.0,3.0,13945.0,bot_0,stitch,-1
-10.0,9.0,13964.0,bot_0,stitch,-1
-14.0,9.0,13984.0,bot_0,stitch,-1
-5.0,3.0,14002.0,bot_0,stitch,-1
0.0,2.0,14039.0,bot_0,stitch,-1
0.0,7.0,14059.0,bot_0,stitch,-1
0.0,8.0,14077.0,bot_0,stitch,-1
0.0,6.0,14096.0,bot_0,stitch,-1
0.0,1.0,14114.0,bot_0,stitch,-1
0.0,1.0,14169.0,bot_0,stitch,-1
-3.0,1.0,14187.0,bot_0,stitch,-1
1.0,-3.0,14426.0,bot_0,stitch,-1
1.0,-4.0,14444.0,bot_0,stitch,-1
2.0,-1.0,14464.0,bot_0,stitch,-1
6.0,-15.0,14775.0,bot_0,stitch,-1
7.0,-19.0,14793.0,bot_0,stitch,-1
1.0,-2.0,14811.0,bot_0,stitch,-1
-6.0,1.0,14846.0,bot_0,stitch,-1
-23.0,18.0,14864.0,bot_0,stitch,-1
-32.0,34.0,14882.0,bot_0,stitch,-1
-28.0,26.0,14900.0,bot_0,stitch,-1
-26.0,18.0,14917.0,bot_0,stitch,-1
-3.0,3.0,14934.0,bot_0,stitch,-1
4.0,-7.0,14969.0,bot_0,stitch,-1
2.0,-21.0,14987.0,bot_0,stitch,-1
-1.0,-2.0,15004.0,bot_0,stitch,-1
-1.0,5.0,15039.0,bot_0,stitch,-1
0.0,4.0,15056.0,bot_0,stitch,-1
1.0,0.0,15125.0,bot_0,stitch,-1
0.0,-1.0,15160.0,bot_0,stitch,-1
1.0,-2.0,15228.0,bot_0,stitch,-1
2.0,-6.0,15246.0,bot_0,stitch,-1
0.0,-1.0,15281.0,bot_0,stitch,-1
2.0,-2.0,15299.0,bot_0,stitch,-1
3.0,-3.0,15316.0,bot_0,stitch,-1
4.0,-5.0,15333.0,bot_0,stitch,-1
1.0,-1.0,15351.0,bot_0,stitch,-1
1.0,-1.0,15402.0,bot_0,stitch,-1
0.0,-1.0,16637.0,bot_0,stitch,-1
-30.0,35.0,16658.0,bot_0,stitch,-1
-26.0,26.0,16674.0,bot_0,stitch,-1
-26.0,18.0,16689.0,bot_0,stitch,-1
-63.0,25.0,16705.0,bot_0,stitch,-1
-61.0,8.0,16721.0,bot_0,stitch,-1
-104.0,4.0,16737.0,bot_0,stitch,-1
-59.0,0.0,16750.0,bot_0,stitch,-1
-47.0,6.0,16766.0,bot_0,stitch,-1
-47.0,7.0,16780.0,bot_0,stitch,-1
-19.0,5.0,16794.0,bot_0,stitch,-1
-12.0,2.0,16809.0,bot_0,stitch,-1
-6.0,1.0,16824.0,bot_0,stitch,-1
0.0,1.0,16838.0,bot_0,stitch,-1
2.0,1.0,16866.0,bot_0,stitch,-1
1.0,2.0,16882.0,bot_0,stitch,-1
0.0,3.0,16895.0,bot_0,stitch,-1
1.0,0.0,16910.0,bot_0,stitch,-1
7.0,0.0,16924.0,bot_0,stitch,-1
14.0,-3.0,16938.0,bot_0,stitch,-1
16.0,-4.0,16953.0,bot_0,stitch,-1
5.0,-1.0,17137.0,bot_0,stitch,-1
26.0,-9.0,17151.0,bot_0,stitch,-1
4.0,-1.0,17165.0,bot_0,stitch,-1
0.0,-1.0,17179.0,bot_0,stitch,-1
0.0,-1.0,17221.0,bot_0,stitch,-1
-2.0,0.0,17234.0,bot_0,stitch,-1
-1.0,0.0,17249.0,bot_0,stitch,-1
-2.0,0.0,17262.0,bot_0,stitch,-1
-5.0,0.0,17277.0,bot_0,stitch,-1
-6.0,0.0,17290.0,bot_0,stitch,-1
-22.0,3.0,17305.0,bot_0,stitch,-1
-28.0,2.0,17318.0,bot_0,stitch,-1
-28.0,3.0,17333.0,bot_0,stitch,-1
-29.0,0.0,17346.0,bot_0,stitch,-1
-32.0,-1.0,17361.0,bot_0,stitch,-1
-51.0,0.0,17374.0,bot_0,stitch,-1
-37.0,1.0,17390.0,bot_0,stitch,-1
-42.0,5.0,17404.0,bot_0,stitch,-1
-36.0,4.0,17418.0,bot_0,stitch,-1
-43.0,6.0,17434.0,bot_0,stitch,-1
-23.0,3.0,17448.0,bot_0,stitch,-1
-23.0,5.0,17462.0,bot_0,stitch,-1
-19.0,4.0,17477.0,bot_0,stitch,-1
-22.0,6.0,17491.0,bot_0,stitch,-1
-9.0,6.0,17506.0,bot_0,stitch,-1
-9.0,6.0,17521.0,bot_0,stitch,-1
-12.0,8.0,17535.0,bot_0,stitch,-1
-3.0,3.0,17550.0,bot_0,stitch,-1
-1.0,1.0,17565.0,bot_0,stitch,-1
-2.0,1.0,17579.0,bot_0,stitch,-1
0.0,1.0,17609.0,bot_0,stitch,-1
4.0,6.0,17638.0,bot_0,stitch,-1
7.0,7.0,17654.0,bot_0,stitch,-1
6.0,10.0,17668.0,bot_0,stitch,-1
18.0,23.0,17682.0,bot_0,stitch,-1
12.0,19.0,17698.0,bot_0,stitch,-1
16.0,26.0,17713.0,bot_0,stitch,-1
30.0,37.0,17726.0,bot_0,stitch,-1
20.0,28.0,17742.0,bot_0,stitch,-1
14.0,25.0,17756.0,bot_0,stitch,-1
10.0,23.0,17770.0,bot_0,stitch,-1
13.0,21.0,17785.0,bot_0,stitch,-1
8.0,9.0,17799.0,bot_0,stitch,-1
6.0,6.0,17813.0,bot_0,stitch,-1
1.0,2.0,17828.0,bot_0,stitch,-1
-1.0,0.0,17856.0,bot_0,stitch,-1
-2.0,0.0,17870.0,bot_0,stitch,-1
-1.0,0.0,17885.0,bot_0,stitch,-1
-2.0,0.0,17899.0,bot_0,stitch,-1
-6.0,-3.0,17914.0,bot_0,stitch,-1
-9.0,-6.0,17928.0,bot_0,stitch,-1
-14.0,-12.0,17942.0,bot_0,stitch,-1
-16.0,-17.0,17957.0,bot_0,stitch,-1
-27.0,-38.0,17972.0,bot_0,stitch,-1
-19.0,-35.0,17986.0,bot_0,stitch,-1
-19.0,-39.0,18001.0,bot_0,stitch,-1
-23.0,-59.0,18016.0,bot_0,stitch,-1
-11.0,-32.0,18030.0,bot_0,stitch,-1
-10.0,-25.0,18045.0,bot_0,stitch,-1
-5.0,-20.0,18054.0,bot_0,stitch,-1
-4.0,-14.0,18074.0,bot_0,stitch,-1
-1.0,-5.0,18088.0,bot_0,stitch,-1
-2.0,-3.0,18102.0,bot_0,stitch,-1
-1.0,0.0,18169.0,bot_0,stitch,-1
-4.0,-2.0,18188.0,bot_0,stitch,-1
-4.0,0.0,18202.0,bot_0,stitch,-1
-3.0,-2.0,18217.0,bot_0,stitch,-1
-2.0,0.0,18226.0,bot_0,stitch,-1
-3.0,-2.0,18246.0,bot_0,stitch,-1
0.0,-2.0,18260.0,bot_0,stitch,-1
-1.0,-2.0,18274.0,bot_0,stitch,-1
0.0,-8.0,18289.0,bot_0,stitch,-1
1.0,-19.0,18303.0,bot_0,stitch,-1
0.0,-7.0,18313.0,bot_0,stitch,-1
0.0,-15.0,18331.0,bot_0,stitch,-1
0.0,-5.0,18346.0,bot_0,stitch,-1
0.0,-2.0,18360.0,bot_0,stitch,-1
0.0,-1.0,18374.0,bot_0,stitch,-1
1.0,0.0,18454.0,bot_0,stitch,-1
1.0,0.0,18468.0,bot_0,stitch,-1
4.0,0.0,18482.0,bot_0,stitch,-1
1.0,0.0,18496.0,bot_0,stitch,-1
2.0,0.0,18510.0,bot_0,stitch,-1
4.0,0.0,18525.0,bot_0,stitch,-1
2.0,0.0,18538.0,bot_0,stitch,-1
4.0,0.0,18553.0,bot_0,stitch,-1
5.0,0.0,18571.0,bot_0,stitch,-1
1.0,0.0,18595.0,bot_0,stitch,-1
2.0,0.0,19027.0,bot_0,stitch,-1
-2.0,0.0,19049.0,bot_0,stitch,-1
-1.0,0.0,19066.0,bot_0,stitch,-1
-4.0,1.0,19083.0,bot_0,stitch,-1
-5.0,1.0,19100.0,bot_0,stitch,-1
-4.0,0.0,19118.0,bot_0,stitch,-1
-4.0,1.0,19135.0,bot_0,stitch,-1
-5.0,1.0,19152.0,bot_0,stitch,-1
-3.0,1.0,19170.0,bot_0,stitch,-1
-3.0,1.0,19187.0,bot_0,stitch,-1
-2.0,0.0,19204.0,bot_0,stitch,-1
-1.0,0.0,19222.0,bot_0,stitch,-1
0.0,1.0,19238.0,bot_0,stitch,-1
-2.0,0.0,19256.0,bot_0,stitch,-1
0.0,1.0,19272.0,bot_0,stitch,-1
-1.0,0.0,19289.0,bot_0,stitch,-1
-1.0,1.0,19338.0,bot_0,stitch,-1
-2.0,0.0,19630.0,bot_0,stitch,-1
-2.0,0.0,19644.0,bot_0,stitch,-1
-2.0,0.0,19658.0,bot_0,stitch,-1
-5.0,0.0,19670.0,bot_0,stitch,-1
-4.0,0.0,19684.0,bot_0,stitch,-1
-8.0,0.0,19698.0,bot_0,stitch,-1
-14.0,0.0,19711.0,bot_0,stitch,-1
-8.0,0.0,19720.0,bot_0,stitch,-1
-34.0,0.0,19735.0,bot_0,stitch,-1
-30.0,0.0,19750.0,bot_0,stitch,-1
-38.0,1.0,19764.0,bot_0,stitch,-1
-81.0,7.0,19778.0,bot_0,stitch,-1
-52.0,4.0,19794.0,bot_0,stitch,-1
-44.0,5.0,19808.0,bot_0,stitch,-1
-63.0,8.0,19823.0,bot_0,stitch,-1
-48.0,6.0,19838.0,bot_0,stitch,-1
-48.0,9.0,19853.0,bot_0,stitch,-1
-47.0,11.0,19869.0,bot_0,stitch,-1
-18.0,9.0,19884.0,bot_0,stitch,-1
-17.0,14.0,19900.0,bot_0,stitch,-1
-7.0,8.0,19916.0,bot_0,stitch,-1
-1.0,3.0,19931.0,bot_0,stitch,-1
0.0,-2.0,20096.0,bot_0,stitch,-1
-7.0,-6.0,20110.0,bot_0,stitch,-1
-18.0,-8.0,20126.0,bot_0,stitch,-1
-37.0,-5.0,20141.0,bot_0,stitch,-1
-47.0,-3.0,20155.0,bot_0,stitch,-1
-74.0,-4.0,20170.0,bot_0,stitch,-1
-49.0,-5.0,20186.0,bot_0,stitch,-1
-46.0,-1.0,20200.0,bot_0,stitch,-1
-50.0,-2.0,20215.0,bot_0,stitch,-1
-20.0,0.0,20230.0,bot_0,stitch,-1
-14.0,0.0,20244.0,bot_0,stitch,-1
-9.0,0.0,20259.0,bot_0,stitch,-1
-2.0,0.0,20282.0,bot_0,stitch,-1
-1.0,0.0,20379.0,bot_0,stitch,-1
-2.0,-1.0,20388.0,bot_0,stitch,-1
-3.0,-3.0,20404.0,bot_0,stitch,-1
-9.0,-4.0,20419.0,bot_0,stitch,-1
-8.0,-5.0,20434.0,bot_0,stitch,-1
-13.0,-7.0,20450.0,bot_0,stitch,-1
-9.0,-5.0,20474.0,bot_0,stitch,-1
-3.0,-1.0,20491.0,bot_0,stitch,-1
-1.0,0.0,20517.0,bot_0,stitch,-1
1.0,-2.0,20662.0,bot_0,stitch,-1
-2.0,-3.0,20694.0,bot_0,stitch,-1
-5.0,-3.0,20717.0,bot_0,stitch,-1
-5.0,-2.0,20734.0,bot_0,stitch,-1
-1.0,-1.0,20791.0,bot_0,stitch,-1
2.0,0.0,20919.0,bot_0,stitch,-1
6.0,-3.0,20939.0,bot_0,stitch,-1
3.0,-3.0,20953.0,bot_0,stitch,-1
2.0,-1.0,20966.0,bot_0,stitch,-1
3.0,-1.0,20980.0,bot_0,stitch,-1
1.0,-1.0,20994.0,bot_0,stitch,-1
3.0,0.0,21007.0,bot_0,stitch,-1
3.0,0.0,21021.0,bot_0,stitch,-1
3.0,1.0,21034.0,bot_0,stitch,-1
6.0,2.0,21048.0,bot_0,stitch,-1
8.0,6.0,21062.0,bot_0,stitch,-1
13.0,9.0,21075.0,bot_0,stitch,-1
14.0,14.0,21089.0,bot_0,stitch,-1
17.0,14.0,21102.0,bot_0,stitch,-1
25.0,21.0,21117.0,bot_0,stitch,-1
10.0,9.0,21131.0,bot_0,stitch,-1
5.0,4.0,21145.0,bot_0,stitch,-1
0.0,1.0,21158.0,bot_0,stitch,-1
0.0,3.0,21185.0,bot_0,stitch,-1
0.0,3.0,21198.0,bot_0,stitch,-1
-3.0,7.0,21213.0,bot_0,stitch,-1
-4.0,6.0,21235.0,bot_0,stitch,-1
-2.0,2.0,21241.0,bot_0,stitch,-1
-3.0,1.0,21255.0,bot_0,stitch,-1
-2.0,1.0,21268.0,bot_0,stitch,-1
-1.0,0.0,21282.0,bot_0,stitch,-1
0.0,1.0,21294.0,bot_0,stitch,-1
0.0,1.0,21306.0,bot_0,stitch,-1
0.0,1.0,21320.0,bot_0,stitch,-1
0.0,1.0,21344.0,bot_0,stitch,-1
-1.0,0.0,21412.0,bot_0,stitch,-1
-1.0,1.0,21423.0,bot_0,stitch,-1
-1.0,0.0,21434.0,bot_0,stitch,-1
-1.0,0.0,21455.0,bot_0,stitch,-1
-2.0,2.0,21466.0,bot_0,stitch,-1
-2.0,1.0,21477.0,bot_0,stitch,-1
0.0,1.0,21487.0,bot_0,stitch,-1
-1.0,1.0,21498.0,bot_0,stitch,-1
-1.0,0.0,21508.0,bot_0,stitch,-1
1.0,0.0,21570.0,bot_0,stitch,-1
1.0,-1.0,21579.0,bot_0,stitch,-1
0.0,-1.0,21590.0,bot_0,stitch,-1
0.0,-1.0,21610.0,bot_0,stitch,-1
1.0,0.0,21630.0,bot_0,stitch,-1
1.0,0.0,21640.0,bot_0,stitch,-1
4.0,0.0,21650.0,bot_0,stitch,-1
4.0,1.0,21659.0,bot_0,stitch,-1
12.0,6.0,21670.0,bot_0,stitch,-1
14.0,6.0,21679.0,bot_0,stitch,-1
8.0,6.0,21690.0,bot_0,stitch,-1
16.0,13.0,21700.0,bot_0,stitch,-1
11.0,6.0,21710.0,bot_0,stitch,-1
16.0,16.0,21720.0,bot_0,stitch,-1
12.0,14.0,21730.0,bot_0,stitch,-1
3.0,6.0,21741.0,bot_0,stitch,-1
3.0,7.0,21752.0,bot_0,stitch,-1
0.0,1.0,21762.0,bot_0,stitch,-1
0.0,2.0,21773.0,bot_0,stitch,-1
2.0,-1.0,21847.0,bot_0,stitch,-1
1.0,-1.0,21858.0,bot_0,stitch,-1
2.0,-1.0,21869.0,bot_0,stitch,-1
2.0,2.0,21880.0,bot_0,stitch,-1
2.0,3.0,21890.0,bot_0,stitch,-1
0.0,3.0,21902.0,bot_0,stitch,-1
-1.0,6.0,21912.0,bot_0,stitch,-1
0.0,2.0,21922.0,bot_0,stitch,-1
0.0,4.0,21934.0,bot_0,stitch,-1
-5.0,-3.0,21998.0,bot_0,stitch,-1
-1.0,0.0,22019.0,bot_0,stitch,-1
-11.0,-5.0,22030.0,bot_0,stitch,-1
-21.0,-6.0,22040.0,bot_0,stitch,-1
-7.0,-1.0,22050.0,bot_0,stitch,-1
0.0,1.0,22072.0,bot_0,stitch,-1
33.0,-1.0,22093.0,bot_0,stitch,-1
24.0,-1.0,22104.0,bot_0,stitch,-1
11.0,-1.0,22114.0,bot_0,stitch,-1
27.0,-1.0,22126.0,bot_0,stitch,-1
60.0,0.0,22140.0,bot_0,stitch,-1
168.0,-16.0,22147.0,bot_0,stitch,-1
58.0,-12.0,22158.0,bot_0,stitch,-1
121.0,-32.0,22168.0,bot_0,stitch,-1
65.0,-26.0,22178.0,bot_0,stitch,-1
117.0,-64.0,22187.0,bot_0,stitch,-1
57.0,-29.0,22194.0,bot_0,stitch,-1
102.0,-43.0,22206.0,bot_0,stitch,-1
33.0,-11.0,22214.0,bot_0,stitch,-1
31.0,0.0,22223.0,bot_0,stitch,-1
34.0,1.0,22231.0,bot_0,stitch,-1
8.0,1.0,22240.0,bot_0,stitch,-1
4.0,0.0,22248.0,bot_0,stitch,-1
0.0,1.0,22257.0,bot_0,stitch,-1
1.0,0.0,22334.0,bot_0,stitch,-1
1.0,0.0,22351.0,bot_0,stitch,-1
1.0,0.0,22378.0,bot_0,stitch,-1
2.0,1.0,22397.0,bot_0,stitch,-1
0.0,1.0,22403.0,bot_0,stitch,-1
5.0,9.0,22416.0,bot_0,stitch,-1
4.0,8.0,22422.0,bot_0,stitch,-1
13.0,17.0,22435.0,bot_0,stitch,-1
9.0,11.0,22442.0,bot_0,stitch,-1
34.0,35.0,22454.0,bot_0,stitch,-1
69.0,88.0,22469.0,bot_0,stitch,-1
80.0,86.0,22480.0,bot_0,stitch,-1
50.0,33.0,22492.0,bot_0,stitch,-1
50.0,35.0,22498.0,bot_0,stitch,-1
128.0,74.0,22514.0,bot_0,stitch,-1
35.0,14.0,22522.0,bot_0,stitch,-1
31.0,16.0,22534.0,bot_0,stitch,-1
24.0,8.0,22546.0,bot_0,stitch,-1
20.0,6.0,22557.0,bot_0,stitch,-1
19.0,8.0,22570.0,bot_0,stitch,-1
12.0,4.0,22581.0,bot_0,stitch,-1
14.0,7.0,22594.0,bot_0,stitch,-1
7.0,0.0,22606.0,bot_0,stitch,-1
-1.0,0.0,22654.0,bot_0,stitch,-1
-1.0,0.0,22679.0,bot_0,stitch,-1
-1.0,1.0,22692.0,bot_0,stitch,-1
-1.0,0.0,22704.0,bot_0,stitch,-1
-2.0,0.0,22717.0,bot_0,stitch,-1
-2.0,1.0,22729.0,bot_0,stitch,-1
-1.0,0.0,22742.0,bot_0,stitch,-1
-1.0,0.0,22767.0,bot_0,stitch,-1
-1.0,0.0,22779.0,bot_0,stitch,-1
-1.0,2.0,22800.0,bot_0,stitch,-1
-1.0,2.0,22825.0,bot_0,stitch,-1
0.0,-1.0,23295.0,bot_0,stitch,-1
0.0,-1.0,23309.0,bot_0,stitch,-1
0.0,-1.0,23322.0,bot_0,stitch,-1
0.0,-2.0,23336.0,bot_0,stitch,-1
0.0,-1.0,23415.0,bot_0,stitch,-1
1.0,-1.0,23442.0,bot_0,stitch,-1
1.0,-1.0,23456.0,bot_0,stitch,-1
4.0,-3.0,23469.0,bot_0,stitch,-1
6.0,-2.0,23483.0,bot_0,stitch,-1
8.0,-7.0,23496.0,bot_0,stitch,-1
9.0,-4.0,23509.0,bot_0,stitch,-1
7.0,-3.0,23523.0,bot_0,stitch,-1
13.0,-4.0,23536.0,bot_0,stitch,-1
25.0,-6.0,23549.0,bot_0,stitch,-1
92.0,-14.0,23562.0,bot_0,stitch,-1
121.0,-29.0,23576.0,bot_0,stitch,-1
169.0,-27.0,23589.0,bot_0,stitch,-1
200.0,-16.0,23602.0,bot_0,stitch,-1
206.0,-41.0,23615.0,bot_0,stitch,-1
237.0,-62.0,23628.0,bot_0,stitch,-1
250.0,-67.0,23640.0,bot_0,stitch,-1
238.0,-71.0,23652.0,bot_0,stitch,-1
102.0,-33.0,23664.0,bot_0,stitch,-1
163.0,-47.0,23677.0,bot_0,stitch,-1
84.0,-24.0,23689.0,bot_0,stitch,-1
36.0,-10.0,23701.0,bot_0,stitch,-1
18.0,-1.0,23713.0,bot_0,stitch,-1
12.0,0.0,23725.0,bot_0,stitch,-1
18.0,3.0,23737.0,bot_0,stitch,-1
31.0,4.0,23748.0,bot_0,stitch,-1
26.0,1.0,23760.0,bot_0,stitch,-1
42.0,7.0,23771.0,bot_0,stitch,-1
30.0,9.0,23783.0,bot_0,stitch,-1
23.0,12.0,23795.0,bot_0,stitch,-1
12.0,14.0,23808.0,bot_0,stitch,-1
11.0,14.0,23820.0,bot_0,stitch,-1
10.0,11.0,23833.0,bot_0,stitch,-1
8.0,10.0,23845.0,bot_0,stitch,-1
8.0,13.0,23858.0,bot_0,stitch,-1
11.0,15.0,23871.0,bot_0,stitch,-1
8.0,13.0,23885.0,bot_0,stitch,-1
2.0,5.0,23897.0,bot_0,stitch,-1
0.0,6.0,23911.0,bot_0,stitch,-1
-6.0,12.0,23925.0,bot_0,stitch,-1
-10.0,16.0,23938.0,bot_0,stitch,-1
-7.0,11.0,23952.0,bot_0,stitch,-1
-7.0,11.0,23965.0,bot_0,stitch,-1
-4.0,9.0,23979.0,bot_0,stitch,-1
-6.0,12.0,23993.0,bot_0,stitch,-1
-6.0,12.0,24005.0,bot_0,stitch,-1
-8.0,11.0,24020.0,bot_0,stitch,-1
-7.0,8.0,24033.0,bot_0,stitch,-1
-8.0,6.0,24047.0,bot_0,stitch,-1
-10.0,8.0,24061.0,bot_0,stitch,-1
-7.0,13.0,24077.0,bot_0,stitch,-1
0.0,3.0,24093.0,bot_0,stitch,-1
-5.0,1.0,24109.0,bot_0,stitch,-1
-12.0,0.0,24125.0,bot_0,stitch,-1
-25.0,2.0,24141.0,bot_0,stitch,-1
-24.0,3.0,24157.0,bot_0,stitch,-1
-28.0,0.0,24173.0,bot_0,stitch,-1
-7.0,0.0,24189.0,bot_0,stitch,-1
-3.0,-2.0,24202.0,bot_0,stitch,-1
-1.0,0.0,24217.0,bot_0,stitch,-1
-1.0,-1.0,24261.0,bot_0,stitch,-1
-2.0,0.0,24274.0,bot_0,stitch,-1
-25.0,2.0,24289.0,bot_0,stitch,-1
-47.0,12.0,24304.0,bot_0,stitch,-1
-68.0,22.0,24318.0,bot_0,stitch,-1
-9.0,2.0,24333.0,bot_0,stitch,-1
-1.0,0.0,24348.0,bot_0,stitch,-1
0.0,1.0,24407.0,bot_0,stitch,-1
1.0,1.0,24538.0,bot_0,stitch,-1
0.0,2.0,24555.0,bot_0,stitch,-1
0.0,3.0,24571.0,bot_0,stitch,-1
0.0,4.0,24588.0,bot_0,stitch,-1
0.0,3.0,24604.0,bot_0,stitch,-1
0.0,6.0,24620.0,bot_0,stitch,-1
0.0,5.0,24636.0,bot_0,stitch,-1
0.0,7.0,24653.0,bot_0,stitch,-1
0.0,2.0,24667.0,bot_0,stitch,-1
0.0,1.0,24683.0,bot_0,stitch,-1
0.0,2.0,24713.0,bot_0,stitch,-1
-1.0,0.0,24757.0,bot_0,stitch,-1
-1.0,0.0,24787.0,bot_0,stitch,-1
-1.0,-2.0,24817.0,bot_0,stitch,-1
-6.0,-8.0,24830.0,bot_0,stitch,-1
-10.0,-7.0,24845.0,bot_0,stitch,-1
-7.0,-4.0,24858.0,bot_0,stitch,-1
-2.0,-3.0,24873.0,bot_0,stitch,-1
0.0,-1.0,24886.0,bot_0,stitch,-1
-6.0,-5.0,24901.0,bot_0,stitch,-1
-12.0,-8.0,24914.0,bot_0,stitch,-1
-22.0,-14.0,24929.0,bot_0,stitch,-1
-12.0,-9.0,24942.0,bot_0,stitch,-1
-1.0,-1.0,24956.0,bot_0,stitch,-1
0.0,-2.0,24969.0,bot_0,stitch,-1
0.0,1.0,25052.0,bot_0,stitch,-1
1.0,2.0,25065.0,bot_0,stitch,-1
1.0,3.0,25079.0,bot_0,stitch,-1
1.0,2.0,25093.0,bot_0,stitch,-1
1.0,1.0,25107.0,bot_0,stitch,-1
2.0,5.0,25121.0,bot_0,stitch,-1
3.0,8.0,25135.0,bot_0,stitch,-1
2.0,5.0,25149.0,bot_0,stitch,-1
0.0,2.0,25163.0,bot_0,stitch,-1
0.0,1.0,25177.0,bot_0,stitch,-1
0.0,1.0,25205.0,bot_0,stitch,-1
0.0,-1.0,25226.0,bot_0,stitch,-1
-3.0,-1.0,25248.0,bot_0,stitch,-1
-11.0,-6.0,25270.0,bot_0,stitch,-1
-13.0,-5.0,25292.0,bot_0,stitch,-1
-1.0,-4.0,25313.0,bot_0,stitch,-1
5.0,-3.0,25335.0,bot_0,stitch,-1
8.0,-1.0,25356.0,bot_0,stitch,-1
5.0,-1.0,25377.0,bot_0,stitch,-1
0.0,2.0,25569.0,bot_0,stitch,-1
-2.0,0.0,25591.0,bot_0,stitch,-1
-1.0,-2.0,25612.0,bot_0,stitch,-1
-1.0,0.0,25677.0,bot_0,stitch,-1
0.0,-1.0,25719.0,bot_0,stitch,-1
0.0,-1.0,25760.0,bot_0,stitch,-1
0.0,-1.0,25781.0,bot_0,stitch,-1
-1.0,0.0,25983.0,bot_0,stitch,-1
-24.0,0.0,26004.0,bot_0,stitch,-1
-64.0,1.0,26027.0,bot_0,stitch,-1
-84.0,0.0,26048.0,bot_0,stitch,-1
-28.0,-3.0,26069.0,bot_0,stitch,-1
0.0,2.0,26311.0,bot_0,stitch,-1
-1.0,1.0,26329.0,bot_0,stitch,-1
-3.0,0.0,26347.0,bot_0,stitch,-1
-6.0,1.0,26365.0,bot_0,stitch,-1
-9.0,2.0,26383.0,bot_0,stitch,-1
-19.0,0.0,26401.0,bot_0,stitch,-1
-27.0,0.0,26419.0,bot_0,stitch,-1
-46.0,3.0,26435.0,bot_0,stitch,-1
-31.0,5.0,26453.0,bot_0,stitch,-1
-12.0,1.0,26471.0,bot_0,stitch,-1
-4.0,0.0,26487.0,bot_0,stitch,-1
5.0,0.0,26529.0,bot_0,stitch,-1
1.0,0.0,26543.0,bot_0,stitch,-1
1.0,0.0,26579.0,bot_0,stitch,-1
1.0,0.0,26597.0,bot_0,stitch,-1
2.0,0.0,26615.0,bot_0,stitch,-1
9.0,0.0,26634.0,bot_0,stitch,-1
10.0,0.0,26651.0,bot_0,stitch,-1
5.0,0.0,26669.0,bot_0,stitch,-1
4.0,0.0,26687.0,bot_0,stitch,-1
1.0,0.0,26705.0,bot_0,stitch,-1
-1.0,-1.0,26951.0,bot_0,stitch,-1
-5.0,0.0,26971.0,bot_0,stitch,-1
-5.0,0.0,26988.0,bot_0,stitch,-1
-3.0,0.0,27005.0,bot_0,stitch,-1
-1.0,0.0,27012.0,bot_0,stitch,-1
-6.0,1.0,27026.0,bot_0,stitch,-1
-6.0,0.0,27040.0,bot_0,stitch,-1
-10.0,0.0,27055.0,bot_0,stitch,-1
-14.0,-2.0,27070.0,bot_0,stitch,-1
-18.0,-2.0,27083.0,bot_0,stitch,-1
-9.0,-1.0,27099.0,bot_0,stitch,-1
-7.0,0.0,27112.0,bot_0,stitch,-1
-7.0,0.0,27127.0,bot_0,stitch,-1
-9.0,-2.0,27141.0,bot_0,stitch,-1
-25.0,-4.0,27155.0,bot_0,stitch,-1
-21.0,-4.0,27170.0,bot_0,stitch,-1
-20.0,-3.0,27184.0,bot_0,stitch,-1
-30.0,-3.0,27199.0,bot_0,stitch,-1
-26.0,-5.0,27214.0,bot_0,stitch,-1
-26.0,-4.0,27228.0,bot_0,stitch,-1
-43.0,-5.0,27244.0,bot_0,stitch,-1
-28.0,-3.0,27259.0,bot_0,stitch,-1
-28.0,-3.0,27273.0,bot_0,stitch,-1
-54.0,-1.0,27296.0,bot_0,stitch,-1
-19.0,0.0,27311.0,bot_0,stitch,-1
-19.0,0.0,27327.0,bot_0,stitch,-1
-8.0,1.0,27344.0,bot_0,stitch,-1
-11.0,2.0,27361.0,bot_0,stitch,-1
-3.0,2.0,27379.0,bot_0,stitch,-1
-1.0,0.0,27395.0,bot_0,stitch,-1
-2.0,0.0,27411.0,bot_0,stitch,-1
-2.0,1.0,27427.0,bot_0,stitch,-1
-7.0,1.0,27443.0,bot_0,stitch,-1
-5.0,1.0,27459.0,bot_0,stitch,-1
-9.0,2.0,27475.0,bot_0,stitch,-1
-4.0,0.0,27491.0,bot_0,stitch,-1
-6.0,-5.0,27507.0,bot_0,stitch,-1
3.0,0.0,27727.0,bot_0,stitch,-1
1.0,0.0,27743.0,bot_0,stitch,-1
1.0,0.0,27774.0,bot_0,stitch,-1
-1.0,0.0,27912.0,bot_0,stitch,-1
-3.0,0.0,27927.0,bot_0,stitch,-1
-3.0,0.0,27943.0,bot_0,stitch,-1
-2.0,0.0,27959.0,bot_0,stitch,-1
-4.0,0.0,27974.0,bot_0,stitch,-1
-1.0,0.0,27990.0,bot_0,stitch,-1
-6.0,0.0,28005.0,bot_0,stitch,-1
-6.0,0.0,28020.0,bot_0,stitch,-1
-5.0,0.0,28036.0,bot_0,stitch,-1
-4.0,0.0,28051.0,bot_0,stitch,-1
-1.0,0.0,28067.0,bot_0,stitch,-1
-1.0,0.0,28159.0,bot_0,stitch,-1
-1.0,0.0,28175.0,bot_0,stitch,-1
-1.0,0.0,28191.0,bot_0,stitch,-1
-5.0,0.0,28206.0,bot_0,stitch,-1
-4.0,0.0,28222.0,bot_0,stitch,-1
-4.0,0.0,28237.0,bot_0,stitch,-1
-2.0,0.0,28252.0,bot_0,stitch,-1
-2.0,0.0,28268.0,bot_0,stitch,-1
-1.0,1.0,28283.0,bot_0,stitch,-1
-1.0,0.0,28393.0,bot_0,stitch,-1
-1.0,1.0,28409.0,bot_0,stitch,-1
-1.0,0.0,28425.0,bot_0,stitch,-1
-2.0,0.0,28440.0,bot_0,stitch,-1
-2.0,0.0,28455.0,bot_0,stitch,-1
-2.0,0.0,28471.0,bot_0,stitch,-1
-1.0,0.0,28487.0,bot_0,stitch,-1
-1.0,0.0,28502.0,bot_0,stitch,-1
-1.0,0.0,28527.0,bot_0,stitch,-1
-3.0,0.0,28543.0,bot_0,stitch,-1
-3.0,0.0,28558.0,bot_0,stitch,-1
-3.0,0.0,28573.0,bot_0,stitch,-1
-3.0,0.0,28589.0,bot_0,stitch,-1
-2.0,0.0,28604.0,bot_0,stitch,-1
-4.0,0.0,28621.0,bot_0,stitch,-1
-1.0,0.0,28635.0,bot_0,stitch,-1
-1.0,0.0,28651.0,bot_0,stitch,-1
-1.0,0.0,28683.0,bot_0,stitch,-1
-3.0,0.0,28698.0,bot_0,stitch,-1
-7.0,1.0,28714.0,bot_0,stitch,-1
-19.0,0.0,28729.0,bot_0,stitch,-1
-21.0,0.0,28745.0,bot_0,stitch,-1
-28.0,0.0,28761.0,bot_0,stitch,-1
-18.0,0.0,28777.0,bot_0,stitch,-1
-14.0,0.0,28792.0,bot_0,stitch,-1
-11.0,0.0,28808.0,bot_0,stitch,-1
-3.0,0.0,28823.0,bot_0,stitch,-1
1.0,0.0,29063.0,bot_0,stitch,-1
30.0,1.0,29085.0,bot_0,stitch,-1
42.0,0.0,29103.0,bot_0,stitch,-1
22.0,0.0,29120.0,bot_0,stitch,-1
2.0,0.0,29138.0,bot_0,stitch,-1
1.0,0.0,29196.0,bot_0,stitch,-1
2.0,-1.0,29213.0,bot_0,stitch,-1
1.0,0.0,29229.0,bot_0,stitch,-1
1.0,0.0,29246.0,bot_0,stitch,-1
1.0,0.0,29397.0,bot_0,stitch,-1
3.0,-1.0,29414.0,bot_0,stitch,-1
3.0,-1.0,29431.0,bot_0,stitch,-1
8.0,-1.0,29448.0,bot_0,stitch,-1
4.0,-1.0,29464.0,bot_0,stitch,-1
21.0,0.0,29481.0,bot_0,stitch,-1
39.0,-3.0,29497.0,bot_0,stitch,-1
39.0,-1.0,29514.0,bot_0,stitch,-1
57.0,-3.0,29531.0,bot_0,stitch,-1
28.0,0.0,29546.0,bot_0,stitch,-1
37.0,0.0,29562.0,bot_0,stitch,-1
17.0,0.0,29579.0,bot_0,stitch,-1
27.0,4.0,29594.0,bot_0,stitch,-1
21.0,2.0,29610.0,bot_0,stitch,-1
30.0,3.0,29625.0,bot_0,stitch,-1
15.0,2.0,29641.0,bot_0,stitch,-1
9.0,2.0,29657.0,bot_0,stitch,-1
3.0,0.0,29672.0,bot_0,stitch,-1
1.0,1.0,29687.0,bot_0,stitch,-1
8.0,1.0,29703.0,bot_0,stitch,-1
12.0,2.0,29717.0,bot_0,stitch,-1
17.0,0.0,29733.0,bot_0,stitch,-1
30.0,1.0,29748.0,bot_0,stitch,-1
17.0,1.0,29763.0,bot_0,stitch,-1
12.0,1.0,29778.0,bot_0,stitch,-1
2.0,0.0,29794.0,bot_0,stitch,-1
11.0,1.0,29809.0,bot_0,stitch,-1
37.0,2.0,29824.0,bot_0,stitch,-1
36.0,1.0,29839.0,bot_0,stitch,-1
66.0,0.0,29862.0,bot_0,stitch,-1
20.0,2.0,29878.0,bot_0,stitch,-1
24.0,4.0,29893.0,bot_0,stitch,-1
11.0,4.0,29909.0,bot_0,stitch,-1
22.0,5.0,29925.0,bot_0,stitch,-1
37.0,3.0,29941.0,bot_0,stitch,-1
19.0,0.0,29956.0,bot_0,stitch,-1
14.0,0.0,29972.0,bot_0,stitch,-1
6.0,1.0,29987.0,bot_0,stitch,-1
12.0,0.0,30002.0,bot_0,stitch,-1
28.0,1.0,30017.0,bot_0,stitch,-1
26.0,1.0,30033.0,bot_0,stitch,-1
26.0,0.0,30049.0,bot_0,stitch,-1
5.0,0.0,30064.0,bot_0,stitch,-1
5.0,0.0,30080.0,bot_0,stitch,-1
1.0,0.0,30173.0,bot_0,stitch,-1
0.0,-1.0,30204.0,bot_0,stitch,-1
6.0,-4.0,30220.0,bot_0,stitch,-1
4.0,-2.0,30236.0,bot_0,stitch,-1
9.0,-3.0,30252.0,bot_0,stitch,-1
8.0,-4.0,30268.0,bot_0,stitch,-1
10.0,-3.0,30285.0,bot_0,stitch,-1
5.0,-1.0,30301.0,bot_0,stitch,-1
8.0,-2.0,30317.0,bot_0,stitch,-1
9.0,-3.0,30333.0,bot_0,stitch,-1
13.0,-4.0,30349.0,bot_0,stitch,-1
9.0,-4.0,30365.0,bot_0,stitch,-1
9.0,-3.0,30381.0,bot_0,stitch,-1
1.0,0.0,30397.0,bot_0,stitch,-1
0.0,-1.0,30413.0,bot_0,stitch,-1
-3.0,-1.0,30445.0,bot_0,stitch,-1
-4.0,-1.0,30461.0,bot_0,stitch,-1
-4.0,-2.0,30477.0,bot_0,stitch,-1
-2.0,0.0,30494.0,bot_0,stitch,-1
-3.0,0.0,30511.0,bot_0,stitch,-1
0.0,-1.0,30562.0,bot_0,stitch,-1
-3.0,0.0,30709.0,bot_0,stitch,-1
5.0,0.0,30731.0,bot_0,stitch,-1
9.0,0.0,30745.0,bot_0,stitch,-1
8.0,0.0,30758.0,bot_0,stitch,-1
11.0,1.0,30772.0,bot_0,stitch,-1
16.0,1.0,30785.0,bot_0,stitch,-1
20.0,1.0,30799.0,bot_0,stitch,-1
25.0,0.0,30813.0,bot_0,stitch,-1
23.0,0.0,30826.0,bot_0,stitch,-1
35.0,0.0,30840.0,bot_0,stitch,-1
18.0,0.0,30853.0,bot_0,stitch,-1
15.0,0.0,30868.0,bot_0,stitch,-1
12.0,0.0,30881.0,bot_0,stitch,-1
13.0,0.0,30896.0,bot_0,stitch,-1
10.0,0.0,30909.0,bot_0,stitch,-1
8.0,0.0,30924.0,bot_0,stitch,-1
3.0,0.0,30937.0,bot_0,stitch,-1
1.0,0.0,30979.0,bot_0,stitch,-1
1.0,0.0,30993.0,bot_0,stitch,-1
3.0,0.0,31007.0,bot_0,stitch,-1
4.0,0.0,31021.0,bot_0,stitch,-1
4.0,0.0,31036.0,bot_0,stitch,-1
5.0,0.0,31049.0,bot_0,stitch,-1
6.0,0.0,31063.0,bot_0,stitch,-1
13.0,0.0,31077.0,bot_0,stitch,-1
11.0,0.0,31091.0,bot_0,stitch,-1
13.0,0.0,31105.0,bot_0,stitch,-1
11.0,0.0,31119.0,bot_0,stitch,-1
12.0,0.0,31133.0,bot_0,stitch,-1
13.0,0.0,31146.0,bot_0,stitch,-1
18.0,0.0,31161.0,bot_0,stitch,-1
15.0,0.0,31174.0,bot_0,stitch,-1
14.0,1.0,31189.0,bot_0,stitch,-1
13.0,0.0,31202.0,bot_0,stitch,-1
11.0,0.0,31216.0,bot_0,stitch,-1
8.0,0.0,31230.0,bot_0,stitch,-1
9.0,0.0,31244.0,bot_0,stitch,-1
4.0,0.0,31257.0,bot_0,stitch,-1
4.0,0.0,31271.0,bot_0,stitch,-1
4.0,1.0,31285.0,bot_0,stitch,-1
2.0,0.0,31299.0,bot_0,stitch,-1
3.0,0.0,31313.0,bot_0,stitch,-1
5.0,0.0,31327.0,bot_0,stitch,-1
8.0,1.0,31341.0,bot_0,stitch,-1
10.0,0.0,31354.0,bot_0,stitch,-1
12.0,0.0,31368.0,bot_0,stitch,-1
12.0,0.0,31381.0,bot_0,stitch,-1
13.0,0.0,31395.0,bot_0,stitch,-1
12.0,1.0,31409.0,bot_0,stitch,-1
18.0,0.0,31423.0,bot_0,stitch,-1
12.0,1.0,31437.0,bot_0,stitch,-1
11.0,0.0,31450.0,bot_0,stitch,-1
7.0,0.0,31465.0,bot_0,stitch,-1
5.0,0.0,31478.0,bot_0,stitch,-1
3.0,0.0,31493.0,bot_0,stitch,-1
-1.0,0.0,32199.0,bot_0,stitch,-1
-2.0,0.0,32213.0,bot_0,stitch,-1
-2.0,0.0,32226.0,bot_0,stitch,-1
-5.0,0.0,32240.0,bot_0,stitch,-1
-7.0,1.0,32253.0,bot_0,stitch,-1
-10.0,0.0,32267.0,bot_0,stitch,-1
-18.0,1.0,32281.0,bot_0,stitch,-1
-15.0,0.0,32294.0,bot_0,stitch,-1
-17.0,1.0,32308.0,bot_0,stitch,-1
-16.0,0.0,32321.0,bot_0,stitch,-1
-16.0,0.0,32335.0,bot_0,stitch,-1
-20.0,-1.0,32349.0,bot_0,stitch,-1
-20.0,-1.0,32363.0,bot_0,stitch,-1
-32.0,-4.0,32377.0,bot_0,stitch,-1
-16.0,0.0,32391.0,bot_0,stitch,-1
-13.0,-1.0,32405.0,bot_0,stitch,-1
-9.0,0.0,32419.0,bot_0,stitch,-1
-4.0,0.0,32433.0,bot_0,stitch,-1
-3.0,0.0,32448.0,bot_0,stitch,-1
-1.0,0.0,32476.0,bot_0,stitch,-1
-3.0,0.0,32803.0,bot_0,stitch,-1
-4.0,2.0,32825.0,bot_0,stitch,-1
-2.0,1.0,33049.0,bot_0,stitch,-1
-5.0,4.0,33072.0,bot_0,stitch,-1
-19.0,29.0,33096.0,bot_0,stitch,-1
-29.0,33.0,33120.0,bot_0,stitch,-1
-69.0,30.0,33144.0,bot_0,stitch,-1
-178.0,11.0,33166.0,bot_0,stitch,-1
-119.0,0.0,33189.0,bot_0,stitch,-1
-85.0,11.0,33209.0,bot_0,stitch,-1
-40.0,15.0,33224.0,bot_0,stitch,-1
-54.0,25.0,33247.0,bot_0,stitch,-1
-35.0,20.0,33269.0,bot_0,stitch,-1
-6.0,5.0,33291.0,bot_0,stitch,-1
-11.0,8.0,33313.0,bot_0,stitch,-1
-2.0,0.0,33335.0,bot_0,stitch,-1
3.0,0.0,33474.0,bot_0,stitch,-1
3.0,0.0,33501.0,bot_0,stitch,-1
1.0,0.0,33524.0,bot_0,stitch,-1
0.0,1.0,33570.0,bot_0,stitch,-1
3.0,0.0,33592.0,bot_0,stitch,-1
38.0,1.0,33614.0,bot_0,stitch,-1
40.0,-5.0,33636.0,bot_0,stitch,-1
53.0,-16.0,33656.0,bot_0,stitch,-1
50.0,-14.0,33676.0,bot_0,stitch,-1
26.0,-10.0,33694.0,bot_0,stitch,-1
4.0,-3.0,33712.0,bot_0,stitch,-1
1.0,-1.0,33730.0,bot_0,stitch,-1
1.0,-1.0,33747.0,bot_0,stitch,-1
0.0,-2.0,33763.0,bot_0,stitch,-1
2.0,-3.0,33777.0,bot_0,stitch,-1
2.0,-3.0,33792.0,bot_0,stitch,-1
4.0,-2.0,33807.0,bot_0,stitch,-1
11.0,-4.0,33822.0,bot_0,stitch,-1
11.0,0.0,33836.0,bot_0,stitch,-1
8.0,0.0,33852.0,bot_0,stitch,-1
6.0,1.0,33866.0,bot_0,stitch,-1
16.0,6.0,33881.0,bot_0,stitch,-1
54.0,3.0,33897.0,bot_0,stitch,-1
61.0,0.0,33912.0,bot_0,stitch,-1
143.0,-7.0,33930.0,bot_0,stitch,-1
220.0,-51.0,33952.0,bot_0,stitch,-1
77.0,-13.0,33976.0,bot_0,stitch,-1
16.0,-3.0,34000.0,bot_0,stitch,-1
10.0,-3.0,34023.0,bot_0,stitch,-1
27.0,-11.0,34046.0,bot_0,stitch,-1
75.0,-21.0,34068.0,bot_0,stitch,-1
117.0,0.0,34091.0,bot_0,stitch,-1
234.0,11.0,34112.0,bot_0,stitch,-1
213.0,19.0,34135.0,bot_0,stitch,-1
196.0,15.0,34156.0,bot_0,stitch,-1
139.0,7.0,34178.0,bot_0,stitch,-1
106.0,2.0,34200.0,bot_0,stitch,-1
154.0,-5.0,34219.0,bot_0,stitch,-1
170.0,-8.0,34239.0,bot_0,stitch,-1
158.0,-42.0,34256.0,bot_0,stitch,-1
100.0,-52.0,34267.0,bot_0,stitch,-1
99.0,-57.0,34282.0,bot_0,stitch,-1
114.0,-84.0,34297.0,bot_0,stitch,-1
41.0,-36.0,34312.0,bot_0,stitch,-1
7.0,-7.0,34328.0,bot_0,stitch,-1
-8.0,-3.0,34356.0,bot_0,stitch,-1
-9.0,-4.0,34370.0,bot_0,stitch,-1
-7.0,-3.0,34384.0,bot_0,stitch,-1
-4.0,-4.0,34399.0,bot_0,stitch,-1
-10.0,-18.0,34413.0,bot_0,stitch,-1
-7.0,-19.0,34428.0,bot_0,stitch,-1
-6.0,-18.0,34442.0,bot_0,stitch,-1
-7.0,-18.0,34456.0,bot_0,stitch,-1
-11.0,-19.0,34469.0,bot_0,stitch,-1
-18.0,-19.0,34483.0,bot_0,stitch,-1
-8.0,-3.0,34496.0,bot_0,stitch,-1
-5.0,0.0,34509.0,bot_0,stitch,-1
-6.0,0.0,34522.0,bot_0,stitch,-1
-15.0,5.0,34535.0,bot_0,stitch,-1
-28.0,13.0,34548.0,bot_0,stitch,-1
-52.0,19.0,34561.0,bot_0,stitch,-1
-58.0,26.0,34575.0,bot_0,stitch,-1
-57.0,22.0,34588.0,bot_0,stitch,-1
-60.0,24.0,34601.0,bot_0,stitch,-1
-66.0,27.0,34615.0,bot_0,stitch,-1
-80.0,40.0,34636.0,bot_0,stitch,-1
-52.0,25.0,34654.0,bot_0,stitch,-1
-9.0,4.0,34677.0,bot_0,stitch,-1
-6.0,4.0,34702.0,bot_0,stitch,-1
-3.0,1.0,34717.0,bot_0,stitch,-1
-27.0,0.0,34751.0,bot_0,stitch,-1
-28.0,-8.0,34777.0,bot_0,stitch,-1
-2.0,-4.0,34805.0,bot_0,stitch,-1
3.0,-4.0,34832.0,bot_0,stitch,-1
10.0,-7.0,34859.0,bot_0,stitch,-1
1.0,-2.0,34885.0,bot_0,stitch,-1
1.0,-3.0,34912.0,bot_0,stitch,-1
-11.0,-3.0,34965.0,bot_0,stitch,-1
-35.0,-12.0,34990.0,bot_0,stitch,-1
-18.0,-4.0,35016.0,bot_0,stitch,-1
2.0,0.0,35480.0,bot_0,stitch,-1
2.0,0.0,35504.0,bot_0,stitch,-1
7.0,2.0,35523.0,bot_0,stitch,-1
28.0,6.0,35548.0,bot_0,stitch,-1
38.0,6.0,35567.0,bot_0,stitch,-1
47.0,4.0,35592.0,bot_0,stitch,-1
15.0,0.0,35612.0,bot_0,stitch,-1
1.0,-1.0,35636.0,bot_0,stitch,-1
0.0,-3.0,35657.0,bot_0,stitch,-1
-4.0,-4.0,35680.0,bot_0,stitch,-1
-9.0,-3.0,35701.0,bot_0,stitch,-1
-13.0,-1.0,35728.0,bot_0,stitch,-1
-4.0,0.0,35750.0,bot_0,stitch,-1
-1.0,0.0,35777.0,bot_0,stitch,-1
-2.0,0.0,35846.0,bot_0,stitch,-1
-2.0,0.0,35871.0,bot_0,stitch,-1
0.0,1.0,35938.0,bot_0,stitch,-1
-1.0,1.0,36008.0,bot_0,stitch,-1
-2.0,1.0,36028.0,bot_0,stitch,-1
-1.0,1.0,36137.0,bot_0,stitch,-1
-1.0,1.0,36153.0,bot_0,stitch,-1
-2.0,1.0,36180.0,bot_0,stitch,-1
-1.0,1.0,36197.0,bot_0,stitch,-1
-2.0,1.0,36221.0,bot_0,stitch,-1
-1.0,0.0,36237.0,bot_0,stitch,-1
0.0,1.0,36261.0,bot_0,stitch,-1
-2.0,0.0,36277.0,bot_0,stitch,-1
-4.0,2.0,36303.0,bot_0,stitch,-1
-8.0,1.0,36321.0,bot_0,stitch,-1
-9.0,3.0,36350.0,bot_0,stitch,-1
-2.0,1.0,36368.0,bot_0,stitch,-1
-2.0,0.0,36396.0,bot_0,stitch,-1
-1.0,0.0,36413.0,bot_0,stitch,-1
-7.0,1.0,36439.0,bot_0,stitch,-1
-6.0,1.0,36457.0,bot_0,stitch,-1
-18.0,0.0,36482.0,bot_0,stitch,-1
5.0,0.0,36503.0,bot_0,stitch,-1
5.0,0.0,36516.0,bot_0,stitch,-1
2.0,0.0,36528.0,bot_0,stitch,-1
3.0,0.0,36540.0,bot_0,stitch,-1
6.0,1.0,36553.0,bot_0,stitch,-1
9.0,0.0,36566.0,bot_0,stitch,-1
17.0,0.0,36579.0,bot_0,stitch,-1
19.0,0.0,36592.0,bot_0,stitch,-1
25.0,0.0,36604.0,bot_0,stitch,-1
31.0,0.0,36617.0,bot_0,stitch,-1
51.0,0.0,36630.0,bot_0,stitch,-1
102.0,7.0,36644.0,bot_0,stitch,-1
37.0,4.0,36656.0,bot_0,stitch,-1
62.0,1.0,36668.0,bot_0,stitch,-1
54.0,2.0,36680.0,bot_0,stitch,-1
57.0,4.0,36692.0,bot_0,stitch,-1
52.0,4.0,36705.0,bot_0,stitch,-1
43.0,3.0,36717.0,bot_0,stitch,-1
22.0,2.0,36730.0,bot_0,stitch,-1
14.0,1.0,36743.0,bot_0,stitch,-1
4.0,0.0,36755.0,bot_0,stitch,-1
2.0,0.0,36779.0,bot_0,stitch,-1
1.0,0.0,36792.0,bot_0,stitch,-1
1.0,0.0,36816.0,bot_0,stitch,-1
1.0,0.0,36828.0,bot_0,stitch,-1
0.0,-1.0,36864.0,bot_0,stitch,-1
0.0,-1.0,36876.0,bot_0,stitch,-1
1.0,-1.0,36900.0,bot_0,stitch,-1
4.0,-1.0,36912.0,bot_0,stitch,-1
3.0,0.0,36924.0,bot_0,stitch,-1
17.0,0.0,36937.0,bot_0,stitch,-1
26.0,0.0,36949.0,bot_0,stitch,-1
29.0,1.0,36962.0,bot_0,stitch,-1
27.0,1.0,36974.0,bot_0,stitch,-1
18.0,1.0,36986.0,bot_0,stitch,-1
5.0,0.0,36999.0,bot_0,stitch,-1
1.0,0.0,37011.0,bot_0,stitch,-1
-3.0,1.0,37036.0,bot_0,stitch,-1
-16.0,0.0,37048.0,bot_0,stitch,-1
-53.0,-3.0,37060.0,bot_0,stitch,-1
-47.0,-2.0,37072.0,bot_0,stitch,-1
-103.0,-2.0,37084.0,bot_0,stitch,-1
-95.0,-4.0,37096.0,bot_0,stitch,-1
-80.0,-5.0,37109.0,bot_0,stitch,-1
-54.0,-3.0,37122.0,bot_0,stitch,-1
-31.0,-2.0,37134.0,bot_0,stitch,-1
-14.0,0.0,37147.0,bot_0,stitch,-1
-2.0,-1.0,37160.0,bot_0,stitch,-1
-1.0,0.0,37172.0,bot_0,stitch,-1
-2.0,0.0,37410.0,bot_0,stitch,-1
0.0,1.0,37423.0,bot_0,stitch,-1
-2.0,0.0,37435.0,bot_0,stitch,-1
-1.0,0.0,37448.0,bot_0,stitch,-1
-1.0,0.0,37460.0,bot_0,stitch,-1
-1.0,1.0,37485.0,bot_0,stitch,-1
-1.0,0.0,37522.0,bot_0,stitch,-1
-2.0,0.0,37535.0,bot_0,stitch,-1
-3.0,1.0,37548.0,bot_0,stitch,-1
-3.0,0.0,37560.0,bot_0,stitch,-1
-3.0,1.0,37572.0,bot_0,stitch,-1
-3.0,1.0,37585.0,bot_0,stitch,-1
-2.0,0.0,37598.0,bot_0,stitch,-1
-1.0,0.0,37610.0,bot_0,stitch,-1
-2.0,0.0,37623.0,bot_0,stitch,-1
-1.0,0.0,37635.0,bot_0,stitch,-1
-2.0,0.0,37648.0,bot_0,stitch,-1
-2.0,0.0,37660.0,bot_0,stitch,-1
-1.0,1.0,37672.0,bot_0,stitch,-1
-2.0,0.0,37685.0,bot_0,stitch,-1
-2.0,0.0,37698.0,bot_0,stitch,-1
-2.0,0.0,37710.0,bot_0,stitch,-1
-2.0,0.0,37723.0,bot_0,stitch,-1
-2.0,1.0,37735.0,bot_0,stitch,-1
-2.0,0.0,37748.0,bot_0,stitch,-1
-1.0,1.0,37760.0,bot_0,stitch,-1
-1.0,0.0,37772.0,bot_0,stitch,-1
-1.0,0.0,37785.0,bot_0,stitch,-1
-1.0,0.0,37797.0,bot_0,stitch,-1
-2.0,1.0,37810.0,bot_0,stitch,-1
-1.0,1.0,37823.0,bot_0,stitch,-1
-3.0,0.0,37835.0,bot_0,stitch,-1
-2.0,1.0,37848.0,bot_0,stitch,-1
-3.0,1.0,37860.0,bot_0,stitch,-1
-3.0,1.0,37872.0,bot_0,stitch,-1
-2.0,1.0,37885.0,bot_0,stitch,-1
-1.0,0.0,37910.0,bot_0,stitch,-1
-2.0,1.0,37923.0,bot_0,stitch,-1
-3.0,1.0,37936.0,bot_0,stitch,-1
-3.0,1.0,37948.0,bot_0,stitch,-1
-2.0,1.0,37960.0,bot_0,stitch,-1
-3.0,1.0,37973.0,bot_0,stitch,-1
-3.0,1.0,37986.0,bot_0,stitch,-1
-3.0,2.0,37999.0,bot_0,stitch,-1
-4.0,1.0,38011.0,bot_0,stitch,-1
-2.0,2.0,38024.0,bot_0,stitch,-1
-3.0,1.0,38036.0,bot_0,stitch,-1
-2.0,2.0,38049.0,bot_0,stitch,-1
-2.0,2.0,38061.0,bot_0,stitch,-1
-1.0,1.0,38074.0,bot_0,stitch,-1
-2.0,2.0,38087.0,bot_0,stitch,-1
-1.0,1.0,38100.0,bot_0,stitch,-1
-1.0,2.0,38112.0,bot_0,stitch,-1
-1.0,1.0,38125.0,bot_0,stitch,-1
0.0,1.0,38137.0,bot_0,stitch,-1
-1.0,0.0,38150.0,bot_0,stitch,-1
0.0,1.0,38163.0,bot_0,stitch,-1
0.0,1.0,38189.0,bot_0,stitch,-1
-2.0,1.0,38344.0,bot_0,stitch,-1
-1.0,0.0,38370.0,bot_0,stitch,-1
-2.0,0.0,38382.0,bot_0,stitch,-1
-2.0,0.0,38396.0,bot_0,stitch,-1
-3.0,0.0,38408.0,bot_0,stitch,-1
-2.0,1.0,38421.0,bot_0,stitch,-1
-3.0,1.0,38434.0,bot_0,stitch,-1
-3.0,1.0,38447.0,bot_0,stitch,-1
-2.0,1.0,38460.0,bot_0,stitch,-1
-1.0,0.0,38472.0,bot_0,stitch,-1
-2.0,0.0,38485.0,bot_0,stitch,-1
-2.0,1.0,38498.0,bot_0,stitch,-1
-1.0,1.0,38512.0,bot_0,stitch,-1
-2.0,0.0,38524.0,bot_0,stitch,-1
-1.0,0.0,38536.0,bot_0,stitch,-1
-1.0,1.0,38549.0,bot_0,stitch,-1
-1.0,0.0,38562.0,bot_0,stitch,-1
-1.0,0.0,38575.0,bot_0,stitch,-1
-1.0,1.0,38588.0,bot_0,stitch,-1
-2.0,1.0,38600.0,bot_0,stitch,-1
-1.0,0.0,38638.0,bot_0,stitch,-1
5.0,-3.0,38659.0,bot_0,stitch,-1
1.0,-1.0,38675.0,bot_0,stitch,-1
1.0,0.0,38691.0,bot_0,stitch,-1
4.0,-1.0,38706.0,bot_0,stitch,-1
2.0,-1.0,38721.0,bot_0,stitch,-1
1.0,0.0,38736.0,bot_0,stitch,-1
1.0,0.0,38767.0,bot_0,stitch,-1
8.0,4.0,38782.0,bot_0,stitch,-1
16.0,11.0,38797.0,bot_0,stitch,-1
8.0,4.0,38812.0,bot_0,stitch,-1
4.0,2.0,38827.0,bot_0,stitch,-1
10.0,5.0,38843.0,bot_0,stitch,-1
15.0,3.0,38857.0,bot_0,stitch,-1
27.0,5.0,38871.0,bot_0,stitch,-1
38.0,1.0,38887.0,bot_0,stitch,-1
14.0,0.0,38903.0,bot_0,stitch,-1
4.0,0.0,38919.0,bot_0,stitch,-1
10.0,-2.0,38951.0,bot_0,stitch,-1
12.0,-5.0,38967.0,bot_0,stitch,-1
22.0,-9.0,38981.0,bot_0,stitch,-1
12.0,-6.0,38996.0,bot_0,stitch,-1
10.0,-5.0,39011.0,bot_0,stitch,-1
11.0,-8.0,39026.0,bot_0,stitch,-1
3.0,-3.0,39041.0,bot_0,stitch,-1
1.0,-1.0,39055.0,bot_0,stitch,-1
1.0,-1.0,39084.0,bot_0,stitch,-1
1.0,-1.0,39099.0,bot_0,stitch,-1
1.0,0.0,39113.0,bot_0,stitch,-1
1.0,-1.0,39127.0,bot_0,stitch,-1
2.0,0.0,39143.0,bot_0,stitch,-1
3.0,0.0,39171.0,bot_0,stitch,-1
0.0,-1.0,39186.0,bot_0,stitch,-1
2.0,0.0,39215.0,bot_0,stitch,-1
4.0,0.0,39229.0,bot_0,stitch,-1
5.0,0.0,39243.0,bot_0,stitch,-1
4.0,-1.0,39258.0,bot_0,stitch,-1
3.0,0.0,39272.0,bot_0,stitch,-1
4.0,0.0,39287.0,bot_0,stitch,-1
5.0,0.0,39301.0,bot_0,stitch,-1
4.0,0.0,39315.0,bot_0,stitch,-1
5.0,0.0,39330.0,bot_0,stitch,-1
2.0,0.0,39344.0,bot_0,stitch,-1
4.0,-1.0,39359.0,bot_0,stitch,-1
3.0,0.0,39373.0,bot_0,stitch,-1
2.0,0.0,39387.0,bot_0,stitch,-1
8.0,0.0,39402.0,bot_0,stitch,-1
26.0,0.0,39416.0,bot_0,stitch,-1
22.0,-4.0,39431.0,bot_0,stitch,-1
12.0,-5.0,39446.0,bot_0,stitch,-1
-1.0,-18.0,39460.0,bot_0,stitch,-1
-42.0,-33.0,39475.0,bot_0,stitch,-1
-37.0,-13.0,39490.0,bot_0,stitch,-1
-7.0,1.0,39504.0,bot_0,stitch,-1
1.0,0.0,39723.0,bot_0,stitch,-1
-4.0,1.0,39738.0,bot_0,stitch,-1
-17.0,1.0,39754.0,bot_0,stitch,-1
-12.0,3.0,39771.0,bot_0,stitch,-1
5.0,4.0,39789.0,bot_0,stitch,-1
16.0,-3.0,39803.0,bot_0,stitch,-1
34.0,-1.0,39819.0,bot_0,stitch,-1
46.0,0.0,39834.0,bot_0,stitch,-1
17.0,0.0,39850.0,bot_0,stitch,-1
27.0,0.0,39865.0,bot_0,stitch,-1
19.0,-1.0,39880.0,bot_0,stitch,-1
17.0,0.0,39895.0,bot_0,stitch,-1
7.0,0.0,39910.0,bot_0,stitch,-1
2.0,0.0,39940.0,bot_0,stitch,-1
2.0,-1.0,39955.0,bot_0,stitch,-1
1.0,-1.0,39971.0,bot_0,stitch,-1
0.0,-1.0,40000.0,bot_0,stitch,-1
0.0,-1.0,40015.0,bot_0,stitch,-1
0.0,-2.0,40031.0,bot_0,stitch,-1
-1.0,-2.0,40047.0,bot_0,stitch,-1
-1.0,-1.0,40062.0,bot_0,stitch,-1
-5.0,-5.0,40077.0,bot_0,stitch,-1
-5.0,-4.0,40092.0,bot_0,stitch,-1
0.0,-1.0,40107.0,bot_0,stitch,-1
0.0,-1.0,40138.0,bot_0,stitch,-1
0.0,-1.0,40153.0,bot_0,stitch,-1
1.0,-4.0,40168.0,bot_0,stitch,-1
3.0,-10.0,40183.0,bot_0,stitch,-1
9.0,-19.0,40199.0,bot_0,stitch,-1
4.0,-7.0,40215.0,bot_0,stitch,-1
1.0,-1.0,40230.0,bot_0,stitch,-1
0.0,-4.0,40307.0,bot_0,stitch,-1
0.0,-7.0,40322.0,bot_0,stitch,-1
0.0,-2.0,40337.0,bot_0,stitch,-1
0.0,-1.0,40353.0,bot_0,stitch,-1
-1.0,0.0,40579.0,bot_0,stitch,-1
-27.0,1.0,40659.0,bot_0,stitch,-1
-18.0,1.0,40678.0,bot_0,stitch,-1
0.0,1.0,40696.0,bot_0,stitch,-1
0.0,1.0,40779.0,bot_0,stitch,-1
0.0,1.0,40795.0,bot_0,stitch,-1
1.0,0.0,40905.0,bot_0,stitch,-1
0.0,1.0,41056.0,bot_0,stitch,-1
-3.0,2.0,41078.0,bot_0,stitch,-1
-2.0,3.0,41094.0,bot_0,stitch,-1
-1.0,1.0,41109.0,bot_0,stitch,-1
-7.0,3.0,41125.0,bot_0,stitch,-1
-10.0,5.0,41141.0,bot_0,stitch,-1
-17.0,9.0,41157.0,bot_0,stitch,-1
-7.0,4.0,41173.0,bot_0,stitch,-1
-4.0,4.0,41189.0,bot_0,stitch,-1
0.0,2.0,41205.0,bot_0,stitch,-1
0.0,1.0,41255.0,bot_0,stitch,-1
1.0,0.0,41271.0,bot_0,stitch,-1
1.0,0.0,41367.0,bot_0,stitch,-1
0.0,1.0,41461.0,bot_0,stitch,-1
1.0,0.0,41720.0,bot_0,stitch,-1
3.0,1.0,41736.0,bot_0,stitch,-1
18.0,2.0,41751.0,bot_0,stitch,-1
18.0,1.0,41766.0,bot_0,stitch,-1
26.0,1.0,41781.0,bot_0,stitch,-1
85.0,1.0,41797.0,bot_0,stitch,-1
89.0,2.0,41813.0,bot_0,stitch,-1
140.0,4.0,41828.0,bot_0,stitch,-1
83.0,2.0,41844.0,bot_0,stitch,-1
126.0,3.0,41860.0,bot_0,stitch,-1
85.0,4.0,41875.0,bot_0,stitch,-1
95.0,3.0,41891.0,bot_0,stitch,-1
26.0,2.0,41907.0,bot_0,stitch,-1
13.0,0.0,41923.0,bot_0,stitch,-1
2.0,0.0,41939.0,bot_0,stitch,-1
-1.0,0.0,42035.0,bot_0,stitch,-1
-1.0,0.0,42051.0,bot_0,stitch,-1
-8.0,-2.0,42067.0,bot_0,stitch,-1
-13.0,-1.0,42083.0,bot_0,stitch,-1
-36.0,-2.0,42098.0,bot_0,stitch,-1
-50.0,-3.0,42114.0,bot_0,stitch,-1
-128.0,0.0,42130.0,bot_0,stitch,-1
-105.0,0.0,42145.0,bot_0,stitch,-1
-161.0,0.0,42161.0,bot_0,stitch,-1
-103.0,1.0,42177.0,bot_0,stitch,-1
-163.0,0.0,42193.0,bot_0,stitch,-1
-126.0,4.0,42208.0,bot_0,stitch,-1
-205.0,2.0,42224.0,bot_0,stitch,-1
-114.0,-5.0,42240.0,bot_0,stitch,-1
-131.0,-11.0,42257.0,bot_0,stitch,-1
-56.0,-1.0,42273.0,bot_0,stitch,-1
-72.0,-5.0,42291.0,bot_0,stitch,-1
-48.0,-1.0,42308.0,bot_0,stitch,-1
-21.0,-2.0,42325.0,bot_0,stitch,-1
-14.0,-2.0,42341.0,bot_0,stitch,-1
-3.0,-1.0,42358.0,bot_0,stitch,-1
-1.0,0.0,42474.0,bot_0,stitch,-1
-1.0,0.0,42490.0,bot_0,stitch,-1
-1.0,0.0,42557.0,bot_0,stitch,-1
0.0,2.0,42573.0,bot_0,stitch,-1
0.0,1.0,42606.0,bot_0,stitch,-1
0.0,1.0,42639.0,bot_0,stitch,-1
0.0,1.0,42656.0,bot_0,stitch,-1
0.0,2.0,42673.0,bot_0,stitch,-1
1.0,1.0,42689.0,bot_0,stitch,-1
1.0,2.0,42705.0,bot_0,stitch,-1
0.0,1.0,42755.0,bot_0,stitch,-1
1.0,1.0,42772.0,bot_0,stitch,-1
0.0,1.0,42788.0,bot_0,stitch,-1
1.0,0.0,43019.0,bot_0,stitch,-1
-3.0,0.0,43040.0,bot_0,stitch,-1
-7.0,0.0,43063.0,bot_0,stitch,-1
-40.0,0.0,43086.0,bot_0,stitch,-1
-57.0,-2.0,43109.0,bot_0,stitch,-1
-45.0,-2.0,43132.0,bot_0,stitch,-1
-44.0,-4.0,43156.0,bot_0,stitch,-1
-13.0,-4.0,43178.0,bot_0,stitch,-1
-2.0,-1.0,43203.0,bot_0,stitch,-1
1.0,0.0,43560.0,bot_0,stitch,-1
1.0,-1.0,43581.0,bot_0,stitch,-1
2.0,0.0,43604.0,bot_0,stitch,-1
5.0,-1.0,43626.0,bot_0,stitch,-1
6.0,-2.0,43648.0,bot_0,stitch,-1
2.0,-1.0,43671.0,bot_0,stitch,-1
2.0,-1.0,43694.0,bot_0,stitch,-1
1.0,0.0,43717.0,bot_0,stitch,-1
1.0,-1.0,43741.0,bot_0,stitch,-1
1.0,0.0,43765.0,bot_0,stitch,-1
2.0,-1.0,43788.0,bot_0,stitch,-1
3.0,-2.0,43812.0,bot_0,stitch,-1
3.0,-1.0,43835.0,bot_0,stitch,-1
10.0,-2.0,43857.0,bot_0,stitch,-1
6.0,-2.0,43882.0,bot_0,stitch,-1
5.0,-2.0,43901.0,bot_0,stitch,-1
3.0,0.0,43925.0,bot_0,stitch,-1
1.0,-1.0,43949.0,bot_0,stitch,-1
1.0,0.0,44091.0,bot_0,stitch,-1
1.0,0.0,44114.0,bot_0,stitch,-1
0.0,-1.0,44136.0,bot_0,stitch,-1
1.0,0.0,44180.0,bot_0,stitch,-1
0.0,-1.0,44202.0,bot_0,stitch,-1
3.0,0.0,44224.0,bot_0,stitch,-1
1.0,-1.0,44246.0,bot_0,stitch,-1
8.0,-1.0,44268.0,bot_0,stitch,-1
14.0,0.0,44291.0,bot_0,stitch,-1
18.0,-1.0,44314.0,bot_0,stitch,-1
4.0,0.0,44335.0,bot_0,stitch,-1
-1.0,0.0,44400.0,bot_0,stitch,-1
-4.0,0.0,44422.0,bot_0,stitch,-1
-12.0,0.0,44444.0,bot_0,stitch,-1
-19.0,0.0,44467.0,bot_0,stitch,-1
-11.0,0.0,44490.0,bot_0,stitch,-1
-3.0,0.0,44512.0,bot_0,stitch,-1
1.0,0.0,44583.0,bot_0,stitch,-1
2.0,0.0,44606.0,bot_0,stitch,-1
1.0,0.0,44628.0,bot_0,stitch,-1
1.0,0.0,44675.0,bot_0,stitch,-1
2.0,0.0,44699.0,bot_0,stitch,-1
2.0,0.0,44723.0,bot_0,stitch,-1
1.0,0.0,44747.0,bot_0,stitch,-1
4.0,0.0,44769.0,bot_0,stitch,-1
4.0,0.0,44792.0,bot_0,stitch,-1
2.0,0.0,44840.0,bot_0,stitch,-1
11.0,0.0,44864.0,bot_0,stitch,-1
8.0,0.0,44888.0,bot_0,stitch,-1
19.0,1.0,44912.0,bot_0,stitch,-1
72.0,5.0,44936.0,bot_0,stitch,-1
37.0,0.0,44961.0,bot_0,stitch,-1
39.0,1.0,44986.0,bot_0,stitch,-1
105.0,18.0,45008.0,bot_0,stitch,-1
120.0,12.0,45032.0,bot_0,stitch,-1
11.0,-3.0,45057.0,bot_0,stitch,-1
10.0,0.0,45100.0,bot_0,stitch,-1
0.0,1.0,45122.0,bot_0,stitch,-1
0.0,1.0,45139.0,bot_0,stitch,-1
-1.0,7.0,45156.0,bot_0,stitch,-1
-2.0,8.0,45173.0,bot_0,stitch,-1
-1.0,12.0,45190.0,bot_0,stitch,-1
0.0,8.0,45206.0,bot_0,stitch,-1
0.0,3.0,45222.0,bot_0,stitch,-1
0.0,2.0,45239.0,bot_0,stitch,-1
0.0,1.0,45255.0,bot_0,stitch,-1
-1.0,0.0,45287.0,bot_0,stitch,-1
-1.0,0.0,45495.0,bot_0,stitch,-1
-1.0,-1.0,45542.0,bot_0,stitch,-1
-2.0,-4.0,45558.0,bot_0,stitch,-1
-7.0,-4.0,45574.0,bot_0,stitch,-1
-23.0,-14.0,45590.0,bot_0,stitch,-1
-20.0,-10.0,45606.0,bot_0,stitch,-1
-21.0,-10.0,45621.0,bot_0,stitch,-1
-49.0,-16.0,45644.0,bot_0,stitch,-1
-35.0,-10.0,45660.0,bot_0,stitch,-1
-23.0,-3.0,45676.0,bot_0,stitch,-1
-22.0,-3.0,45691.0,bot_0,stitch,-1
-32.0,-1.0,45706.0,bot_0,stitch,-1
-17.0,0.0,45722.0,bot_0,stitch,-1
-23.0,1.0,45737.0,bot_0,stitch,-1
-31.0,5.0,45771.0,bot_0,stitch,-1
-25.0,8.0,45806.0,bot_0,stitch,-1
-37.0,29.0,45862.0,bot_0,stitch,-1
-6.0,15.0,45879.0,bot_0,stitch,-1
-2.0,9.0,45895.0,bot_0,stitch,-1
0.0,6.0,45912.0,bot_0,stitch,-1
0.0,4.0,46136.0,bot_0,stitch,-1
0.0,2.0,46152.0,bot_0,stitch,-1
-2.0,0.0,46169.0,bot_0,stitch,-1
-8.0,-2.0,46185.0,bot_0,stitch,-1
-11.0,-2.0,46200.0,bot_0,stitch,-1
-11.0,0.0,46216.0,bot_0,stitch,-1
-18.0,2.0,46231.0,bot_0,stitch,-1
-16.0,6.0,46247.0,bot_0,stitch,-1
-23.0,14.0,46262.0,bot_0,stitch,-1
-11.0,12.0,46278.0,bot_0,stitch,-1
-11.0,14.0,46294.0,bot_0,stitch,-1
-4.0,9.0,46310.0,bot_0,stitch,-1
-2.0,6.0,46326.0,bot_0,stitch,-1
0.0,2.0,46342.0,bot_0,stitch,-1
0.0,1.0,46358.0,bot_0,stitch,-1
-1.0,0.0,46537.0,bot_0,stitch,-1
-1.0,0.0,46602.0,bot_0,stitch,-1
7.0,0.0,47113.0,bot_0,stitch,-1
27.0,6.0,47128.0,bot_0,stitch,-1
67.0,20.0,47146.0,bot_0,stitch,-1
-1.0,-1.0,47168.0,bot_0,stitch,-1
-1.0,-1.0,47185.0,bot_0,stitch,-1
-2.0,0.0,47341.0,bot_0,stitch,-1
-2.0,-1.0,47359.0,bot_0,stitch,-1
-2.0,0.0,47377.0,bot_0,stitch,-1
-1.0,0.0,47400.0,bot_0,stitch,-1
-3.0,0.0,47577.0,bot_0,stitch,-1
-24.0,2.0,47595.0,bot_0,stitch,-1
-38.0,2.0,47612.0,bot_0,stitch,-1
-104.0,1.0,47628.0,bot_0,stitch,-1
-100.0,0.0,47646.0,bot_0,stitch,-1
-53.0,0.0,47662.0,bot_0,stitch,-1
-54.0,0.0,47678.0,bot_0,stitch,-1
-20.0,0.0,47695.0,bot_0,stitch,-1
-5.0,0.0,47712.0,bot_0,stitch,-1
-2.0,0.0,47728.0,bot_0,stitch,-1
-3.0,0.0,47744.0,bot_0,stitch,-1
-7.0,0.0,47760.0,bot_0,stitch,-1
-6.0,0.0,47776.0,bot_0,stitch,-1
-9.0,0.0,47793.0,bot_0,stitch,-1
-6.0,0.0,47809.0,bot_0,stitch,-1
-3.0,0.0,47825.0,bot_0,stitch,-1
-6.0,1.0,48017.0,bot_0,stitch,-1
-22.0,0.0,48033.0,bot_0,stitch,-1
-70.0,0.0,48050.0,bot_0,stitch,-1
-99.0,-5.0,48066.0,bot_0,stitch,-1
-61.0,-7.0,48083.0,bot_0,stitch,-1
-58.0,-10.0,48100.0,bot_0,stitch,-1
-26.0,-7.0,48117.0,bot_0,stitch,-1
-6.0,-3.0,48134.0,bot_0,stitch,-1
-1.0,-1.0,48151.0,bot_0,stitch,-1
0.0,-1.0,48202.0,bot_0,stitch,-1
-11.0,-1.0,48475.0,bot_0,stitch,-1
-49.0,-3.0,48492.0,bot_0,stitch,-1
-114.0,-9.0,48510.0,bot_0,stitch,-1
-88.0,-7.0,48527.0,bot_0,stitch,-1
-111.0,-20.0,48543.0,bot_0,stitch,-1
-48.0,-9.0,48557.0,bot_0,stitch,-1
-32.0,-7.0,48572.0,bot_0,stitch,-1
-7.0,-1.0,48585.0,bot_0,stitch,-1
-2.0,0.0,48599.0,bot_0,stitch,-1
-1.0,0.0,48612.0,bot_0,stitch,-1
-1.0,0.0,48627.0,bot_0,stitch,-1
0.0,-1.0,48640.0,bot_0,stitch,-1
-2.0,0.0,48708.0,bot_0,stitch,-1
-2.0,0.0,48736.0,bot_0,stitch,-1
-5.0,1.0,48749.0,bot_0,stitch,-1
-7.0,1.0,48763.0,bot_0,stitch,-1
-30.0,2.0,48776.0,bot_0,stitch,-1
-34.0,2.0,48790.0,bot_0,stitch,-1
-54.0,1.0,48804.0,bot_0,stitch,-1
-31.0,0.0,48812.0,bot_0,stitch,-1
-61.0,0.0,48824.0,bot_0,stitch,-1
-56.0,0.0,48838.0,bot_0,stitch,-1
-46.0,0.0,48851.0,bot_0,stitch,-1
-32.0,0.0,48864.0,bot_0,stitch,-1
-24.0,0.0,48876.0,bot_0,stitch,-1
-20.0,0.0,48889.0,bot_0,stitch,-1
-14.0,0.0,48902.0,bot_0,stitch,-1
-10.0,0.0,48916.0,bot_0,stitch,-1
-4.0,0.0,48928.0,bot_0,stitch,-1
-1.0,0.0,48942.0,bot_0,stitch,-1
-1.0,0.0,49055.0,bot_0,stitch,-1
-3.0,0.0,49068.0,bot_0,stitch,-1
-13.0,3.0,49080.0,bot_0,stitch,-1
-26.0,1.0,49093.0,bot_0,stitch,-1
-58.0,4.0,49105.0,bot_0,stitch,-1
-92.0,2.0,49117.0,bot_0,stitch,-1
-111.0,0.0,49129.0,bot_0,stitch,-1
-55.0,0.0,49140.0,bot_0,stitch,-1
-107.0,-9.0,49152.0,bot_0,stitch,-1
-78.0,-10.0,49164.0,bot_0,stitch,-1
-55.0,-12.0,49176.0,bot_0,stitch,-1
-20.0,-5.0,49188.0,bot_0,stitch,-1
-8.0,-1.0,49202.0,bot_0,stitch,-1
0.0,-1.0,49216.0,bot_0,stitch,-1
0.0,-1.0,49461.0,bot_0,stitch,-1
25.0,-3.0,49485.0,bot_0,stitch,-1
28.0,-1.0,49500.0,bot_0,stitch,-1
42.0,-4.0,49514.0,bot_0,stitch,-1
17.0,-3.0,49529.0,bot_0,stitch,-1
6.0,-2.0,49543.0,bot_0,stitch,-1
2.0,0.0,49558.0,bot_0,stitch,-1
1.0,0.0,49573.0,bot_0,stitch,-1
3.0,0.0,49587.0,bot_0,stitch,-1
6.0,0.0,49602.0,bot_0,stitch,-1
12.0,0.0,49616.0,bot_0,stitch,-1
22.0,-1.0,49630.0,bot_0,stitch,-1
15.0,-3.0,49645.0,bot_0,stitch,-1
22.0,-1.0,49658.0,bot_0,stitch,-1
32.0,0.0,49673.0,bot_0,stitch,-1
53.0,0.0,49688.0,bot_0,stitch,-1
30.0,-1.0,49701.0,bot_0,stitch,-1
19.0,0.0,49714.0,bot_0,stitch,-1
7.0,-1.0,49728.0,bot_0,stitch,-1
1.0,1.0,49782.0,bot_0,stitch,-1
0.0,1.0,49796.0,bot_0,stitch,-1
1.0,1.0,49810.0,bot_0,stitch,-1
0.0,1.0,49825.0,bot_0,stitch,-1
2.0,1.0,49838.0,bot_0,stitch,-1
9.0,3.0,49851.0,bot_0,stitch,-1
15.0,3.0,49865.0,bot_0,stitch,-1
15.0,2.0,49878.0,bot_0,stitch,-1
6.0,0.0,49899.0,bot_0,stitch,-1
-6.0,1.0,49929.0,bot_0,stitch,-1
-25.0,2.0,49942.0,bot_0,stitch,-1
-10.0,1.0,49950.0,bot_0,stitch,-1
-21.0,0.0,49963.0,bot_0,stitch,-1
-16.0,3.0,49976.0,bot_0,stitch,-1
-3.0,2.0,49990.0,bot_0,stitch,-1
0.0,1.0,50004.0,bot_0,stitch,-1
1.0,0.0,50046.0,bot_0,stitch,-1
3.0,1.0,50059.0,bot_0,stitch,-1
12.0,2.0,50073.0,bot_0,stitch,-1
11.0,1.0,50086.0,bot_0,stitch,-1
10.0,0.0,50100.0,bot_0,stitch,-1
6.0,0.0,50114.0,bot_0,stitch,-1
5.0,0.0,50130.0,bot_0,stitch,-1
2.0,-1.0,50151.0,bot_0,stitch,-1
1.0,0.0,50166.0,bot_0,stitch,-1
2.0,-1.0,50181.0,bot_0,stitch,-1
0.0,-1.0,50194.0,bot_0,stitch,-1
-2.0,0.0,50295.0,bot_0,stitch,-1
-3.0,0.0,50310.0,bot_0,stitch,-1
0.0,-1.0,50355.0,bot_0,stitch,-1
1.0,-2.0,50370.0,bot_0,stitch,-1
5.0,-2.0,50384.0,bot_0,stitch,-1
5.0,-4.0,50398.0,bot_0,stitch,-1
1.0,-1.0,50413.0,bot_0,stitch,-1
0.0,-2.0,50429.0,bot_0,stitch,-1
0.0,1.0,50546.0,bot_0,stitch,-1
-2.0,2.0,50577.0,bot_0,stitch,-1
-2.0,1.0,50590.0,bot_0,stitch,-1
-3.0,2.0,50606.0,bot_0,stitch,-1
-7.0,0.0,50621.0,bot_0,stitch,-1
-18.0,-1.0,50648.0,bot_0,stitch,-1
-11.0,-3.0,50676.0,bot_0,stitch,-1
-8.0,-2.0,50705.0,bot_0,stitch,-1
-8.0,-1.0,50735.0,bot_0,stitch,-1
-3.0,0.0,50766.0,bot_0,stitch,-1
-2.0,0.0,50796.0,bot_0,stitch,-1
-2.0,0.0,50815.0,bot_0,stitch,-1
-5.0,1.0,50842.0,bot_0,stitch,-1
-1.0,0.0,50869.0,bot_0,stitch,-1
-1.0,0.0,51106.0,bot_0,stitch,-1
-11.0,1.0,51136.0,bot_0,stitch,-1
-28.0,3.0,51163.0,bot_0,stitch,-1
-16.0,2.0,51190.0,bot_0,stitch,-1
-27.0,2.0,51212.0,bot_0,stitch,-1
-26.0,3.0,51235.0,bot_0,stitch,-1
-8.0,1.0,51258.0,bot_0,stitch,-1
-5.0,1.0,51279.0,bot_0,stitch,-1
-8.0,1.0,51300.0,bot_0,stitch,-1
-14.0,2.0,51322.0,bot_0,stitch,-1
-32.0,4.0,51346.0,bot_0,stitch,-1
-19.0,4.0,51369.0,bot_0,stitch,-1
-12.0,4.0,51392.0,bot_0,stitch,-1
-3.0,0.0,51414.0,bot_0,stitch,-1
1.0,1.0,51576.0,bot_0,stitch,-1
-10.0,0.0,51597.0,bot_0,stitch,-1
-22.0,0.0,51618.0,bot_0,stitch,-1
-51.0,5.0,51638.0,bot_0,stitch,-1
-31.0,5.0,51658.0,bot_0,stitch,-1
-14.0,5.0,51678.0,bot_0,stitch,-1
-3.0,0.0,51697.0,bot_0,stitch,-1
0.0,1.0,51752.0,bot_0,stitch,-1
2.0,-3.0,51781.0,bot_0,stitch,-1
1.0,-3.0,51798.0,bot_0,stitch,-1
0.0,-1.0,51816.0,bot_0,stitch,-1
2.0,-2.0,51834.0,bot_0,stitch,-1
0.0,-1.0,51854.0,bot_0,stitch,-1
1.0,-1.0,51872.0,bot_0,stitch,-1
2.0,-3.0,51890.0,bot_0,stitch,-1
2.0,-2.0,51910.0,bot_0,stitch,-1
1.0,-3.0,51930.0,bot_0,stitch,-1
2.0,-2.0,51949.0,bot_0,stitch,-1
2.0,-3.0,51969.0,bot_0,stitch,-1
4.0,-4.0,51986.0,bot_0,stitch,-1
7.0,-5.0,52002.0,bot_0,stitch,-1
4.0,-4.0,52019.0,bot_0,stitch,-1
5.0,-5.0,52039.0,bot_0,stitch,-1
4.0,-2.0,52062.0,bot_0,stitch,-1
4.0,-2.0,52083.0,bot_0,stitch,-1
5.0,-2.0,52102.0,bot_0,stitch,-1
5.0,-1.0,52122.0,bot_0,stitch,-1
8.0,-3.0,52140.0,bot_0,stitch,-1
8.0,-2.0,52158.0,bot_0,stitch,-1
8.0,-2.0,52175.0,bot_0,stitch,-1
4.0,-1.0,52193.0,bot_0,stitch,-1
3.0,-1.0,52210.0,bot_0,stitch,-1
3.0,-1.0,52225.0,bot_0,stitch,-1
3.0,-1.0,52240.0,bot_0,stitch,-1
0.0,-1.0,52358.0,bot_0,stitch,-1
2.0,0.0,52438.0,bot_0,stitch,-1
1.0,-1.0,52455.0,bot_0,stitch,-1
2.0,-1.0,52670.0,bot_0,stitch,-1
1.0,0.0,52695.0,bot_0,stitch,-1
0.0,-1.0,52709.0,bot_0,stitch,-1
1.0,0.0,52758.0,bot_0,stitch,-1
1.0,0.0,52771.0,bot_0,stitch,-1
1.0,0.0,52796.0,bot_0,stitch,-1
1.0,0.0,52808.0,bot_0,stitch,-1
4.0,3.0,52821.0,bot_0,stitch,-1
7.0,5.0,52833.0,bot_0,stitch,-1
9.0,8.0,52846.0,bot_0,stitch,-1
13.0,6.0,52858.0,bot_0,stitch,-1
11.0,6.0,52870.0,bot_0,stitch,-1
8.0,4.0,52882.0,bot_0,stitch,-1
7.0,3.0,52895.0,bot_0,stitch,-1
8.0,4.0,52908.0,bot_0,stitch,-1
2.0,1.0,52920.0,bot_0,stitch,-1
4.0,1.0,52933.0,bot_0,stitch,-1
3.0,3.0,52945.0,bot_0,stitch,-1
3.0,2.0,52958.0,bot_0,stitch,-1
3.0,3.0,52970.0,bot_0,stitch,-1
3.0,5.0,52982.0,bot_0,stitch,-1
3.0,6.0,52995.0,bot_0,stitch,-1
5.0,7.0,53008.0,bot_0,stitch,-1
5.0,6.0,53021.0,bot_0,stitch,-1
4.0,1.0,53036.0,bot_0,stitch,-1
1.0,2.0,53051.0,bot_0,stitch,-1
1.0,1.0,53144.0,bot_0,stitch,-1
1.0,-2.0,53313.0,bot_0,stitch,-1
0.0,-1.0,53326.0,bot_0,stitch,-1
2.0,0.0,53338.0,bot_0,stitch,-1
1.0,-2.0,53351.0,bot_0,stitch,-1
1.0,0.0,53401.0,bot_0,stitch,-1
0.0,-1.0,53414.0,bot_0,stitch,-1
0.0,-1.0,53442.0,bot_0,stitch,-1
1.0,-1.0,53458.0,bot_0,stitch,-1
1.0,-1.0,53472.0,bot_0,stitch,-1
1.0,0.0,53487.0,bot_0,stitch,-1
0.0,-1.0,53502.0,bot_0,stitch,-1
1.0,-2.0,53546.0,bot_0,stitch,-1
1.0,0.0,53560.0,bot_0,stitch,-1
0.0,-1.0,53574.0,bot_0,stitch,-1
1.0,-1.0,53626.0,bot_0,stitch,-1
0.0,-1.0,53664.0,bot_0,stitch,-1
1.0,-1.0,53854.0,bot_0,stitch,-1
0.0,-1.0,53893.0,bot_0,stitch,-1
1.0,-1.0,53906.0,bot_0,stitch,-1
1.0,0.0,53918.0,bot_0,stitch,-1
1.0,0.0,53943.0,bot_0,stitch,-1
1.0,0.0,53956.0,bot_0,stitch,-1
2.0,0.0,53970.0,bot_0,stitch,-1
5.0,0.0,53982.0,bot_0,stitch,-1
5.0,4.0,53995.0,bot_0,stitch,-1
11.0,6.0,54008.0,bot_0,stitch,-1
18.0,7.0,54021.0,bot_0,stitch,-1
25.0,7.0,54037.0,bot_0,stitch,-1
25.0,0.0,54055.0,bot_0,stitch,-1
-3.0,0.0,54076.0,bot_0,stitch,-1
-5.0,2.0,54093.0,bot_0,stitch,-1
-9.0,3.0,54111.0,bot_0,stitch,-1
-1.0,1.0,54130.0,bot_0,stitch,-1
1.0,0.0,54167.0,bot_0,stitch,-1
2.0,0.0,54190.0,bot_0,stitch,-1
2.0,-1.0,54210.0,bot_0,stitch,-1
1.0,0.0,54230.0,bot_0,stitch,-1
3.0,0.0,54250.0,bot_0,stitch,-1
3.0,0.0,54271.0,bot_0,stitch,-1
1.0,0.0,54292.0,bot_0,stitch,-1
-1.0,0.0,54435.0,bot_0,stitch,-1
-2.0,0.0,54457.0,bot_0,stitch,-1
-2.0,0.0,54479.0,bot_0,stitch,-1
-2.0,0.0,54503.0,bot_0,stitch,-1
-1.0,0.0,54575.0,bot_0,stitch,-1
-4.0,1.0,54660.0,bot_0,stitch,-1
-21.0,3.0,54679.0,bot_0,stitch,-1
-57.0,1.0,54699.0,bot_0,stitch,-1
-55.0,2.0,54719.0,bot_0,stitch,-1
-40.0,-7.0,54739.0,bot_0,stitch,-1
-37.0,-2.0,54758.0,bot_0,stitch,-1
-79.0,-14.0,54778.0,bot_0,stitch,-1
-93.0,-21.0,54799.0,bot_0,stitch,-1
-32.0,-8.0,54819.0,bot_0,stitch,-1
0.0,-1.0,54859.0,bot_0,stitch,-1
1.0,0.0,54998.0,bot_0,stitch,-1
0.0,1.0,55059.0,bot_0,stitch,-1
-20.0,11.0,55076.0,bot_0,stitch,-1
-22.0,11.0,55095.0,bot_0,stitch,-1
-3.0,1.0,55111.0,bot_0,stitch,-1
1.0,0.0,55165.0,bot_0,stitch,-1
1.0,0.0,55199.0,bot_0,stitch,-1
2.0,0.0,55215.0,bot_0,stitch,-1
1.0,0.0,55248.0,bot_0,stitch,-1
2.0,0.0,55266.0,bot_0,stitch,-1
1.0,-1.0,55283.0,bot_0,stitch,-1
2.0,-1.0,55299.0,bot_0,stitch,-1
1.0,0.0,55315.0,bot_0,stitch,-1
2.0,-1.0,55331.0,bot_0,stitch,-1
1.0,0.0,55349.0,bot_0,stitch,-1
2.0,-1.0,55400.0,bot_0,stitch,-1
0.0,-1.0,55433.0,bot_0,stitch,-1
1.0,0.0,55451.0,bot_0,stitch,-1
1.0,0.0,55489.0,bot_0,stitch,-1
-4.0,1.0,55615.0,bot_0,stitch,-1
-1.0,0.0,55633.0,bot_0,stitch,-1
-2.0,1.0,55651.0,bot_0,stitch,-1
-2.0,0.0,55670.0,bot_0,stitch,-1
-1.0,0.0,55688.0,bot_0,stitch,-1
0.0,1.0,55741.0,bot_0,stitch,-1
-1.0,0.0,56121.0,bot_0,stitch,-1
-2.0,-26.0,56143.0,bot_0,stitch,-1
-34.0,-42.0,56184.0,bot_0,stitch,-1
-1.0,-5.0,56223.0,bot_0,stitch,-1
2.0,19.0,56380.0,bot_0,stitch,-1
9.0,-1.0,56419.0,bot_0,stitch,-1
1.0,0.0,56455.0,bot_0,stitch,-1
2.0,0.0,56568.0,bot_0,stitch,-1
9.0,-2.0,56606.0,bot_0,stitch,-1
9.0,-1.0,56646.0,bot_0,stitch,-1
18.0,-5.0,56687.0,bot_0,stitch,-1
11.0,-4.0,56726.0,bot_0,stitch,-1
11.0,-2.0,56763.0,bot_0,stitch,-1
6.0,-1.0,56801.0,bot_0,stitch,-1
1.0,-2.0,56837.0,bot_0,stitch,-1
5.0,-1.0,56873.0,bot_0,stitch,-1
5.0,-1.0,56911.0,bot_0,stitch,-1
26.0,-5.0,56949.0,bot_0,stitch,-1
21.0,-3.0,56986.0,bot_0,stitch,-1
59.0,2.0,57022.0,bot_0,stitch,-1
42.0,-6.0,57059.0,bot_0,stitch,-1
0.0,-1.0,57096.0,bot_0,stitch,-1
3.0,20.0,57243.0,bot_0,stitch,-1
31.0,6.0,57283.0,bot_0,stitch,-1
1.0,0.0,57321.0,bot_0,stitch,-1
6.0,0.0,57478.0,bot_0,stitch,-1
5.0,0.0,57518.0,bot_0,stitch,-1
8.0,0.0,57557.0,bot_0,stitch,-1
5.0,0.0,57596.0,bot_0,stitch,-1
6.0,-1.0,57638.0,bot_0,stitch,-1
10.0,-3.0,57679.0,bot_0,stitch,-1
7.0,0.0,57719.0,bot_0,stitch,-1
3.0,-1.0,57755.0,bot_0,stitch,-1
9.0,-1.0,57792.0,bot_0,stitch,-1
18.0,-5.0,57828.0,bot_0,stitch,-1
19.0,-8.0,57864.0,bot_0,stitch,-1
0.0,1.0,57961.0,bot_0,stitch,-1
2.0,0.0,58028.0,bot_0,stitch,-1
1.0,0.0,58049.0,bot_0,stitch,-1
1.0,0.0,58068.0,bot_0,stitch,-1
0.0,-1.0,58106.0,bot_0,stitch,-1
-8.0,-3.0,58125.0,bot_0,stitch,-1
-15.0,-6.0,58143.0,bot_0,stitch,-1
-11.0,-6.0,58162.0,bot_0,stitch,-1
0.0,-1.0,58181.0,bot_0,stitch,-1
1.0,-2.0,58200.0,bot_0,stitch,-1
1.0,-3.0,58218.0,bot_0,stitch,-1
0.0,-5.0,58239.0,bot_0,stitch,-1
0.0,-6.0,58258.0,bot_0,stitch,-1
-3.0,-7.0,58278.0,bot_0,stitch,-1
-2.0,-3.0,58298.0,bot_0,stitch,-1
0.0,-1.0,58318.0,bot_0,stitch,-1
2.0,-3.0,58339.0,bot_0,stitch,-1
2.0,-3.0,58359.0,bot_0,stitch,-1
4.0,-4.0,58378.0,bot_0,stitch,-1
8.0,-6.0,58397.0,bot_0,stitch,-1
6.0,-6.0,58416.0,bot_0,stitch,-1
2.0,-1.0,58434.0,bot_0,stitch,-1
14.0,0.0,58608.0,bot_0,stitch,-1
14.0,0.0,58629.0,bot_0,stitch,-1
11.0,-1.0,58651.0,bot_0,stitch,-1
26.0,0.0,58674.0,bot_0,stitch,-1
28.0,0.0,58703.0,bot_0,stitch,-1
1.0,0.0,58762.0,bot_0,stitch,-1
4.0,0.0,58782.0,bot_0,stitch,-1
7.0,-2.0,58803.0,bot_0,stitch,-1
10.0,0.0,58824.0,bot_0,stitch,-1
38.0,-1.0,58844.0,bot_0,stitch,-1
40.0,-2.0,58865.0,bot_0,stitch,-1
38.0,-5.0,58886.0,bot_0,stitch,-1
16.0,-8.0,58905.0,bot_0,stitch,-1
7.0,-3.0,58923.0,bot_0,stitch,-1
19.0,-6.0,58942.0,bot_0,stitch,-1
35.0,-11.0,58962.0,bot_0,stitch,-1
36.0,-10.0,58981.0,bot_0,stitch,-1
38.0,-8.0,59001.0,bot_0,stitch,-1
36.0,-9.0,59019.0,bot_0,stitch,-1
20.0,-4.0,59038.0,bot_0,stitch,-1
3.0,-1.0,59056.0,bot_0,stitch,-1
-2.0,0.0,59110.0,bot_0,stitch,-1
-3.0,2.0,59129.0,bot_0,stitch,-1
-1.0,1.0,59147.0,bot_0,stitch,-1
0.0,1.0,59165.0,bot_0,stitch,-1
-2.0,0.0,59218.0,bot_0,stitch,-1
-1.0,2.0,59235.0,bot_0,stitch,-1
-2.0,4.0,59254.0,bot_0,stitch,-1
-2.0,5.0,59271.0,bot_0,stitch,-1
0.0,3.0,59290.0,bot_0,stitch,-1
0.0,4.0,59308.0,bot_0,stitch,-1
0.0,3.0,59326.0,bot_0,stitch,-1
0.0,5.0,59345.0,bot_0,stitch,-1
0.0,4.0,59363.0,bot_0,stitch,-1
2.0,2.0,59381.0,bot_0,stitch,-1
1.0,1.0,59398.0,bot_0,stitch,-1
1.0,2.0,59415.0,bot_0,stitch,-1
3.0,2.0,59433.0,bot_0,stitch,-1
2.0,1.0,59450.0,bot_0,stitch,-1
4.0,0.0,59467.0,bot_0,stitch,-1
5.0,1.0,59484.0,bot_0,stitch,-1
4.0,0.0,59502.0,bot_0,stitch,-1
11.0,1.0,59518.0,bot_0,stitch,-1
23.0,1.0,59535.0,bot_0,stitch,-1
28.0,1.0,59552.0,bot_0,stitch,-1
42.0,1.0,59569.0,bot_0,stitch,-1
43.0,0.0,59586.0,bot_0,stitch,-1
30.0,0.0,59603.0,bot_0,stitch,-1
48.0,0.0,59621.0,bot_0,stitch,-1
70.0,0.0,59639.0,bot_0,stitch,-1
83.0,-5.0,59658.0,bot_0,stitch,-1
65.0,-1.0,59676.0,bot_0,stitch,-1
24.0,-5.0,59694.0,bot_0,stitch,-1
1.0,-2.0,59714.0,bot_0,stitch,-1
1.0,0.0,59749.0,bot_0,stitch,-1
3.0,-1.0,59926.0,bot_0,stitch,-1
1.0,0.0,59948.0,bot_0,stitch,-1
2.0,-1.0,59961.0,bot_0,stitch,-1
5.0,-2.0,59973.0,bot_0,stitch,-1
3.0,0.0,59986.0,bot_0,stitch,-1
3.0,-2.0,59998.0,bot_0,stitch,-1
2.0,0.0,60023.0,bot_0,stitch,-1
1.0,0.0,60036.0,bot_0,stitch,-1
6.0,-3.0,60049.0,bot_0,stitch,-1
11.0,-4.0,60061.0,bot_0,stitch,-1
10.0,-4.0,60074.0,bot_0,stitch,-1
3.0,-1.0,60086.0,bot_0,stitch,-1
3.0,-1.0,60123.0,bot_0,stitch,-1
5.0,-2.0,60138.0,bot_0,stitch,-1
4.0,-2.0,60151.0,bot_0,stitch,-1
4.0,0.0,60165.0,bot_0,stitch,-1
4.0,0.0,60178.0,bot_0,stitch,-1
9.0,0.0,60190.0,bot_0,stitch,-1
14.0,0.0,60202.0,bot_0,stitch,-1
10.0,0.0,60215.0,bot_0,stitch,-1
2.0,0.0,60228.0,bot_0,stitch,-1
-1.0,0.0,60322.0,bot_0,stitch,-1
-4.0,-1.0,60336.0,bot_0,stitch,-1
-2.0,-1.0,60350.0,bot_0,stitch,-1
-5.0,0.0,60363.0,bot_0,stitch,-1
-6.0,0.0,60377.0,bot_0,stitch,-1
-11.0,-1.0,60390.0,bot_0,stitch,-1
-11.0,0.0,60404.0,bot_0,stitch,-1
-8.0,0.0,60416.0,bot_0,stitch,-1
-3.0,0.0,60430.0,bot_0,stitch,-1
-3.0,-1.0,60442.0,bot_0,stitch,-1
-1.0,0.0,60470.0,bot_0,stitch,-1
-1.0,4.0,60549.0,bot_0,stitch,-1
-1.0,3.0,60563.0,bot_0,stitch,-1
-1.0,4.0,60576.0,bot_0,stitch,-1
0.0,1.0,60669.0,bot_0,stitch,-1
5.0,2.0,60682.0,bot_0,stitch,-1
2.0,1.0,60696.0,bot_0,stitch,-1
1.0,0.0,60709.0,bot_0,stitch,-1
1.0,0.0,60722.0,bot_0,stitch,-1
1.0,0.0,60735.0,bot_0,stitch,-1
8.0,1.0,60748.0,bot_0,stitch,-1
12.0,0.0,60762.0,bot_0,stitch,-1
21.0,0.0,60776.0,bot_0,stitch,-1
3.0,0.0,60790.0,bot_0,stitch,-1
0.0,-1.0,60818.0,bot_0,stitch,-1
0.0,-1.0,60831.0,bot_0,stitch,-1
1.0,0.0,60844.0,bot_0,stitch,-1
1.0,-4.0,60857.0,bot_0,stitch,-1
1.0,-5.0,60870.0,bot_0,stitch,-1
1.0,-1.0,60886.0,bot_0,stitch,-1
1.0,0.0,60913.0,bot_0,stitch,-1
3.0,-2.0,60926.0,bot_0,stitch,-1
1.0,0.0,60939.0,bot_0,stitch,-1
2.0,0.0,61089.0,bot_0,stitch,-1
6.0,-2.0,61104.0,bot_0,stitch,-1
4.0,0.0,61118.0,bot_0,stitch,-1
8.0,-1.0,61132.0,bot_0,stitch,-1
14.0,0.0,61146.0,bot_0,stitch,-1
22.0,-1.0,61161.0,bot_0,stitch,-1
8.0,-1.0,61175.0,bot_0,stitch,-1
2.0,-1.0,61188.0,bot_0,stitch,-1
1.0,0.0,61202.0,bot_0,stitch,-1
2.0,0.0,61216.0,bot_0,stitch,-1
10.0,-2.0,61230.0,bot_0,stitch,-1
17.0,-4.0,61245.0,bot_0,stitch,-1
14.0,-2.0,61258.0,bot_0,stitch,-1
3.0,-1.0,61273.0,bot_0,stitch,-1
2.0,0.0,61357.0,bot_0,stitch,-1
3.0,0.0,61371.0,bot_0,stitch,-1
0.0,1.0,61500.0,bot_0,stitch,-1
3.0,2.0,61546.0,bot_0,stitch,-1
2.0,2.0,61563.0,bot_0,stitch,-1
2.0,2.0,61614.0,bot_0,stitch,-1
4.0,2.0,61632.0,bot_0,stitch,-1
9.0,4.0,61650.0,bot_0,stitch,-1
12.0,3.0,61668.0,bot_0,stitch,-1
3.0,1.0,61686.0,bot_0,stitch,-1
1.0,0.0,61757.0,bot_0,stitch,-1
5.0,0.0,61774.0,bot_0,stitch,-1
4.0,0.0,61792.0,bot_0,stitch,-1
2.0,0.0,61827.0,bot_0,stitch,-1
15.0,0.0,61864.0,bot_0,stitch,-1
11.0,-1.0,61882.0,bot_0,stitch,-1
13.0,-2.0,61901.0,bot_0,stitch,-1
1.0,0.0,61916.0,bot_0,stitch,-1
8.0,1.0,61931.0,bot_0,stitch,-1
13.0,1.0,61946.0,bot_0,stitch,-1
13.0,0.0,61961.0,bot_0,stitch,-1
50.0,-14.0,61982.0,bot_0,stitch,-1
53.0,-13.0,61996.0,bot_0,stitch,-1
93.0,-44.0,62010.0,bot_0,stitch,-1
62.0,-34.0,62024.0,bot_0,stitch,-1
49.0,-26.0,62038.0,bot_0,stitch,-1
39.0,-19.0,62052.0,bot_0,stitch,-1
33.0,-14.0,62066.0,bot_0,stitch,-1
27.0,-14.0,62080.0,bot_0,stitch,-1
2.0,-3.0,62094.0,bot_0,stitch,-1
-1.0,0.0,62244.0,bot_0,stitch,-1
0.0,1.0,62257.0,bot_0,stitch,-1
0.0,1.0,62271.0,bot_0,stitch,-1
-1.0,3.0,62285.0,bot_0,stitch,-1
-2.0,4.0,62299.0,bot_0,stitch,-1
-4.0,6.0,62312.0,bot_0,stitch,-1
-7.0,10.0,62326.0,bot_0,stitch,-1
-6.0,9.0,62339.0,bot_0,stitch,-1
-6.0,6.0,62353.0,bot_0,stitch,-1
-4.0,5.0,62367.0,bot_0,stitch,-1
-5.0,15.0,62381.0,bot_0,stitch,-1
-3.0,21.0,62395.0,bot_0,stitch,-1
-5.0,21.0,62409.0,bot_0,stitch,-1
-4.0,13.0,62423.0,bot_0,stitch,-1
-1.0,2.0,62437.0,bot_0,stitch,-1
0.0,1.0,62851.0,bot_0,stitch,-1
-3.0,4.0,62865.0,bot_0,stitch,-1
-4.0,3.0,62879.0,bot_0,stitch,-1
-8.0,0.0,62893.0,bot_0,stitch,-1
-6.0,1.0,62907.0,bot_0,stitch,-1
-12.0,4.0,62921.0,bot_0,stitch,-1
-17.0,7.0,62935.0,bot_0,stitch,-1
-19.0,10.0,62949.0,bot_0,stitch,-1
-15.0,9.0,62963.0,bot_0,stitch,-1
-11.0,13.0,62977.0,bot_0,stitch,-1
-2.0,4.0,62991.0,bot_0,stitch,-1
0.0,2.0,63006.0,bot_0,stitch,-1
0.0,1.0,63019.0,bot_0,stitch,-1
4.0,0.0,63034.0,bot_0,stitch,-1
5.0,3.0,63048.0,bot_0,stitch,-1
8.0,1.0,63063.0,bot_0,stitch,-1
7.0,2.0,63076.0,bot_0,stitch,-1
4.0,2.0,63091.0,bot_0,stitch,-1
3.0,2.0,63104.0,bot_0,stitch,-1
0.0,1.0,63119.0,bot_0,stitch,-1
0.0,1.0,63132.0,bot_0,stitch,-1
0.0,2.0,63146.0,bot_0,stitch,-1
0.0,4.0,63160.0,bot_0,stitch,-1
0.0,6.0,63174.0,bot_0,stitch,-1
-1.0,7.0,63188.0,bot_0,stitch,-1
-1.0,1.0,63202.0,bot_0,stitch,-1
-2.0,0.0,63215.0,bot_0,stitch,-1
-2.0,-6.0,63230.0,bot_0,stitch,-1
0.0,-1.0,63481.0,bot_0,stitch,-1
-2.0,0.0,63495.0,bot_0,stitch,-1
-1.0,1.0,63508.0,bot_0,stitch,-1
0.0,1.0,63523.0,bot_0,stitch,-1
0.0,2.0,63536.0,bot_0,stitch,-1
-2.0,5.0,63550.0,bot_0,stitch,-1
-3.0,3.0,63564.0,bot_0,stitch,-1
-3.0,1.0,63578.0,bot_0,stitch,-1
0.0,2.0,63591.0,bot_0,stitch,-1
0.0,1.0,63606.0,bot_0,stitch,-1
0.0,1.0,63619.0,bot_0,stitch,-1
2.0,2.0,63633.0,bot_0,stitch,-1
3.0,4.0,63647.0,bot_0,stitch,-1
5.0,5.0,63662.0,bot_0,stitch,-1
6.0,5.0,63675.0,bot_0,stitch,-1
15.0,7.0,63690.0,bot_0,stitch,-1
20.0,9.0,63703.0,bot_0,stitch,-1
17.0,6.0,63718.0,bot_0,stitch,-1
18.0,8.0,63732.0,bot_0,stitch,-1
9.0,4.0,63747.0,bot_0,stitch,-1
9.0,5.0,63760.0,bot_0,stitch,-1
18.0,7.0,63775.0,bot_0,stitch,-1
33.0,11.0,63790.0,bot_0,stitch,-1
21.0,5.0,63807.0,bot_0,stitch,-1
37.0,8.0,63823.0,bot_0,stitch,-1
38.0,3.0,63839.0,bot_0,stitch,-1
63.0,5.0,63852.0,bot_0,stitch,-1
115.0,3.0,63867.0,bot_0,stitch,-1
86.0,0.0,63880.0,bot_0,stitch,-1
94.0,0.0,63894.0,bot_0,stitch,-1
112.0,-7.0,63907.0,bot_0,stitch,-1
127.0,-14.0,63921.0,bot_0,stitch,-1
139.0,-22.0,63935.0,bot_0,stitch,-1
-2.0,-4.0,63956.0,bot_0,stitch,-1
-2.0,0.0,64015.0,bot_0,stitch,-1
0.0,3.0,64237.0,bot_0,stitch,-1
2.0,10.0,64257.0,bot_0,stitch,-1
9.0,6.0,64278.0,bot_0,stitch,-1
11.0,4.0,64298.0,bot_0,stitch,-1
11.0,-2.0,64318.0,bot_0,stitch,-1
6.0,-6.0,64339.0,bot_0,stitch,-1
3.0,-6.0,64359.0,bot_0,stitch,-1
5.0,-3.0,64378.0,bot_0,stitch,-1
2.0,-1.0,64398.0,bot_0,stitch,-1
1.0,0.0,64419.0,bot_0,stitch,-1
0.0,-1.0,64462.0,bot_0,stitch,-1
-2.0,0.0,64877.0,bot_0,stitch,-1
-6.0,-2.0,64897.0,bot_0,stitch,-1
-7.0,-1.0,64917.0,bot_0,stitch,-1
-11.0,-1.0,64939.0,bot_0,stitch,-1
-10.0,0.0,64962.0,bot_0,stitch,-1
9.0,6.0,65328.0,bot_0,stitch,-1
16.0,10.0,65351.0,bot_0,stitch,-1
18.0,5.0,65376.0,bot_0,stitch,-1
8.0,2.0,65401.0,bot_0,stitch,-1
2.0,1.0,65427.0,bot_0,stitch,-1
12.0,2.0,65455.0,bot_0,stitch,-1
5.0,2.0,65480.0,bot_0,stitch,-1
15.0,3.0,65508.0,bot_0,stitch,-1
4.0,0.0,65535.0,bot_0,stitch,-1
7.0,0.0,65561.0,bot_0,stitch,-1
6.0,0.0,65586.0,bot_0,stitch,-1
10.0,4.0,65638.0,bot_0,stitch,-1
8.0,3.0,65664.0,bot_0,stitch,-1
-1.0,0.0,65788.0,bot_0,stitch,-1
-1.0,4.0,65816.0,bot_0,stitch,-1
-5.0,8.0,65844.0,bot_0,stitch,-1
-1.0,0.0,65900.0,bot_0,stitch,-1
-1.0,0.0,65925.0,bot_0,stitch,-1
-4.0,-2.0,65978.0,bot_0,stitch,-1
-8.0,-12.0,66005.0,bot_0,stitch,-1
-3.0,1.0,66062.0,bot_0,stitch,-1
-16.0,3.0,66096.0,bot_0,stitch,-1
-5.0,-2.0,66128.0,bot_0,stitch,-1
-32.0,-55.0,66156.0,bot_0,stitch,-1
-2.0,-2.0,66182.0,bot_0,stitch,-1
6.0,4.0,66207.0,bot_0,stitch,-1
3.0,-5.0,66233.0,bot_0,stitch,-1
1.0,0.0,66259.0,bot_0,stitch,-1
1.0,0.0,66284.0,bot_0,stitch,-1
2.0,0.0,66336.0,bot_0,stitch,-1
12.0,-1.0,66362.0,bot_0,stitch,-1
5.0,1.0,66390.0,bot_0,stitch,-1
4.0,-1.0,66419.0,bot_0,stitch,-1
3.0,0.0,66441.0,bot_0,stitch,-1
4.0,0.0,66463.0,bot_0,stitch,-1
9.0,-1.0,66483.0,bot_0,stitch,-1
2.0,-1.0,66505.0,bot_0,stitch,-1
3.0,-1.0,66527.0,bot_0,stitch,-1
10.0,-1.0,66549.0,bot_0,stitch,-1
31.0,-3.0,66571.0,bot_0,stitch,-1
22.0,-1.0,66594.0,bot_0,stitch,-1
20.0,-2.0,66616.0,bot_0,stitch,-1
23.0,0.0,66639.0,bot_0,stitch,-1
10.0,-1.0,66665.0,bot_0,stitch,-1
1.0,0.0,66689.0,bot_0,stitch,-1
-2.0,0.0,66783.0,bot_0,stitch,-1
-11.0,1.0,66806.0,bot_0,stitch,-1
-31.0,2.0,66830.0,bot_0,stitch,-1
-6.0,0.0,66853.0,bot_0,stitch,-1
0.0,-1.0,66874.0,bot_0,stitch,-1
3.0,-4.0,66895.0,bot_0,stitch,-1
2.0,-5.0,66915.0,bot_0,stitch,-1
0.0,-25.0,66935.0,bot_0,stitch,-1
-5.0,-9.0,66955.0,bot_0,stitch,-1
-5.0,-3.0,66974.0,bot_0,stitch,-1
-4.0,-2.0,66993.0,bot_0,stitch,-1
-1.0,0.0,67167.0,bot_0,stitch,-1
0.0,-1.0,67186.0,bot_0,stitch,-1
-1.0,-2.0,67206.0,bot_0,stitch,-1
-2.0,-3.0,67244.0,bot_0,stitch,-1
-4.0,-1.0,67263.0,bot_0,stitch,-1
-1.0,0.0,67283.0,bot_0,stitch,-1
1.0,0.0,67302.0,bot_0,stitch,-1
22.0,6.0,67320.0,bot_0,stitch,-1
28.0,2.0,67339.0,bot_0,stitch,-1
21.0,0.0,67359.0,bot_0,stitch,-1
3.0,0.0,67379.0,bot_0,stitch,-1
1.0,0.0,67473.0,bot_0,stitch,-1
0.0,1.0,67585.0,bot_0,stitch,-1
-1.0,0.0,67604.0,bot_0,stitch,-1
-11.0,2.0,67624.0,bot_0,stitch,-1
-23.0,3.0,67644.0,bot_0,stitch,-1
-17.0,1.0,67667.0,bot_0,stitch,-1
0.0,1.0,67689.0,bot_0,stitch,-1
-2.0,-2.0,67984.0,bot_0,stitch,-1
-10.0,-2.0,68005.0,bot_0,stitch,-1
-16.0,0.0,68025.0,bot_0,stitch,-1
-26.0,0.0,68046.0,bot_0,stitch,-1
-11.0,0.0,68065.0,bot_0,stitch,-1
1.0,0.0,68211.0,bot_0,stitch,-1
7.0,-1.0,68231.0,bot_0,stitch,-1
10.0,-4.0,68251.0,bot_0,stitch,-1
20.0,5.0,68272.0,bot_0,stitch,-1
24.0,0.0,68294.0,bot_0,stitch,-1
21.0,-1.0,68314.0,bot_0,stitch,-1
3.0,0.0,68335.0,bot_0,stitch,-1
32.0,1.0,68355.0,bot_0,stitch,-1
78.0,6.0,68374.0,bot_0,stitch,-1
33.0,1.0,68393.0,bot_0,stitch,-1
5.0,0.0,68414.0,bot_0,stitch,-1
-11.0,0.0,68440.0,bot_0,stitch,-1
4.0,0.0,68469.0,bot_0,stitch,-1
19.0,3.0,68497.0,bot_0,stitch,-1
56.0,2.0,68525.0,bot_0,stitch,-1
45.0,4.0,68553.0,bot_0,stitch,-1
44.0,16.0,68581.0,bot_0,stitch,-1
33.0,9.0,68609.0,bot_0,stitch,-1
35.0,0.0,68638.0,bot_0,stitch,-1
58.0,-4.0,68666.0,bot_0,stitch,-1
67.0,-10.0,68700.0,bot_0,stitch,-1
28.0,-29.0,68730.0,bot_0,stitch,-1
-81.0,-48.0,68758.0,bot_0,stitch,-1
-146.0,-14.0,68786.0,bot_0,stitch,-1
-73.0,0.0,68816.0,bot_0,stitch,-1
-53.0,-4.0,68846.0,bot_0,stitch,-1
4.0,5.0,68874.0,bot_0,stitch,-1
42.0,5.0,68905.0,bot_0,stitch,-1
3.0,-1.0,68926.0,bot_0,stitch,-1
4.0,0.0,68953.0,bot_0,stitch,-1
16.0,8.0,68980.0,bot_0,stitch,-1
41.0,17.0,69007.0,bot_0,stitch,-1
46.0,8.0,69033.0,bot_0,stitch,-1
57.0,6.0,69058.0,bot_0,stitch,-1
63.0,7.0,69089.0,bot_0,stitch,-1
9.0,0.0,69113.0,bot_0,stitch,-1
-10.0,-1.0,69202.0,bot_0,stitch,-1
-14.0,3.0,69225.0,bot_0,stitch,-1
-12.0,10.0,69253.0,bot_0,stitch,-1
-8.0,5.0,69278.0,bot_0,stitch,-1
-17.0,10.0,69302.0,bot_0,stitch,-1
-11.0,7.0,69327.0,bot_0,stitch,-1
-8.0,2.0,69355.0,bot_0,stitch,-1
-12.0,3.0,69384.0,bot_0,stitch,-1
-8.0,2.0,69411.0,bot_0,stitch,-1
-11.0,1.0,69438.0,bot_0,stitch,-1
-23.0,0.0,69465.0,bot_0,stitch,-1
-18.0,0.0,69494.0,bot_0,stitch,-1
-70.0,-19.0,69525.0,bot_0,stitch,-1
-75.0,-23.0,69555.0,bot_0,stitch,-1
-22.0,-6.0,69586.0,bot_0,stitch,-1
-17.0,-3.0,69617.0,bot_0,stitch,-1
-34.0,-3.0,69648.0,bot_0,stitch,-1
-30.0,-2.0,69679.0,bot_0,stitch,-1
-134.0,-6.0,69712.0,bot_0,stitch,-1
-48.0,2.0,69743.0,bot_0,stitch,-1
-12.0,4.0,69834.0,bot_0,stitch,-1
-39.0,16.0,69863.0,bot_0,stitch,-1
-106.0,8.0,69896.0,bot_0,stitch,-1
-191.0,18.0,69928.0,bot_0,stitch,-1
-56.0,0.0,69954.0,bot_0,stitch,-1
-6.0,-2.0,69982.0,bot_0,stitch,-1
-63.0,-15.0,70014.0,bot_0,stitch,-1
-137.0,-8.0,70042.0,bot_0,stitch,-1
-126.0,-20.0,70070.0,bot_0,stitch,-1
-142.0,-20.0,70098.0,bot_0,stitch,-1
-44.0,-3.0,70110.0,bot_0,stitch,-1
-17.0,-2.0,70138.0,bot_0,stitch,-1
0.0,-2.0,70164.0,bot_0,stitch,-1
-1.0,0.0,70237.0,bot_0,stitch,-1
-9.0,0.0,70265.0,bot_0,stitch,-1
3.0,0.0,70290.0,bot_0,stitch,-1
15.0,0.0,70315.0,bot_0,stitch,-1
24.0,0.0,70342.0,bot_0,stitch,-1
22.0,2.0,70371.0,bot_0,stitch,-1
29.0,7.0,70398.0,bot_0,stitch,-1
79.0,8.0,70424.0,bot_0,stitch,-1
109.0,3.0,70453.0,bot_0,stitch,-1
91.0,-6.0,70498.0,bot_0,stitch,-1
35.0,-15.0,70529.0,bot_0,stitch,-1
25.0,-4.0,70559.0,bot_0,stitch,-1
47.0,-2.0,70590.0,bot_0,stitch,-1
19.0,-8.0,70619.0,bot_0,stitch,-1
12.0,-1.0,70650.0,bot_0,stitch,-1
15.0,-1.0,70682.0,bot_0,stitch,-1
4.0,0.0,70747.0,bot_0,stitch,-1
10.0,0.0,70765.0,bot_0,stitch,-1
3.0,0.0,70789.0,bot_0,stitch,-1
5.0,-4.0,70813.0,bot_0,stitch,-1
14.0,-8.0,70837.0,bot_0,stitch,-1
9.0,0.0,70862.0,bot_0,stitch,-1
-1.0,-2.0,70886.0,bot_0,stitch,-1
-14.0,12.0,70910.0,bot_0,stitch,-1
-21.0,13.0,70935.0,bot_0,stitch,-1
-13.0,10.0,70960.0,bot_0,stitch,-1
-9.0,16.0,70984.0,bot_0,stitch,-1
-3.0,2.0,70994.0,bot_0,stitch,-1
-3.0,5.0,71018.0,bot_0,stitch,-1
7.0,0.0,71042.0,bot_0,stitch,-1
5.0,-1.0,71066.0,bot_0,stitch,-1
1.0,0.0,71089.0,bot_0,stitch,-1
3.0,-3.0,71115.0,bot_0,stitch,-1
5.0,-4.0,71141.0,bot_0,stitch,-1
8.0,-8.0,71168.0,bot_0,stitch,-1
6.0,-5.0,71195.0,bot_0,stitch,-1
4.0,-7.0,71222.0,bot_0,stitch,-1
12.0,-18.0,71248.0,bot_0,stitch,-1
26.0,-14.0,71273.0,bot_0,stitch,-1
54.0,-13.0,71296.0,bot_0,stitch,-1
135.0,-7.0,71320.0,bot_0,stitch,-1
459.0,1.0,71356.0,bot_0,stitch,-1
149.0,-7.0,71379.0,bot_0,stitch,-1
35.0,-10.0,71404.0,bot_0,stitch,-1
41.0,-6.0,71428.0,bot_0,stitch,-1
184.0,-32.0,71461.0,bot_0,stitch,-1
99.0,-32.0,71489.0,bot_0,stitch,-1
89.0,-11.0,71517.0,bot_0,stitch,-1
179.0,-22.0,71545.0,bot_0,stitch,-1
13.0,-4.0,71575.0,bot_0,stitch,-1
12.0,-4.0,71604.0,bot_0,stitch,-1
26.0,-2.0,71632.0,bot_0,stitch,-1
55.0,3.0,71658.0,bot_0,stitch,-1
78.0,13.0,71684.0,bot_0,stitch,-1
86.0,14.0,71712.0,bot_0,stitch,-1
12.0,-11.0,71740.0,bot_0,stitch,-1
-4.0,-17.0,71768.0,bot_0,stitch,-1
-6.0,-13.0,71795.0,bot_0,stitch,-1
-28.0,-21.0,71823.0,bot_0,stitch,-1
-25.0,-14.0,71850.0,bot_0,stitch,-1
-1.0,-2.0,71877.0,bot_0,stitch,-1
-10.0,-3.0,71904.0,bot_0,stitch,-1
-36.0,-1.0,71932.0,bot_0,stitch,-1
-25.0,-4.0,71958.0,bot_0,stitch,-1
-8.0,0.0,71986.0,bot_0,stitch,-1
-5.0,-1.0,72014.0,bot_0,stitch,-1
-3.0,-5.0,72043.0,bot_0,stitch,-1
-1.0,-2.0,72068.0,bot_0,stitch,-1
-5.0,2.0,72095.0,bot_0,stitch,-1
-63.0,29.0,72123.0,bot_0,stitch,-1
-35.0,5.0,72151.0,bot_0,stitch,-1
-33.0,2.0,72180.0,bot_0,stitch,-1
-35.0,11.0,72208.0,bot_0,stitch,-1
-33.0,16.0,72235.0,bot_0,stitch,-1
-93.0,57.0,72264.0,bot_0,stitch,-1
-33.0,31.0,72292.0,bot_0,stitch,-1
-1.0,2.0,72323.0,bot_0,stitch,-1
6.0,0.0,72361.0,bot_0,stitch,-1
7.0,0.0,72392.0,bot_0,stitch,-1
-1.0,0.0,72421.0,bot_0,stitch,-1
-15.0,10.0,72452.0,bot_0,stitch,-1
-22.0,11.0,72482.0,bot_0,stitch,-1
2.0,0.0,72513.0,bot_0,stitch,-1
15.0,-12.0,72544.0,bot_0,stitch,-1
-5.0,-6.0,72575.0,bot_0,stitch,-1
-33.0,1.0,72606.0,bot_0,stitch,-1
-59.0,2.0,72636.0,bot_0,stitch,-1
-94.0,-26.0,72670.0,bot_0,stitch,-1
-58.0,-12.0,72701.0,bot_0,stitch,-1
-14.0,-4.0,72732.0,bot_0,stitch,-1
-94.0,0.0,72758.0,bot_0,stitch,-1
-2.0,0.0,72823.0,bot_0,stitch,-1
-1.0,0.0,72851.0,bot_0,stitch,-1
-1.0,0.0,72865.0,bot_0,stitch,-1
-2.0,0.0,72878.0,bot_0,stitch,-1
-3.0,1.0,72893.0,bot_0,stitch,-1
-8.0,3.0,72906.0,bot_0,stitch,-1
-7.0,2.0,72920.0,bot_0,stitch,-1
-6.0,1.0,72934.0,bot_0,stitch,-1
-5.0,1.0,72948.0,bot_0,stitch,-1
-5.0,0.0,72962.0,bot_0,stitch,-1
-6.0,0.0,72976.0,bot_0,stitch,-1
-2.0,0.0,72990.0,bot_0,stitch,-1
1.0,0.0,73049.0,bot_0,stitch,-1
1.0,0.0,73085.0,bot_0,stitch,-1
2.0,0.0,73102.0,bot_0,stitch,-1
1.0,0.0,73119.0,bot_0,stitch,-1
2.0,0.0,73136.0,bot_0,stitch,-1
2.0,0.0,73153.0,bot_0,stitch,-1
2.0,0.0,73170.0,bot_0,stitch,-1
1.0,-1.0,73186.0,bot_0,stitch,-1
3.0,-1.0,73201.0,bot_0,stitch,-1
2.0,0.0,73217.0,bot_0,stitch,-1
2.0,0.0,73233.0,bot_0,stitch,-1
1.0,0.0,73248.0,bot_0,stitch,-1
2.0,0.0,73263.0,bot_0,stitch,-1
4.0,0.0,73278.0,bot_0,stitch,-1
2.0,0.0,73293.0,bot_0,stitch,-1
5.0,0.0,73309.0,bot_0,stitch,-1
4.0,0.0,73324.0,bot_0,stitch,-1
5.0,0.0,73339.0,bot_0,stitch,-1
4.0,1.0,73353.0,bot_0,stitch,-1
1.0,0.0,73369.0,bot_0,stitch,-1
2.0,0.0,73384.0,bot_0,stitch,-1
3.0,0.0,73400.0,bot_0,stitch,-1
1.0,0.0,73415.0,bot_0,stitch,-1
1.0,0.0,73430.0,bot_0,stitch,-1
3.0,0.0,73446.0,bot_0,stitch,-1
4.0,0.0,73461.0,bot_0,stitch,-1
5.0,0.0,73477.0,bot_0,stitch,-1
1.0,0.0,73485.0,bot_0,stitch,-1
2.0,0.0,73501.0,bot_0,stitch,-1
1.0,0.0,73548.0,bot_0,stitch,-1
1.0,0.0,73605.0,bot_0,stitch,-1
1.0,0.0,73624.0,bot_0,stitch,-1
6.0,1.0,73644.0,bot_0,stitch,-1
8.0,2.0,73662.0,bot_0,stitch,-1
10.0,0.0,73681.0,bot_0,stitch,-1
11.0,1.0,73706.0,bot_0,stitch,-1
7.0,0.0,73721.0,bot_0,stitch,-1
10.0,1.0,73738.0,bot_0,stitch,-1
7.0,0.0,73756.0,bot_0,stitch,-1
9.0,1.0,73773.0,bot_0,stitch,-1
5.0,0.0,73791.0,bot_0,stitch,-1
5.0,0.0,73807.0,bot_0,stitch,-1
7.0,0.0,73824.0,bot_0,stitch,-1
4.0,0.0,73838.0,bot_0,stitch,-1
3.0,0.0,73854.0,bot_0,stitch,-1
2.0,0.0,73869.0,bot_0,stitch,-1
0.0,-1.0,73902.0,bot_0,stitch,-1
1.0,0.0,73919.0,bot_0,stitch,-1
1.0,0.0,73935.0,bot_0,stitch,-1
2.0,0.0,73952.0,bot_0,stitch,-1
1.0,0.0,73968.0,bot_0,stitch,-1
5.0,0.0,73985.0,bot_0,stitch,-1
6.0,0.0,74002.0,bot_0,stitch,-1
6.0,0.0,74020.0,bot_0,stitch,-1
7.0,0.0,74036.0,bot_0,stitch,-1
9.0,0.0,74053.0,bot_0,stitch,-1
7.0,0.0,74070.0,bot_0,stitch,-1
13.0,1.0,74088.0,bot_0,stitch,-1
14.0,1.0,74104.0,bot_0,stitch,-1
10.0,0.0,74121.0,bot_0,stitch,-1
12.0,0.0,74137.0,bot_0,stitch,-1
7.0,0.0,74153.0,bot_0,stitch,-1
9.0,0.0,74168.0,bot_0,stitch,-1
6.0,0.0,74184.0,bot_0,stitch,-1
4.0,0.0,74198.0,bot_0,stitch,-1
5.0,0.0,74214.0,bot_0,stitch,-1
1.0,0.0,74227.0,bot_0,stitch,-1
1.0,0.0,74275.0,bot_0,stitch,-1
1.0,0.0,74288.0,bot_0,stitch,-1
1.0,0.0,74300.0,bot_0,stitch,-1
3.0,0.0,74313.0,bot_0,stitch,-1
4.0,0.0,74325.0,bot_0,stitch,-1
6.0,0.0,74337.0,bot_0,stitch,-1
8.0,1.0,74350.0,bot_0,stitch,-1
8.0,0.0,74363.0,bot_0,stitch,-1
10.0,1.0,74375.0,bot_0,stitch,-1
9.0,0.0,74389.0,bot_0,stitch,-1
7.0,1.0,74401.0,bot_0,stitch,-1
6.0,0.0,74415.0,bot_0,stitch,-1
6.0,1.0,74427.0,bot_0,stitch,-1
6.0,0.0,74441.0,bot_0,stitch,-1
4.0,1.0,74453.0,bot_0,stitch,-1
5.0,0.0,74466.0,bot_0,stitch,-1
4.0,0.0,74478.0,bot_0,stitch,-1
4.0,0.0,74493.0,bot_0,stitch,-1
1.0,0.0,74505.0,bot_0,stitch,-1
1.0,0.0,74518.0,bot_0,stitch,-1
-1.0,0.0,74573.0,bot_0,stitch,-1
-2.0,0.0,74585.0,bot_0,stitch,-1
-5.0,-1.0,74601.0,bot_0,stitch,-1
-6.0,-1.0,74614.0,bot_0,stitch,-1
-17.0,-3.0,74627.0,bot_0,stitch,-1
-16.0,-1.0,74641.0,bot_0,stitch,-1
-14.0,-2.0,74655.0,bot_0,stitch,-1
-14.0,-2.0,74669.0,bot_0,stitch,-1
-12.0,-1.0,74683.0,bot_0,stitch,-1
-11.0,-2.0,74695.0,bot_0,stitch,-1
-7.0,-2.0,74709.0,bot_0,stitch,-1
-8.0,-1.0,74722.0,bot_0,stitch,-1
-7.0,-2.0,74736.0,bot_0,stitch,-1
-9.0,-1.0,74749.0,bot_0,stitch,-1
-7.0,0.0,74761.0,bot_0,stitch,-1
-6.0,0.0,74774.0,bot_0,stitch,-1
-3.0,0.0,74787.0,bot_0,stitch,-1
0.0,1.0,74881.0,bot_0,stitch,-1
0.0,1.0,74897.0,bot_0,stitch,-1
1.0,2.0,74913.0,bot_0,stitch,-1
5.0,4.0,74929.0,bot_0,stitch,-1
5.0,2.0,74944.0,bot_0,stitch,-1
2.0,1.0,74960.0,bot_0,stitch,-1
-3.0,0.0,75050.0,bot_0,stitch,-1
-3.0,1.0,75065.0,bot_0,stitch,-1
-4.0,1.0,75079.0,bot_0,stitch,-1
-4.0,0.0,75094.0,bot_0,stitch,-1
0.0,1.0,75114.0,bot_0,stitch,-1
0.0,1.0,75141.0,bot_0,stitch,-1
0.0,1.0,75727.0,bot_0,stitch,-1
0.0,1.0,75754.0,bot_0,stitch,-1
0.0,1.0,75768.0,bot_0,stitch,-1
0.0,1.0,75781.0,bot_0,stitch,-1
0.0,1.0,75809.0,bot_0,stitch,-1
0.0,1.0,75823.0,bot_0,stitch,-1
1.0,1.0,75836.0,bot_0,stitch,-1
0.0,1.0,75850.0,bot_0,stitch,-1
1.0,2.0,75876.0,bot_0,stitch,-1
1.0,1.0,75890.0,bot_0,stitch,-1
0.0,2.0,75903.0,bot_0,stitch,-1
1.0,2.0,75931.0,bot_0,stitch,-1
0.0,1.0,75946.0,bot_0,stitch,-1
1.0,3.0,75959.0,bot_0,stitch,-1
0.0,1.0,75974.0,bot_0,stitch,-1
0.0,2.0,76001.0,bot_0,stitch,-1
1.0,1.0,76015.0,bot_0,stitch,-1
0.0,1.0,76029.0,bot_0,stitch,-1
0.0,1.0,76043.0,bot_0,stitch,-1
0.0,1.0,76057.0,bot_0,stitch,-1
1.0,2.0,76071.0,bot_0,stitch,-1
0.0,1.0,76086.0,bot_0,stitch,-1
1.0,1.0,76099.0,bot_0,stitch,-1
0.0,1.0,76113.0,bot_0,stitch,-1
0.0,2.0,76127.0,bot_0,stitch,-1
0.0,1.0,76142.0,bot_0,stitch,-1
0.0,2.0,76155.0,bot_0,stitch,-1
0.0,3.0,76170.0,bot_0,stitch,-1
0.0,3.0,76183.0,bot_0,stitch,-1
0.0,3.0,76197.0,bot_0,stitch,-1
0.0,4.0,76211.0,bot_0,stitch,-1
0.0,4.0,76224.0,bot_0,stitch,-1
0.0,7.0,76239.0,bot_0,stitch,-1
0.0,4.0,76252.0,bot_0,stitch,-1
-1.0,3.0,76267.0,bot_0,stitch,-1
-1.0,4.0,76279.0,bot_0,stitch,-1
0.0,2.0,76294.0,bot_0,stitch,-1
-2.0,4.0,76307.0,bot_0,stitch,-1
-1.0,3.0,76322.0,bot_0,stitch,-1
0.0,2.0,76335.0,bot_0,stitch,-1
-1.0,3.0,76349.0,bot_0,stitch,-1
-1.0,2.0,76363.0,bot_0,stitch,-1
0.0,1.0,76377.0,bot_0,stitch,-1
0.0,4.0,76391.0,bot_0,stitch,-1
0.0,10.0,76405.0,bot_0,stitch,-1
0.0,10.0,76419.0,bot_0,stitch,-1
0.0,5.0,76434.0,bot_0,stitch,-1
0.0,-3.0,76447.0,bot_0,stitch,-1
-2.0,0.0,76462.0,bot_0,stitch,-1
-8.0,2.0,76475.0,bot_0,stitch,-1
-3.0,4.0,76490.0,bot_0,stitch,-1
-1.0,3.0,76503.0,bot_0,stitch,-1
-2.0,0.0,76518.0,bot_0,stitch,-1
-3.0,-2.0,76531.0,bot_0,stitch,-1
-6.0,-5.0,76546.0,bot_0,stitch,-1
0.0,-1.0,76587.0,bot_0,stitch,-1
1.0,0.0,76602.0,bot_0,stitch,-1
1.0,0.0,76700.0,bot_0,stitch,-1
2.0,-2.0,76715.0,bot_0,stitch,-1
2.0,1.0,76729.0,bot_0,stitch,-1
-2.0,0.0,76743.0,bot_0,stitch,-1
-2.0,5.0,76759.0,bot_0,stitch,-1
0.0,1.0,76787.0,bot_0,stitch,-1
3.0,0.0,76802.0,bot_0,stitch,-1
1.0,1.0,76816.0,bot_0,stitch,-1
0.0,-2.0,76831.0,bot_0,stitch,-1
0.0,1.0,76845.0,bot_0,stitch,-1
0.0,2.0,76859.0,bot_0,stitch,-1
0.0,2.0,76875.0,bot_0,stitch,-1
0.0,1.0,76889.0,bot_0,stitch,-1
0.0,3.0,76903.0,bot_0,stitch,-1
-2.0,2.0,76918.0,bot_0,stitch,-1
0.0,2.0,76933.0,bot_0,stitch,-1
-1.0,3.0,76947.0,bot_0,stitch,-1
-1.0,3.0,76962.0,bot_0,stitch,-1
-1.0,3.0,76976.0,bot_0,stitch,-1
0.0,2.0,76991.0,bot_0,stitch,-1
-1.0,3.0,77005.0,bot_0,stitch,-1
-1.0,3.0,77019.0,bot_0,stitch,-1
-1.0,2.0,77034.0,bot_0,stitch,-1
-1.0,4.0,77048.0,bot_0,stitch,-1
-2.0,2.0,77063.0,bot_0,stitch,-1
-3.0,4.0,77077.0,bot_0,stitch,-1
-3.0,3.0,77091.0,bot_0,stitch,-1
-2.0,4.0,77106.0,bot_0,stitch,-1
-3.0,3.0,77120.0,bot_0,stitch,-1
-8.0,5.0,77135.0,bot_0,stitch,-1
-9.0,5.0,77149.0,bot_0,stitch,-1
-12.0,6.0,77164.0,bot_0,stitch,-1
-12.0,6.0,77178.0,bot_0,stitch,-1
-19.0,6.0,77193.0,bot_0,stitch,-1
-12.0,5.0,77207.0,bot_0,stitch,-1
-11.0,4.0,77222.0,bot_0,stitch,-1
-13.0,5.0,77236.0,bot_0,stitch,-1
-21.0,8.0,77251.0,bot_0,stitch,-1
-13.0,5.0,77265.0,bot_0,stitch,-1
-1.0,14.0,77313.0,bot_0,stitch,-1
1.0,29.0,77342.0,bot_0,stitch,-1
2.0,18.0,77373.0,bot_0,stitch,-1
-1.0,3.0,77402.0,bot_0,stitch,-1
0.0,3.0,77431.0,bot_0,stitch,-1
-1.0,1.0,77459.0,bot_0,stitch,-1
-9.0,0.0,77574.0,bot_0,stitch,-1
-11.0,0.0,77604.0,bot_0,stitch,-1
-19.0,-1.0,77633.0,bot_0,stitch,-1
-16.0,-2.0,77662.0,bot_0,stitch,-1
-28.0,-10.0,77694.0,bot_0,stitch,-1
-15.0,-1.0,77723.0,bot_0,stitch,-1
-2.0,-2.0,77751.0,bot_0,stitch,-1
-1.0,0.0,77779.0,bot_0,stitch,-1
-9.0,2.0,77834.0,bot_0,stitch,-1
-16.0,8.0,77863.0,bot_0,stitch,-1
-4.0,3.0,77893.0,bot_0,stitch,-1
5.0,1.0,77981.0,bot_0,stitch,-1
39.0,11.0,78012.0,bot_0,stitch,-1
20.0,2.0,78044.0,bot_0,stitch,-1
40.0,0.0,78073.0,bot_0,stitch,-1
50.0,0.0,78102.0,bot_0,stitch,-1
16.0,-5.0,78133.0,bot_0,stitch,-1
47.0,-4.0,78169.0,bot_0,stitch,-1
34.0,-1.0,78204.0,bot_0,stitch,-1
1.0,0.0,78239.0,bot_0,stitch,-1
3.0,0.0,78277.0,bot_0,stitch,-1
6.0,1.0,78311.0,bot_0,stitch,-1
4.0,2.0,78346.0,bot_0,stitch,-1
32.0,21.0,78384.0,bot_0,stitch,-1
3.0,1.0,78421.0,bot_0,stitch,-1
14.0,-3.0,78533.0,bot_0,stitch,-1
41.0,-7.0,78570.0,bot_0,stitch,-1
10.0,-1.0,78609.0,bot_0,stitch,-1
11.0,1.0,78649.0,bot_0,stitch,-1
-1.0,0.0,78691.0,bot_0,stitch,-1
-4.0,1.0,78734.0,bot_0,stitch,-1
-48.0,-1.0,78779.0,bot_0,stitch,-1
-79.0,-11.0,78825.0,bot_0,stitch,-1
-36.0,-2.0,78871.0,bot_0,stitch,-1
-13.0,-4.0,78917.0,bot_0,stitch,-1
-11.0,-2.0,78963.0,bot_0,stitch,-1
-5.0,-1.0,79010.0,bot_0,stitch,-1
0.0,-1.0,79056.0,bot_0,stitch,-1
-1.0,0.0,79077.0,bot_0,stitch,-1
0.0,-2.0,79133.0,bot_0,stitch,-1
1.0,-2.0,79148.0,bot_0,stitch,-1
1.0,-1.0,79162.0,bot_0,stitch,-1
0.0,-1.0,79190.0,bot_0,stitch,-1
1.0,-1.0,79246.0,bot_0,stitch,-1
0.0,-1.0,79260.0,bot_0,stitch,-1
2.0,-2.0,79276.0,bot_0,stitch,-1
1.0,-1.0,79291.0,bot_0,stitch,-1
3.0,-2.0,79305.0,bot_0,stitch,-1
14.0,-8.0,79320.0,bot_0,stitch,-1
9.0,-6.0,79336.0,bot_0,stitch,-1
13.0,-7.0,79350.0,bot_0,stitch,-1
23.0,-13.0,79350.0,bot_0,stitch,-1
36.0,-10.0,79374.0,bot_0,stitch,-1
12.0,-3.0,79380.0,bot_0,stitch,-1
12.0,-6.0,79395.0,bot_0,stitch,-1
2.0,-1.0,79408.0,bot_0,stitch,-1
0.0,-1.0,79423.0,bot_0,stitch,-1
-4.0,0.0,79437.0,bot_0,stitch,-1
-12.0,3.0,79452.0,bot_0,stitch,-1
-12.0,6.0,79465.0,bot_0,stitch,-1
-15.0,2.0,79479.0,bot_0,stitch,-1
-16.0,0.0,79492.0,bot_0,stitch,-1
-39.0,-3.0,79506.0,bot_0,stitch,-1
-72.0,0.0,79520.0,bot_0,stitch,-1
-69.0,0.0,79534.0,bot_0,stitch,-1
-95.0,0.0,79551.0,bot_0,stitch,-1
-75.0,0.0,79568.0,bot_0,stitch,-1
-157.0,9.0,79584.0,bot_0,stitch,-1
-155.0,16.0,79612.0,bot_0,stitch,-1
-49.0,3.0,79623.0,bot_0,stitch,-1
-46.0,8.0,79646.0,bot_0,stitch,-1
-8.0,2.0,79668.0,bot_0,stitch,-1
-4.0,1.0,79689.0,bot_0,stitch,-1
-6.0,3.0,79709.0,bot_0,stitch,-1
-6.0,1.0,79728.0,bot_0,stitch,-1
-3.0,1.0,79748.0,bot_0,stitch,-1
-2.0,1.0,79768.0,bot_0,stitch,-1
-1.0,0.0,79787.0,bot_0,stitch,-1
-1.0,0.0,79824.0,bot_0,stitch,-1
-1.0,-1.0,79844.0,bot_0,stitch,-1
-3.0,-4.0,79921.0,bot_0,stitch,-1
-10.0,-10.0,79944.0,bot_0,stitch,-1
-1.0,-6.0,79964.0,bot_0,stitch,-1
-1.0,0.0,80004.0,bot_0,stitch,-1
0.0,1.0,80023.0,bot_0,stitch,-1
-12.0,-6.0,80061.0,bot_0,stitch,-1
-30.0,-7.0,80083.0,bot_0,stitch,-1
-34.0,-1.0,80105.0,bot_0,stitch,-1
-1.0,0.0,80126.0,bot_0,stitch,-1
-3.0,2.0,80148.0,bot_0,stitch,-1
-21.0,8.0,80168.0,bot_0,stitch,-1
-77.0,2.0,80190.0,bot_0,stitch,-1
-23.0,-16.0,80209.0,bot_0,stitch,-1
-6.0,-8.0,80228.0,bot_0,stitch,-1
-4.0,0.0,80247.0,bot_0,stitch,-1
-1.0,1.0,80268.0,bot_0,stitch,-1
-1.0,0.0,80336.0,bot_0,stitch,-1
0.0,-1.0,80384.0,bot_0,stitch,-1
-1.0,4.0,80428.0,bot_0,stitch,-1
0.0,-8.0,80500.0,bot_0,stitch,-1
-5.0,3.0,80565.0,bot_0,stitch,-1
-2.0,1.0,80594.0,bot_0,stitch,-1
-26.0,-12.0,80621.0,bot_0,stitch,-1
-27.0,-22.0,80648.0,bot_0,stitch,-1
-1.0,-4.0,80672.0,bot_0,stitch,-1
0.0,-4.0,80736.0,bot_0,stitch,-1
7.0,-17.0,80759.0,bot_0,stitch,-1
11.0,-8.0,80781.0,bot_0,stitch,-1
8.0,-5.0,80803.0,bot_0,stitch,-1
4.0,-3.0,80827.0,bot_0,stitch,-1
3.0,-6.0,80851.0,bot_0,stitch,-1
9.0,-6.0,80872.0,bot_0,stitch,-1
2.0,-1.0,80892.0,bot_0,stitch,-1
-2.0,4.0,80912.0,bot_0,stitch,-1
0.0,1.0,80933.0,bot_0,stitch,-1
-34.0,2.0,80980.0,bot_0,stitch,-1
-24.0,6.0,81002.0,bot_0,stitch,-1
-2.0,2.0,81024.0,bot_0,stitch,-1
-21.0,26.0,81048.0,bot_0,stitch,-1
-3.0,9.0,81069.0,bot_0,stitch,-1
-19.0,-9.0,81089.0,bot_0,stitch,-1
-8.0,-1.0,81109.0,bot_0,stitch,-1
-5.0,-6.0,81135.0,bot_0,stitch,-1
-10.0,-21.0,81155.0,bot_0,stitch,-1
-31.0,-48.0,81180.0,bot_0,stitch,-1
-77.0,-46.0,81201.0,bot_0,stitch,-1
-32.0,-14.0,81226.0,bot_0,stitch,-1
-2.0,-12.0,81247.0,bot_0,stitch,-1
-1.0,-30.0,81270.0,bot_0,stitch,-1
0.0,-6.0,81289.0,bot_0,stitch,-1
0.0,-1.0,81312.0,bot_0,stitch,-1
-1.0,-2.0,81331.0,bot_0,stitch,-1
-5.0,-6.0,81354.0,bot_0,stitch,-1
-3.0,-1.0,81375.0,bot_0,stitch,-1
-5.0,2.0,81397.0,bot_0,stitch,-1
-11.0,16.0,81418.0,bot_0,stitch,-1
-3.0,12.0,81441.0,bot_0,stitch,-1
0.0,8.0,81460.0,bot_0,stitch,-1
2.0,4.0,81483.0,bot_0,stitch,-1
0.0,-2.0,81549.0,bot_0,stitch,-1
0.0,-1.0,81572.0,bot_0,stitch,-1
0.0,-1.0,81592.0,bot_0,stitch,-1
0.0,-1.0,81613.0,bot_0,stitch,-1
-3.0,-8.0,81633.0,bot_0,stitch,-1
-11.0,-26.0,81653.0,bot_0,stitch,-1
-13.0,-18.0,81672.0,bot_0,stitch,-1
-1.0,-1.0,81693.0,bot_0,stitch,-1
-2.0,0.0,81712.0,bot_0,stitch,-1
-6.0,0.0,81733.0,bot_0,stitch,-1
-9.0,0.0,81753.0,bot_0,stitch,-1
-11.0,-4.0,81775.0,bot_0,stitch,-1
-8.0,-3.0,81796.0,bot_0,stitch,-1
-1.0,0.0,81819.0,bot_0,stitch,-1
-2.0,1.0,81861.0,bot_0,stitch,-1
-4.0,2.0,81880.0,bot_0,stitch,-1
-11.0,6.0,81901.0,bot_0,stitch,-1
-10.0,7.0,81921.0,bot_0,stitch,-1
-10.0,11.0,81945.0,bot_0,stitch,-1
-4.0,5.0,81965.0,bot_0,stitch,-1
-1.0,2.0,81987.0,bot_0,stitch,-1
0.0,1.0,82007.0,bot_0,stitch,-1
0.0,2.0,82029.0,bot_0,stitch,-1
0.0,4.0,82048.0,bot_0,stitch,-1
0.0,4.0,82069.0,bot_0,stitch,-1
0.0,7.0,82087.0,bot_0,stitch,-1
3.0,12.0,82109.0,bot_0,stitch,-1
4.0,8.0,82128.0,bot_0,stitch,-1
1.0,2.0,82151.0,bot_0,stitch,-1
5.0,8.0,82177.0,bot_0,stitch,-1
27.0,27.0,82204.0,bot_0,stitch,-1
18.0,21.0,82227.0,bot_0,stitch,-1
4.0,10.0,82253.0,bot_0,stitch,-1
7.0,17.0,82277.0,bot_0,stitch,-1
8.0,14.0,82309.0,bot_0,stitch,-1
7.0,18.0,82336.0,bot_0,stitch,-1
17.0,43.0,82367.0,bot_0,stitch,-1
8.0,25.0,82393.0,bot_0,stitch,-1
6.0,-4.0,82425.0,bot_0,stitch,-1
8.0,6.0,82577.0,bot_0,stitch,-1
0.0,2.0,82627.0,bot_0,stitch,-1
0.0,1.0,82678.0,bot_0,stitch,-1
-4.0,0.0,82703.0,bot_0,stitch,-1
-7.0,1.0,82731.0,bot_0,stitch,-1
-4.0,1.0,82755.0,bot_0,stitch,-1
-11.0,0.0,82782.0,bot_0,stitch,-1
-31.0,-10.0,82803.0,bot_0,stitch,-1
-44.0,-4.0,82829.0,bot_0,stitch,-1
-20.0,4.0,82851.0,bot_0,stitch,-1
-6.0,1.0,82877.0,bot_0,stitch,-1
-7.0,2.0,82877.0,bot_0,stitch,-1
0.0,-1.0,82925.0,bot_0,stitch,-1
-2.0,-3.0,82948.0,bot_0,stitch,-1
2.0,0.0,82997.0,bot_0,stitch,-1
0.0,2.0,83024.0,bot_0,stitch,-1
1.0,-2.0,83075.0,bot_0,stitch,-1
4.0,-1.0,83097.0,bot_0,stitch,-1
11.0,-5.0,83125.0,bot_0,stitch,-1
8.0,-4.0,83148.0,bot_0,stitch,-1
8.0,-4.0,83176.0,bot_0,stitch,-1
3.0,-1.0,83198.0,bot_0,stitch,-1
2.0,-1.0,83225.0,bot_0,stitch,-1
7.0,-1.0,83246.0,bot_0,stitch,-1
3.0,-1.0,83272.0,bot_0,stitch,-1
-1.0,0.0,83411.0,bot_0,stitch,-1
4.0,2.0,83433.0,bot_0,stitch,-1
12.0,3.0,83455.0,bot_0,stitch,-1
24.0,4.0,83476.0,bot_0,stitch,-1
26.0,3.0,83497.0,bot_0,stitch,-1
7.0,0.0,83518.0,bot_0,stitch,-1
9.0,0.0,83540.0,bot_0,stitch,-1
7.0,-1.0,83561.0,bot_0,stitch,-1
3.0,-1.0,83583.0,bot_0,stitch,-1
5.0,-1.0,83605.0,bot_0,stitch,-1
14.0,-2.0,83626.0,bot_0,stitch,-1
4.0,-1.0,83649.0,bot_0,stitch,-1
-2.0,0.0,83720.0,bot_0,stitch,-1
-16.0,-2.0,83758.0,bot_0,stitch,-1
-1.0,-1.0,83786.0,bot_0,stitch,-1
1.0,0.0,84024.0,bot_0,stitch,-1
1.0,0.0,84232.0,bot_0,stitch,-1
1.0,0.0,84434.0,bot_0,stitch,-1
4.0,0.0,84459.0,bot_0,stitch,-1
0.0,1.0,84629.0,bot_0,stitch,-1
-3.0,1.0,84653.0,bot_0,stitch,-1
0.0,2.0,84954.0,bot_0,stitch,-1
-2.0,0.0,85301.0,bot_0,stitch,-1
-1.0,1.0,85322.0,bot_0,stitch,-1
-4.0,4.0,85343.0,bot_0,stitch,-1
-1.0,2.0,85364.0,bot_0,stitch,-1
-10.0,-3.0,85509.0,bot_0,stitch,-1
-5.0,0.0,85531.0,bot_0,stitch,-1
-2.0,0.0,85553.0,bot_0,stitch,-1
-4.0,0.0,85574.0,bot_0,stitch,-1
-4.0,0.0,85595.0,bot_0,stitch,-1
-8.0,0.0,85616.0,bot_0,stitch,-1
-18.0,0.0,85637.0,bot_0,stitch,-1
-14.0,-1.0,85658.0,bot_0,stitch,-1
-3.0,-1.0,85926.0,bot_0,stitch,-1
1.0,0.0,85948.0,bot_0,stitch,-1
3.0,0.0,85975.0,bot_0,stitch,-1
5.0,0.0,86000.0,bot_0,stitch,-1
4.0,0.0,86026.0,bot_0,stitch,-1
4.0,2.0,86052.0,bot_0,stitch,-1
5.0,1.0,86080.0,bot_0,stitch,-1
3.0,1.0,86104.0,bot_0,stitch,-1
1.0,0.0,86131.0,bot_0,stitch,-1
1.0,0.0,86276.0,bot_0,stitch,-1
0.0,1.0,86322.0,bot_0,stitch,-1
1.0,0.0,86344.0,bot_0,stitch,-1
9.0,1.0,86368.0,bot_0,stitch,-1
18.0,6.0,86401.0,bot_0,stitch,-1
23.0,8.0,86425.0,bot_0,stitch,-1
37.0,7.0,86449.0,bot_0,stitch,-1
11.0,1.0,86476.0,bot_0,stitch,-1
-2.0,0.0,86576.0,bot_0,stitch,-1
-6.0,2.0,86601.0,bot_0,stitch,-1
-6.0,0.0,86625.0,bot_0,stitch,-1
-8.0,0.0,86651.0,bot_0,stitch,-1
-3.0,0.0,86676.0,bot_0,stitch,-1
-1.0,1.0,86700.0,bot_0,stitch,-1
2.0,0.0,86752.0,bot_0,stitch,-1
15.0,1.0,86776.0,bot_0,stitch,-1
32.0,7.0,86801.0,bot_0,stitch,-1
53.0,6.0,86827.0,bot_0,stitch,-1
40.0,4.0,86852.0,bot_0,stitch,-1
26.0,1.0,86877.0,bot_0,stitch,-1
17.0,0.0,86908.0,bot_0,stitch,-1
24.0,-1.0,86928.0,bot_0,stitch,-1
26.0,-3.0,86950.0,bot_0,stitch,-1
27.0,-1.0,86977.0,bot_0,stitch,-1
9.0,-1.0,87003.0,bot_0,stitch,-1
5.0,0.0,87040.0,bot_0,stitch,-1
-40.0,19.0,92078.0,bot_0,stitch,-1
-1.0,0.0,92102.0,bot_0,stitch,-1
-1.0,0.0,92129.0,bot_0,stitch,-1
-2.0,0.0,92197.0,bot_0,stitch,-1
-4.0,0.0,92212.0,bot_0,stitch,-1
-6.0,0.0,92226.0,bot_0,stitch,-1
-5.0,0.0,92240.0,bot_0,stitch,-1
-7.0,0.0,92255.0,bot_0,stitch,-1
-6.0,0.0,92269.0,bot_0,stitch,-1
0.0,1.0,92512.0,bot_0,stitch,-1
-2.0,0.0,93331.0,bot_0,stitch,-1
-2.0,1.0,93347.0,bot_0,stitch,-1
-2.0,2.0,93364.0,bot_0,stitch,-1
-2.0,1.0,93380.0,bot_0,stitch,-1
-1.0,0.0,93397.0,bot_0,stitch,-1
-4.0,2.0,93429.0,bot_0,stitch,-1
-4.0,2.0,93444.0,bot_0,stitch,-1
-5.0,1.0,93460.0,bot_0,stitch,-1
-4.0,1.0,93476.0,bot_0,stitch,-1
-4.0,3.0,93489.0,bot_0,stitch,-1
-4.0,2.0,93503.0,bot_0,stitch,-1
-3.0,2.0,93516.0,bot_0,stitch,-1
-2.0,2.0,93528.0,bot_0,stitch,-1
-2.0,1.0,93542.0,bot_0,stitch,-1
-1.0,0.0,93568.0,bot_0,stitch,-1
-2.0,0.0,93632.0,bot_0,stitch,-1
-3.0,1.0,93646.0,bot_0,stitch,-1
-2.0,1.0,93658.0,bot_0,stitch,-1
-2.0,1.0,93672.0,bot_0,stitch,-1
-11.0,6.0,93685.0,bot_0,stitch,-1
-10.0,6.0,93701.0,bot_0,stitch,-1
-13.0,5.0,93718.0,bot_0,stitch,-1
-10.0,4.0,93736.0,bot_0,stitch,-1
-5.0,0.0,93755.0,bot_0,stitch,-1
-1.0,0.0,93772.0,bot_0,stitch,-1
-2.0,0.0,93882.0,bot_0,stitch,-1
-2.0,0.0,93897.0,bot_0,stitch,-1
-4.0,0.0,93911.0,bot_0,stitch,-1
-10.0,0.0,93926.0,bot_0,stitch,-1
-10.0,0.0,93940.0,bot_0,stitch,-1
-6.0,-1.0,93955.0,bot_0,stitch,-1
-2.0,-2.0,93968.0,bot_0,stitch,-1
-3.0,0.0,93982.0,bot_0,stitch,-1
-3.0,0.0,93995.0,bot_0,stitch,-1
-4.0,1.0,94009.0,bot_0,stitch,-1
-1.0,1.0,94022.0,bot_0,stitch,-1
-1.0,0.0,94036.0,bot_0,stitch,-1
-2.0,-1.0,94087.0,bot_0,stitch,-1
0.0,-1.0,94105.0,bot_0,stitch,-1
6.0,-1.0,94141.0,bot_0,stitch,-1
6.0,0.0,94158.0,bot_0,stitch,-1
2.0,1.0,94176.0,bot_0,stitch,-1
1.0,0.0,94368.0,bot_0,stitch,-1
-20.0,-2.0,94389.0,bot_0,stitch,-1
-30.0,-3.0,94402.0,bot_0,stitch,-1
-27.0,-3.0,94414.0,bot_0,stitch,-1
-20.0,-1.0,94427.0,bot_0,stitch,-1
-17.0,-1.0,94440.0,bot_0,stitch,-1
-17.0,-1.0,94453.0,bot_0,stitch,-1
-16.0,0.0,94466.0,bot_0,stitch,-1
-23.0,1.0,94487.0,bot_0,stitch,-1
-8.0,0.0,94506.0,bot_0,stitch,-1
-3.0,0.0,94520.0,bot_0,stitch,-1
-1.0,1.0,94533.0,bot_0,stitch,-1
-4.0,0.0,94546.0,bot_0,stitch,-1
-3.0,0.0,94558.0,bot_0,stitch,-1
-8.0,2.0,94571.0,bot_0,stitch,-1
-10.0,1.0,94583.0,bot_0,stitch,-1
-15.0,4.0,94604.0,bot_0,stitch,-1
-4.0,1.0,94610.0,bot_0,stitch,-1
-10.0,1.0,94622.0,bot_0,stitch,-1
-13.0,1.0,94634.0,bot_0,stitch,-1
-18.0,0.0,94647.0,bot_0,stitch,-1
-27.0,0.0,94660.0,bot_0,stitch,-1
-39.0,0.0,94673.0,bot_0,stitch,-1
-47.0,0.0,94686.0,bot_0,stitch,-1
-79.0,2.0,94707.0,bot_0,stitch,-1
-57.0,-2.0,94722.0,bot_0,stitch,-1
-31.0,0.0,94729.0,bot_0,stitch,-1
-45.0,-2.0,94741.0,bot_0,stitch,-1
-27.0,0.0,94754.0,bot_0,stitch,-1
-17.0,-2.0,94767.0,bot_0,stitch,-1
-5.0,0.0,94781.0,bot_0,stitch,-1
-1.0,0.0,94794.0,bot_0,stitch,-1
1.0,0.0,94860.0,bot_0,stitch,-1
2.0,0.0,94873.0,bot_0,stitch,-1
1.0,0.0,94886.0,bot_0,stitch,-1
3.0,0.0,94899.0,bot_0,stitch,-1
3.0,0.0,94912.0,bot_0,stitch,-1
6.0,0.0,94925.0,bot_0,stitch,-1
11.0,0.0,94938.0,bot_0,stitch,-1
16.0,-2.0,94950.0,bot_0,stitch,-1
13.0,-1.0,94963.0,bot_0,stitch,-1
9.0,-3.0,94976.0,bot_0,stitch,-1
7.0,-2.0,94990.0,bot_0,stitch,-1
5.0,-3.0,95002.0,bot_0,stitch,-1
6.0,-2.0,95015.0,bot_0,stitch,-1
3.0,-3.0,95028.0,bot_0,stitch,-1
3.0,-2.0,95042.0,bot_0,stitch,-1
3.0,-5.0,95054.0,bot_0,stitch,-1
3.0,-5.0,95067.0,bot_0,stitch,-1
1.0,-5.0,95080.0,bot_0,stitch,-1
4.0,-7.0,95093.0,bot_0,stitch,-1
0.0,-5.0,95106.0,bot_0,stitch,-1
0.0,-2.0,95118.0,bot_0,stitch,-1
-1.0,-1.0,95130.0,bot_0,stitch,-1
-1.0,0.0,95245.0,bot_0,stitch,-1
0.0,-1.0,95438.0,bot_0,stitch,-1
5.0,0.0,95797.0,bot_0,stitch,-1
2.0,0.0,95810.0,bot_0,stitch,-1
1.0,0.0,95822.0,bot_0,stitch,-1
2.0,0.0,95835.0,bot_0,stitch,-1
2.0,1.0,95848.0,bot_0,stitch,-1
1.0,1.0,96109.0,bot_0,stitch,-1
2.0,0.0,96252.0,bot_0,stitch,-1
1.0,0.0,96264.0,bot_0,stitch,-1
1.0,0.0,96276.0,bot_0,stitch,-1
1.0,0.0,96312.0,bot_0,stitch,-1
0.0,1.0,96455.0,bot_0,stitch,-1
1.0,0.0,96631.0,bot_0,stitch,-1
4.0,-2.0,96645.0,bot_0,stitch,-1
2.0,-3.0,96658.0,bot_0,stitch,-1
2.0,-2.0,96671.0,bot_0,stitch,-1
1.0,-2.0,96683.0,bot_0,stitch,-1
2.0,-2.0,96696.0,bot_0,stitch,-1
2.0,-2.0,96709.0,bot_0,stitch,-1
5.0,-5.0,96721.0,bot_0,stitch,-1
1.0,0.0,96733.0,bot_0,stitch,-1
1.0,-2.0,96746.0,bot_0,stitch,-1
0.0,-1.0,96758.0,bot_0,stitch,-1
0.0,-2.0,96770.0,bot_0,stitch,-1
1.0,0.0,96782.0,bot_0,stitch,-1
0.0,-1.0,96794.0,bot_0,stitch,-1
-45.0,-1.0,96820.0,bot_0,stitch,-1
-6.0,0.0,96851.0,bot_0,stitch,-1
8.0,0.0,96883.0,bot_0,stitch,-1
5.0,0.0,96915.0,bot_0,stitch,-1
17.0,-4.0,96947.0,bot_0,stitch,-1
24.0,-11.0,96978.0,bot_0,stitch,-1
37.0,-13.0,97011.0,bot_0,stitch,-1
87.0,-9.0,97047.0,bot_0,stitch,-1
85.0,-3.0,97081.0,bot_0,stitch,-1
105.0,-7.0,97115.0,bot_0,stitch,-1
13.0,-1.0,97148.0,bot_0,stitch,-1
0.0,1.0,97182.0,bot_0,stitch,-1
19.0,-3.0,97249.0,bot_0,stitch,-1
17.0,-5.0,97283.0,bot_0,stitch,-1
-1.0,3.0,97315.0,bot_0,stitch,-1
-21.0,15.0,97347.0,bot_0,stitch,-1
-102.0,49.0,97379.0,bot_0,stitch,-1
-37.0,21.0,97413.0,bot_0,stitch,-1
-1.0,3.0,97447.0,bot_0,stitch,-1
3.0,19.0,97482.0,bot_0,stitch,-1
-2.0,33.0,97515.0,bot_0,stitch,-1
-6.0,7.0,97549.0,bot_0,stitch,-1
-11.0,3.0,97583.0,bot_0,stitch,-1
-9.0,6.0,97618.0,bot_0,stitch,-1
-2.0,1.0,97651.0,bot_0,stitch,-1
-1.0,1.0,97684.0,bot_0,stitch,-1
-1.0,1.0,97751.0,bot_0,stitch,-1
-1.0,2.0,97787.0,bot_0,stitch,-1
4.0,2.0,97853.0,bot_0,stitch,-1
23.0,5.0,97888.0,bot_0,stitch,-1
14.0,2.0,97924.0,bot_0,stitch,-1
1.0,0.0,97959.0,bot_0,stitch,-1
2.0,1.0,97995.0,bot_0,stitch,-1
2.0,0.0,98029.0,bot_0,stitch,-1
6.0,-1.0,98064.0,bot_0,stitch,-1
6.0,-1.0,98099.0,bot_0,stitch,-1
6.0,-3.0,98134.0,bot_0,stitch,-1
4.0,-4.0,98168.0,bot_0,stitch,-1
4.0,-4.0,98199.0,bot_0,stitch,-1
0.0,-6.0,98232.0,bot_0,stitch,-1
-2.0,0.0,98263.0,bot_0,stitch,-1
-2.0,-1.0,98295.0,bot_0,stitch,-1
-4.0,-1.0,98327.0,bot_0,stitch,-1
-1.0,-6.0,98358.0,bot_0,stitch,-1
-1.0,-7.0,98389.0,bot_0,stitch,-1
0.0,-5.0,98420.0,bot_0,stitch,-1
0.0,5.0,98453.0,bot_0,stitch,-1
0.0,18.0,98480.0,bot_0,stitch,-1
1.0,13.0,98507.0,bot_0,stitch,-1
6.0,18.0,98534.0,bot_0,stitch,-1
7.0,25.0,98562.0,bot_0,stitch,-1
11.0,26.0,98588.0,bot_0,stitch,-1
15.0,31.0,98614.0,bot_0,stitch,-1
15.0,29.0,98640.0,bot_0,stitch,-1
12.0,19.0,98666.0,bot_0,stitch,-1
4.0,9.0,98690.0,bot_0,stitch,-1
1.0,5.0,98715.0,bot_0,stitch,-1
0.0,1.0,98741.0,bot_0,stitch,-1
0.0,4.0,98766.0,bot_0,stitch,-1
0.0,3.0,98793.0,bot_0,stitch,-1
-6.0,3.0,98819.0,bot_0,stitch,-1
-14.0,-1.0,98845.0,bot_0,stitch,-1
-24.0,-1.0,98870.0,bot_0,stitch,-1
-8.0,0.0,98896.0,bot_0,stitch,-1
-2.0,1.0,98921.0,bot_0,stitch,-1
-5.0,3.0,98947.0,bot_0,stitch,-1
-11.0,4.0,98973.0,bot_0,stitch,-1
-42.0,3.0,98998.0,bot_0,stitch,-1
-94.0,0.0,99024.0,bot_0,stitch,-1
-152.0,-8.0,99050.0,bot_0,stitch,-1
-219.0,-26.0,99088.0,bot_0,stitch,-1
-53.0,-11.0,99114.0,bot_0,stitch,-1
-12.0,-3.0,99130.0,bot_0,stitch,-1
-3.0,-1.0,99154.0,bot_0,stitch,-1
-1.0,0.0,99182.0,bot_0,stitch,-1
-3.0,-1.0,99207.0,bot_0,stitch,-1
-9.0,-6.0,99234.0,bot_0,stitch,-1
0.0,-7.0,99261.0,bot_0,stitch,-1
9.0,-17.0,99288.0,bot_0,stitch,-1
50.0,-30.0,99314.0,bot_0,stitch,-1
107.0,-42.0,99342.0,bot_0,stitch,-1
104.0,-29.0,99368.0,bot_0,stitch,-1
20.0,-7.0,99395.0,bot_0,stitch,-1
1.0,0.0,99422.0,bot_0,stitch,-1
-16.0,-6.0,99447.0,bot_0,stitch,-1
-25.0,-2.0,99472.0,bot_0,stitch,-1
-21.0,18.0,99498.0,bot_0,stitch,-1
-18.0,25.0,99522.0,bot_0,stitch,-1
-10.0,18.0,99546.0,bot_0,stitch,-1
-13.0,28.0,99570.0,bot_0,stitch,-1
-2.0,24.0,99591.0,bot_0,stitch,-1
1.0,23.0,99612.0,bot_0,stitch,-1
2.0,11.0,99633.0,bot_0,stitch,-1
0.0,7.0,99653.0,bot_0,stitch,-1
5.0,8.0,99674.0,bot_0,stitch,-1
5.0,13.0,99694.0,bot_0,stitch,-1
8.0,19.0,99714.0,bot_0,stitch,-1
12.0,24.0,99734.0,bot_0,stitch,-1
19.0,30.0,99755.0,bot_0,stitch,-1
62.0,50.0,99776.0,bot_0,stitch,-1
104.0,61.0,99796.0,bot_0,stitch,-1
177.0,80.0,99817.0,bot_0,stitch,-1
161.0,62.0,99838.0,bot_0,stitch,-1
149.0,61.0,99858.0,bot_0,stitch,-1
169.0,61.0,99880.0,bot_0,stitch,-1
112.0,24.0,99902.0,bot_0,stitch,-1
93.0,9.0,99925.0,bot_0,stitch,-1
44.0,-1.0,99948.0,bot_0,stitch,-1
41.0,-23.0,99970.0,bot_0,stitch,-1
29.0,-23.0,99992.0,bot_0,stitch,-1
58.0,-50.0,100014.0,bot_0,stitch,-1
40.0,-38.0,100037.0,bot_0,stitch,-1
25.0,-48.0,100058.0,bot_0,stitch,-1
10.0,-66.0,100082.0,bot_0,stitch,-1
-9.0,-86.0,100106.0,bot_0,stitch,-1
-21.0,-72.0,100126.0,bot_0,stitch,-1
-31.0,-63.0,100149.0,bot_0,stitch,-1
-47.0,-38.0,100174.0,bot_0,stitch,-1
-48.0,-18.0,100195.0,bot_0,stitch,-1
-27.0,-3.0,100218.0,bot_0,stitch,-1
-6.0,0.0,100241.0,bot_0,stitch,-1
0.0,1.0,100263.0,bot_0,stitch,-1
-1.0,0.0,100378.0,bot_0,stitch,-1
-7.0,3.0,100401.0,bot_0,stitch,-1
-6.0,5.0,100424.0,bot_0,stitch,-1
-5.0,4.0,100447.0,bot_0,stitch,-1
-2.0,1.0,100470.0,bot_0,stitch,-1
-1.0,0.0,100494.0,bot_0,stitch,-1
-8.0,0.0,100517.0,bot_0,stitch,-1
-51.0,-9.0,100540.0,bot_0,stitch,-1
2.0,1.0,100562.0,bot_0,stitch,-1
6.0,1.0,100577.0,bot_0,stitch,-1
9.0,4.0,100591.0,bot_0,stitch,-1
12.0,5.0,100605.0,bot_0,stitch,-1
1.0,1.0,100620.0,bot_0,stitch,-1
2.0,1.0,100634.0,bot_0,stitch,-1
4.0,3.0,100649.0,bot_0,stitch,-1
10.0,3.0,100664.0,bot_0,stitch,-1
6.0,0.0,100678.0,bot_0,stitch,-1
2.0,0.0,100693.0,bot_0,stitch,-1
1.0,0.0,100708.0,bot_0,stitch,-1
1.0,0.0,100723.0,bot_0,stitch,-1
4.0,0.0,100737.0,bot_0,stitch,-1
8.0,0.0,100753.0,bot_0,stitch,-1
4.0,0.0,100768.0,bot_0,stitch,-1
10.0,0.0,100782.0,bot_0,stitch,-1
22.0,0.0,100797.0,bot_0,stitch,-1
14.0,0.0,100813.0,bot_0,stitch,-1
6.0,-1.0,100828.0,bot_0,stitch,-1
18.0,0.0,100843.0,bot_0,stitch,-1
25.0,0.0,100858.0,bot_0,stitch,-1
58.0,0.0,100874.0,bot_0,stitch,-1
30.0,-1.0,100891.0,bot_0,stitch,-1
26.0,0.0,100907.0,bot_0,stitch,-1
19.0,0.0,100923.0,bot_0,stitch,-1
31.0,2.0,100938.0,bot_0,stitch,-1
15.0,0.0,100953.0,bot_0,stitch,-1
12.0,0.0,100969.0,bot_0,stitch,-1
18.0,0.0,100984.0,bot_0,stitch,-1
10.0,0.0,100999.0,bot_0,stitch,-1
8.0,-1.0,101013.0,bot_0,stitch,-1
10.0,0.0,101029.0,bot_0,stitch,-1
14.0,-1.0,101044.0,bot_0,stitch,-1
17.0,0.0,101058.0,bot_0,stitch,-1
18.0,-1.0,101073.0,bot_0,stitch,-1
-2.0,-2.0,101089.0,bot_0,stitch,-1
-14.0,-7.0,101104.0,bot_0,stitch,-1
-53.0,-18.0,101119.0,bot_0,stitch,-1
-44.0,-12.0,101134.0,bot_0,stitch,-1
-2.0,-1.0,101149.0,bot_0,stitch,-1
-2.0,0.0,101180.0,bot_0,stitch,-1
-1.0,0.0,101195.0,bot_0,stitch,-1
1.0,0.0,101225.0,bot_0,stitch,-1
-2.0,0.0,101241.0,bot_0,stitch,-1
-8.0,1.0,101256.0,bot_0,stitch,-1
-4.0,1.0,101272.0,bot_0,stitch,-1
-6.0,3.0,101287.0,bot_0,stitch,-1
1.0,5.0,101302.0,bot_0,stitch,-1
6.0,2.0,101318.0,bot_0,stitch,-1
3.0,1.0,101334.0,bot_0,stitch,-1
0.0,1.0,101381.0,bot_0,stitch,-1
1.0,0.0,101396.0,bot_0,stitch,-1
1.0,0.0,101427.0,bot_0,stitch,-1
1.0,0.0,101473.0,bot_0,stitch,-1
1.0,0.0,101489.0,bot_0,stitch,-1
0.0,1.0,101520.0,bot_0,stitch,-1
1.0,0.0,101675.0,bot_0,stitch,-1
4.0,0.0,101828.0,bot_0,stitch,-1
5.0,0.0,101844.0,bot_0,stitch,-1
19.0,1.0,101860.0,bot_0,stitch,-1
22.0,3.0,101876.0,bot_0,stitch,-1
50.0,5.0,101893.0,bot_0,stitch,-1
83.0,6.0,101911.0,bot_0,stitch,-1
45.0,0.0,101927.0,bot_0,stitch,-1
43.0,4.0,101944.0,bot_0,stitch,-1
16.0,0.0,101961.0,bot_0,stitch,-1
1.0,0.0,101977.0,bot_0,stitch,-1
1.0,0.0,101994.0,bot_0,stitch,-1
1.0,0.0,102011.0,bot_0,stitch,-1
8.0,0.0,102027.0,bot_0,stitch,-1
11.0,2.0,102044.0,bot_0,stitch,-1
12.0,0.0,102061.0,bot_0,stitch,-1
1.0,0.0,102077.0,bot_0,stitch,-1
0.0,-2.0,102125.0,bot_0,stitch,-1
0.0,-1.0,102209.0,bot_0,stitch,-1
-1.0,-5.0,102226.0,bot_0,stitch,-1
-1.0,-3.0,102243.0,bot_0,stitch,-1
-4.0,-2.0,102260.0,bot_0,stitch,-1
0.0,-1.0,102276.0,bot_0,stitch,-1
-1.0,0.0,102347.0,bot_0,stitch,-1
-3.0,0.0,102383.0,bot_0,stitch,-1
-3.0,0.0,102400.0,bot_0,stitch,-1
-32.0,-1.0,102417.0,bot_0,stitch,-1
-7.0,0.0,102433.0,bot_0,stitch,-1
0.0,1.0,102501.0,bot_0,stitch,-1
0.0,1.0,102552.0,bot_0,stitch,-1
0.0,1.0,102689.0,bot_0,stitch,-1
0.0,1.0,102845.0,bot_0,stitch,-1
0.0,1.0,102862.0,bot_0,stitch,-1
0.0,1.0,103159.0,bot_0,stitch,-1
0.0,1.0,103180.0,bot_0,stitch,-1
0.0,1.0,103210.0,bot_0,stitch,-1
0.0,2.0,103226.0,bot_0,stitch,-1
0.0,7.0,103240.0,bot_0,stitch,-1
-5.0,17.0,103255.0,bot_0,stitch,-1
-5.0,17.0,103268.0,bot_0,stitch,-1
-1.0,9.0,103283.0,bot_0,stitch,-1
1.0,0.0,103296.0,bot_0,stitch,-1
1.0,0.0,103503.0,bot_0,stitch,-1
1.0,0.0,103516.0,bot_0,stitch,-1
1.0,3.0,103530.0,bot_0,stitch,-1
0.0,1.0,103544.0,bot_0,stitch,-1
-1.0,0.0,103558.0,bot_0,stitch,-1
-7.0,5.0,103571.0,bot_0,stitch,-1
-10.0,6.0,103585.0,bot_0,stitch,-1
-15.0,6.0,103599.0,bot_0,stitch,-1
-21.0,7.0,103612.0,bot_0,stitch,-1
-27.0,4.0,103626.0,bot_0,stitch,-1
-75.0,7.0,103640.0,bot_0,stitch,-1
-76.0,13.0,103653.0,bot_0,stitch,-1
-76.0,14.0,103668.0,bot_0,stitch,-1
-73.0,13.0,103682.0,bot_0,stitch,-1
-57.0,5.0,103696.0,bot_0,stitch,-1
-54.0,5.0,103710.0,bot_0,stitch,-1
-27.0,4.0,103724.0,bot_0,stitch,-1
-24.0,8.0,103739.0,bot_0,stitch,-1
-22.0,7.0,103753.0,bot_0,stitch,-1
-10.0,4.0,103768.0,bot_0,stitch,-1
2.0,-3.0,103782.0,bot_0,stitch,-1
0.0,-1.0,103796.0,bot_0,stitch,-1
1.0,0.0,104001.0,bot_0,stitch,-1
2.0,1.0,104016.0,bot_0,stitch,-1
5.0,5.0,104030.0,bot_0,stitch,-1
1.0,0.0,104045.0,bot_0,stitch,-1
1.0,0.0,104060.0,bot_0,stitch,-1
2.0,0.0,104075.0,bot_0,stitch,-1
-2.0,0.0,104208.0,bot_0,stitch,-1
-2.0,0.0,104224.0,bot_0,stitch,-1
-5.0,-1.0,104238.0,bot_0,stitch,-1
-8.0,-1.0,104252.0,bot_0,stitch,-1
-19.0,-2.0,104267.0,bot_0,stitch,-1
-18.0,-2.0,104281.0,bot_0,stitch,-1
-18.0,-2.0,104296.0,bot_0,stitch,-1
-16.0,-1.0,104311.0,bot_0,stitch,-1
-20.0,-1.0,104325.0,bot_0,stitch,-1
-14.0,-1.0,104340.0,bot_0,stitch,-1
-14.0,-1.0,104355.0,bot_0,stitch,-1
-22.0,-1.0,104369.0,bot_0,stitch,-1
-13.0,0.0,104384.0,bot_0,stitch,-1
-14.0,0.0,104399.0,bot_0,stitch,-1
-12.0,0.0,104413.0,bot_0,stitch,-1
-15.0,3.0,104428.0,bot_0,stitch,-1
-8.0,3.0,104443.0,bot_0,stitch,-1
-9.0,2.0,104458.0,bot_0,stitch,-1
-12.0,3.0,104472.0,bot_0,stitch,-1
-5.0,1.0,104488.0,bot_0,stitch,-1
-2.0,0.0,104502.0,bot_0,stitch,-1
-1.0,-1.0,104517.0,bot_0,stitch,-1
1.0,-6.0,104532.0,bot_0,stitch,-1
-1.0,4.0,104754.0,bot_0,stitch,-1
-5.0,0.0,104768.0,bot_0,stitch,-1
-3.0,-1.0,104784.0,bot_0,stitch,-1
-3.0,-4.0,104798.0,bot_0,stitch,-1
-2.0,-4.0,104813.0,bot_0,stitch,-1
-3.0,-5.0,104827.0,bot_0,stitch,-1
-3.0,-6.0,104842.0,bot_0,stitch,-1
-3.0,-8.0,104856.0,bot_0,stitch,-1
-7.0,-14.0,104871.0,bot_0,stitch,-1
-5.0,-11.0,104884.0,bot_0,stitch,-1
-6.0,-11.0,104899.0,bot_0,stitch,-1
-5.0,-7.0,104913.0,bot_0,stitch,-1
-6.0,-9.0,104926.0,bot_0,stitch,-1
-3.0,-4.0,104940.0,bot_0,stitch,-1
-1.0,-1.0,104951.0,bot_0,stitch,-1
-2.0,-3.0,104969.0,bot_0,stitch,-1
-2.0,0.0,104979.0,bot_0,stitch,-1
-1.0,0.0,105196.0,bot_0,stitch,-1
-1.0,0.0,105442.0,bot_0,stitch,-1
-10.0,0.0,105472.0,bot_0,stitch,-1
-5.0,0.0,105490.0,bot_0,stitch,-1
-4.0,1.0,105507.0,bot_0,stitch,-1
0.0,1.0,105526.0,bot_0,stitch,-1
-1.0,0.0,105543.0,bot_0,stitch,-1
0.0,1.0,105562.0,bot_0,stitch,-1
0.0,2.0,105597.0,bot_0,stitch,-1
0.0,1.0,105615.0,bot_0,stitch,-1
2.0,1.0,105633.0,bot_0,stitch,-1
3.0,1.0,105651.0,bot_0,stitch,-1
2.0,0.0,105669.0,bot_0,stitch,-1
2.0,-1.0,105687.0,bot_0,stitch,-1
2.0,-2.0,105705.0,bot_0,stitch,-1
8.0,-7.0,105723.0,bot_0,stitch,-1
13.0,-10.0,105741.0,bot_0,stitch,-1
6.0,-6.0,105759.0,bot_0,stitch,-1
3.0,-4.0,105777.0,bot_0,stitch,-1
4.0,-2.0,105795.0,bot_0,stitch,-1
7.0,-2.0,105813.0,bot_0,stitch,-1
16.0,-4.0,105831.0,bot_0,stitch,-1
22.0,-3.0,105848.0,bot_0,stitch,-1
10.0,-5.0,105867.0,bot_0,stitch,-1
1.0,-4.0,105885.0,bot_0,stitch,-1
0.0,-3.0,105903.0,bot_0,stitch,-1
3.0,-5.0,105921.0,bot_0,stitch,-1
4.0,-7.0,105939.0,bot_0,stitch,-1
4.0,-6.0,105957.0,bot_0,stitch,-1
5.0,-2.0,105975.0,bot_0,stitch,-1
3.0,-1.0,105993.0,bot_0,stitch,-1
5.0,-1.0,106011.0,bot_0,stitch,-1
3.0,-2.0,106029.0,bot_0,stitch,-1
2.0,0.0,106047.0,bot_0,stitch,-1
0.0,-1.0,106065.0,bot_0,stitch,-1
0.0,1.0,106155.0,bot_0,stitch,-1
1.0,1.0,106172.0,bot_0,stitch,-1
0.0,2.0,106191.0,bot_0,stitch,-1
1.0,1.0,106208.0,bot_0,stitch,-1
2.0,4.0,106227.0,bot_0,stitch,-1
3.0,4.0,106244.0,bot_0,stitch,-1
4.0,5.0,106263.0,bot_0,stitch,-1
2.0,3.0,106281.0,bot_0,stitch,-1
2.0,2.0,106299.0,bot_0,stitch,-1
2.0,2.0,106318.0,bot_0,stitch,-1
1.0,0.0,106336.0,bot_0,stitch,-1
1.0,-1.0,106409.0,bot_0,stitch,-1
0.0,-3.0,106445.0,bot_0,stitch,-1
0.0,-4.0,106463.0,bot_0,stitch,-1
0.0,-6.0,106481.0,bot_0,stitch,-1
0.0,-2.0,106499.0,bot_0,stitch,-1
-1.0,-2.0,106516.0,bot_0,stitch,-1
0.0,-3.0,106535.0,bot_0,stitch,-1
-2.0,-3.0,106551.0,bot_0,stitch,-1
-1.0,-1.0,106568.0,bot_0,stitch,-1
0.0,-1.0,106584.0,bot_0,stitch,-1
-1.0,-1.0,106601.0,bot_0,stitch,-1
-2.0,-1.0,106617.0,bot_0,stitch,-1
-4.0,-2.0,106632.0,bot_0,stitch,-1
-17.0,-7.0,106648.0,bot_0,stitch,-1
-25.0,-4.0,106664.0,bot_0,stitch,-1
-50.0,-9.0,106680.0,bot_0,stitch,-1
-28.0,-3.0,106696.0,bot_0,stitch,-1
-29.0,-9.0,106713.0,bot_0,stitch,-1
-15.0,-5.0,106729.0,bot_0,stitch,-1
-20.0,-10.0,106746.0,bot_0,stitch,-1
-8.0,-4.0,106763.0,bot_0,stitch,-1
-2.0,-1.0,106779.0,bot_0,stitch,-1
-3.0,-1.0,106796.0,bot_0,stitch,-1
-1.0,-2.0,106813.0,bot_0,stitch,-1
1.0,-1.0,106863.0,bot_0,stitch,-1
2.0,-1.0,106879.0,bot_0,stitch,-1
4.0,-2.0,106896.0,bot_0,stitch,-1
7.0,0.0,106912.0,bot_0,stitch,-1
19.0,-1.0,106928.0,bot_0,stitch,-1
7.0,0.0,106945.0,bot_0,stitch,-1
0.0,1.0,106992.0,bot_0,stitch,-1
0.0,1.0,107008.0,bot_0,stitch,-1
-3.0,4.0,107024.0,bot_0,stitch,-1
-2.0,3.0,107040.0,bot_0,stitch,-1
-4.0,6.0,107056.0,bot_0,stitch,-1
-1.0,1.0,107073.0,bot_0,stitch,-1
-1.0,0.0,107089.0,bot_0,stitch,-1
-2.0,0.0,107106.0,bot_0,stitch,-1
-2.0,1.0,107122.0,bot_0,stitch,-1
-2.0,1.0,107139.0,bot_0,stitch,-1
-2.0,2.0,107155.0,bot_0,stitch,-1
-1.0,1.0,107171.0,bot_0,stitch,-1
-1.0,1.0,107286.0,bot_0,stitch,-1
-4.0,1.0,107325.0,bot_0,stitch,-1
-106.0,18.0,107347.0,bot_0,stitch,-1
-28.0,6.0,107368.0,bot_0,stitch,-1
0.0,1.0,107603.0,bot_0,stitch,-1
-60.0,-3.0,107642.0,bot_0,stitch,-1
-49.0,-3.0,107661.0,bot_0,stitch,-1
-49.0,-4.0,107679.0,bot_0,stitch,-1
-16.0,0.0,107697.0,bot_0,stitch,-1
-18.0,4.0,107715.0,bot_0,stitch,-1
-5.0,3.0,107731.0,bot_0,stitch,-1
-2.0,1.0,107749.0,bot_0,stitch,-1
-2.0,2.0,107766.0,bot_0,stitch,-1
-10.0,2.0,107783.0,bot_0,stitch,-1
-22.0,3.0,107800.0,bot_0,stitch,-1
-51.0,7.0,107818.0,bot_0,stitch,-1
-21.0,2.0,107835.0,bot_0,stitch,-1
1.0,0.0,107928.0,bot_0,stitch,-1
0.0,-1.0,108062.0,bot_0,stitch,-1
1.0,-1.0,108084.0,bot_0,stitch,-1
-1.0,-1.0,108170.0,bot_0,stitch,-1
-5.0,-3.0,108191.0,bot_0,stitch,-1
-4.0,-1.0,108255.0,bot_0,stitch,-1
-5.0,-3.0,108276.0,bot_0,stitch,-1
-4.0,-1.0,108297.0,bot_0,stitch,-1
0.0,-1.0,108339.0,bot_0,stitch,-1
-4.0,-2.0,108360.0,bot_0,stitch,-1
-5.0,-2.0,108381.0,bot_0,stitch,-1
-7.0,-3.0,108402.0,bot_0,stitch,-1
-27.0,-3.0,108423.0,bot_0,stitch,-1
-25.0,-1.0,108443.0,bot_0,stitch,-1
-8.0,0.0,108463.0,bot_0,stitch,-1
-2.0,0.0,108484.0,bot_0,stitch,-1
0.0,-1.0,108504.0,bot_0,stitch,-1
-3.0,0.0,108523.0,bot_0,stitch,-1
-12.0,3.0,108543.0,bot_0,stitch,-1
-20.0,2.0,108561.0,bot_0,stitch,-1
-23.0,1.0,108579.0,bot_0,stitch,-1
-5.0,0.0,108597.0,bot_0,stitch,-1
1.0,0.0,108664.0,bot_0,stitch,-1
1.0,1.0,108681.0,bot_0,stitch,-1
1.0,0.0,108698.0,bot_0,stitch,-1
1.0,0.0,108714.0,bot_0,stitch,-1
1.0,0.0,108746.0,bot_0,stitch,-1
1.0,0.0,108762.0,bot_0,stitch,-1
4.0,0.0,108826.0,bot_0,stitch,-1
6.0,2.0,108842.0,bot_0,stitch,-1
18.0,6.0,108857.0,bot_0,stitch,-1
17.0,7.0,108873.0,bot_0,stitch,-1
16.0,8.0,108889.0,bot_0,stitch,-1
-2.0,0.0,108910.0,bot_0,stitch,-1
-1.0,0.0,108923.0,bot_0,stitch,-1
7.0,-2.0,109045.0,bot_0,stitch,-1
98.0,-9.0,109059.0,bot_0,stitch,-1
239.0,-5.0,109073.0,bot_0,stitch,-1
155.0,4.0,109086.0,bot_0,stitch,-1
170.0,11.0,109099.0,bot_0,stitch,-1
233.0,4.0,109119.0,bot_0,stitch,-1
119.0,0.0,109135.0,bot_0,stitch,-1
106.0,0.0,109154.0,bot_0,stitch,-1
44.0,0.0,109172.0,bot_0,stitch,-1
7.0,2.0,109191.0,bot_0,stitch,-1
2.0,0.0,109208.0,bot_0,stitch,-1
5.0,2.0,109227.0,bot_0,stitch,-1
4.0,3.0,109245.0,bot_0,stitch,-1
4.0,9.0,109263.0,bot_0,stitch,-1
6.0,30.0,109282.0,bot_0,stitch,-1
1.0,10.0,109300.0,bot_0,stitch,-1
-2.0,0.0,109319.0,bot_0,stitch,-1
4.0,-1.0,114511.0,bot_0,stitch,-1
25.0,11.0,114554.0,bot_0,stitch,-1
26.0,10.0,114575.0,bot_0,stitch,-1
16.0,6.0,114596.0,bot_0,stitch,-1
9.0,5.0,114616.0,bot_0,stitch,-1
4.0,3.0,114637.0,bot_0,stitch,-1
6.0,3.0,114657.0,bot_0,stitch,-1
4.0,1.0,114678.0,bot_0,stitch,-1
10.0,3.0,114701.0,bot_0,stitch,-1
14.0,2.0,114725.0,bot_0,stitch,-1
5.0,0.0,114746.0,bot_0,stitch,-1
1.0,2.0,114770.0,bot_0,stitch,-1
1.0,1.0,114792.0,bot_0,stitch,-1
1.0,0.0,114856.0,bot_0,stitch,-1
1.0,-2.0,114878.0,bot_0,stitch,-1
4.0,-4.0,114900.0,bot_0,stitch,-1
0.0,-2.0,114921.0,bot_0,stitch,-1
-1.0,0.0,115288.0,bot_0,stitch,-1
2.0,-19.0,115310.0,bot_0,stitch,-1
102.0,-16.0,115330.0,bot_0,stitch,-1
308.0,-30.0,115352.0,bot_0,stitch,-1
305.0,-35.0,115374.0,bot_0,stitch,-1
291.0,-31.0,115395.0,bot_0,stitch,-1
288.0,-24.0,115418.0,bot_0,stitch,-1
195.0,-10.0,115454.0,bot_0,stitch,-1
37.0,9.0,115482.0,bot_0,stitch,-1
-3.0,2.0,115510.0,bot_0,stitch,-1
1.0,0.0,115702.0,bot_0,stitch,-1
6.0,2.0,115722.0,bot_0,stitch,-1
28.0,-1.0,115742.0,bot_0,stitch,-1
23.0,-5.0,115770.0,bot_0,stitch,-1
8.0,-3.0,115785.0,bot_0,stitch,-1
6.0,-5.0,115806.0,bot_0,stitch,-1
2.0,-3.0,115825.0,bot_0,stitch,-1
0.0,-2.0,115844.0,bot_0,stitch,-1
0.0,-6.0,115863.0,bot_0,stitch,-1
-1.0,0.0,115902.0,bot_0,stitch,-1
-6.0,0.0,115921.0,bot_0,stitch,-1
-25.0,-1.0,115939.0,bot_0,stitch,-1
-42.0,0.0,115958.0,bot_0,stitch,-1
-85.0,2.0,115978.0,bot_0,stitch,-1
-174.0,5.0,115999.0,bot_0,stitch,-1
-108.0,9.0,116019.0,bot_0,stitch,-1
-52.0,4.0,116039.0,bot_0,stitch,-1
-21.0,1.0,116059.0,bot_0,stitch,-1
-4.0,0.0,116080.0,bot_0,stitch,-1
0.0,1.0,116099.0,bot_0,stitch,-1
15.0,12.0,116119.0,bot_0,stitch,-1
12.0,10.0,116141.0,bot_0,stitch,-1
6.0,4.0,116163.0,bot_0,stitch,-1
4.0,1.0,116184.0,bot_0,stitch,-1
3.0,0.0,116203.0,bot_0,stitch,-1
6.0,0.0,116222.0,bot_0,stitch,-1
9.0,0.0,116242.0,bot_0,stitch,-1
16.0,-1.0,116262.0,bot_0,stitch,-1
28.0,-4.0,116283.0,bot_0,stitch,-1
40.0,-7.0,116302.0,bot_0,stitch,-1
41.0,-6.0,116323.0,bot_0,stitch,-1
33.0,-5.0,116343.0,bot_0,stitch,-1
18.0,-2.0,116362.0,bot_0,stitch,-1
3.0,-2.0,116382.0,bot_0,stitch,-1
-1.0,0.0,116404.0,bot_0,stitch,-1
-2.0,0.0,116575.0,bot_0,stitch,-1
-1.0,0.0,116597.0,bot_0,stitch,-1
-1.0,0.0,116709.0,bot_0,stitch,-1
-4.0,0.0,116723.0,bot_0,stitch,-1
-5.0,0.0,116737.0,bot_0,stitch,-1
-3.0,0.0,116752.0,bot_0,stitch,-1
-1.0,0.0,116864.0,bot_0,stitch,-1
-4.0,0.0,116878.0,bot_0,stitch,-1
-7.0,-1.0,116892.0,bot_0,stitch,-1
-14.0,0.0,116906.0,bot_0,stitch,-1
-10.0,0.0,116921.0,bot_0,stitch,-1
-5.0,-2.0,116935.0,bot_0,stitch,-1
-2.0,0.0,116950.0,bot_0,stitch,-1
-2.0,0.0,116963.0,bot_0,stitch,-1
-1.0,0.0,116979.0,bot_0,stitch,-1
-2.0,0.0,116992.0,bot_0,stitch,-1
-2.0,0.0,117007.0,bot_0,stitch,-1
-3.0,1.0,117021.0,bot_0,stitch,-1
-2.0,0.0,117035.0,bot_0,stitch,-1
0.0,1.0,117291.0,bot_0,stitch,-1
0.0,1.0,118053.0,bot_0,stitch,-1
0.0,1.0,118067.0,bot_0,stitch,-1
0.0,1.0,118351.0,bot_0,stitch,-1
0.0,2.0,118366.0,bot_0,stitch,-1
0.0,1.0,118394.0,bot_0,stitch,-1
0.0,1.0,118408.0,bot_0,stitch,-1
-3.0,0.0,118431.0,bot_0,stitch,-1
-6.0,2.0,118461.0,bot_0,stitch,-1
-101.0,9.0,118476.0,bot_0,stitch,-1
-116.0,2.0,118491.0,bot_0,stitch,-1
-93.0,-5.0,118505.0,bot_0,stitch,-1
-48.0,-1.0,118520.0,bot_0,stitch,-1
-3.0,-1.0,118584.0,bot_0,stitch,-1
-8.0,0.0,118597.0,bot_0,stitch,-1
-22.0,8.0,118610.0,bot_0,stitch,-1
-38.0,12.0,118622.0,bot_0,stitch,-1
-40.0,7.0,118634.0,bot_0,stitch,-1
-16.0,3.0,118646.0,bot_0,stitch,-1
-23.0,1.0,118659.0,bot_0,stitch,-1
-11.0,0.0,118671.0,bot_0,stitch,-1
0.0,1.0,118696.0,bot_0,stitch,-1
1.0,0.0,118708.0,bot_0,stitch,-1
0.0,-4.0,118947.0,bot_0,stitch,-1
-2.0,-11.0,118959.0,bot_0,stitch,-1
-9.0,-23.0,118971.0,bot_0,stitch,-1
-12.0,-25.0,118982.0,bot_0,stitch,-1
-5.0,-16.0,118994.0,bot_0,stitch,-1
3.0,-4.0,119005.0,bot_0,stitch,-1
19.0,-11.0,119016.0,bot_0,stitch,-1
17.0,-8.0,119024.0,bot_0,stitch,-1
59.0,-9.0,119039.0,bot_0,stitch,-1
29.0,4.0,119047.0,bot_0,stitch,-1
32.0,12.0,119060.0,bot_0,stitch,-1
0.0,1.0,119175.0,bot_0,stitch,-1
6.0,4.0,119185.0,bot_0,stitch,-1
5.0,-4.0,119196.0,bot_0,stitch,-1
7.0,-7.0,119207.0,bot_0,stitch,-1
0.0,1.0,119217.0,bot_0,stitch,-1
-1.0,0.0,119228.0,bot_0,stitch,-1
0.0,2.0,119238.0,bot_0,stitch,-1
-1.0,3.0,119248.0,bot_0,stitch,-1
-3.0,5.0,119259.0,bot_0,stitch,-1
-1.0,1.0,119268.0,bot_0,stitch,-1
0.0,1.0,119279.0,bot_0,stitch,-1
-2.0,2.0,119289.0,bot_0,stitch,-1
-2.0,2.0,119299.0,bot_0,stitch,-1
-5.0,6.0,119309.0,bot_0,stitch,-1
-8.0,7.0,119320.0,bot_0,stitch,-1
-2.0,2.0,119329.0,bot_0,stitch,-1
-3.0,1.0,119340.0,bot_0,stitch,-1
0.0,1.0,119360.0,bot_0,stitch,-1
1.0,3.0,119389.0,bot_0,stitch,-1
9.0,8.0,119399.0,bot_0,stitch,-1
28.0,16.0,119409.0,bot_0,stitch,-1
25.0,10.0,119419.0,bot_0,stitch,-1
59.0,18.0,119429.0,bot_0,stitch,-1
36.0,9.0,119440.0,bot_0,stitch,-1
84.0,15.0,119450.0,bot_0,stitch,-1
132.0,13.0,119460.0,bot_0,stitch,-1
84.0,4.0,119471.0,bot_0,stitch,-1
194.0,5.0,119481.0,bot_0,stitch,-1
204.0,-2.0,119498.0,bot_0,stitch,-1
164.0,-4.0,119507.0,bot_0,stitch,-1
103.0,0.0,119520.0,bot_0,stitch,-1
73.0,2.0,119532.0,bot_0,stitch,-1
68.0,6.0,119545.0,bot_0,stitch,-1
43.0,1.0,119559.0,bot_0,stitch,-1
60.0,2.0,119578.0,bot_0,stitch,-1
22.0,-2.0,119592.0,bot_0,stitch,-1
11.0,0.0,119607.0,bot_0,stitch,-1
12.0,0.0,119621.0,bot_0,stitch,-1
9.0,0.0,119636.0,bot_0,stitch,-1
11.0,0.0,119650.0,bot_0,stitch,-1
12.0,-3.0,119665.0,bot_0,stitch,-1
4.0,-1.0,119680.0,bot_0,stitch,-1
2.0,-1.0,119694.0,bot_0,stitch,-1
2.0,0.0,119708.0,bot_0,stitch,-1
1.0,0.0,119724.0,bot_0,stitch,-1
3.0,-2.0,119738.0,bot_0,stitch,-1
2.0,-1.0,119752.0,bot_0,stitch,-1
3.0,-1.0,119767.0,bot_0,stitch,-1
21.0,-4.0,119782.0,bot_0,stitch,-1
14.0,-1.0,119796.0,bot_0,stitch,-1
38.0,-3.0,119812.0,bot_0,stitch,-1
34.0,-4.0,119827.0,bot_0,stitch,-1
78.0,-11.0,119843.0,bot_0,stitch,-1
194.0,-21.0,119859.0,bot_0,stitch,-1
151.0,-8.0,119874.0,bot_0,stitch,-1
110.0,-14.0,119889.0,bot_0,stitch,-1
18.0,-5.0,119904.0,bot_0,stitch,-1
12.0,-3.0,119919.0,bot_0,stitch,-1
13.0,-5.0,119933.0,bot_0,stitch,-1
28.0,-16.0,119948.0,bot_0,stitch,-1
17.0,-6.0,119962.0,bot_0,stitch,-1
10.0,0.0,119976.0,bot_0,stitch,-1
4.0,1.0,119990.0,bot_0,stitch,-1
11.0,14.0,120004.0,bot_0,stitch,-1
1.0,0.0,120018.0,bot_0,stitch,-1
-6.0,-2.0,120157.0,bot_0,stitch,-1
-10.0,-10.0,120172.0,bot_0,stitch,-1
3.0,-3.0,120199.0,bot_0,stitch,-1
-1.0,1.0,120212.0,bot_0,stitch,-1
4.0,0.0,120456.0,bot_0,stitch,-1
18.0,-3.0,120470.0,bot_0,stitch,-1
35.0,-14.0,120484.0,bot_0,stitch,-1
26.0,-12.0,120498.0,bot_0,stitch,-1
33.0,-13.0,120512.0,bot_0,stitch,-1
18.0,-13.0,120527.0,bot_0,stitch,-1
20.0,-20.0,120541.0,bot_0,stitch,-1
3.0,-3.0,120548.0,bot_0,stitch,-1
9.0,-8.0,120562.0,bot_0,stitch,-1
8.0,-9.0,120576.0,bot_0,stitch,-1
4.0,-4.0,120590.0,bot_0,stitch,-1
1.0,0.0,120603.0,bot_0,stitch,-1
0.0,-1.0,120644.0,bot_0,stitch,-1
1.0,0.0,120663.0,bot_0,stitch,-1
3.0,0.0,120679.0,bot_0,stitch,-1
6.0,0.0,120693.0,bot_0,stitch,-1
4.0,0.0,120708.0,bot_0,stitch,-1
0.0,-1.0,120736.0,bot_0,stitch,-1
1.0,-1.0,120766.0,bot_0,stitch,-1
1.0,-2.0,120782.0,bot_0,stitch,-1
0.0,-3.0,120799.0,bot_0,stitch,-1
0.0,-1.0,120814.0,bot_0,stitch,-1
0.0,-2.0,120831.0,bot_0,stitch,-1
0.0,-1.0,120846.0,bot_0,stitch,-1
-1.0,0.0,121207.0,bot_0,stitch,-1
-5.0,1.0,121221.0,bot_0,stitch,-1
-7.0,0.0,121234.0,bot_0,stitch,-1
-5.0,1.0,121247.0,bot_0,stitch,-1
-2.0,1.0,121260.0,bot_0,stitch,-1
-1.0,0.0,121313.0,bot_0,stitch,-1
-1.0,2.0,121351.0,bot_0,stitch,-1
-3.0,0.0,121364.0,bot_0,stitch,-1
-6.0,2.0,121377.0,bot_0,stitch,-1
-9.0,0.0,121391.0,bot_0,stitch,-1
-9.0,1.0,121403.0,bot_0,stitch,-1
-5.0,0.0,121416.0,bot_0,stitch,-1
-1.0,0.0,121430.0,bot_0,stitch,-1
3.0,0.0,121520.0,bot_0,stitch,-1
4.0,0.0,121533.0,bot_0,stitch,-1
4.0,0.0,121546.0,bot_0,stitch,-1
7.0,0.0,121559.0,bot_0,stitch,-1
8.0,0.0,121572.0,bot_0,stitch,-1
7.0,1.0,121585.0,bot_0,stitch,-1
6.0,1.0,121598.0,bot_0,stitch,-1
7.0,0.0,121611.0,bot_0,stitch,-1
7.0,1.0,121624.0,bot_0,stitch,-1
9.0,0.0,121637.0,bot_0,stitch,-1
5.0,0.0,121650.0,bot_0,stitch,-1
4.0,0.0,121663.0,bot_0,stitch,-1
6.0,0.0,121676.0,bot_0,stitch,-1
6.0,-1.0,121690.0,bot_0,stitch,-1
4.0,0.0,121703.0,bot_0,stitch,-1
5.0,-1.0,121717.0,bot_0,stitch,-1
2.0,0.0,121730.0,bot_0,stitch,-1
2.0,-1.0,121743.0,bot_0,stitch,-1
3.0,-1.0,121771.0,bot_0,stitch,-1
3.0,-1.0,121784.0,bot_0,stitch,-1
8.0,-1.0,121797.0,bot_0,stitch,-1
13.0,-2.0,121811.0,bot_0,stitch,-1
11.0,-1.0,121824.0,bot_0,stitch,-1
12.0,-1.0,121837.0,bot_0,stitch,-1
13.0,-2.0,121851.0,bot_0,stitch,-1
18.0,0.0,121864.0,bot_0,stitch,-1
16.0,0.0,121878.0,bot_0,stitch,-1
21.0,0.0,121891.0,bot_0,stitch,-1
10.0,0.0,121904.0,bot_0,stitch,-1
7.0,0.0,121918.0,bot_0,stitch,-1
14.0,0.0,121931.0,bot_0,stitch,-1
20.0,4.0,121944.0,bot_0,stitch,-1
23.0,0.0,121957.0,bot_0,stitch,-1
20.0,1.0,121971.0,bot_0,stitch,-1
9.0,0.0,121984.0,bot_0,stitch,-1
3.0,0.0,121998.0,bot_0,stitch,-1
1.0,0.0,122011.0,bot_0,stitch,-1
2.0,0.0,122093.0,bot_0,stitch,-1
4.0,-2.0,122107.0,bot_0,stitch,-1
11.0,-3.0,122122.0,bot_0,stitch,-1
13.0,-4.0,122136.0,bot_0,stitch,-1
10.0,-2.0,122150.0,bot_0,stitch,-1
8.0,-3.0,122164.0,bot_0,stitch,-1
13.0,-2.0,122179.0,bot_0,stitch,-1
11.0,0.0,122194.0,bot_0,stitch,-1
11.0,0.0,122209.0,bot_0,stitch,-1
8.0,0.0,122223.0,bot_0,stitch,-1
6.0,2.0,122239.0,bot_0,stitch,-1
4.0,0.0,122255.0,bot_0,stitch,-1
4.0,0.0,122271.0,bot_0,stitch,-1
-12.0,0.0,122380.0,bot_0,stitch,-1
-11.0,-2.0,122395.0,bot_0,stitch,-1
-12.0,-1.0,122409.0,bot_0,stitch,-1
-3.0,-2.0,122423.0,bot_0,stitch,-1
-1.0,0.0,122438.0,bot_0,stitch,-1
-1.0,-2.0,122453.0,bot_0,stitch,-1
-3.0,-1.0,122467.0,bot_0,stitch,-1
-2.0,-3.0,122483.0,bot_0,stitch,-1
-1.0,0.0,122516.0,bot_0,stitch,-1
0.0,1.0,122532.0,bot_0,stitch,-1
0.0,1.0,122608.0,bot_0,stitch,-1
0.0,1.0,122628.0,bot_0,stitch,-1
1.0,0.0,122646.0,bot_0,stitch,-1
2.0,0.0,122663.0,bot_0,stitch,-1
2.0,0.0,122680.0,bot_0,stitch,-1
3.0,0.0,122697.0,bot_0,stitch,-1
1.0,0.0,122714.0,bot_0,stitch,-1
3.0,0.0,122731.0,bot_0,stitch,-1
2.0,0.0,122746.0,bot_0,stitch,-1
2.0,0.0,122760.0,bot_0,stitch,-1
1.0,0.0,122774.0,bot_0,stitch,-1
2.0,0.0,122788.0,bot_0,stitch,-1
1.0,0.0,122803.0,bot_0,stitch,-1
1.0,1.0,122817.0,bot_0,stitch,-1
2.0,1.0,122831.0,bot_0,stitch,-1
3.0,1.0,122845.0,bot_0,stitch,-1
1.0,0.0,122859.0,bot_0,stitch,-1
2.0,1.0,122873.0,bot_0,stitch,-1
2.0,0.0,122887.0,bot_0,stitch,-1
1.0,0.0,122916.0,bot_0,stitch,-1
0.0,1.0,122960.0,bot_0,stitch,-1
3.0,2.0,123118.0,bot_0,stitch,-1
0.0,-1.0,123146.0,bot_0,stitch,-1
0.0,-1.0,123208.0,bot_0,stitch,-1
-1.0,-5.0,123223.0,bot_0,stitch,-1
-10.0,-5.0,123236.0,bot_0,stitch,-1
-18.0,-7.0,123251.0,bot_0,stitch,-1
-17.0,-2.0,123265.0,bot_0,stitch,-1
-10.0,-1.0,123279.0,bot_0,stitch,-1
-3.0,0.0,123293.0,bot_0,stitch,-1
-3.0,0.0,123307.0,bot_0,stitch,-1
-8.0,2.0,123321.0,bot_0,stitch,-1
-12.0,4.0,123336.0,bot_0,stitch,-1
-27.0,6.0,123350.0,bot_0,stitch,-1
-23.0,1.0,123365.0,bot_0,stitch,-1
-19.0,1.0,123379.0,bot_0,stitch,-1
-9.0,0.0,123394.0,bot_0,stitch,-1
-1.0,0.0,123407.0,bot_0,stitch,-1
1.0,0.0,123558.0,bot_0,stitch,-1
1.0,0.0,123641.0,bot_0,stitch,-1
1.0,0.0,123657.0,bot_0,stitch,-1
1.0,-1.0,123671.0,bot_0,stitch,-1
3.0,-3.0,123687.0,bot_0,stitch,-1
2.0,-4.0,123702.0,bot_0,stitch,-1
1.0,-2.0,123717.0,bot_0,stitch,-1
1.0,0.0,123731.0,bot_0,stitch,-1
1.0,-2.0,123774.0,bot_0,stitch,-1
8.0,-3.0,123787.0,bot_0,stitch,-1
10.0,-5.0,123802.0,bot_0,stitch,-1
3.0,-1.0,123815.0,bot_0,stitch,-1
1.0,-1.0,123859.0,bot_0,stitch,-1
5.0,-1.0,123873.0,bot_0,stitch,-1
9.0,0.0,123888.0,bot_0,stitch,-1
1.0,0.0,123948.0,bot_0,stitch,-1
-17.0,3.0,124079.0,bot_0,stitch,-1
-27.0,2.0,124095.0,bot_0,stitch,-1
-28.0,2.0,124110.0,bot_0,stitch,-1
-12.0,4.0,124125.0,bot_0,stitch,-1
-7.0,3.0,124186.0,bot_0,stitch,-1
-29.0,9.0,124203.0,bot_0,stitch,-1
-24.0,4.0,124218.0,bot_0,stitch,-1
-19.0,5.0,124235.0,bot_0,stitch,-1
0.0,1.0,124267.0,bot_0,stitch,-1
1.0,0.0,124283.0,bot_0,stitch,-1
0.0,1.0,124300.0,bot_0,stitch,-1
-1.0,0.0,124334.0,bot_0,stitch,-1
-60.0,-2.0,124350.0,bot_0,stitch,-1
-68.0,-2.0,124367.0,bot_0,stitch,-1
-9.0,0.0,124384.0,bot_0,stitch,-1
1.0,0.0,124421.0,bot_0,stitch,-1
0.0,-1.0,124439.0,bot_0,stitch,-1
-11.0,-5.0,124538.0,bot_0,stitch,-1
-25.0,-13.0,124558.0,bot_0,stitch,-1
-4.0,-6.0,124577.0,bot_0,stitch,-1
1.0,0.0,124595.0,bot_0,stitch,-1
1.0,0.0,124736.0,bot_0,stitch,-1
14.0,6.0,124754.0,bot_0,stitch,-1
12.0,3.0,124771.0,bot_0,stitch,-1
-11.0,-1.0,124788.0,bot_0,stitch,-1
-13.0,6.0,124806.0,bot_0,stitch,-1
-18.0,-1.0,124823.0,bot_0,stitch,-1
-116.0,-18.0,124841.0,bot_0,stitch,-1
-11.0,-1.0,124862.0,bot_0,stitch,-1
-15.0,0.0,124874.0,bot_0,stitch,-1
-10.0,0.0,124886.0,bot_0,stitch,-1
-6.0,0.0,124899.0,bot_0,stitch,-1
-5.0,-1.0,124911.0,bot_0,stitch,-1
-1.0,0.0,124924.0,bot_0,stitch,-1
-1.0,0.0,124972.0,bot_0,stitch,-1
-1.0,0.0,124984.0,bot_0,stitch,-1
-1.0,0.0,125923.0,bot_0,stitch,-1
-6.0,2.0,125935.0,bot_0,stitch,-1
-12.0,4.0,125946.0,bot_0,stitch,-1
-7.0,2.0,125958.0,bot_0,stitch,-1
-12.0,4.0,125970.0,bot_0,stitch,-1
-13.0,2.0,125982.0,bot_0,stitch,-1
-7.0,1.0,125994.0,bot_0,stitch,-1
-4.0,0.0,126006.0,bot_0,stitch,-1
-4.0,1.0,126018.0,bot_0,stitch,-1
-8.0,1.0,126030.0,bot_0,stitch,-1
-17.0,2.0,126042.0,bot_0,stitch,-1
-5.0,1.0,126054.0,bot_0,stitch,-1
-6.0,0.0,126066.0,bot_0,stitch,-1
-3.0,0.0,126078.0,bot_0,stitch,-1
-2.0,0.0,126090.0,bot_0,stitch,-1
-4.0,0.0,126422.0,bot_0,stitch,-1
-7.0,1.0,126434.0,bot_0,stitch,-1
-7.0,1.0,126445.0,bot_0,stitch,-1
-20.0,1.0,126457.0,bot_0,stitch,-1
-21.0,1.0,126468.0,bot_0,stitch,-1
-16.0,0.0,126481.0,bot_0,stitch,-1
-13.0,0.0,126492.0,bot_0,stitch,-1
-4.0,-1.0,126504.0,bot_0,stitch,-1
-3.0,0.0,126516.0,bot_0,stitch,-1
-2.0,-1.0,126528.0,bot_0,stitch,-1
-4.0,0.0,126540.0,bot_0,stitch,-1
-5.0,0.0,126552.0,bot_0,stitch,-1
-6.0,0.0,126564.0,bot_0,stitch,-1
-7.0,0.0,126576.0,bot_0,stitch,-1
-8.0,0.0,126588.0,bot_0,stitch,-1
-6.0,0.0,126600.0,bot_0,stitch,-1
33.0,-11.0,126625.0,bot_0,stitch,-1
41.0,-20.0,126652.0,bot_0,stitch,-1
29.0,-13.0,126680.0,bot_0,stitch,-1
20.0,-2.0,126707.0,bot_0,stitch,-1
34.0,-2.0,126734.0,bot_0,stitch,-1
26.0,-7.0,126761.0,bot_0,stitch,-1
24.0,-5.0,126787.0,bot_0,stitch,-1
28.0,-14.0,126816.0,bot_0,stitch,-1
2.0,-8.0,126847.0,bot_0,stitch,-1
-11.0,-13.0,126877.0,bot_0,stitch,-1
-2.0,-2.0,126907.0,bot_0,stitch,-1
3.0,0.0,126993.0,bot_0,stitch,-1
2.0,0.0,127021.0,bot_0,stitch,-1
1.0,0.0,127097.0,bot_0,stitch,-1
0.0,1.0,127329.0,bot_0,stitch,-1
0.0,1.0,127354.0,bot_0,stitch,-1
2.0,0.0,127377.0,bot_0,stitch,-1
-1.0,0.0,127583.0,bot_0,stitch,-1
3.0,0.0,127702.0,bot_0,stitch,-1
6.0,-4.0,127724.0,bot_0,stitch,-1
10.0,-13.0,127745.0,bot_0,stitch,-1
-13.0,-16.0,127765.0,bot_0,stitch,-1
-64.0,-6.0,127787.0,bot_0,stitch,-1
0.0,1.0,127809.0,bot_0,stitch,-1
-1.0,-1.0,127969.0,bot_0,stitch,-1
-15.0,3.0,127988.0,bot_0,stitch,-1
-10.0,3.0,128006.0,bot_0,stitch,-1
1.0,-7.0,128028.0,bot_0,stitch,-1
-3.0,-18.0,128044.0,bot_0,stitch,-1
0.0,-6.0,128061.0,bot_0,stitch,-1
2.0,-7.0,128080.0,bot_0,stitch,-1
5.0,-11.0,128099.0,bot_0,stitch,-1
2.0,-18.0,128119.0,bot_0,stitch,-1
-1.0,-10.0,128139.0,bot_0,stitch,-1
0.0,-3.0,128156.0,bot_0,stitch,-1
0.0,-5.0,128176.0,bot_0,stitch,-1
6.0,-14.0,128197.0,bot_0,stitch,-1
11.0,-7.0,128217.0,bot_0,stitch,-1
-6.0,0.0,128238.0,bot_0,stitch,-1
-7.0,0.0,128253.0,bot_0,stitch,-1
-7.0,2.0,128268.0,bot_0,stitch,-1
-1.0,0.0,128284.0,bot_0,stitch,-1
-2.0,1.0,128314.0,bot_0,stitch,-1
-3.0,0.0,128328.0,bot_0,stitch,-1
-16.0,5.0,128343.0,bot_0,stitch,-1
-52.0,7.0,128358.0,bot_0,stitch,-1
-37.0,5.0,128373.0,bot_0,stitch,-1
-50.0,6.0,128388.0,bot_0,stitch,-1
-106.0,4.0,128403.0,bot_0,stitch,-1
-109.0,0.0,128419.0,bot_0,stitch,-1
-140.0,-9.0,128435.0,bot_0,stitch,-1
-78.0,-9.0,128449.0,bot_0,stitch,-1
-61.0,-6.0,128465.0,bot_0,stitch,-1
-52.0,-5.0,128480.0,bot_0,stitch,-1
-19.0,-4.0,128494.0,bot_0,stitch,-1
-17.0,-2.0,128507.0,bot_0,stitch,-1
-10.0,-2.0,128520.0,bot_0,stitch,-1
-4.0,0.0,128533.0,bot_0,stitch,-1
-2.0,0.0,128548.0,bot_0,stitch,-1
-2.0,0.0,128602.0,bot_0,stitch,-1
-4.0,0.0,128616.0,bot_0,stitch,-1
-7.0,0.0,128630.0,bot_0,stitch,-1
-6.0,0.0,128644.0,bot_0,stitch,-1
-6.0,0.0,128659.0,bot_0,stitch,-1
-1.0,0.0,128672.0,bot_0,stitch,-1
1.0,0.0,128688.0,bot_0,stitch,-1
10.0,-1.0,128701.0,bot_0,stitch,-1
20.0,-2.0,128716.0,bot_0,stitch,-1
43.0,-4.0,128729.0,bot_0,stitch,-1
18.0,-3.0,128743.0,bot_0,stitch,-1
14.0,-2.0,128757.0,bot_0,stitch,-1
10.0,-2.0,128772.0,bot_0,stitch,-1
5.0,-3.0,128785.0,bot_0,stitch,-1
0.0,-2.0,128800.0,bot_0,stitch,-1
-1.0,0.0,128813.0,bot_0,stitch,-1
-4.0,-2.0,128828.0,bot_0,stitch,-1
-5.0,-1.0,128842.0,bot_0,stitch,-1
-12.0,-3.0,128856.0,bot_0,stitch,-1
-8.0,-2.0,128870.0,bot_0,stitch,-1
-2.0,-1.0,128884.0,bot_0,stitch,-1
-1.0,0.0,128914.0,bot_0,stitch,-1
-1.0,0.0,128927.0,bot_0,stitch,-1
-16.0,-1.0,128941.0,bot_0,stitch,-1
-18.0,0.0,128954.0,bot_0,stitch,-1
-19.0,1.0,128968.0,bot_0,stitch,-1
-10.0,1.0,128980.0,bot_0,stitch,-1
-4.0,0.0,128994.0,bot_0,stitch,-1
-4.0,0.0,129008.0,bot_0,stitch,-1
-6.0,0.0,129024.0,bot_0,stitch,-1
-2.0,1.0,129068.0,bot_0,stitch,-1
-7.0,2.0,129084.0,bot_0,stitch,-1
-16.0,5.0,129099.0,bot_0,stitch,-1
-16.0,3.0,129114.0,bot_0,stitch,-1
-2.0,1.0,129128.0,bot_0,stitch,-1
-2.0,0.0,129144.0,bot_0,stitch,-1
-5.0,0.0,129159.0,bot_0,stitch,-1
-5.0,-1.0,129174.0,bot_0,stitch,-1
-3.0,-1.0,129189.0,bot_0,stitch,-1
-16.0,0.0,129204.0,bot_0,stitch,-1
-26.0,1.0,129219.0,bot_0,stitch,-1
-35.0,4.0,129234.0,bot_0,stitch,-1
-42.0,7.0,129248.0,bot_0,stitch,-1
-13.0,2.0,129264.0,bot_0,stitch,-1
-4.0,1.0,129278.0,bot_0,stitch,-1
-1.0,0.0,129348.0,bot_0,stitch,-1
-5.0,2.0,129362.0,bot_0,stitch,-1
-10.0,5.0,129376.0,bot_0,stitch,-1
-8.0,4.0,129389.0,bot_0,stitch,-1
-4.0,4.0,129403.0,bot_0,stitch,-1
-1.0,1.0,129418.0,bot_0,stitch,-1
-1.0,0.0,129463.0,bot_0,stitch,-1
-16.0,5.0,129479.0,bot_0,stitch,-1
-19.0,10.0,129493.0,bot_0,stitch,-1
-18.0,13.0,129508.0,bot_0,stitch,-1
-16.0,12.0,129522.0,bot_0,stitch,-1
-4.0,3.0,129538.0,bot_0,stitch,-1
0.0,3.0,129553.0,bot_0,stitch,-1
5.0,8.0,129568.0,bot_0,stitch,-1
6.0,2.0,129583.0,bot_0,stitch,-1
1.0,0.0,129598.0,bot_0,stitch,-1
-3.0,2.0,129612.0,bot_0,stitch,-1
-20.0,14.0,129628.0,bot_0,stitch,-1
-58.0,39.0,129642.0,bot_0,stitch,-1
-129.0,77.0,129657.0,bot_0,stitch,-1
-59.0,32.0,129671.0,bot_0,stitch,-1
-18.0,7.0,129684.0,bot_0,stitch,-1
-1.0,1.0,129697.0,bot_0,stitch,-1
1.0,1.0,129711.0,bot_0,stitch,-1
4.0,0.0,129724.0,bot_0,stitch,-1
1.0,1.0,129738.0,bot_0,stitch,-1
-2.0,2.0,129751.0,bot_0,stitch,-1
-13.0,12.0,129764.0,bot_0,stitch,-1
-49.0,42.0,129779.0,bot_0,stitch,-1
-46.0,38.0,129793.0,bot_0,stitch,-1
-32.0,25.0,129810.0,bot_0,stitch,-1
-22.0,18.0,129828.0,bot_0,stitch,-1
-17.0,8.0,129845.0,bot_0,stitch,-1
-22.0,2.0,129863.0,bot_0,stitch,-1
-4.0,-5.0,129880.0,bot_0,stitch,-1
0.0,-6.0,129897.0,bot_0,stitch,-1
0.0,-4.0,129912.0,bot_0,stitch,-1
0.0,-2.0,129928.0,bot_0,stitch,-1
-1.0,-1.0,129942.0,bot_0,stitch,-1
13.0,-11.0,129957.0,bot_0,stitch,-1
47.0,-28.0,129972.0,bot_0,stitch,-1
